date,regime,regime_label,prob_regime_0,prob_regime_1,prob_regime_2,prob_regime_3
2008-01-02,1,recovery_or_normalization,1.3857947040932981e-266,1.0,0.0,0.0
2008-01-03,1,recovery_or_normalization,1.994498027265643e-06,0.999998005498298,3.7895531186031065e-12,4.498497344967203e-20
2008-01-04,1,recovery_or_normalization,4.4079363306692377e-07,0.999999559206214,3.814814916941235e-18,9.84314706181355e-20
2008-01-07,1,recovery_or_normalization,1.0587699764019445e-06,0.9999989412304934,1.1229622926032034e-16,1.389464448946718e-20
2008-01-08,1,recovery_or_normalization,1.684318781044531e-07,0.9999998315688714,5.708713037030904e-23,4.223295917778661e-21
2008-01-09,1,recovery_or_normalization,7.39307892702099e-08,0.9999999260689975,4.821796450724248e-26,3.335659840529061e-23
2008-01-10,1,recovery_or_normalization,7.396413640336902e-08,0.9999999260362556,4.6931714346161017e-20,1.7154184224975907e-23
2008-01-11,1,recovery_or_normalization,1.5036075198366548e-07,0.9999998496387092,2.2625812827019516e-23,1.6462871867895165e-23
2008-01-14,1,recovery_or_normalization,1.8430851185410606e-07,0.9999998156909157,1.2906312005237476e-24,1.4596256100063532e-24
2008-01-15,1,recovery_or_normalization,7.86874182994158e-09,0.9999999921310518,1.7362502033204515e-33,9.198742319340982e-25
2008-01-16,1,recovery_or_normalization,1.2456523844148938e-08,0.9999999875435606,1.8718299535873704e-38,5.488955188690615e-25
2008-01-17,1,recovery_or_normalization,7.739083172797627e-09,0.9999999922602001,4.292925929312362e-46,1.072167481282876e-23
2008-01-18,1,recovery_or_normalization,3.45388239611604e-09,0.9999999965457391,1.0400122573635017e-48,1.264015724118592e-24
2008-01-22,1,recovery_or_normalization,3.964019588095077e-08,0.9999999603605837,2.586462969121745e-51,2.143527645702817e-22
2008-01-23,1,recovery_or_normalization,1.852676706916876e-07,0.9999998147323085,3.2359076170863464e-42,1.6714940176666595e-22
2008-01-24,1,recovery_or_normalization,6.937351059757037e-08,0.9999999306273846,5.468016276798582e-37,3.1958922343235347e-24
2008-01-25,1,recovery_or_normalization,1.0510054313055375e-08,0.9999999894898792,9.44917448759507e-40,3.098856368020296e-24
2008-01-28,1,recovery_or_normalization,5.448182173087107e-08,0.9999999455176308,1.0438491268777594e-36,3.6109251285157185e-23
2008-01-29,1,recovery_or_normalization,2.5162469435643492e-08,0.9999999748379199,6.275511170955478e-35,3.2453665279265614e-24
2008-01-30,1,recovery_or_normalization,7.318673850295192e-08,0.999999926812964,1.2556094931665418e-32,2.397031804646162e-24
2008-01-31,1,recovery_or_normalization,7.528958090446183e-08,0.9999999247102125,1.194874522756724e-29,3.013679805307881e-25
2008-02-01,1,recovery_or_normalization,1.6390033870817742e-07,0.9999998360999732,1.5537064265350948e-25,3.443549441953296e-27
2008-02-04,1,recovery_or_normalization,1.4609775187426244e-08,0.9999999853898771,9.90617366750837e-29,1.1451308462553673e-27
2008-02-05,1,recovery_or_normalization,1.8068850065122083e-08,0.9999999819319784,1.8927438657190834e-40,3.643767944067293e-27
2008-02-06,1,recovery_or_normalization,3.898774061275922e-08,0.9999999610117819,1.6747643188303247e-44,5.87953856182797e-25
2008-02-07,1,recovery_or_normalization,2.4747525096110654e-07,0.9999997525247033,4.2376732343506086e-47,2.8472355146103223e-24
2008-02-08,1,recovery_or_normalization,1.828928925090991e-07,0.9999998171079082,2.48005207624362e-44,2.8356776533589545e-24
2008-02-11,1,recovery_or_normalization,2.7673083364902716e-07,0.9999997232699044,2.964140684331357e-43,4.479718034617193e-24
2008-02-12,1,recovery_or_normalization,3.1473843964443153e-07,0.999999685262132,1.2153581854553009e-40,2.535408974374036e-23
2008-02-13,1,recovery_or_normalization,8.434079893975089e-07,0.999999156591358,1.103783432731428e-37,1.0447778303859326e-21
2008-02-14,1,recovery_or_normalization,1.6824514657993597e-05,0.9999831754845382,5.38018777592179e-39,6.281074147601961e-21
2008-02-15,1,recovery_or_normalization,0.00011237322572606734,0.9998876267733928,1.3936312555169852e-43,5.535220693144361e-21
2008-02-19,1,recovery_or_normalization,0.0005399350976649549,0.9994600649024291,4.3654955506779726e-45,2.3807268737341224e-19
2008-02-20,1,recovery_or_normalization,0.0011703098666179133,0.9988296901332323,6.145219776350725e-46,6.196215649432772e-17
2008-02-21,1,recovery_or_normalization,0.0012272556630695951,0.9987727443370713,7.665965013314292e-51,4.6795823509403726e-18
2008-02-22,1,recovery_or_normalization,0.0012443740896703854,0.9987556259107191,8.669928194845676e-45,6.6656338428547775e-18
2008-02-25,1,recovery_or_normalization,0.0011254542330895957,0.9988745457663684,1.515597945716581e-39,2.5493587844932075e-18
2008-02-26,1,recovery_or_normalization,0.0010197707096569202,0.9989802292910095,1.1410971724635169e-40,8.70554158409928e-20
2008-02-27,1,recovery_or_normalization,0.0011456676607180176,0.9988543323397701,1.2541200316145392e-35,1.2752587318596442e-19
2008-02-28,1,recovery_or_normalization,0.0019712010956485612,0.9980287989047546,7.633333346533897e-39,6.6644635766050065e-21
2008-02-29,1,recovery_or_normalization,0.01328846428966017,0.9867115357108162,1.0006465259762198e-47,5.552357566204875e-20
2008-03-03,1,recovery_or_normalization,0.007068313288208751,0.9929316867115239,3.4276457052114236e-46,1.7766050128374493e-23
2008-03-04,1,recovery_or_normalization,0.0007566845817019877,0.9992433154179001,1.1900478325240188e-44,4.825213758498897e-25
2008-03-05,1,recovery_or_normalization,0.00032157575730391575,0.9996784242420943,6.2931730319400335e-46,2.6909814869856217e-25
2008-03-06,1,recovery_or_normalization,0.0002508367681507109,0.9997491632310975,1.987653095881876e-58,8.334573217118675e-24
2008-03-07,1,recovery_or_normalization,0.00014520617875898599,0.9998547938217893,3.4693932017299923e-64,4.900300196958343e-24
2008-03-10,1,recovery_or_normalization,7.03003560135412e-05,0.9999296996439603,1.2224366451560174e-66,2.093431141139238e-24
2008-03-11,1,recovery_or_normalization,2.9775104307597365e-05,0.9999702248964235,7.559614209985035e-55,1.1510372585725816e-23
2008-03-12,1,recovery_or_normalization,1.4394246619322503e-05,0.9999856057528699,3.1077286008261283e-56,1.5358747919787484e-23
2008-03-13,1,recovery_or_normalization,9.473690096328327e-06,0.9999905263096855,1.5031056099058355e-52,3.6208130558363477e-26
2008-03-14,1,recovery_or_normalization,7.240417620048524e-07,0.999999275958806,1.5867917219202582e-52,4.9151996844717755e-26
2008-03-17,1,recovery_or_normalization,6.888653635794553e-07,0.9999993111343982,8.71433506628701e-61,9.40652295460838e-26
2008-03-18,1,recovery_or_normalization,9.90644345009849e-07,0.9999990093552147,1.5210442702664432e-48,3.0651925149066505e-23
2008-03-19,1,recovery_or_normalization,3.841094753369063e-06,0.9999961589056612,1.548539693822365e-55,1.1402190794084407e-21
2008-03-20,1,recovery_or_normalization,3.984991724653233e-06,0.9999960150077916,2.7151518708821562e-49,5.1299992079164714e-23
2008-03-24,1,recovery_or_normalization,1.3150345754528463e-07,0.9999998684961697,1.4314726406675361e-46,4.7511610902273243e-23
2008-03-25,1,recovery_or_normalization,2.573516896376108e-08,0.9999999742649383,1.5693733465698123e-44,1.720987362880611e-24
2008-03-26,1,recovery_or_normalization,2.6947292256974113e-09,0.9999999973060767,3.0459800367430334e-46,3.0746459267019234e-27
2008-03-27,1,recovery_or_normalization,1.331786846187085e-09,0.9999999986684998,4.6457788661748864e-46,1.5119921563946855e-28
2008-03-28,1,recovery_or_normalization,2.60594649921523e-10,0.9999999997398845,1.8471643477751837e-52,5.998570149399835e-29
2008-03-31,1,recovery_or_normalization,2.191668126212866e-10,0.9999999997817213,2.261350635180508e-52,2.297229807423602e-27
2008-04-01,1,recovery_or_normalization,3.0126768189055014e-09,0.9999999969877535,4.3470037186367307e-48,6.877428786774057e-23
2008-04-02,1,recovery_or_normalization,3.544186572502164e-08,0.9999999645588111,1.1762072770925867e-47,3.733356854222429e-21
2008-04-03,1,recovery_or_normalization,2.120694891120597e-08,0.9999999787924028,1.2355072140803271e-48,9.083510862471643e-22
2008-04-04,1,recovery_or_normalization,5.42678960548968e-09,0.9999999945739546,1.1041480259466807e-45,1.5348872004891619e-21
2008-04-07,1,recovery_or_normalization,9.101893659031606e-08,0.9999999089814123,2.581302557248973e-51,9.47655600985136e-18
2008-04-08,1,recovery_or_normalization,4.781791449394646e-06,0.9999952182084331,2.568768982887151e-54,3.714560506981671e-15
2008-04-09,1,recovery_or_normalization,6.609016405830355e-05,0.9999339098352626,2.9583575548692486e-57,4.76860743501782e-15
2008-04-10,1,recovery_or_normalization,2.7037543089157524e-06,0.9999972962450728,3.229955711834794e-49,2.7096199880162723e-18
2008-04-11,1,recovery_or_normalization,1.1696957548832227e-06,0.9999988303050051,1.6966321298858259e-59,8.073257601048272e-18
2008-04-14,1,recovery_or_normalization,2.388985605706172e-07,0.9999997611012362,7.772797608020732e-62,2.7313827461423595e-18
2008-04-15,1,recovery_or_normalization,1.7297528926867325e-07,0.9999998270250366,1.3481264330886863e-67,2.502987257201189e-18
2008-04-16,1,recovery_or_normalization,5.419730025906374e-07,0.9999994580267971,3.726506632773516e-63,1.0495602449155292e-17
2008-04-17,1,recovery_or_normalization,1.319439765831467e-07,0.9999998680559743,8.17498708892466e-52,3.7950655062539264e-17
2008-04-18,1,recovery_or_normalization,3.786343985804779e-06,0.9999962136552145,1.5289072745977357e-51,4.807101041613106e-16
2008-04-21,1,recovery_or_normalization,2.5994806804423843e-05,0.9999740051930466,1.7462577626812306e-47,3.5183325087268784e-15
2008-04-22,1,recovery_or_normalization,4.47932873863058e-05,0.9999552067120787,1.7910897015062161e-43,1.5114009988631085e-16
2008-04-23,1,recovery_or_normalization,3.2838855784732595e-05,0.9999671611447997,2.468064139942414e-42,2.741772540353539e-17
2008-04-24,1,recovery_or_normalization,4.014551018492792e-05,0.9999598544891745,3.5446175605628323e-43,1.0236636752220413e-16
2008-04-25,1,recovery_or_normalization,3.372457315435258e-05,0.9999662754264838,2.6972883981640075e-42,1.2501182560106446e-16
2008-04-28,1,recovery_or_normalization,2.0667484061261903e-05,0.9999793325158213,1.025597674739622e-42,3.7645066556180984e-16
2008-04-29,1,recovery_or_normalization,2.0205746047727563e-05,0.9999797942532068,2.5196832465241893e-41,1.1868285511107927e-16
2008-04-30,1,recovery_or_normalization,6.32695459971363e-06,0.9999936730455438,1.2219902661619345e-40,4.897743532276398e-19
2008-05-01,1,recovery_or_normalization,6.50163101295435e-08,0.9999999349838639,4.1657798283223165e-35,2.3156709126410392e-20
2008-05-02,1,recovery_or_normalization,1.1464052040219772e-08,0.9999999885367288,5.2480501639578464e-33,1.0863812643860582e-19
2008-05-05,1,recovery_or_normalization,1.313852565535706e-06,0.9999986861466359,1.134033021334913e-32,3.513505774592965e-17
2008-05-06,1,recovery_or_normalization,9.170812237969532e-06,0.9999908291886066,8.877065410740376e-28,4.4989201214752956e-17
2008-05-07,1,recovery_or_normalization,1.3304319027370119e-05,0.9999866956816825,1.2474679825173304e-34,2.1645449791737588e-16
2008-05-08,1,recovery_or_normalization,1.3886735779389885e-05,0.9999861132637459,2.5947345661017726e-36,3.2168782649012843e-16
2008-05-09,1,recovery_or_normalization,1.136843213958098e-05,0.9999886315682048,6.83642116266588e-38,1.4892481011098238e-16
2008-05-12,1,recovery_or_normalization,7.448453062764385e-06,0.9999925515462568,1.241725730135203e-38,1.99016475951451e-16
2008-05-13,1,recovery_or_normalization,7.116854897268984e-06,0.9999928831456101,9.575539523565723e-38,5.796428410074796e-17
2008-05-14,1,recovery_or_normalization,3.019534692899379e-06,0.999996980465778,2.314737193183074e-36,2.290291308597425e-19
2008-05-15,1,recovery_or_normalization,7.36809737094991e-08,0.9999999263181989,3.436217486004969e-32,3.9192144520586465e-21
2008-05-16,1,recovery_or_normalization,1.0039694315082466e-07,0.9999998996027039,1.4014372109332403e-31,7.971648103416798e-21
2008-05-19,1,recovery_or_normalization,1.267211060586547e-07,0.9999998732782922,1.8922753760626744e-28,1.9093008864832947e-21
2008-05-20,1,recovery_or_normalization,2.3568753217655047e-07,0.9999997643117517,1.4729700449329572e-30,3.937924412890973e-20
2008-05-21,1,recovery_or_normalization,1.5404499740184811e-06,0.9999984595499923,1.182789069464048e-37,9.946559222234303e-18
2008-05-22,1,recovery_or_normalization,7.876494710919774e-06,0.9999921235049501,1.2544514898801708e-37,5.789532646212764e-17
2008-05-23,1,recovery_or_normalization,7.827245935102595e-05,0.9999217275401839,4.208319613687772e-41,4.926312994286244e-16
2008-05-27,1,recovery_or_normalization,0.0007591799388388644,0.9992408200619302,1.707406857140065e-36,4.623317457448627e-16
2008-05-28,1,recovery_or_normalization,0.013905678247279799,0.9860943217523509,1.7674321799162152e-33,5.5282322076229774e-15
2008-05-29,1,recovery_or_normalization,0.10906180123354173,0.890938198766568,6.223474679846096e-34,1.215831151467045e-13
2008-05-30,0,inflation_rates_shock,0.9053573107391826,0.0946426892605011,2.8011658762697515e-32,9.774615690821058e-13
2008-06-02,0,inflation_rates_shock,0.9957212515638957,0.004278748435280109,3.2345246548512994e-36,1.264402725671836e-14
2008-06-03,0,inflation_rates_shock,0.9992530007720359,0.0007469992284131376,2.3424674345388267e-37,8.5228096410639e-15
2008-06-04,0,inflation_rates_shock,0.9998461187399214,0.00015388126088578354,1.596845484265414e-36,5.511231970330538e-15
2008-06-05,0,inflation_rates_shock,0.9999939905463668,6.009453671798251e-06,1.7715038349362077e-30,5.394515668807686e-15
2008-06-06,0,inflation_rates_shock,0.9999998448584058,1.55141647644012e-07,4.04498712387873e-42,1.800483413062755e-13
2008-06-09,0,inflation_rates_shock,0.999999991769073,8.227074474514016e-09,4.099015297169194e-43,4.204046575664474e-12
2008-06-10,0,inflation_rates_shock,0.9999999962783477,3.7188845172898566e-09,3.608818332687197e-41,2.936647325300758e-12
2008-06-11,0,inflation_rates_shock,0.9999999998690328,1.2116203273154694e-10,3.6262400381871554e-46,9.637688822832255e-12
2008-06-12,0,inflation_rates_shock,0.9999999997999112,1.820628416895104e-10,1.1516434161016353e-44,1.8158544996949806e-11
2008-06-13,0,inflation_rates_shock,0.9999999998053681,1.7774900030931225e-10,4.0976532079014304e-42,1.7746418097950916e-11
2008-06-16,0,inflation_rates_shock,0.9999999999799911,4.152669559379325e-12,8.657200097742915e-42,1.570554387411439e-11
2008-06-17,0,inflation_rates_shock,0.9999999999672582,2.3408426494568525e-11,4.818697137376974e-38,8.639798452316828e-12
2008-06-18,0,inflation_rates_shock,0.999999999990905,6.245005413501308e-12,7.507820625293964e-42,2.9542313277861794e-12
2008-06-19,0,inflation_rates_shock,0.9999999999763531,1.8932630896232875e-12,7.363925951630969e-42,2.19220372817496e-11
2008-06-20,0,inflation_rates_shock,0.9999999999545253,4.152047026369445e-11,2.783152727733321e-48,4.7411773383219205e-12
2008-06-23,0,inflation_rates_shock,0.9999999999054126,8.799688316748132e-11,1.1907680471852732e-49,5.835359625016918e-12
2008-06-24,0,inflation_rates_shock,0.9999999998526619,1.3750126124510219e-10,1.1394148459842457e-53,1.0595688894125682e-11
2008-06-25,0,inflation_rates_shock,0.9999999994015525,5.944229869305344e-10,3.997126920260663e-52,3.4843443161816595e-12
2008-06-26,0,inflation_rates_shock,0.9999999997799023,1.8089125339152289e-10,4.675819921661438e-65,3.901244394271849e-11
2008-06-27,0,inflation_rates_shock,0.9999999995452526,4.2060822333119094e-10,7.001809077450622e-69,3.415943494617588e-11
2008-06-30,0,inflation_rates_shock,0.9999999987103365,1.2904914697536986e-09,2.2584909636399806e-61,9.047009713484596e-15
2008-07-01,0,inflation_rates_shock,0.9999999995889084,4.108839535277976e-10,1.1614014391548584e-61,6.494716794734426e-15
2008-07-02,0,inflation_rates_shock,0.999999999992724,7.020572428090093e-12,9.35591506955518e-71,2.7563042454847485e-14
2008-07-03,0,inflation_rates_shock,0.9999999999872671,1.2729729135940304e-11,2.653796362244006e-73,3.0260299221588465e-14
2008-07-07,0,inflation_rates_shock,0.9999999996216502,3.7806742930707917e-10,3.7601217455922925e-73,2.2139989363750648e-14
2008-07-08,0,inflation_rates_shock,0.9999999984756869,1.52466136495614e-09,4.788103078238547e-74,3.147054159562126e-15
2008-07-09,0,inflation_rates_shock,0.9999999943611328,5.6395951573553044e-09,2.9104995968354996e-82,4.480856032084682e-15
2008-07-10,0,inflation_rates_shock,0.9999999926585588,7.342317028545682e-09,1.505141414845047e-80,5.995265751332108e-16
2008-07-11,0,inflation_rates_shock,0.9999999995798134,4.2028217748210307e-10,2.437037513141864e-87,8.235236077091e-17
2008-07-14,0,inflation_rates_shock,0.999999999483407,5.165890737116055e-10,4.543425326474026e-92,2.2053094944174094e-17
2008-07-15,0,inflation_rates_shock,0.9999999998017302,1.9842081175816768e-10,2.437945496227643e-103,1.748209091904415e-17
2008-07-16,0,inflation_rates_shock,0.9999999997180566,2.8113962201497013e-10,3.0570908742936888e-87,1.7517497114647358e-17
2008-07-17,0,inflation_rates_shock,0.9999999996834958,3.1646646904797874e-10,1.20759283586046e-80,1.265875591843151e-16
2008-07-18,0,inflation_rates_shock,0.9999999992869562,7.125883599247388e-10,9.63167609752165e-78,2.571168856451761e-16
2008-07-21,0,inflation_rates_shock,0.9999999992996891,6.998419288587441e-10,9.128015862600057e-78,1.6736436876973757e-16
2008-07-22,0,inflation_rates_shock,0.9999999996471161,3.519927254392275e-10,1.0325009941328122e-77,3.2146385854955194e-15
2008-07-23,0,inflation_rates_shock,0.9999999992814992,7.190497421278078e-10,1.4441479257400779e-74,1.8429706341608105e-15
2008-07-24,0,inflation_rates_shock,0.9999999996034603,3.96484424020965e-10,1.6751810249216223e-83,5.811571013516922e-15
2008-07-25,0,inflation_rates_shock,0.9999999997125997,2.8714609917530143e-10,7.749992060753652e-83,2.927978037387954e-15
2008-07-28,0,inflation_rates_shock,0.9999999999672582,3.2939677745774284e-11,1.5154789642836256e-97,4.117819776484931e-15
2008-07-29,0,inflation_rates_shock,0.999999999994543,5.780052495274018e-12,1.7916882925321324e-89,3.645044631464843e-14
2008-07-30,0,inflation_rates_shock,0.9999999999054126,9.471819529209233e-11,6.787547225533736e-80,5.692836486649293e-14
2008-07-31,0,inflation_rates_shock,0.9999999999236024,7.634368257818443e-11,1.743250894871527e-81,4.424810261658451e-14
2008-08-01,0,inflation_rates_shock,0.999999999996362,3.833541350231662e-12,1.079307700848967e-90,1.9675554101701737e-14
2008-08-04,0,inflation_rates_shock,1.0,7.832236531495457e-13,1.563216061987196e-94,5.127455995526472e-14
2008-08-05,0,inflation_rates_shock,1.0,2.1309947364164112e-13,2.4521905150057596e-87,3.1162684913660363e-13
2008-08-06,0,inflation_rates_shock,0.9999999999890861,9.14467179178352e-12,2.426800816112566e-80,1.848252132328688e-12
2008-08-07,0,inflation_rates_shock,0.999999999996362,2.553340198541877e-13,2.4765587556522587e-94,3.320866649941918e-12
2008-08-08,0,inflation_rates_shock,0.9999999999818101,1.7227912137572999e-12,2.6550247795600564e-82,1.5874929383929737e-11
2008-08-11,0,inflation_rates_shock,0.9999999999872671,1.4075222478102339e-14,1.4661849771939383e-81,1.2051575529862294e-11
2008-08-12,0,inflation_rates_shock,0.999999999990905,6.8652636669665845e-15,1.1884405423074225e-88,8.823631283002507e-12
2008-08-13,0,inflation_rates_shock,0.9999999999854481,1.547678598422618e-15,1.873323766465274e-97,1.3770466454625171e-11
2008-08-14,0,inflation_rates_shock,0.999999999998181,7.521495207050071e-14,1.7468914005839152e-85,1.1728875467342298e-12
2008-08-15,0,inflation_rates_shock,1.0,3.728764038444051e-14,1.9058498353237538e-82,1.5925816780925272e-13
2008-08-18,0,inflation_rates_shock,1.0,2.941783153849232e-15,5.886855011140349e-87,3.166753816164098e-14
2008-08-19,0,inflation_rates_shock,1.0,1.4771147421986914e-15,4.331144928146337e-94,5.441398240381941e-14
2008-08-20,0,inflation_rates_shock,1.0,1.0829386227910799e-15,2.6415955567810863e-91,3.294573597479112e-14
2008-08-21,0,inflation_rates_shock,1.0,1.432040675533352e-13,3.196600943865902e-88,2.710825061845914e-14
2008-08-22,0,inflation_rates_shock,0.999999999998181,8.53812320216677e-15,1.2446457471452668e-87,1.881561403634817e-12
2008-08-25,0,inflation_rates_shock,1.0,2.429842050519583e-16,1.6994909184579933e-97,2.2077268220969257e-13
2008-08-26,0,inflation_rates_shock,1.0,3.159422699174883e-17,1.272091330871922e-100,6.156129094289146e-13
2008-08-27,0,inflation_rates_shock,1.0,1.4235124210289733e-14,1.3595117811991056e-89,4.1759754000252426e-14
2008-08-28,0,inflation_rates_shock,0.999999999996362,2.7319137964915752e-12,1.1208717334963584e-77,5.338025000252672e-14
2008-08-29,0,inflation_rates_shock,0.999999999996362,3.257677555119576e-12,3.2885036937380624e-85,3.7253178136130744e-13
2008-09-02,0,inflation_rates_shock,1.0,1.0823399904181988e-13,6.511146707125329e-89,6.513622583837835e-13
2008-09-03,0,inflation_rates_shock,1.0,5.695804098433253e-15,2.50329776594683e-93,7.314164217667522e-13
2008-09-04,0,inflation_rates_shock,0.999999999998181,1.8000744540076496e-12,9.885489452800482e-100,8.793110620941848e-14
2008-09-05,0,inflation_rates_shock,0.999999999998181,2.360072567773694e-13,2.456830687045508e-100,1.6489298627969147e-12
2008-09-08,0,inflation_rates_shock,0.999999999998181,1.3215083553531169e-12,4.77162442810612e-91,9.299222288886157e-13
2008-09-09,0,inflation_rates_shock,0.9999999999854481,1.1209763841637749e-11,5.551684469877944e-102,3.765899353910497e-12
2008-09-10,0,inflation_rates_shock,0.9999999999363354,5.279116404987678e-11,7.149908989272421e-99,1.0094177536218955e-11
2008-09-11,0,inflation_rates_shock,0.9999999998453859,9.989289176360364e-11,9.006878219619156e-95,5.4134534920833825e-11
2008-09-12,0,inflation_rates_shock,0.9999999997999112,1.913683084417592e-10,1.1843258939615524e-88,9.574143086592744e-12
2008-09-15,0,inflation_rates_shock,0.9999860967057154,4.776896826892693e-11,1.1681276621806012e-111,1.3903247219866083e-05
2008-09-16,0,inflation_rates_shock,0.9298682603187359,7.914679783388331e-12,1.7392964178613411e-106,0.07013173967341256
2008-09-17,3,defensive_risk_off,0.00013289066838283848,6.919592129697636e-18,2.9985716873581383e-150,0.9998671093321801
2008-09-18,3,defensive_risk_off,6.417141695359914e-06,7.498669155555971e-16,7.218129930058316e-127,0.9999935828588049
2008-09-19,3,defensive_risk_off,2.892051505712442e-09,2.214206593023767e-15,2.6474945653508453e-113,0.9999999971078068
2008-09-22,3,defensive_risk_off,3.0177114435062e-10,9.576081772974387e-20,4.302628841399271e-131,0.9999999996980478
2008-09-23,3,defensive_risk_off,2.7126203634985555e-09,8.269622680680712e-21,4.946026811934562e-135,0.9999999972878868
2008-09-24,3,defensive_risk_off,1.3632966681872873e-09,8.503809378826182e-21,2.7549198815874425e-138,0.9999999986375769
2008-09-25,3,defensive_risk_off,1.3453457494592152e-12,1.488871754616647e-25,2.1030814397134674e-137,0.999999999998181
2008-09-26,3,defensive_risk_off,6.997993272840818e-15,2.6577257915245345e-29,1.3550772521300557e-140,1.0
2008-09-29,3,defensive_risk_off,4.050495943735808e-24,1.904760721276427e-39,1.4025651143582769e-205,1.0
2008-09-30,3,defensive_risk_off,5.335458714340922e-22,3.0098650694446783e-47,5.702975731530162e-198,1.0
2008-10-01,3,defensive_risk_off,1.1790672859761228e-20,8.272708689334573e-44,9.550317764675637e-195,1.0
2008-10-02,3,defensive_risk_off,9.815924873042517e-26,4.631860844876426e-46,7.403947454428945e-226,1.0
2008-10-03,3,defensive_risk_off,7.208147724679415e-26,6.644739281631812e-54,2.3435437171038903e-249,1.0
2008-10-06,3,defensive_risk_off,1.9952238522460907e-30,1.0129901342792814e-57,7.544199360506761e-281,1.0
2008-10-07,3,defensive_risk_off,5.7242285281580874e-30,5.838097941281202e-67,4.5320776143e-314,1.0
2008-10-08,3,defensive_risk_off,2.08110404681011e-40,2.0733937606993414e-82,0.0,1.0
2008-10-09,3,defensive_risk_off,1.0085314793010737e-43,2.379709246775254e-98,0.0,1.0
2008-10-10,3,defensive_risk_off,1.6086353910226057e-68,1.7019677293908645e-126,0.0,1.0
2008-10-13,3,defensive_risk_off,1.0262502373123343e-87,1.4262022108801677e-134,0.0,1.0
2008-10-14,3,defensive_risk_off,1.9940504759552613e-64,4.4724152535461375e-149,0.0,1.0
2008-10-15,3,defensive_risk_off,5.8581944043062615e-92,1.6818714288510963e-143,0.0,1.0
2008-10-16,3,defensive_risk_off,2.0191249087704778e-88,4.1365979806302733e-159,0.0,1.0
2008-10-17,3,defensive_risk_off,1.5731029202923745e-108,5.773161732730606e-174,0.0,1.0
2008-10-20,3,defensive_risk_off,9.799748797780919e-101,1.0691525669050704e-183,0.0,1.0
2008-10-21,3,defensive_risk_off,1.7889160519843357e-94,1.4267163016386977e-168,0.0,1.0
2008-10-22,3,defensive_risk_off,1.358434493711195e-111,6.048757942982875e-162,0.0,1.0
2008-10-23,3,defensive_risk_off,1.2185642516488544e-113,6.5170069834573195e-177,0.0,1.0
2008-10-24,3,defensive_risk_off,1.0786830474931626e-139,8.307372890152501e-190,0.0,1.0
2008-10-27,3,defensive_risk_off,9.205432440490291e-133,3.128213812641171e-221,0.0,1.0
2008-10-28,3,defensive_risk_off,2.9916427990619504e-123,1.836728464713804e-212,0.0,1.0
2008-10-29,3,defensive_risk_off,1.0982178306569016e-125,4.980151150744482e-197,0.0,1.0
2008-10-30,3,defensive_risk_off,1.4858910514863583e-117,1.6081885152601511e-192,0.0,1.0
2008-10-31,3,defensive_risk_off,2.568615033633199e-101,1.4929669415624009e-178,0.0,1.0
2008-11-03,3,defensive_risk_off,4.821414150089966e-98,2.801154507506625e-155,0.0,1.0
2008-11-04,3,defensive_risk_off,1.032219927599117e-85,2.544912687426347e-147,0.0,1.0
2008-11-05,3,defensive_risk_off,1.9455663801866972e-76,1.294686095917178e-129,0.0,1.0
2008-11-06,3,defensive_risk_off,1.0360090057647106e-80,1.70433013589088e-114,0.0,1.0
2008-11-07,3,defensive_risk_off,1.3689665699209515e-69,1.2755640109287378e-120,0.0,1.0
2008-11-10,3,defensive_risk_off,3.4952378100228884e-61,1.4386507998243997e-110,0.0,1.0
2008-11-11,3,defensive_risk_off,5.779812537943034e-40,1.4651790422955288e-107,0.0,1.0
2008-11-12,3,defensive_risk_off,1.628996740546007e-40,9.501390697529277e-71,0.0,1.0
2008-11-13,3,defensive_risk_off,3.738974995762942e-38,1.0741987934230401e-73,0.0,1.0
2008-11-14,3,defensive_risk_off,7.138120303462911e-40,3.7563351500289606e-74,0.0,1.0
2008-11-17,3,defensive_risk_off,1.1625008220919146e-43,1.7613423915785027e-81,0.0,1.0
2008-11-18,3,defensive_risk_off,2.354297955241054e-56,1.1455706912552003e-90,0.0,1.0
2008-11-19,3,defensive_risk_off,3.0682872706678055e-65,2.0200146758371963e-114,0.0,1.0
2008-11-20,3,defensive_risk_off,3.7325989025870123e-79,4.433417446451236e-141,0.0,1.0
2008-11-21,3,defensive_risk_off,2.887114885230927e-63,4.296952717177478e-145,0.0,1.0
2008-11-24,3,defensive_risk_off,2.65737223685243e-54,1.7475096739040035e-128,0.0,1.0
2008-11-25,3,defensive_risk_off,1.0910059864978137e-54,4.529143762757409e-118,0.0,1.0
2008-11-26,3,defensive_risk_off,9.868682202998069e-51,8.833899355837369e-116,0.0,1.0
2008-11-28,3,defensive_risk_off,2.2069040670932314e-62,2.6229079161434117e-127,0.0,1.0
2008-12-01,3,defensive_risk_off,6.288784039852377e-72,4.1490005468891272e-140,0.0,1.0
2008-12-02,3,defensive_risk_off,6.749943851790729e-61,1.7735483755505338e-144,0.0,1.0
2008-12-03,3,defensive_risk_off,3.862996103526358e-60,3.29170981216635e-132,0.0,1.0
2008-12-04,3,defensive_risk_off,5.143297865328384e-62,6.458400233481613e-130,0.0,1.0
2008-12-05,3,defensive_risk_off,1.9891422413744484e-61,3.1520628938999337e-132,0.0,1.0
2008-12-08,3,defensive_risk_off,2.503862094367802e-62,8.061528825137086e-138,0.0,1.0
2008-12-09,3,defensive_risk_off,2.7926441833610704e-64,3.796937286014443e-139,0.0,1.0
2008-12-10,3,defensive_risk_off,4.04199390807402e-54,5.427884291308945e-139,0.0,1.0
2008-12-11,3,defensive_risk_off,4.649454093670474e-54,5.886836286535747e-132,0.0,1.0
2008-12-12,3,defensive_risk_off,1.0208089317707849e-55,6.526382000313613e-138,0.0,1.0
2008-12-15,3,defensive_risk_off,5.98624514265754e-53,8.299665543168488e-137,0.0,1.0
2008-12-16,3,defensive_risk_off,2.8003515572864633e-50,5.6418960917438e-141,0.0,1.0
2008-12-17,3,defensive_risk_off,1.2248914388396382e-51,6.567954614114757e-145,0.0,1.0
2008-12-18,3,defensive_risk_off,3.996021112041296e-64,1.141530304416927e-149,0.0,1.0
2008-12-19,3,defensive_risk_off,1.5217483340714827e-64,4.8325971907362455e-167,0.0,1.0
2008-12-22,3,defensive_risk_off,2.7438453885881455e-71,1.9629924594855533e-179,0.0,1.0
2008-12-23,3,defensive_risk_off,4.796511367271501e-72,6.151631534801764e-191,0.0,1.0
2008-12-24,3,defensive_risk_off,4.133973438621672e-73,9.630264113091358e-196,0.0,1.0
2008-12-26,3,defensive_risk_off,3.409068870627794e-69,1.2133158121782562e-191,0.0,1.0
2008-12-29,3,defensive_risk_off,6.827798141267015e-63,2.0651969767919408e-190,0.0,1.0
2008-12-30,3,defensive_risk_off,3.964683966731105e-63,7.792490737420914e-181,0.0,1.0
2008-12-31,3,defensive_risk_off,3.662331533309703e-59,2.0052578470016513e-179,0.0,1.0
2009-01-02,3,defensive_risk_off,6.37810261717173e-57,1.3013722388246598e-172,0.0,1.0
2009-01-05,3,defensive_risk_off,6.955490931089456e-82,7.721081851173863e-209,0.0,1.0
2009-01-06,3,defensive_risk_off,2.671034250522069e-73,1.2564855555382289e-231,0.0,1.0
2009-01-07,3,defensive_risk_off,3.5650571463415603e-65,1.209243814450772e-229,0.0,1.0
2009-01-08,3,defensive_risk_off,3.2757834091468404e-60,1.3282047260126684e-214,0.0,1.0
2009-01-09,3,defensive_risk_off,1.3459154719190717e-65,7.82386015592458e-226,0.0,1.0
2009-01-12,3,defensive_risk_off,1.076757727318434e-57,1.0147249916588582e-224,0.0,1.0
2009-01-13,3,defensive_risk_off,5.540044644082577e-67,4.7006823095765775e-179,0.0,1.0
2009-01-14,3,defensive_risk_off,1.9980551760983024e-61,1.2859398706038747e-181,0.0,1.0
2009-01-15,3,defensive_risk_off,4.411444897246073e-53,4.9991363725126115e-174,0.0,1.0
2009-01-16,3,defensive_risk_off,3.253258300435643e-60,7.330545609747626e-169,0.0,1.0
2009-01-20,3,defensive_risk_off,2.2536436985280684e-42,4.092797856521467e-157,0.0,1.0
2009-01-21,3,defensive_risk_off,1.1965678417654512e-11,5.255670734648101e-98,0.0,0.9999999999872671
2009-01-22,3,defensive_risk_off,3.072786907707158e-08,1.5072210962663905e-67,0.0,0.9999999692718124
2009-01-23,0,inflation_rates_shock,0.9300625546426122,7.84060695105625e-65,0.0,0.06993744535719029
2009-01-26,0,inflation_rates_shock,0.9999804547769764,1.385617680753813e-56,0.0,1.9545222374432003e-05
2009-01-27,0,inflation_rates_shock,0.9999999996343831,6.31799811722906e-64,0.0,3.65887295117281e-10
2009-01-28,0,inflation_rates_shock,0.9999999999854481,3.84908137275784e-69,0.0,1.3763231223602688e-11
2009-01-29,0,inflation_rates_shock,0.9999999999872671,5.284839107999687e-56,0.0,1.2120988157530243e-11
2009-01-30,0,inflation_rates_shock,0.9999999999799911,5.229265797133565e-60,0.0,1.9680842945223433e-11
2009-02-02,0,inflation_rates_shock,0.9999999999727152,1.0207935550334183e-56,0.0,2.6954516584946248e-11
2009-02-03,0,inflation_rates_shock,0.9999999977917469,7.4438724149533585e-56,0.0,2.2079568187044017e-09
2009-02-04,0,inflation_rates_shock,1.0,1.061267334924287e-63,0.0,3.0751269791368335e-13
2009-02-05,0,inflation_rates_shock,0.9999999997344275,8.188646218932017e-55,0.0,2.654989639464215e-10
2009-02-06,0,inflation_rates_shock,0.9999999992360245,8.627683561744962e-54,0.0,7.634461651447031e-10
2009-02-09,0,inflation_rates_shock,0.999999999998181,8.540187595178389e-62,0.0,2.0443334519895212e-12
2009-02-10,0,inflation_rates_shock,0.9999999999345164,3.8683962590328684e-57,0.0,6.500600426653959e-11
2009-02-11,0,inflation_rates_shock,0.999999998461135,7.344490742859672e-54,0.0,1.5396324217062095e-09
2009-02-12,0,inflation_rates_shock,0.9999999999217835,1.2960847845457754e-56,0.0,7.796818277530072e-11
2009-02-13,0,inflation_rates_shock,0.999999999661668,5.616011733798947e-59,0.0,3.389173951555005e-10
2009-02-17,0,inflation_rates_shock,0.9999999273513849,1.1555534208733922e-52,0.0,7.264849114703715e-08
2009-02-18,0,inflation_rates_shock,0.9999991950429432,3.058098223348518e-56,0.0,8.04956217265714e-07
2009-02-19,0,inflation_rates_shock,0.9982405984741232,3.253200407851427e-51,0.0,0.001759401525122851
2009-02-20,0,inflation_rates_shock,0.9999251635027229,1.5477403584676777e-54,0.0,7.483649775032352e-05
2009-02-23,0,inflation_rates_shock,0.9998539367114962,1.953259359167867e-62,0.0,0.0001460632877943318
2009-02-24,0,inflation_rates_shock,0.9997819238330129,6.750643693545081e-74,0.0,0.00021807616687085613
2009-02-25,0,inflation_rates_shock,0.9288338633602506,1.2399065604240605e-67,0.0,0.07116613663949191
2009-02-26,3,defensive_risk_off,0.1052539397062955,1.3191722241576036e-61,0.0,0.8947460602929234
2009-02-27,3,defensive_risk_off,0.0011758254950560165,9.043824032263611e-67,0.0,0.9988241745048154
2009-03-02,3,defensive_risk_off,4.912677780597358e-10,5.978953689191959e-65,0.0,0.9999999995088729
2009-03-03,3,defensive_risk_off,1.2064388124398525e-12,2.5675509578871043e-72,0.0,0.999999999998181
2009-03-04,3,defensive_risk_off,4.431525513820517e-12,4.139139455449872e-82,0.0,0.999999999996362
2009-03-05,3,defensive_risk_off,6.221335865238783e-13,6.830794382994226e-87,0.0,1.0
2009-03-06,3,defensive_risk_off,2.0308015909618722e-13,7.591819844316466e-90,0.0,1.0
2009-03-09,3,defensive_risk_off,5.768729189309165e-13,3.455666926609921e-84,0.0,1.0
2009-03-10,3,defensive_risk_off,1.6756703476395275e-12,1.4773591512819937e-76,0.0,0.999999999998181
2009-03-11,3,defensive_risk_off,1.9036265442074606e-12,1.4923519690683903e-73,0.0,0.999999999998181
2009-03-12,3,defensive_risk_off,2.8065434320168272e-14,5.6381146308147455e-74,0.0,1.0
2009-03-13,3,defensive_risk_off,3.13563704227289e-14,1.4906714746904398e-72,0.0,1.0
2009-03-16,3,defensive_risk_off,1.2381152568679515e-14,1.36660606517173e-73,0.0,1.0
2009-03-17,3,defensive_risk_off,3.397249530535411e-17,4.8432691259106065e-79,0.0,1.0
2009-03-18,3,defensive_risk_off,4.3910575927380086e-23,1.1839664602163783e-84,0.0,1.0
2009-03-19,3,defensive_risk_off,4.455461106550499e-20,9.856637064199315e-86,0.0,1.0
2009-03-20,3,defensive_risk_off,3.343990634582661e-20,3.2112031940969613e-86,0.0,1.0
2009-03-23,3,defensive_risk_off,1.3107636936877175e-26,2.4860940553165363e-95,0.0,1.0
2009-03-24,3,defensive_risk_off,1.8460316206725053e-24,9.255318722020119e-107,0.0,1.0
2009-03-25,3,defensive_risk_off,1.1395146471056512e-23,9.452068093087833e-107,0.0,1.0
2009-03-26,3,defensive_risk_off,9.523735484703122e-25,9.497648852756778e-118,0.0,1.0
2009-03-27,3,defensive_risk_off,1.0866523019585339e-24,3.6856091629410165e-120,0.0,1.0
2009-03-30,3,defensive_risk_off,5.848631041256e-25,8.801373049137058e-119,0.0,1.0
2009-03-31,3,defensive_risk_off,3.576414497387825e-27,2.880547139053033e-123,0.0,1.0
2009-04-01,3,defensive_risk_off,1.614593822904718e-29,3.244624837003815e-136,0.0,1.0
2009-04-02,3,defensive_risk_off,2.2569293292211268e-32,1.1226239698392212e-137,0.0,1.0
2009-04-03,3,defensive_risk_off,1.7895958653259915e-41,3.366447847812009e-151,0.0,1.0
2009-04-06,3,defensive_risk_off,7.723420095164964e-41,1.578944663276647e-163,0.0,1.0
2009-04-07,3,defensive_risk_off,2.4213569370993524e-36,3.2293354588565854e-157,0.0,1.0
2009-04-08,3,defensive_risk_off,5.5297015574085824e-27,1.1125267686611298e-140,0.0,1.0
2009-04-09,3,defensive_risk_off,2.8697031206102512e-34,2.4468707597238144e-136,0.0,1.0
2009-04-13,3,defensive_risk_off,2.6726070593223104e-29,1.0556079786885264e-133,0.0,1.0
2009-04-14,3,defensive_risk_off,2.351382781009283e-23,3.020903950702323e-124,0.0,1.0
2009-04-15,3,defensive_risk_off,1.568150220469254e-20,2.8592469152030223e-120,0.0,1.0
2009-04-16,3,defensive_risk_off,9.004423011825945e-24,7.334247527954797e-121,0.0,1.0
2009-04-17,3,defensive_risk_off,1.3569877963971361e-25,4.691208835574575e-121,0.0,1.0
2009-04-20,3,defensive_risk_off,1.0205545867969576e-18,6.224197387206929e-108,0.0,1.0
2009-04-21,3,defensive_risk_off,2.4636283988446314e-16,5.518685843149604e-110,0.0,1.0
2009-04-22,3,defensive_risk_off,4.39251117956532e-16,2.590856560133522e-91,0.0,1.0
2009-04-23,3,defensive_risk_off,6.061534796398465e-14,1.0997565395068046e-93,0.0,1.0
2009-04-24,3,defensive_risk_off,2.5621576753428744e-14,6.965549811408673e-91,0.0,1.0
2009-04-27,3,defensive_risk_off,1.2307614279419418e-14,3.3203698988416895e-86,0.0,1.0
2009-04-28,3,defensive_risk_off,2.945222809712151e-13,1.1863096419530115e-85,0.0,1.0
2009-04-29,3,defensive_risk_off,1.1726963806607822e-22,1.622350877897052e-93,0.0,1.0
2009-04-30,3,defensive_risk_off,2.568338899352702e-18,2.065611746526176e-103,0.0,1.0
2009-05-01,3,defensive_risk_off,6.483491154441964e-17,1.8335003181479165e-99,0.0,1.0
2009-05-04,3,defensive_risk_off,5.591057878723706e-11,7.034580884150572e-91,0.0,0.9999999999436113
2009-05-05,3,defensive_risk_off,2.432041072017715e-10,2.964440592278266e-88,0.0,0.9999999997562554
2009-05-06,3,defensive_risk_off,1.2153059777939043e-10,4.1655556851755907e-91,0.0,0.9999999998781277
2009-05-07,3,defensive_risk_off,2.942259210793083e-09,1.7945627038155354e-87,0.0,0.9999999970568751
2009-05-08,3,defensive_risk_off,2.3831847093030653e-10,9.317126288945134e-83,0.0,0.9999999997617124
2009-05-11,3,defensive_risk_off,3.398301670396777e-08,7.036670219251998e-79,0.0,0.9999999660176405
2009-05-12,3,defensive_risk_off,5.6018241431294497e-05,1.4817963697447021e-80,0.0,0.9999439817576986
2009-05-13,3,defensive_risk_off,0.011489152802397902,9.211023184023854e-77,0.0,0.9885108471968965
2009-05-14,3,defensive_risk_off,0.36093803829638726,7.4329297372988745e-75,0.0,0.6390619617029568
2009-05-15,0,inflation_rates_shock,0.9973665864271922,3.271652489773995e-73,0.0,0.00263341357319261
2009-05-18,0,inflation_rates_shock,0.9999995778126486,5.163165133014253e-83,0.0,4.2218784388286875e-07
2009-05-19,0,inflation_rates_shock,0.9999999988831405,1.2999329817416892e-78,0.0,1.1170997628710045e-09
2009-05-20,0,inflation_rates_shock,0.9999999997944542,8.134823426930031e-78,0.0,2.0569204284356775e-10
2009-05-21,0,inflation_rates_shock,1.0,6.001500660156076e-78,0.0,7.014848914466446e-13
2009-05-22,0,inflation_rates_shock,1.0,4.471138473524843e-83,0.0,4.583387759682643e-14
2009-05-26,0,inflation_rates_shock,1.0,5.201063636039454e-75,0.0,5.11495634531075e-13
2009-05-27,0,inflation_rates_shock,1.0,1.0652476085818323e-77,0.0,1.0767137954310603e-14
2009-05-28,0,inflation_rates_shock,1.0,1.1087713434959593e-83,0.0,1.95033148563021e-17
2009-05-29,0,inflation_rates_shock,1.0,5.093389568533527e-94,0.0,9.265753084098004e-22
2009-06-01,0,inflation_rates_shock,1.0,8.239383711447919e-101,0.0,6.872828547170694e-28
2009-06-02,0,inflation_rates_shock,1.0,1.5816340744010278e-105,0.0,3.4027306697233676e-32
2009-06-03,0,inflation_rates_shock,1.0,3.65733150750324e-95,0.0,1.4744507869269943e-30
2009-06-04,0,inflation_rates_shock,1.0,2.297149089937768e-106,0.0,4.76881835931246e-37
2009-06-05,0,inflation_rates_shock,1.0,2.070665820003201e-96,0.0,2.749580648023811e-32
2009-06-08,0,inflation_rates_shock,1.0,2.9364608193531733e-102,0.0,1.8780067977488236e-34
2009-06-09,0,inflation_rates_shock,1.0,2.665923069276324e-86,0.0,2.990832774909463e-30
2009-06-10,0,inflation_rates_shock,1.0,7.136632278319372e-87,0.0,7.317777417839854e-29
2009-06-11,0,inflation_rates_shock,1.0,1.9250406242687165e-77,0.0,3.65661486196708e-24
2009-06-12,0,inflation_rates_shock,1.0,6.917979412462419e-76,0.0,7.560544871743027e-23
2009-06-15,0,inflation_rates_shock,1.0,4.254583409954753e-77,0.0,1.1928169630271226e-21
2009-06-16,0,inflation_rates_shock,1.0,6.970906034724008e-69,0.0,2.1719642000840834e-18
2009-06-17,0,inflation_rates_shock,1.0,4.16784233788324e-64,0.0,2.7542340950874986e-16
2009-06-18,0,inflation_rates_shock,1.0,2.3978453254809155e-68,0.0,1.970654152867365e-20
2009-06-19,0,inflation_rates_shock,1.0,2.243422905638437e-69,0.0,7.751122139609457e-21
2009-06-22,0,inflation_rates_shock,1.0,1.5020875122079313e-65,0.0,4.8742343468342836e-17
2009-06-23,0,inflation_rates_shock,1.0,1.2859215696934993e-71,0.0,2.483770242738377e-19
2009-06-24,0,inflation_rates_shock,1.0,1.2381755710935059e-64,0.0,2.497193338851604e-19
2009-06-25,0,inflation_rates_shock,1.0,1.1497452998194438e-65,0.0,4.51387863795016e-20
2009-06-26,0,inflation_rates_shock,1.0,3.8275452824530465e-65,0.0,1.997307916918569e-20
2009-06-29,0,inflation_rates_shock,1.0,8.444062121446662e-61,8.6068744994e-313,1.299054104884574e-22
2009-06-30,0,inflation_rates_shock,1.0,4.0270950344768696e-60,3.767646e-318,4.596021952375934e-24
2009-07-01,0,inflation_rates_shock,1.0,6.167462073106395e-53,2.7025785433153725e-297,1.5014852596752394e-24
2009-07-02,0,inflation_rates_shock,1.0,4.096043024800637e-49,1.3035661929144e-311,1.3309523894191659e-24
2009-07-06,0,inflation_rates_shock,1.0,1.514337448384761e-49,1.2642605872182755e-304,4.406742097210157e-26
2009-07-07,0,inflation_rates_shock,1.0,5.225840115077126e-50,6.17e-321,1.5189070813882411e-27
2009-07-08,0,inflation_rates_shock,1.0,1.2530659491990136e-54,3e-323,8.8461352248469e-32
2009-07-09,0,inflation_rates_shock,1.0,7.459058469508611e-51,5.2505446364955e-311,1.3242903176435908e-30
2009-07-10,0,inflation_rates_shock,1.0,5.643680198640972e-55,4.484683e-318,2.182789504014927e-30
2009-07-13,0,inflation_rates_shock,1.0,3.473134800675351e-52,9.017253397858456e-299,1.267544504196614e-29
2009-07-14,0,inflation_rates_shock,1.0,5.639761656327478e-49,1.7629240014306966e-294,1.0733367524944866e-29
2009-07-15,0,inflation_rates_shock,1.0,8.370190643089373e-46,1.2156503624491177e-273,1.0771378123061705e-26
2009-07-16,0,inflation_rates_shock,1.0,3.3855573067682306e-43,3.694523780800129e-273,1.1189878180264072e-27
2009-07-17,0,inflation_rates_shock,1.0,6.198509069292712e-42,3.948461081865265e-266,1.859690096013285e-28
2009-07-20,0,inflation_rates_shock,1.0,7.690702675948655e-55,6.370200952470204e-265,1.0929402718065244e-33
2009-07-21,0,inflation_rates_shock,1.0,1.686456181825062e-54,1.935085572175718e-251,1.2421601411488397e-34
2009-07-22,0,inflation_rates_shock,1.0,3.3545119123326993e-53,3.162834134162828e-271,4.3126068083995294e-35
2009-07-23,0,inflation_rates_shock,1.0,1.1479368062389553e-49,2.3178106738533474e-250,1.254094296438363e-30
2009-07-24,0,inflation_rates_shock,1.0,3.6393424631307222e-50,1.0564758866789829e-242,5.599705719189079e-33
2009-07-27,0,inflation_rates_shock,1.0,2.6721624262033436e-46,1.2332780831605321e-229,2.0635473018683072e-29
2009-07-28,0,inflation_rates_shock,1.0,6.757044014932077e-47,4.96671728168586e-234,3.0127410799902786e-28
2009-07-29,0,inflation_rates_shock,1.0,1.3797551208498495e-44,5.01091223289593e-230,1.8722880073826434e-27
2009-07-30,0,inflation_rates_shock,1.0,5.009428029592743e-46,2.0770597552612392e-222,1.4431597638574643e-28
2009-07-31,0,inflation_rates_shock,1.0,2.361716766991835e-48,1.9303443731319959e-224,2.9131657139120597e-29
2009-08-03,0,inflation_rates_shock,1.0,1.298383397280362e-45,4.2347447849028567e-222,3.9924587689543e-26
2009-08-04,0,inflation_rates_shock,1.0,5.183291555273512e-47,2.092189114487268e-229,1.8731751093317664e-26
2009-08-05,0,inflation_rates_shock,1.0,7.889679319816512e-45,9.539491919411538e-241,6.79851230953664e-26
2009-08-06,0,inflation_rates_shock,1.0,9.95859829373106e-43,1.9032222235715552e-241,2.8645958137382033e-23
2009-08-07,0,inflation_rates_shock,1.0,1.9275862903863887e-44,1.5641202244316824e-233,1.716535326292166e-21
2009-08-10,0,inflation_rates_shock,1.0,2.5433770215087914e-46,3.756319757200828e-240,5.6731446519627934e-21
2009-08-11,0,inflation_rates_shock,1.0,2.2830365503136873e-43,1.825683537201341e-231,1.8198201489565537e-21
2009-08-12,0,inflation_rates_shock,1.0,3.405685989785331e-48,2.586597216977082e-229,2.739020192511977e-23
2009-08-13,0,inflation_rates_shock,1.0,2.2407074341193354e-44,5.546136301386845e-197,4.537548721779696e-27
2009-08-14,0,inflation_rates_shock,1.0,8.682177408074393e-47,1.4458840732292804e-210,1.5321725235877893e-26
2009-08-17,0,inflation_rates_shock,1.0,2.8746808527060767e-43,7.546106863115407e-203,5.211502959981042e-26
2009-08-18,0,inflation_rates_shock,1.0,3.984012149074555e-40,2.891873644767643e-195,4.2375859066689774e-26
2009-08-19,0,inflation_rates_shock,1.0,1.240678552609185e-40,4.486148860384803e-190,4.406674811511601e-26
2009-08-20,0,inflation_rates_shock,1.0,1.8906703961882723e-43,1.0193360244999538e-187,1.1855406467077821e-24
2009-08-21,0,inflation_rates_shock,1.0,2.064507098181001e-39,1.3364870281169736e-166,3.8829369813000497e-25
2009-08-24,0,inflation_rates_shock,1.0,5.240473406192123e-38,1.484132981118671e-157,3.606428801554777e-26
2009-08-25,0,inflation_rates_shock,1.0,2.8322433604621623e-39,1.5188661972418092e-157,2.0612482014880935e-25
2009-08-26,0,inflation_rates_shock,1.0,4.684920380006954e-36,1.1321643064481772e-152,1.6127629034578102e-24
2009-08-27,0,inflation_rates_shock,1.0,2.7631622887789977e-31,2.3299394941414906e-145,7.219079511001511e-22
2009-08-28,0,inflation_rates_shock,1.0,2.865773845947901e-27,3.263321564837194e-125,1.543671760868591e-23
2009-08-31,0,inflation_rates_shock,1.0,2.1446750128942445e-24,1.8926168604007388e-121,8.516617046323473e-22
2009-09-01,0,inflation_rates_shock,1.0,2.2843468009066284e-23,2.3556260413606667e-128,1.8772901169181543e-25
2009-09-02,0,inflation_rates_shock,1.0,9.206432477018921e-24,2.1128516846669495e-124,3.0221821746221746e-26
2009-09-03,0,inflation_rates_shock,1.0,6.077210107066899e-26,7.863020939078671e-124,2.136361836000708e-27
2009-09-04,0,inflation_rates_shock,1.0,6.778485617910429e-22,2.1516077883042232e-112,9.19260830229983e-29
2009-09-08,0,inflation_rates_shock,1.0,2.194551600414081e-21,3.242049822570861e-98,5.061251665450101e-30
2009-09-09,0,inflation_rates_shock,1.0,1.708382087035036e-19,1.1039670636197526e-93,3.858222524079138e-28
2009-09-10,0,inflation_rates_shock,1.0,3.540464697880032e-22,2.4475660775830068e-93,4.348269084608217e-28
2009-09-11,0,inflation_rates_shock,1.0,6.43120877429295e-20,2.47092755076807e-85,8.71569838656352e-29
2009-09-14,0,inflation_rates_shock,1.0,5.971709645714785e-18,2.3238685853833013e-72,1.4612262292537017e-28
2009-09-15,0,inflation_rates_shock,1.0,1.0318715432771625e-20,1.6804129118058994e-75,3.7236560395571217e-29
2009-09-16,0,inflation_rates_shock,1.0,1.7408178330418656e-22,1.2393795777506691e-85,1.3999413512512648e-27
2009-09-17,0,inflation_rates_shock,1.0,1.2587494394611147e-21,1.2368740638416822e-75,2.540317125930245e-28
2009-09-18,0,inflation_rates_shock,1.0,4.16437619669079e-19,9.139936457782901e-71,3.8062430126134126e-27
2009-09-21,0,inflation_rates_shock,1.0,1.0532374474307828e-18,6.113293937741507e-56,2.4212063264587277e-28
2009-09-22,0,inflation_rates_shock,1.0,1.6044093783819718e-17,1.3530328066750595e-43,6.166297249955938e-32
2009-09-23,0,inflation_rates_shock,1.0,8.236223204216325e-17,2.2822413817609777e-47,5.086346248453699e-31
2009-09-24,0,inflation_rates_shock,1.0,2.7394573003412742e-14,3.5416249496769496e-49,6.513463597905574e-27
2009-09-25,0,inflation_rates_shock,1.0,8.209452217233328e-14,6.593661946502679e-50,4.53371630013398e-26
2009-09-28,0,inflation_rates_shock,0.9999999996962288,3.038382933740883e-10,1.648738320668295e-19,5.795411112028828e-30
2009-09-29,0,inflation_rates_shock,0.9999999987485353,1.2512869255083866e-09,4.414025588470817e-20,2.5612272972216976e-29
2009-09-30,0,inflation_rates_shock,0.9999999998763087,1.239454632269588e-10,3.0030364406575033e-21,3.8754437006020643e-31
2009-10-01,0,inflation_rates_shock,0.9999999304036489,6.211070377536973e-08,7.486342855253185e-09,1.6862703556114688e-33
2009-10-02,0,inflation_rates_shock,0.9997050306482992,3.8217266158896647e-07,0.0002945871791300029,5.143413761681516e-34
2009-10-05,0,inflation_rates_shock,0.9478507589461828,7.221353788083162e-08,0.05214916884112045,3.272049511539052e-39
2009-10-06,2,risk_on,0.0007893703742556279,5.3299503644573496e-08,0.999210576325453,1.0456064504197703e-43
2009-10-07,2,risk_on,3.384317135500439e-07,4.572781038493023e-11,0.9999996615225091,3.865145760369539e-46
2009-10-08,2,risk_on,1.132324614618776e-07,3.4021491307914603e-10,0.999999886427765,2.5422380068399724e-46
2009-10-09,2,risk_on,2.685604477912004e-09,4.676384059764514e-10,0.9999999968458724,2.612160601715522e-49
2009-10-12,2,risk_on,7.393519013439695e-11,3.031967887916119e-11,0.9999999998963176,3.77116059928887e-54
2009-10-13,2,risk_on,3.4957314667340506e-14,2.4763501676567643e-10,0.9999999997526174,3.499600834305169e-61
2009-10-14,2,risk_on,2.8737717131461474e-13,4.686092892609599e-10,0.9999999995307007,1.1744976803813644e-58
2009-10-15,2,risk_on,1.8856354814002182e-13,9.46603232071594e-10,0.9999999990523065,2.394893637948719e-60
2009-10-16,2,risk_on,7.320371946151752e-13,1.8719329320419518e-09,0.9999999981264409,1.5503529153779055e-56
2009-10-19,2,risk_on,5.611764651324134e-12,1.0848637311470073e-09,0.9999999989104253,1.4388833634864496e-57
2009-10-20,2,risk_on,2.3252130976678532e-12,1.7101247252641574e-09,0.999999998288331,1.8675791559898693e-57
2009-10-21,2,risk_on,6.445105221266894e-14,1.649341458242647e-09,0.9999999983501766,4.3945363621392635e-61
2009-10-22,2,risk_on,1.972294539487263e-14,9.326325115120223e-09,0.9999999906740413,6.0757217286166715e-61
2009-10-23,2,risk_on,4.098257060291229e-14,3.800847181098045e-09,0.9999999961983121,6.933827094321776e-60
2009-10-26,2,risk_on,2.4979951580320994e-13,1.2750894525520339e-08,0.9999999872488843,6.0722972892516433e-61
2009-10-27,2,risk_on,4.168464217622021e-14,1.1616615525856543e-09,0.9999999988376658,4.982519212945049e-60
2009-10-28,2,risk_on,3.0888801695055357e-12,1.5864337919655727e-06,0.9999984135623742,3.817501794671301e-55
2009-10-29,2,risk_on,5.782065197597891e-13,7.652368236275158e-09,0.9999999923475116,3.697883933301636e-53
2009-10-30,2,risk_on,1.0087419769604967e-10,1.6094287508502536e-05,0.9999839056112291,5.210348996961878e-46
2009-11-02,2,risk_on,5.004046484638281e-10,1.038068575785442e-05,0.9999896188139674,3.9131770945081794e-49
2009-11-03,2,risk_on,4.189129358303576e-12,1.9442932149429214e-07,0.9999998055664225,7.438014274390679e-49
2009-11-04,2,risk_on,1.2786666823163943e-10,4.4672708002066203e-10,0.9999999994251993,4.1458145000662133e-50
2009-11-05,2,risk_on,5.2329339184805815e-12,4.354248830836418e-10,0.9999999995598046,1.80627948768533e-55
2009-11-06,2,risk_on,6.713698845119789e-13,1.140615681657363e-09,0.9999999988594936,5.952752123519764e-57
2009-11-09,2,risk_on,9.031766298281011e-13,9.887799039137079e-09,0.9999999901119736,8.098504517939491e-64
2009-11-10,2,risk_on,1.1404181164093725e-14,2.0909109915946857e-08,0.999999979090717,2.6934142078876377e-65
2009-11-11,2,risk_on,4.1586244836033184e-13,7.02540166741954e-08,0.9999999297451747,7.980384514638831e-65
2009-11-12,2,risk_on,1.0933279814957528e-16,5.0125901515172876e-08,0.9999999498741102,5.348627349778913e-68
2009-11-13,2,risk_on,8.243619114298097e-17,2.385040361662441e-07,0.9999997614959568,3.178048406477878e-70
2009-11-16,2,risk_on,5.109870381515963e-17,1.0480024856885688e-07,0.999999895198931,1.17853018952347e-71
2009-11-17,2,risk_on,1.7657308724379638e-17,1.323695324097888e-07,0.9999998676303309,3.803292911896185e-70
2009-11-18,2,risk_on,1.650846822232611e-16,2.4204184491280223e-07,0.9999997579580233,4.405840805830194e-71
2009-11-19,2,risk_on,4.7621379378798525e-18,1.0540371686037776e-07,0.9999998945968456,1.7560697715802735e-73
2009-11-20,2,risk_on,1.8096781553768114e-16,4.731741888478565e-07,0.9999995268263984,2.0616425521868104e-71
2009-11-23,2,risk_on,1.9353529472912785e-15,6.894475366421397e-07,0.999999310552322,4.318634184499689e-69
2009-11-24,2,risk_on,6.125618183638746e-14,1.0228876701124514e-06,0.9999989771118409,1.4365939707568698e-70
2009-11-25,2,risk_on,5.99621952206045e-16,3.301979494118975e-08,0.9999999669798859,2.8744561133999736e-73
2009-11-27,2,risk_on,6.85286154226693e-17,2.9232322482794155e-09,0.999999997076884,2.491352489612533e-72
2009-11-30,2,risk_on,4.370510448739242e-17,1.0081105736496441e-08,0.9999999899191607,3.7032326864984e-71
2009-12-01,2,risk_on,9.403168928427302e-15,2.3661530193155146e-09,0.9999999976334948,3.899215624529787e-69
2009-12-02,2,risk_on,1.472295657452788e-14,8.800044131463959e-09,0.9999999911997293,1.4382824099999924e-70
2009-12-03,2,risk_on,2.0178664635116634e-16,3.1262557391932867e-09,0.9999999968731572,1.6513069085779025e-75
2009-12-04,2,risk_on,6.701660652541325e-18,4.179537450890217e-09,0.9999999958199624,9.056041085864826e-79
2009-12-07,2,risk_on,5.06459150429775e-19,6.950277655731774e-09,0.9999999930496415,6.607157368808608e-81
2009-12-08,2,risk_on,3.39357244194841e-19,4.0686638617104056e-08,0.9999999593128458,2.9748274069959233e-77
2009-12-09,2,risk_on,8.524273564895362e-18,1.3251316551072536e-06,0.9999986748689165,2.357224720207546e-74
2009-12-10,2,risk_on,1.3735296427338848e-18,2.3727356508211169e-07,0.9999997627255934,1.3656803242542097e-75
2009-12-11,2,risk_on,1.251753651736558e-18,1.528878324551911e-07,0.9999998471121333,5.878852364172928e-76
2009-12-14,2,risk_on,1.0224318333635788e-17,3.6674781404381305e-09,0.9999999963329174,5.0579306736293446e-77
2009-12-15,2,risk_on,1.5613097533930075e-17,2.630285865684815e-09,0.9999999973697413,1.0920365113469818e-74
2009-12-16,2,risk_on,2.9096998903008368e-15,5.465345688872333e-10,0.9999999994543032,2.012026645404326e-73
2009-12-17,2,risk_on,2.0890558535709855e-16,3.8169355541534936e-09,0.9999999961837602,6.786090553986386e-70
2009-12-18,2,risk_on,2.4354732931533462e-16,3.573460234428234e-09,0.9999999964256858,5.73668610044207e-69
2009-12-21,2,risk_on,4.000607818141678e-15,3.1053685770985113e-09,0.9999999968949851,2.4996271707993653e-67
2009-12-22,2,risk_on,9.899134106235585e-15,2.7172510152963593e-09,0.9999999972824298,1.933197743934071e-64
2009-12-23,2,risk_on,6.807366891565275e-14,2.375733180567568e-09,0.9999999976243998,1.9296066811051498e-61
2009-12-24,2,risk_on,8.070723226599721e-13,1.7061881284649265e-09,0.9999999982937879,3.6038964048387983e-60
2009-12-28,2,risk_on,4.054125895783808e-12,2.0952486091000147e-09,0.9999999979008862,1.4194320425840864e-55
2009-12-29,2,risk_on,5.296932229775774e-11,5.008376075830964e-11,0.9999999998963176,9.926290399791651e-56
2009-12-30,2,risk_on,3.176168442893079e-11,7.673050675334497e-11,0.9999999998908606,1.30919124090602e-56
2009-12-31,2,risk_on,5.148348045223967e-12,5.586459507858368e-11,0.9999999999381544,1.3853682064121722e-59
2010-01-04,2,risk_on,5.961062403793535e-12,5.317494255651176e-10,0.9999999994615791,5.559230796686907e-61
2010-01-05,2,risk_on,1.0546338438578571e-13,2.5564352308760198e-08,0.9999999744359233,4.2033437821030384e-63
2010-01-06,2,risk_on,3.7940265981202754e-14,1.7702692342117604e-08,0.9999999822975952,7.545639392319783e-65
2010-01-07,2,risk_on,4.5212217515966624e-13,2.5062017505384657e-09,0.9999999974934326,1.2519657685194584e-63
2010-01-08,2,risk_on,9.012766304564052e-13,8.296294629284662e-10,0.9999999991687218,9.247795802245106e-67
2010-01-11,2,risk_on,4.4673769425607657e-13,4.743268237449156e-09,0.9999999952560756,1.1755174843522489e-66
2010-01-12,2,risk_on,8.474657185605393e-13,1.9082699683915e-09,0.9999999980900611,2.9183226875453857e-66
2010-01-13,2,risk_on,7.231499776324476e-14,1.460366650937912e-08,0.9999999853971531,3.4312448619308074e-67
2010-01-14,2,risk_on,2.8539265824242154e-15,1.1993734161431906e-08,0.9999999880055839,6.471767904755205e-71
2010-01-15,2,risk_on,2.5769368057511375e-14,2.34812661564628e-07,0.9999997651866854,4.301159395294309e-68
2010-01-19,2,risk_on,1.4620895207354782e-14,7.069405377499639e-08,0.9999999293067984,2.7117943605909355e-69
2010-01-20,2,risk_on,1.7657448423254983e-13,4.331596153061435e-06,0.99999566840444,1.1697181772724737e-63
2010-01-21,2,risk_on,5.76863549106833e-11,0.0478574896175534,0.9521425103239415,2.7545062911356706e-60
2010-01-22,1,recovery_or_normalization,9.309838245419723e-12,0.9997195853872448,0.00028041460411489194,1.2305894639448416e-58
2010-01-25,1,recovery_or_normalization,1.9303119498559454e-12,0.9999978660985137,2.133899380610295e-06,1.768041494417591e-61
2010-01-26,1,recovery_or_normalization,1.0879770265705099e-11,0.9999989574431288,1.0425466513717872e-06,1.4635110154147287e-58
2010-01-27,1,recovery_or_normalization,4.186354784080835e-11,0.9999999101964971,8.976135617820915e-08,2.052025475266735e-55
2010-01-28,1,recovery_or_normalization,3.56407561932925e-11,0.9999999978608685,2.103752796115673e-09,2.4485683886588355e-55
2010-01-29,1,recovery_or_normalization,9.079484929091888e-11,0.9999999994306563,4.783900204710412e-10,1.4507950937170324e-54
2010-02-01,1,recovery_or_normalization,3.598728793421167e-11,0.9999997902941906,2.0967015916792496e-07,1.9268992396541185e-55
2010-02-02,1,recovery_or_normalization,2.751690314009983e-10,0.9999986860484106,1.3136772261808324e-06,2.181069274380971e-61
2010-02-03,1,recovery_or_normalization,3.7481420060248884e-11,0.999986012915137,1.3987047096107486e-05,2.8003596324846613e-66
2010-02-04,1,recovery_or_normalization,1.760214655789935e-11,0.9999999999799911,2.8705281575764146e-12,7.238736111179915e-58
2010-02-05,1,recovery_or_normalization,2.8247040414314806e-12,0.999999999996362,3.110480538193869e-15,1.1233768695618366e-59
2010-02-08,1,recovery_or_normalization,1.107693055296042e-12,0.999999999998181,1.8007180635991607e-17,1.4402613692008992e-58
2010-02-09,1,recovery_or_normalization,1.0588769129641572e-12,0.999999999998181,2.3263258064874274e-14,1.913542343130482e-56
2010-02-10,1,recovery_or_normalization,8.584372298855122e-12,0.999999999990905,1.9711392376237022e-16,6.871130722640057e-55
2010-02-11,1,recovery_or_normalization,9.099635829494898e-12,0.9999999999890861,1.0904831128589653e-12,6.6597691847955705e-53
2010-02-12,1,recovery_or_normalization,9.599811542047703e-12,0.999999999990905,1.5028052147346987e-14,2.7769424894512973e-55
2010-02-16,1,recovery_or_normalization,2.0112520265536208e-12,0.9999999999672582,3.0327136342429556e-11,4.700675218385153e-56
2010-02-17,1,recovery_or_normalization,5.298624396917748e-12,0.9999999577976277,4.2196638864144344e-08,5.740284010047935e-54
2010-02-18,1,recovery_or_normalization,1.513599974989811e-11,0.9999982729710971,1.7270142960638023e-06,2.9156606837194486e-51
2010-02-19,1,recovery_or_normalization,1.800171190329903e-11,0.9999918353411411,8.16464160070289e-06,2.114278254747401e-48
2010-02-22,1,recovery_or_normalization,1.681627304411644e-10,0.9999720788387938,2.7920993263570856e-05,5.878336877272935e-48
2010-02-23,1,recovery_or_normalization,2.648426133609677e-10,0.9999999337887879,6.594635658486347e-08,9.235205996685675e-47
2010-02-24,1,recovery_or_normalization,7.989274744419379e-11,0.9999989937464822,1.0061736478450496e-06,1.5643434633035024e-47
2010-02-25,1,recovery_or_normalization,1.895328235775266e-10,0.999999446903683,5.529071793788338e-07,1.6140784413564868e-46
2010-02-26,1,recovery_or_normalization,8.190751040573106e-11,0.9999986216526344,1.378264571534768e-06,8.055850106034496e-47
2010-03-01,1,recovery_or_normalization,1.3455068174531397e-10,0.9999961536342502,3.846231695406174e-06,1.5090647483317582e-46
2010-03-02,1,recovery_or_normalization,3.503717405815001e-10,0.9999992277956405,7.718537356680231e-07,8.01282305110893e-46
2010-03-03,1,recovery_or_normalization,2.1224375022248267e-10,0.9999967409929368,3.258795561302313e-06,6.012335270431015e-47
2010-03-04,1,recovery_or_normalization,5.562251134469265e-11,0.9999894713955124,1.0528549341952617e-05,2.920278403876473e-48
2010-03-05,1,recovery_or_normalization,1.0261762377147196e-10,0.9999818498555278,1.81500422983337e-05,5.849320200310359e-47
2010-03-08,1,recovery_or_normalization,3.512171031295035e-10,0.9999995479994253,4.516501438579421e-07,1.8563173863951057e-45
2010-03-09,1,recovery_or_normalization,6.07641883680343e-10,0.9999999323663383,6.70252083397226e-08,1.5234239347007411e-46
2010-03-10,1,recovery_or_normalization,4.6036785999295817e-10,0.9999999427145684,5.682480081405178e-08,4.835924528630695e-46
2010-03-11,1,recovery_or_normalization,5.965648228909297e-10,0.9999983839401791,1.6154638475621951e-06,3.240666119833221e-45
2010-03-12,1,recovery_or_normalization,7.616409345518318e-09,0.9999981943599708,1.7980240104993336e-06,3.490314834590398e-44
2010-03-15,1,recovery_or_normalization,3.5587044883444724e-08,0.9976876081071505,0.0023123563058465558,1.4536899473362174e-43
2010-03-16,1,recovery_or_normalization,3.742093382957485e-06,0.9489878383062308,0.05100841960043529,9.140795131348941e-44
2010-03-17,2,risk_on,8.293185991169309e-07,0.27297869033557925,0.7270204803453371,5.43002207693464e-46
2010-03-18,2,risk_on,7.602113302326249e-08,0.04053462610320238,0.9594652978760175,6.442004471213217e-47
2010-03-19,2,risk_on,7.238061102677169e-09,0.008384266553589863,0.9916157262091994,1.247277689843556e-47
2010-03-22,2,risk_on,3.0408245840943554e-10,0.00030814177815521177,0.9996918579171404,3.02186430851813e-51
2010-03-23,2,risk_on,4.463992010452686e-11,7.759776725654763e-06,0.9999922401794753,8.334617033291776e-52
2010-03-24,2,risk_on,3.440869282119716e-11,9.179383132759893e-06,0.9999908205830467,1.386397930643874e-55
2010-03-25,2,risk_on,1.2267765960992112e-11,6.028481971520515e-06,0.9999939715053003,1.2650859348800388e-56
2010-03-26,2,risk_on,1.8382244460413762e-11,6.687398378470405e-06,0.9999933125823973,3.0675689340468975e-57
2010-03-29,2,risk_on,1.2079872892565615e-11,1.2179709229032097e-05,0.9999878202793794,2.2457629160336315e-57
2010-03-30,2,risk_on,5.3278933913657585e-12,3.3407689934953007e-06,0.999996659225995,3.308495234083317e-59
2010-03-31,2,risk_on,7.437362129627644e-13,1.2259098387499216e-06,0.9999987740892049,1.1522706495544736e-60
2010-04-01,2,risk_on,1.27050660540529e-12,9.419009923157671e-07,0.9999990580986265,3.7040135886960646e-59
2010-04-05,2,risk_on,2.8434923242331456e-12,6.159315559465564e-07,0.9999993840649118,6.786424224010917e-54
2010-04-06,2,risk_on,6.947284158485374e-12,1.7588054887700434e-06,0.9999982411879507,3.4152855542482267e-56
2010-04-07,2,risk_on,3.620172570678713e-12,1.1218413651064833e-06,0.9999988781552855,1.8284317027633037e-56
2010-04-08,2,risk_on,3.4966952700495e-12,9.589032596522343e-07,0.9999990410929108,9.433339977950355e-56
2010-04-09,2,risk_on,4.72280933346417e-12,1.1019928358138847e-06,0.9999988980022568,2.478069954121065e-56
2010-04-12,2,risk_on,5.587515974146486e-12,1.2311531737242145e-06,0.9999987688414269,2.3694030889503854e-56
2010-04-13,2,risk_on,3.323216834180904e-12,2.523003573666308e-06,0.9999974769939395,1.7597385769787332e-55
2010-04-14,2,risk_on,4.5879938992993e-12,1.0894857382351798e-06,0.9999989105096143,3.8302906265956454e-55
2010-04-15,2,risk_on,3.648918067380133e-12,5.86820666306846e-07,0.9999994131760007,4.671255689595517e-57
2010-04-16,2,risk_on,3.5482327165434156e-12,4.219740784131464e-06,0.9999957802554391,1.2626646922674013e-52
2010-04-19,2,risk_on,4.279928012075949e-12,1.7782574982982125e-06,0.9999982217375313,5.39677656005447e-53
2010-04-20,2,risk_on,7.165876694666701e-12,4.738843684211086e-07,0.9999995261078979,1.982609642537854e-55
2010-04-21,2,risk_on,1.4234162606985548e-12,1.24028272064265e-07,0.9999998759703962,1.6405928580765382e-57
2010-04-22,2,risk_on,1.0560907138567406e-12,5.43550829966919e-08,0.9999999456431411,1.9412321027944422e-57
2010-04-23,2,risk_on,1.983983804343294e-12,3.089611175410048e-08,0.9999999691026464,3.643993549148497e-55
2010-04-26,2,risk_on,1.7132335194427799e-12,5.246682241911966e-08,0.999999947531252,5.5277597098902276e-55
2010-04-27,2,risk_on,2.756976281988458e-11,1.1933476701956328e-05,0.9999880664966354,2.51945819518242e-47
2010-04-28,2,risk_on,7.554210900928719e-12,3.2143030731064255e-07,0.9999996785627961,1.3140730103837252e-49
2010-04-29,2,risk_on,8.926585450124475e-12,2.9022902970803496e-08,0.9999999709689296,1.529706150653383e-50
2010-04-30,2,risk_on,2.8002871237970747e-11,1.4434945820137252e-06,0.999998556476517,4.9426100089345115e-47
2010-05-03,2,risk_on,2.6259825633180768e-11,0.000530915529983396,0.9994690844444176,1.2161069461776974e-48
2010-05-04,2,risk_on,3.9127009858165844e-10,0.45507906452339464,0.5449209350859342,6.013925221090355e-43
2010-05-05,1,recovery_or_normalization,1.422436398188661e-10,0.9997889347744238,0.0002110650832931363,4.592264786840383e-46
2010-05-06,1,recovery_or_normalization,7.278378398664118e-16,1.0,1.9484311136479935e-19,5.491723970577554e-47
2010-05-07,1,recovery_or_normalization,8.316826754426419e-22,1.0,4.277466344796516e-26,5.730929680508751e-43
2010-05-10,1,recovery_or_normalization,1.983051492386988e-15,1.0,4.037105046399863e-14,4.4689616057348566e-42
2010-05-11,1,recovery_or_normalization,1.5328096535872387e-15,1.0,5.805725585533347e-14,1.2759307154529312e-40
2010-05-12,1,recovery_or_normalization,7.077889257137862e-14,0.999999999994543,5.7204545927672335e-12,5.970534875794534e-40
2010-05-13,1,recovery_or_normalization,1.7669530878246045e-14,1.0,7.409596738314002e-13,3.1044854701949654e-44
2010-05-14,1,recovery_or_normalization,2.429947643087118e-17,1.0,2.9074176112245916e-18,7.180999812108932e-42
2010-05-17,1,recovery_or_normalization,2.2375937122580265e-16,1.0,1.4789105567915762e-15,3.003052349555943e-43
2010-05-18,1,recovery_or_normalization,9.425162779703784e-19,1.0,2.1704326228880036e-19,2.2499718164961327e-44
2010-05-19,1,recovery_or_normalization,1.8730512735561802e-20,1.0,8.881838153410151e-24,7.156191008686257e-49
2010-05-20,1,recovery_or_normalization,6.0861056029158236e-27,1.0,3.361762440284022e-41,3.941897372002568e-39
2010-05-21,1,recovery_or_normalization,3.1489155256382477e-23,1.0,7.589908720582154e-33,1.5058613448639767e-38
2010-05-24,1,recovery_or_normalization,1.0889371526645759e-20,1.0,1.3421230281576838e-32,1.2381390872708988e-37
2010-05-25,1,recovery_or_normalization,1.2426336750796922e-17,1.0,7.550689657702223e-32,6.584305978408205e-33
2010-05-26,1,recovery_or_normalization,7.920628101011406e-14,1.0,1.0744080391422073e-30,1.180594540450082e-33
2010-05-27,1,recovery_or_normalization,4.340839136242764e-14,1.0,1.7683611399397746e-25,3.60646933179835e-34
2010-05-28,1,recovery_or_normalization,2.074665644547559e-15,1.0,6.835312553543629e-27,1.5211937975171126e-36
2010-06-01,1,recovery_or_normalization,4.648735424434536e-17,1.0,2.4668172678749975e-31,3.98200381493478e-34
2010-06-02,1,recovery_or_normalization,6.879327576763789e-16,1.0,1.7531648368795466e-27,3.290111248804778e-33
2010-06-03,1,recovery_or_normalization,4.225885845051575e-15,1.0,2.9070556193358186e-25,5.713897868299529e-36
2010-06-04,1,recovery_or_normalization,3.814552321489448e-17,1.0,6.316088977748347e-33,2.424663662010551e-31
2010-06-07,1,recovery_or_normalization,2.2073936796534241e-13,1.0,1.665090849370214e-36,3.4369435974863585e-29
2010-06-08,1,recovery_or_normalization,4.530339668733959e-12,0.999999999996362,4.3033765960803645e-36,2.557860759617443e-30
2010-06-09,1,recovery_or_normalization,7.049208428896653e-14,1.0,2.2566830753657596e-33,7.174142251515131e-33
2010-06-10,1,recovery_or_normalization,8.430590225519421e-14,1.0,3.607274447358913e-27,1.404970795365177e-31
2010-06-11,1,recovery_or_normalization,1.6704070367040517e-13,1.0,1.5155777301468802e-26,7.328324025638765e-31
2010-06-14,1,recovery_or_normalization,7.101262376338417e-13,1.0,6.471840766393058e-28,2.6920829953132165e-29
2010-06-15,1,recovery_or_normalization,2.952032687229391e-11,0.9999999999708962,8.348673576937683e-27,1.3908909433928433e-28
2010-06-16,1,recovery_or_normalization,1.0626779824791418e-11,0.9999999999890861,2.1603302820244656e-27,2.6634476013247365e-30
2010-06-17,1,recovery_or_normalization,2.8398938164755776e-12,0.999999999996362,2.378931341939781e-28,9.87879928028645e-30
2010-06-18,1,recovery_or_normalization,1.1672464350467888e-11,0.9999999999890861,1.886771988797931e-30,3.358114217247618e-27
2010-06-21,1,recovery_or_normalization,6.125828960328676e-10,0.9999999993870006,1.9477277132856724e-41,1.5919797087592692e-23
2010-06-22,1,recovery_or_normalization,6.6367980192092906e-09,0.9999999933625077,1.0168059687363857e-32,1.0963606987253808e-24
2010-06-23,1,recovery_or_normalization,7.655046928100645e-10,0.9999999992342055,2.8168689069104943e-34,4.295660489992003e-27
2010-06-24,1,recovery_or_normalization,6.144218099729485e-10,0.9999999993851816,1.027290348279659e-35,8.665050835252368e-27
2010-06-25,1,recovery_or_normalization,2.3703106293671966e-10,0.9999999997635314,1.6593101660621305e-37,9.217280717524817e-27
2010-06-28,1,recovery_or_normalization,6.296876451789675e-10,0.9999999993706297,1.585274548214953e-30,2.0639508800128318e-29
2010-06-29,1,recovery_or_normalization,9.670439815417273e-12,0.999999999990905,2.8901757402276254e-41,8.971189389681261e-29
2010-06-30,1,recovery_or_normalization,5.140627444961421e-12,0.999999999994543,4.3623763181475516e-46,4.772699486409085e-28
2010-07-01,1,recovery_or_normalization,7.735943697234868e-12,0.999999999992724,5.873529109737196e-47,1.0800987041266917e-26
2010-07-02,1,recovery_or_normalization,1.3273062770085586e-10,0.9999999998672138,3.5460734892700203e-53,4.443895951837661e-26
2010-07-06,1,recovery_or_normalization,5.600156401903291e-10,0.9999999994397513,1.4571755884218928e-58,1.2613300711034524e-24
2010-07-07,1,recovery_or_normalization,7.844158049151877e-10,0.9999999992160156,3.696540988969513e-52,3.701582620550175e-24
2010-07-08,1,recovery_or_normalization,1.5540264163212131e-09,0.999999998446583,6.399097324223322e-46,1.3106059413975784e-25
2010-07-09,1,recovery_or_normalization,8.585135038185565e-10,0.999999999141437,5.592403214938321e-44,4.102186068375173e-26
2010-07-12,1,recovery_or_normalization,1.2426932971210061e-09,0.9999999987576302,1.2657079889786737e-37,2.586085895573094e-26
2010-07-13,1,recovery_or_normalization,7.175802437434981e-09,0.9999999928240868,1.5098610926025434e-30,1.4853458018196748e-26
2010-07-14,1,recovery_or_normalization,4.451035333635064e-10,0.9999999995543476,3.668392014797646e-31,6.001383983567675e-27
2010-07-15,1,recovery_or_normalization,4.676169346437391e-10,0.9999999995325197,7.062474750071832e-29,1.2076546772632055e-25
2010-07-16,1,recovery_or_normalization,3.306144253443995e-09,0.9999999966930773,5.337985915917498e-38,4.7840108671869354e-24
2010-07-19,1,recovery_or_normalization,5.058358810920117e-09,0.9999999949413905,1.5356687666758554e-35,2.6986501505975357e-24
2010-07-20,1,recovery_or_normalization,2.1314475592706695e-09,0.9999999978681444,1.0807463229276228e-34,7.600686753670921e-25
2010-07-21,1,recovery_or_normalization,2.5817720852704045e-09,0.999999997418854,2.309673724989574e-38,1.6833687969585204e-24
2010-07-22,1,recovery_or_normalization,5.405111806354883e-09,0.9999999945957825,7.028515267862402e-33,1.192553189876555e-24
2010-07-23,1,recovery_or_normalization,3.3453289522435146e-09,0.9999999966548785,3.6571292201095094e-31,2.9965452472748774e-24
2010-07-26,1,recovery_or_normalization,2.148247308317047e-08,0.9999999785177354,5.324317343388348e-30,2.5962754216277934e-24
2010-07-27,1,recovery_or_normalization,1.5356786440900933e-08,0.9999999846440916,3.398085393991756e-29,1.9177973402235117e-24
2010-07-28,1,recovery_or_normalization,1.0173656686801932e-08,0.9999999898263923,2.0061400630085966e-30,2.7572537665585256e-23
2010-07-29,1,recovery_or_normalization,1.3016016315529735e-07,0.9999998698404027,1.42002663672463e-35,2.653142287058787e-22
2010-07-30,1,recovery_or_normalization,8.032349440828455e-08,0.9999999196770691,1.4752201502149967e-38,1.7341170157558812e-22
2010-08-02,1,recovery_or_normalization,5.102770721285674e-07,0.9999994897226708,4.335207344027208e-32,1.802488451362521e-22
2010-08-03,1,recovery_or_normalization,1.2930493837450509e-06,0.9999987069503906,2.1819021461541983e-34,2.353566302869538e-22
2010-08-04,1,recovery_or_normalization,6.156944648749948e-07,0.9999993843050182,1.623478643149713e-31,1.5400943140549283e-22
2010-08-05,1,recovery_or_normalization,2.1622152128530266e-07,0.999999783778572,2.3297887374746673e-26,3.7860204370655e-24
2010-08-06,1,recovery_or_normalization,1.7065238442456195e-07,0.9999998293478857,1.5398034899362974e-28,5.0860731169119865e-24
2010-08-09,1,recovery_or_normalization,5.043620664797733e-08,0.999999949563063,5.076403033574986e-24,5.118207650647052e-24
2010-08-10,1,recovery_or_normalization,2.2427698272363375e-07,0.9999997757222697,9.533799545413699e-24,4.637641791280993e-26
2010-08-11,1,recovery_or_normalization,9.138396301397566e-09,0.9999999908613972,1.2382813130807854e-33,8.384423169162003e-25
2010-08-12,1,recovery_or_normalization,9.38649304134359e-09,0.9999999906140147,4.955382675737943e-34,1.883137989484755e-24
2010-08-13,1,recovery_or_normalization,9.463640868291144e-09,0.9999999905357981,2.0602486042953407e-32,2.021316213234322e-23
2010-08-16,1,recovery_or_normalization,1.763321161219565e-07,0.9999998236671828,8.575319519834458e-36,1.5604617680867573e-22
2010-08-17,1,recovery_or_normalization,2.7080211066934835e-07,0.9999997291979892,7.997745979949691e-32,1.8682641350007058e-23
2010-08-18,1,recovery_or_normalization,2.474271469181991e-07,0.999999752571997,7.814639674192492e-31,9.995179968229344e-23
2010-08-19,1,recovery_or_normalization,1.977807791465613e-06,0.9999980221929495,4.2970200370183884e-37,8.271123290329197e-22
2010-08-20,1,recovery_or_normalization,2.306136908393791e-07,0.9999997693867311,3.6093441257815205e-37,8.365280111774446e-23
2010-08-23,1,recovery_or_normalization,6.976168215777626e-07,0.9999993023832463,8.570132656025223e-39,2.435670442700228e-22
2010-08-24,1,recovery_or_normalization,8.331504758455123e-07,0.9999991668486305,1.7321058897988025e-43,5.616981130470523e-21
2010-08-25,1,recovery_or_normalization,1.2845089260434932e-06,0.9999987154905349,3.1046587861606186e-43,1.186177961269954e-21
2010-08-26,1,recovery_or_normalization,4.0287610054515136e-07,0.9999995971230321,1.8382019626156307e-42,4.433357148765194e-22
2010-08-27,1,recovery_or_normalization,9.272371553658595e-07,0.9999990727633055,9.650837920386124e-40,1.020707871771997e-21
2010-08-30,1,recovery_or_normalization,2.9793575785466796e-06,0.9999970206416765,2.7505488696118895e-43,3.491517149099143e-20
2010-08-31,1,recovery_or_normalization,3.951180412399071e-06,0.9999960488190325,4.190378454877872e-43,9.406125314839082e-21
2010-09-01,1,recovery_or_normalization,8.463272322118574e-07,0.9999991536718824,5.372461973657584e-32,3.3871654685467714e-21
2010-09-02,1,recovery_or_normalization,1.205591354105138e-06,0.9999987944091109,4.999876343077758e-28,7.360728968815873e-23
2010-09-03,1,recovery_or_normalization,1.1423757574032274e-06,0.9999988576243753,1.2309579208179956e-25,1.3705373734659608e-22
2010-09-07,1,recovery_or_normalization,7.890232720544194e-07,0.9999992109772777,8.42288133478298e-28,5.284185820977357e-22
2010-09-08,1,recovery_or_normalization,1.1004845405686021e-06,0.9999988995156543,8.662278065566498e-25,3.406643239732956e-23
2010-09-09,1,recovery_or_normalization,4.687600520631428e-07,0.9999995312392647,5.654717420502487e-21,5.6464936417579175e-24
2010-09-10,1,recovery_or_normalization,2.788155721370817e-06,0.9999972118441962,1.4549965976864212e-24,8.081591491590681e-24
2010-09-13,1,recovery_or_normalization,1.4194874160028018e-06,0.9999985805126087,6.957754409438775e-23,2.066504413539032e-25
2010-09-14,1,recovery_or_normalization,1.119978449726497e-06,0.9999988800215666,3.8130368210969734e-20,5.741100814492056e-25
2010-09-15,1,recovery_or_normalization,1.6536893225795086e-05,0.9999834631074398,2.663519880111814e-18,6.362543675340091e-24
2010-09-16,1,recovery_or_normalization,0.00023028852092355648,0.9997697114791376,2.667909251442407e-17,7.189008778632699e-23
2010-09-17,1,recovery_or_normalization,0.00774990606341525,0.9922500939369514,2.7684927766141996e-16,1.3584521195692323e-21
2010-09-20,1,recovery_or_normalization,0.1990215397593399,0.8009784602401714,5.5654043510573686e-14,1.8083711216643303e-21
2010-09-21,0,inflation_rates_shock,0.8466741101860275,0.1533258898139029,2.1189449178775713e-13,4.9029153526879946e-21
2010-09-22,0,inflation_rates_shock,0.9803866748708158,0.01961332513002088,3.0544953228886123e-16,3.283957268453142e-21
2010-09-23,0,inflation_rates_shock,0.9990801620922949,0.0009198379072436086,1.6128239551264233e-20,3.463429788204112e-20
2010-09-24,0,inflation_rates_shock,0.9999658076965185,3.4192303715529655e-05,7.827321583477551e-17,7.078421252500073e-21
2010-09-27,0,inflation_rates_shock,0.9999968043008397,3.195699150664129e-06,6.316963581373805e-18,9.456082506396323e-20
2010-09-28,0,inflation_rates_shock,0.9999999726042009,2.739512119250428e-08,1.3028929910579522e-16,7.593954208741883e-22
2010-09-29,0,inflation_rates_shock,0.9999999736901376,2.6310176757900142e-08,2.0543592508524635e-17,3.4425348262654826e-21
2010-09-30,0,inflation_rates_shock,0.9999999782794478,2.172019930404315e-08,3.237066212454615e-19,2.0003322212259933e-20
2010-10-01,0,inflation_rates_shock,0.9999999430783663,5.6921850364063625e-08,1.356748218269444e-13,2.7470469988490743e-22
2010-10-04,0,inflation_rates_shock,0.99999934332867,6.565710436503502e-07,1.002149526564026e-10,1.0961196547630759e-21
2010-10-05,0,inflation_rates_shock,0.99981485524329,6.709021291350145e-06,0.0001784357346379467,4.545549977431486e-24
2010-10-06,0,inflation_rates_shock,0.9973268497004774,5.188892634144903e-05,0.0026212613726454507,7.755474318232379e-24
2010-10-07,0,inflation_rates_shock,0.9118261822827238,0.0001721083619052511,0.08800170935498959,1.4229951105841603e-24
2010-10-08,2,risk_on,0.39585389962834383,3.701816278175559e-05,0.6041090822094031,2.9931940048215724e-27
2010-10-11,2,risk_on,0.012763316408476113,3.5175918072393106e-05,0.9872015076739373,3.1792112923285164e-30
2010-10-12,2,risk_on,1.596469241204052e-06,8.054280001001427e-07,0.9999975981019558,3.231865050251591e-34
2010-10-13,2,risk_on,4.5180558073791073e-10,2.5224731273349718e-08,0.9999999743231459,1.0486802055500845e-35
2010-10-14,2,risk_on,5.9362496611985725e-09,1.9857110100591862e-08,0.9999999742067306,1.4582328583042425e-37
2010-10-15,2,risk_on,5.078742469229607e-10,1.530308100502416e-08,0.9999999841893442,4.222216127497335e-40
2010-10-18,2,risk_on,2.9313156836910356e-11,7.376855109998875e-09,0.9999999925930751,1.595085899682737e-41
2010-10-19,2,risk_on,5.6658722067942994e-11,9.774454771557527e-09,0.9999999901683623,2.157872845153534e-43
2010-10-20,2,risk_on,6.477939736929639e-14,1.0644230751655944e-08,0.999999989355274,2.2441890849269684e-47
2010-10-21,2,risk_on,1.47159982115192e-13,1.3343281650097556e-08,0.9999999866558937,8.274260470341278e-45
2010-10-22,2,risk_on,1.1701486262033181e-11,2.1806362130704673e-07,0.9999997819250221,1.4964823241733977e-45
2010-10-25,2,risk_on,5.575890345191226e-13,3.827983367233952e-09,0.9999999961710273,2.416909225538751e-47
2010-10-26,2,risk_on,6.72831407683109e-12,2.958281111623129e-09,0.9999999970350473,1.4977370003424438e-47
2010-10-27,2,risk_on,2.785740721275135e-12,1.0912142900146755e-09,0.9999999989067874,6.349029843312666e-48
2010-10-28,2,risk_on,4.73383327351896e-13,5.094759123355519e-10,0.999999999490683,8.87203984809904e-50
2010-10-29,2,risk_on,5.6427640496197284e-14,5.140755086597391e-09,0.999999994859536,6.97438757724325e-52
2010-11-01,2,risk_on,8.172376131955043e-14,3.098441740579235e-09,0.999999996902261,9.925889841776094e-53
2010-11-02,2,risk_on,1.572885969776266e-13,2.297777718581867e-08,0.9999999770225261,1.1177990689652899e-54
2010-11-03,2,risk_on,4.3613329400914937e-14,1.1308946393528168e-09,0.9999999988685886,6.681413435184646e-56
2010-11-04,2,risk_on,5.559017967841384e-18,3.7485472542464233e-10,0.9999999996252882,1.0363927783238378e-57
2010-11-05,2,risk_on,2.376392016068407e-18,1.0164597036510217e-09,0.9999999989831849,2.70814549942879e-60
2010-11-08,2,risk_on,3.941515128636369e-19,1.0454577990356364e-09,0.9999999989540811,5.208798093894978e-61
2010-11-09,2,risk_on,1.0543264939215808e-20,1.1900849084763964e-10,0.9999999998817657,1.716387245674475e-64
2010-11-10,2,risk_on,7.637405771381314e-23,4.220497163246338e-11,0.9999999999581632,7.571710953295804e-68
2010-11-11,2,risk_on,1.178547112936035e-23,1.02764968493554e-10,0.9999999998981366,1.577806700183708e-66
2010-11-12,2,risk_on,3.2792752210166115e-21,5.268056163482063e-09,0.9999999947322067,2.3454313724404018e-62
2010-11-15,2,risk_on,1.2754325939143423e-21,3.032072826495455e-08,0.9999999696792661,3.1711370834965105e-61
2010-11-16,2,risk_on,2.2970144139654648e-17,6.524850214041712e-07,0.9999993475141619,7.829683814833988e-53
2010-11-17,2,risk_on,3.730456083201336e-17,2.761365915124341e-07,0.9999997238628947,6.186530915675076e-57
2010-11-18,2,risk_on,3.634214318743096e-19,5.616063146983516e-09,0.9999999943847797,1.37639663141432e-60
2010-11-19,2,risk_on,8.679314066503167e-18,5.714198519142711e-09,0.9999999942865543,1.388055310734285e-61
2010-11-22,2,risk_on,2.4732004645748645e-19,3.03637103129933e-08,0.9999999696356103,4.1285488655531126e-60
2010-11-23,2,risk_on,7.415331352942884e-16,2.2883091466107567e-05,0.999977116907645,2.9888538648327725e-55
2010-11-24,2,risk_on,3.357099201931007e-16,4.0682210380811633e-07,0.9999995931776456,7.476380211163486e-56
2010-11-26,2,risk_on,6.7705009393344e-15,2.5462204615035925e-05,0.9999745377958115,8.010694900705578e-57
2010-11-29,2,risk_on,2.0087568388375082e-15,4.103833323647921e-05,0.9999589616671926,1.0388753291551109e-59
2010-11-30,2,risk_on,2.8177625795187836e-15,2.0895435237851875e-05,0.9999791045648065,1.194470830385226e-62
2010-12-01,2,risk_on,6.759128254533205e-19,5.571380200689853e-07,0.9999994428618908,1.6564109060819774e-70
2010-12-02,2,risk_on,3.1584351855880943e-19,3.863526451837164e-07,0.9999996136467253,3.1544951742306765e-75
2010-12-03,2,risk_on,2.1455920257976505e-21,5.028225063352351e-07,0.9999994971768856,4.367705762126445e-79
2010-12-06,2,risk_on,4.397469891908195e-20,2.586955113293718e-06,0.9999974130457114,9.929315824123388e-82
2010-12-07,2,risk_on,4.493963920895392e-18,1.554897220344617e-07,0.9999998445109789,5.808083972073693e-84
2010-12-08,2,risk_on,2.7005037345696875e-17,3.878508820308586e-08,0.9999999612155087,6.911991550064155e-80
2010-12-09,2,risk_on,6.38069996471099e-17,2.9808092662828627e-07,0.9999997019186129,8.243706525871465e-76
2010-12-10,2,risk_on,1.1681831750160638e-13,1.8167135133270612e-08,0.999999981831934,3.211921306580352e-73
2010-12-13,2,risk_on,3.739911524334084e-13,4.09836244252919e-08,0.9999999590163506,8.61326524557037e-69
2010-12-14,2,risk_on,2.141583863057787e-09,7.11710443408653e-09,0.9999999907413439,6.362573050821507e-67
2010-12-15,2,risk_on,4.697503968851807e-11,1.8579544589915922e-09,0.9999999980955181,3.413034379185903e-72
2010-12-16,2,risk_on,2.4406651525103425e-12,5.793137114005904e-09,0.9999999942046998,4.854420921432548e-76
2010-12-17,2,risk_on,1.242452460677721e-14,3.622701013350618e-09,0.9999999963765731,4.004692114791302e-75
2010-12-20,2,risk_on,1.435423639261979e-14,1.749179239222094e-08,0.999999982508598,4.114999918915976e-74
2010-12-21,2,risk_on,2.1823060861666084e-14,2.1256233886587937e-08,0.99999997874329,2.460828914303249e-72
2010-12-22,2,risk_on,5.56208566602398e-14,7.036384131453349e-09,0.999999992964149,5.802580611013737e-70
2010-12-23,2,risk_on,3.7911037030596e-12,9.316569921744959e-08,0.9999999068313671,1.8285612505533062e-75
2010-12-27,2,risk_on,4.378351834443586e-16,4.893142879549186e-09,0.9999999951069185,4.392785892087113e-80
2010-12-28,2,risk_on,3.9059907550616036e-14,5.5984722137797535e-08,0.9999999440151457,1.1417157315336419e-79
2010-12-29,2,risk_on,4.751298675693367e-16,3.503787741840458e-08,0.9999999649626268,6.795898699856613e-79
2010-12-30,2,risk_on,2.6070705464662306e-14,6.90757100385571e-08,0.9999999309238797,4.2210716843024784e-80
2010-12-31,2,risk_on,1.032114595455649e-16,5.592702801430546e-09,0.9999999944066076,3.845013315529367e-85
2011-01-03,2,risk_on,1.9161742241420972e-16,3.476340093494697e-09,0.9999999965239112,2.410009850375909e-83
2011-01-04,2,risk_on,3.0984528719059643e-16,2.9463225215229883e-09,0.9999999970532372,4.154368701878425e-84
2011-01-05,2,risk_on,8.506736876185572e-15,3.3078466947186243e-09,0.9999999966912583,1.943237140930891e-82
2011-01-06,2,risk_on,8.615404519716713e-17,4.15788031480775e-09,0.9999999958417902,9.402798737081334e-84
2011-01-07,2,risk_on,1.2135368267174576e-17,1.5413783967873538e-09,0.999999998459316,4.6246003321449096e-85
2011-01-10,2,risk_on,1.500917892731381e-16,4.652727288186013e-10,0.9999999995343387,3.399925739206503e-83
2011-01-11,2,risk_on,1.257544709611559e-15,3.6990997671868564e-10,0.9999999996307452,1.9705975276483584e-83
2011-01-12,2,risk_on,6.798925144751905e-16,4.659150256525699e-10,0.9999999995343387,1.2893043413643043e-81
2011-01-13,2,risk_on,1.454607554295001e-15,5.637426383938375e-10,0.9999999994361133,1.6263398695356872e-79
2011-01-14,2,risk_on,4.613637801232381e-15,5.820510592085948e-10,0.9999999994179234,3.0048783035596037e-78
2011-01-18,2,risk_on,1.0821559304506368e-15,2.591925725219095e-09,0.9999999974079401,1.6210651360749416e-77
2011-01-19,2,risk_on,7.306597499353923e-15,3.128056381071383e-09,0.9999999968713382,3.4210495766579196e-74
2011-01-20,2,risk_on,2.4121001270883293e-15,9.279368214871436e-07,0.9999990720629952,1.484088531444376e-72
2011-01-21,2,risk_on,2.535450582554835e-15,2.8122791453489854e-06,0.9999971877208264,4.196991905487384e-73
2011-01-24,2,risk_on,2.046241942205565e-15,1.358336509472102e-06,0.9999986416633095,8.08130039126327e-73
2011-01-25,2,risk_on,4.930751422103452e-15,1.5929660185629809e-06,0.9999984070340315,3.168009003076673e-73
2011-01-26,2,risk_on,3.1282784489117773e-15,9.013742153631769e-07,0.9999990986256732,8.141074979189645e-73
2011-01-27,2,risk_on,6.146625463281949e-14,7.222348224171655e-07,0.9999992777650611,5.755010621892026e-73
2011-01-28,2,risk_on,3.637311878637491e-15,7.283891960841918e-07,0.9999992716114244,7.300596133311668e-71
2011-01-31,2,risk_on,3.751772872240194e-15,2.543281174872356e-07,0.9999997456725719,8.301529368094415e-71
2011-02-01,2,risk_on,1.193547084608946e-14,1.066315543288641e-07,0.9999998933690278,2.490150954985927e-69
2011-02-02,2,risk_on,1.1266392228218863e-14,1.1893427583279761e-07,0.999999881065385,6.748156106523244e-69
2011-02-03,2,risk_on,4.232365028840698e-15,1.1116568940616524e-06,0.9999988883434338,3.1051107537580636e-67
2011-02-04,2,risk_on,9.62627975600127e-14,4.301961187622188e-06,0.9999956980392875,6.472861728380806e-63
2011-02-07,2,risk_on,1.2752344706072607e-13,1.4311015811290252e-06,0.9999985688983779,4.596796776178299e-62
2011-02-08,2,risk_on,1.4206197902794084e-12,5.258800743644108e-07,0.9999994741193877,3.024454598117188e-59
2011-02-09,2,risk_on,2.0386287571987576e-12,1.3570165788335284e-06,0.999998642982075,1.7412831505872045e-54
2011-02-10,2,risk_on,3.296015176641436e-12,4.717800846863384e-06,0.9999952821965383,3.2182784874236926e-54
2011-02-11,2,risk_on,2.118594975393543e-12,2.966628828058693e-06,0.9999970333691075,2.1287844809986223e-55
2011-02-14,2,risk_on,1.3953465386903249e-11,4.6590331923930494e-06,0.9999953409532586,2.2659350997387435e-52
2011-02-15,2,risk_on,4.7404077245905116e-12,3.546813612270851e-07,0.9999996453135002,2.0537290014384607e-52
2011-02-16,2,risk_on,1.0481298168225807e-11,2.208190576758795e-06,0.9999977917984149,1.4274579828118814e-54
2011-02-17,2,risk_on,2.172514916099856e-11,1.7046561774041462e-06,0.9999982953228005,8.838938069497752e-56
2011-02-18,2,risk_on,2.288315901626336e-12,3.390995949098455e-08,0.9999999660885811,4.781860527218277e-58
2011-02-22,2,risk_on,4.864832537166076e-11,3.2214566844430633e-07,0.9999996778060969,6.624276241585898e-52
2011-02-23,2,risk_on,1.7250495904506002e-10,7.737085967043303e-07,0.9999992261185336,2.082779352205352e-51
2011-02-24,2,risk_on,6.857872401311798e-10,3.488208999250267e-07,0.9999996504939801,1.4956176300462058e-52
2011-02-25,2,risk_on,3.030943011977855e-12,3.1137403849418115e-08,0.9999999688589019,9.557615866246962e-59
2011-02-28,2,risk_on,6.109328762358313e-12,2.0961159566313105e-08,0.9999999790325094,9.573529752435913e-59
2011-03-01,2,risk_on,7.070837626103875e-10,4.2141025836018133e-07,0.9999995778817701,2.464535662795727e-57
2011-03-02,2,risk_on,2.2817345435881582e-10,3.199718372559933e-07,0.9999996797997086,6.809726516282011e-62
2011-03-03,2,risk_on,4.055512567758963e-14,1.3993949517855104e-08,0.9999999860065145,1.4876223043216246e-70
2011-03-04,2,risk_on,4.063851082659293e-14,6.4444001946691384e-09,0.9999999935553205,2.52629317397507e-69
2011-03-07,2,risk_on,9.219811476119886e-14,1.2595748220883958e-08,0.9999999874034984,5.24260106548981e-70
2011-03-08,2,risk_on,1.245557815161971e-13,5.492013269406157e-09,0.999999994508471,2.0947672790020186e-70
2011-03-09,2,risk_on,4.485799416844223e-13,1.8158017195256316e-08,0.9999999818410289,1.2784723190713488e-66
2011-03-10,2,risk_on,1.664583179280446e-11,3.809841911352811e-07,0.9999996190000091,6.098133387235722e-62
2011-03-11,2,risk_on,9.540795777194032e-13,4.922286108092301e-07,0.9999995077706746,1.0801860802909877e-60
2011-03-14,2,risk_on,3.6490329078152545e-11,0.0008202384570215486,0.9991797615068619,3.0808265433946383e-59
2011-03-15,2,risk_on,1.394673561586418e-09,0.2942413324093707,0.7057586661967636,3.77053627325644e-54
2011-03-16,1,recovery_or_normalization,1.679978420492674e-08,0.8840090903849591,0.11599089281438528,2.059787805068158e-48
2011-03-17,1,recovery_or_normalization,7.38919242490581e-07,0.667327019917782,0.3326722411636505,1.86879787332752e-47
2011-03-18,2,risk_on,1.2731163155124563e-07,0.0406486736843262,0.9593511990044575,9.346434812093011e-51
2011-03-21,2,risk_on,2.9582373066216003e-10,0.00023675758553296598,0.999763242119151,6.4605150841133565e-52
2011-03-22,2,risk_on,3.653760871809614e-12,1.2292620663120091e-05,0.9999877073760886,3.0935086247020886e-51
2011-03-23,2,risk_on,1.6258749694195205e-11,2.8253504663887193e-06,0.9999971746332345,3.665345955842057e-50
2011-03-24,2,risk_on,1.3446007755062273e-11,1.3164079289792802e-06,0.9999986835782263,2.288819279670661e-50
2011-03-25,2,risk_on,8.29939871079058e-12,1.1821052663756688e-06,0.999998817886779,1.8133575530352803e-49
2011-03-28,2,risk_on,4.362637142093705e-12,4.915775631339631e-07,0.9999995084182345,4.0058918410298154e-49
2011-03-29,2,risk_on,6.402232854789898e-12,4.510074014586271e-07,0.9999995489853171,4.398222064671993e-48
2011-03-30,2,risk_on,1.9309526057006777e-11,7.64014308772193e-07,0.9999992359665347,2.5270770010526593e-48
2011-03-31,2,risk_on,2.1754680498481325e-11,9.341289408690637e-07,0.9999990658493332,1.0260395393879538e-48
2011-04-01,2,risk_on,3.10108244284961e-11,3.7378159736271142e-06,0.9999962621529275,6.460695788064937e-51
2011-04-04,2,risk_on,6.713548654630611e-12,6.413675500352803e-07,0.999999358626361,3.8675297702852686e-51
2011-04-05,2,risk_on,5.506555482021847e-11,8.772019848172681e-07,0.9999991227436322,2.5624072150421294e-51
2011-04-06,2,risk_on,4.368675503295646e-12,4.975349471416256e-07,0.9999995024610472,6.865902795211837e-52
2011-04-07,2,risk_on,2.0946839318709207e-11,3.4164835432624814e-07,0.9999996583301838,9.044116864198184e-52
2011-04-08,2,risk_on,1.3212962845991076e-11,3.758645250363216e-08,0.9999999623996707,6.1641385416654836e-52
2011-04-11,2,risk_on,2.18233689856506e-11,4.452421507872148e-08,0.9999999554547695,2.0811720476385943e-49
2011-04-12,2,risk_on,5.74003014428073e-10,3.02121087801901e-07,0.9999996973056572,2.360716992390089e-47
2011-04-13,2,risk_on,1.5331904268250163e-09,4.105132416617305e-05,0.9999589471431584,9.96636863574073e-44
2011-04-14,2,risk_on,6.867336733647931e-06,0.0036403778505420866,0.9963527548123527,1.7346394366046607e-41
2011-04-15,2,risk_on,1.180478024002718e-07,0.0018154900028711713,0.9981843919499716,9.119828404168192e-49
2011-04-18,2,risk_on,1.7797795785897066e-10,2.3388861904457318e-05,0.9999766109601724,6.414176643690146e-52
2011-04-19,2,risk_on,1.0401205181642512e-11,3.928172428280326e-07,0.9999996071729446,1.5837433776843427e-55
2011-04-20,2,risk_on,1.8152595139201906e-12,1.8572826547139097e-08,0.9999999814244804,2.196001867263077e-56
2011-04-21,2,risk_on,5.524347154851737e-13,1.0498354556393001e-08,0.9999999895007932,6.9564748606784e-57
2011-04-25,2,risk_on,6.355933356810138e-13,3.592440182154666e-08,0.99999996407496,3.554429044244788e-57
2011-04-26,2,risk_on,4.4475554551403447e-13,2.546183009029608e-08,0.9999999745377867,1.1387990337117193e-58
2011-04-27,2,risk_on,5.351896142591054e-13,3.82971851664559e-08,0.9999999617029979,1.5948462692241263e-57
2011-04-28,2,risk_on,6.125414848275967e-13,8.770021333575272e-08,0.9999999122992488,5.0681252774209074e-58
2011-04-29,2,risk_on,3.0395791359505607e-13,3.019895790026831e-08,0.9999999698011384,7.753624362578167e-58
2011-05-02,2,risk_on,3.7649409819831903e-13,5.158259036209879e-08,0.9999999484170998,3.353584549380892e-58
2011-05-03,2,risk_on,2.7654733719233223e-13,1.7832355290119117e-07,0.9999998216753897,6.46566232597301e-58
2011-05-04,2,risk_on,3.8973030003656984e-13,4.394288041394688e-07,0.9999995605704555,3.295217323149008e-55
2011-05-05,2,risk_on,1.133912852490091e-11,1.4615177785280318e-05,0.9999853848107078,9.633274711281179e-52
2011-05-06,2,risk_on,9.75989301014474e-12,1.1092590579027874e-05,0.9999889074002982,4.833811160258331e-53
2011-05-09,2,risk_on,6.809886133433166e-12,3.318754126088232e-05,0.9999668124524048,8.77138084522128e-52
2011-05-10,2,risk_on,6.485073317064574e-11,0.000853160444195864,0.9991468394906189,1.9195873675288262e-50
2011-05-11,2,risk_on,1.8047714801104378e-10,0.004571202657988576,0.9954287971619665,5.645336012985064e-48
2011-05-12,2,risk_on,4.180002401308336e-10,0.02481829218585764,0.9751817073967068,1.4301193179832228e-45
2011-05-13,2,risk_on,1.1492062661616114e-08,0.3724238361209924,0.6275761523871899,1.0915486681497372e-40
2011-05-16,1,recovery_or_normalization,3.4950814030599184e-08,0.9628227166313315,0.03717724841871189,8.954682198747001e-39
2011-05-17,1,recovery_or_normalization,1.1734875334794079e-08,0.9923656870458988,0.007634301218562379,1.0845979839222228e-38
2011-05-18,1,recovery_or_normalization,1.6204845466745398e-08,0.9949587961296592,0.00504118766527257,1.705500389979744e-38
2011-05-19,1,recovery_or_normalization,1.1242211047994429e-07,0.9991289902036676,0.0008708973751285488,3.5283338145797247e-38
2011-05-20,1,recovery_or_normalization,2.449105990181476e-09,0.9999021193592355,9.787819142132003e-05,1.0105271164233319e-41
2011-05-23,1,recovery_or_normalization,2.7688449273727023e-10,0.9999924657360745,7.533987787981859e-06,6.437146936170339e-43
2011-05-24,1,recovery_or_normalization,1.5285574166160358e-10,0.999972875070395,2.712477760066879e-05,1.8621118205565434e-43
2011-05-25,1,recovery_or_normalization,1.1253083389790898e-10,0.9999566451455164,4.3354742035729e-05,1.8698315615270836e-44
2011-05-26,1,recovery_or_normalization,2.1634598408700944e-11,0.9999884922515809,1.1507726751098032e-05,1.561272027128722e-46
2011-05-27,1,recovery_or_normalization,8.626491193305714e-12,0.9999307752810503,6.922471010716812e-05,9.68004644736143e-46
2011-05-31,1,recovery_or_normalization,2.2799211214815013e-11,0.9999139862989277,8.601367879172715e-05,4.446017581880382e-46
2011-06-01,1,recovery_or_normalization,9.19136640224462e-12,0.9999993476178443,6.523723950553477e-07,2.9212931842161097e-43
2011-06-02,1,recovery_or_normalization,4.1965173856602975e-13,0.9999976406371027,2.3593621612965573e-06,7.65002738400416e-47
2011-06-03,1,recovery_or_normalization,4.761270285423015e-13,0.9999996592760579,3.40722565322015e-07,4.334486115382133e-46
2011-06-06,1,recovery_or_normalization,8.728053902129801e-14,0.9999999513347587,4.866528386949952e-08,4.5299822872266225e-46
2011-06-07,1,recovery_or_normalization,1.34044143828372e-14,0.9999999938809196,6.119957303345124e-09,6.265946935145675e-48
2011-06-08,1,recovery_or_normalization,2.2856812716885637e-14,0.9999999997962732,2.0325506552030306e-10,1.7082840457312064e-46
2011-06-09,1,recovery_or_normalization,4.2679603140162953e-14,0.9999999932078936,6.792398549222045e-09,8.833117422871903e-49
2011-06-10,1,recovery_or_normalization,6.400549540818597e-14,0.9999999999890861,1.1299817574489812e-11,4.9682548385730514e-48
2011-06-13,1,recovery_or_normalization,1.522854769449845e-14,0.999999999990905,8.505101081739884e-12,3.629012100213278e-47
2011-06-14,1,recovery_or_normalization,4.071207815201284e-13,0.9999992323703955,7.676290845521189e-07,1.1191070557144079e-46
2011-06-15,1,recovery_or_normalization,1.6968661812821496e-12,0.9999999996252882,3.7320743097834914e-10,2.2020946910168766e-43
2011-06-16,1,recovery_or_normalization,5.327352155223943e-12,0.999999999994543,2.6412952795155666e-13,2.0253436826386838e-44
2011-06-17,1,recovery_or_normalization,2.873417694769194e-13,0.9999999998999556,9.94619623564178e-11,1.0960224191577067e-46
2011-06-20,1,recovery_or_normalization,4.9364577119454796e-14,0.9999999758256312,2.417445270908543e-08,2.618325967713382e-49
2011-06-21,1,recovery_or_normalization,6.801207649659928e-14,0.9999975481962836,2.451804089778806e-06,7.263115211733273e-49
2011-06-22,1,recovery_or_normalization,3.183290006504261e-13,0.9999999563824541,4.361784427750774e-08,1.1110813134119936e-47
2011-06-23,1,recovery_or_normalization,1.1986006727963882e-13,0.9999997060913733,2.9390889671629975e-07,1.303974703555238e-48
2011-06-24,1,recovery_or_normalization,1.916720106134229e-13,0.9999965738483783,3.4261514726662207e-06,1.2546464917075334e-48
2011-06-27,1,recovery_or_normalization,3.2678439348457525e-12,0.9230432248377837,0.07695677515957257,8.300874899839617e-48
2011-06-28,2,risk_on,1.584033333122267e-12,0.07080006447186642,0.929199935527034,7.079326175466493e-51
2011-06-29,2,risk_on,1.5029264159955953e-14,7.462844345837484e-05,0.9999253715559143,1.1347551896457611e-52
2011-06-30,2,risk_on,2.185442809784891e-15,8.560849277354079e-09,0.9999999914398359,2.3829458912906326e-55
2011-07-01,2,risk_on,1.486943406854821e-15,1.2488497736332668e-08,0.9999999875108188,4.8943902430029317e-57
2011-07-05,2,risk_on,1.8462758402745907e-15,7.668947344032877e-08,0.9999999233114096,3.708383707513185e-55
2011-07-06,2,risk_on,6.213305215600268e-15,7.681210721565368e-08,0.9999999231877185,5.969270351974382e-54
2011-07-07,2,risk_on,2.481505583628045e-13,1.2708994980157532e-07,0.9999998729090375,7.844795800378378e-54
2011-07-08,2,risk_on,3.84829610364274e-14,1.007848952733089e-07,0.9999998992152592,8.6935746517441e-51
2011-07-11,2,risk_on,4.718900949545769e-13,3.5168691860066577e-06,0.9999964831302346,3.8082624137321373e-44
2011-07-12,2,risk_on,1.338790744551756e-10,1.2031556627947452e-05,0.9999879683087639,5.708113267470882e-42
2011-07-13,2,risk_on,9.74081777692916e-11,3.845844819060181e-05,0.999961541453688,2.616013736203419e-44
2011-07-14,2,risk_on,2.649737655167237e-12,3.333943689348572e-05,0.9999666605609283,6.183775463275875e-47
2011-07-15,2,risk_on,5.666624358933086e-12,8.845844974309826e-05,0.999911541544895,4.54995004381316e-45
2011-07-18,2,risk_on,7.042497007558536e-10,0.001696087785225513,0.9983039115103994,2.7819964859494413e-46
2011-07-19,2,risk_on,2.3574171181592476e-13,2.402254971601089e-05,0.9999759774502852,2.5130249903236476e-58
2011-07-20,2,risk_on,1.0909357646556897e-14,7.120608018544921e-07,0.9999992879386616,8.151765138677876e-61
2011-07-21,2,risk_on,4.520128082242745e-16,1.4852608306836657e-07,0.9999998514740692,8.592049505140065e-63
2011-07-22,2,risk_on,1.9570631533434698e-14,4.4704769331899104e-07,0.9999995529525312,2.3266444229577476e-61
2011-07-25,2,risk_on,1.7175680005109074e-14,1.1473097207613697e-06,0.9999988526894628,1.2694375366972507e-61
2011-07-26,2,risk_on,6.281858966841866e-13,0.00028794285038074023,0.9997120571493749,4.258948710188116e-58
2011-07-27,2,risk_on,9.608748761543587e-13,0.006769760383690075,0.9932302396155899,7.786306675621973e-59
2011-07-28,2,risk_on,1.5850955997750334e-12,0.10452110443028605,0.8954788955689275,4.000355959850326e-58
2011-07-29,1,recovery_or_normalization,4.0344391237083355e-12,0.9173805100318461,0.0826194899634993,2.436686168397299e-55
2011-08-01,1,recovery_or_normalization,1.4391972552489283e-12,0.9932338860241632,0.006766113973991901,9.076884756235901e-55
2011-08-02,1,recovery_or_normalization,3.1822629224860223e-12,0.999999999834472,1.6275833407122643e-10,2.840651557419353e-48
2011-08-03,1,recovery_or_normalization,5.243410213062972e-12,0.9999999999818101,1.2961163608023066e-11,1.0179434486063104e-47
2011-08-04,1,recovery_or_normalization,6.84006668416712e-12,0.999999999992724,9.064938173007472e-29,6.376829725348945e-38
2011-08-05,1,recovery_or_normalization,3.03342735214695e-12,0.999999999996362,4.312843582283703e-29,9.521836811529318e-43
2011-08-08,1,recovery_or_normalization,4.077778201572108e-15,1.0,3.0245009827652707e-64,4.577523697959448e-28
2011-08-09,1,recovery_or_normalization,4.200308901733965e-12,0.999999999996362,9.42234460345928e-44,7.938782640481626e-30
2011-08-10,1,recovery_or_normalization,9.600061914480111e-15,1.0,2.7154090737075343e-61,6.396266836747489e-34
2011-08-11,1,recovery_or_normalization,2.6924143283715417e-16,1.0,2.987727381964202e-48,2.9243970925082143e-32
2011-08-12,1,recovery_or_normalization,2.3802185444987417e-15,1.0,2.2580496143728485e-50,8.261239040516287e-36
2011-08-15,1,recovery_or_normalization,2.4115525104900443e-18,1.0,1.4537621505817801e-43,6.6755122286156e-36
2011-08-16,1,recovery_or_normalization,5.44356879119827e-17,1.0,4.4243267734134035e-47,2.74528376162622e-40
2011-08-17,1,recovery_or_normalization,1.4095023577761202e-21,1.0,1.9462733274485023e-44,4.3546015704604987e-41
2011-08-18,1,recovery_or_normalization,1.709240078774533e-20,1.0,3.9848090518468925e-61,8.843214204589875e-37
2011-08-19,1,recovery_or_normalization,1.1195393524770395e-19,1.0,2.914311923037026e-69,2.800566193993913e-35
2011-08-22,1,recovery_or_normalization,8.288555960954482e-19,1.0,3.373431777311932e-67,6.949494893200655e-36
2011-08-23,1,recovery_or_normalization,5.415501297186313e-20,1.0,5.64416319723018e-58,3.4491255537308565e-36
2011-08-24,1,recovery_or_normalization,6.850654844316547e-19,1.0,2.160077423512423e-53,2.0535977510053487e-33
2011-08-25,1,recovery_or_normalization,1.0002873594165051e-16,1.0,1.052491599590656e-56,6.674815627241278e-33
2011-08-26,1,recovery_or_normalization,6.257238337612715e-17,1.0,8.715323659729512e-54,4.880868235748737e-33
2011-08-29,1,recovery_or_normalization,1.3189693530834952e-16,1.0,5.63159699707734e-47,4.447828564791168e-33
2011-08-30,1,recovery_or_normalization,2.957555622800602e-17,1.0,1.7959784997483215e-48,2.8711944382373597e-31
2011-08-31,1,recovery_or_normalization,1.34930335910302e-16,1.0,9.079010211893838e-46,5.5839401204002895e-30
2011-09-01,1,recovery_or_normalization,1.6118690031675516e-17,1.0,9.353370924058479e-51,5.12324607287621e-25
2011-09-02,1,recovery_or_normalization,1.8585022991289165e-11,0.9999999999818101,8.473387254861447e-57,2.151767900584073e-16
2011-09-06,1,recovery_or_normalization,4.13552740406437e-05,0.9999586446394956,2.8185566997827374e-58,8.55803085070777e-11
2011-09-07,0,inflation_rates_shock,0.9993112533125635,0.0006887466259860794,9.31851022239168e-62,6.057198803215718e-11
2011-09-08,0,inflation_rates_shock,0.9999999570263762,3.0425969723306035e-08,1.79496936811984e-55,1.2547075019257693e-08
2011-09-09,0,inflation_rates_shock,0.9999999989886419,9.737911566539727e-10,3.1851637015149556e-68,3.783668330634576e-11
2011-09-12,0,inflation_rates_shock,0.9999999999836291,1.6783226260075666e-11,2.6933952932860974e-58,3.200647955689869e-14
2011-09-13,0,inflation_rates_shock,0.9999999997235136,2.7595489262827006e-10,1.5800798840491934e-52,3.3151861028321194e-13
2011-09-14,0,inflation_rates_shock,0.9999999999872671,1.2072024551195732e-11,1.2885188677613914e-49,1.1611422287484382e-13
2011-09-15,0,inflation_rates_shock,0.9999999986830517,1.3168884791684103e-09,6.034831581949171e-47,1.9336755032799874e-14
2011-09-16,0,inflation_rates_shock,0.9999999897372618,1.026225411846605e-08,6.69998718985094e-45,2.4171886678121707e-14
2011-09-19,0,inflation_rates_shock,0.9999999999581632,4.1159240599378326e-11,1.8943071425926787e-52,3.6216663088112065e-15
2011-09-20,0,inflation_rates_shock,0.9999999998508429,1.4914044937874145e-10,3.4259696337360413e-57,3.608781961259631e-14
2011-09-21,0,inflation_rates_shock,0.999999999998181,5.510392070108094e-13,5.3026724771502535e-68,1.0982938024803452e-12
2011-09-22,0,inflation_rates_shock,0.9999999999745341,5.295443446081927e-15,7.363618349804279e-82,2.5204644124497732e-11
2011-09-23,0,inflation_rates_shock,0.999999999998181,8.192358711982095e-17,1.1908002509993796e-79,1.4951557364883882e-12
2011-09-26,0,inflation_rates_shock,1.0,3.619399627874144e-16,2.878640524387627e-72,4.830545778828592e-14
2011-09-27,0,inflation_rates_shock,1.0,6.449630686530554e-15,2.0463405742903957e-64,1.3843814242480873e-15
2011-09-28,0,inflation_rates_shock,1.0,1.0354011074361827e-16,5.407572998482694e-63,1.1739362880371429e-14
2011-09-29,0,inflation_rates_shock,1.0,1.5343591960680567e-16,4.135652306199084e-61,7.529831618701523e-15
2011-09-30,0,inflation_rates_shock,1.0,1.902979539889484e-21,2.5337667007044313e-78,7.765396909646213e-14
2011-10-03,0,inflation_rates_shock,0.9999999998435669,2.1366773217470473e-21,7.738586468015098e-94,1.5587636927717695e-10
2011-10-04,0,inflation_rates_shock,0.99999999981992,9.049882143901618e-18,8.980714822818192e-88,1.8017301934145339e-10
2011-10-05,0,inflation_rates_shock,1.0,4.521909902806149e-18,1.5387341583007556e-79,5.543899062974833e-13
2011-10-06,0,inflation_rates_shock,1.0,7.739964856568902e-19,6.459802318243548e-70,7.393721380854377e-15
2011-10-07,0,inflation_rates_shock,1.0,2.5069854863798562e-20,8.790575508129526e-75,3.933642923671057e-14
2011-10-10,0,inflation_rates_shock,0.999999999998181,6.452112213997181e-17,3.2814336581692728e-74,1.1446641452556394e-12
2011-10-11,0,inflation_rates_shock,1.0,1.1105504172445733e-17,3.71029154026817e-64,1.6178366944769927e-13
2011-10-12,0,inflation_rates_shock,1.0,3.20655256906776e-17,1.3450931108254438e-63,3.6779240083857353e-14
2011-10-13,0,inflation_rates_shock,1.0,2.7883666399659177e-14,6.834022055926045e-57,3.838852965864772e-14
2011-10-14,0,inflation_rates_shock,1.0,4.9310948133213885e-15,3.213974736177806e-50,8.39652770420001e-15
2011-10-17,0,inflation_rates_shock,1.0,2.044734038890836e-14,3.3634253859908054e-49,3.0614715366199293e-13
2011-10-18,0,inflation_rates_shock,1.0,4.234074615119409e-13,1.8378517570553233e-43,2.387509373398763e-13
2011-10-19,0,inflation_rates_shock,1.0,5.1179641595410935e-14,6.977267971599722e-42,1.3284496358284223e-13
2011-10-20,0,inflation_rates_shock,0.9999999999890861,1.0363015880869811e-11,1.387002502876036e-39,1.3869260451097682e-12
2011-10-21,0,inflation_rates_shock,0.999999999994543,4.875348611852891e-12,1.391258233093754e-40,4.837156885549266e-13
2011-10-24,0,inflation_rates_shock,0.999999999996362,2.8969032067595177e-12,1.953492268339125e-43,3.223034417620477e-13
2011-10-25,0,inflation_rates_shock,0.999999999996362,2.5240720568818973e-12,4.2796828424105445e-38,3.51267371721045e-13
2011-10-26,0,inflation_rates_shock,0.9999999999890861,1.0890553591602104e-11,6.537045731814316e-36,2.118482679958721e-13
2011-10-27,0,inflation_rates_shock,0.9999999995507096,4.464209579034904e-10,1.7079298607168572e-36,2.5406423839782645e-12
2011-10-28,0,inflation_rates_shock,0.9999999997889972,2.0238830826848509e-10,5.683831830572442e-36,7.829920542250805e-12
2011-10-31,0,inflation_rates_shock,0.999999999996362,1.355281903928028e-12,5.107606699682509e-45,2.8812837303137894e-12
2011-11-01,0,inflation_rates_shock,0.999999999827196,1.1831608367185689e-11,7.537318568529977e-54,1.615126917599396e-10
2011-11-02,0,inflation_rates_shock,0.999999999992724,1.372469597279224e-15,3.9302893039209936e-52,6.662836900115549e-12
2011-11-03,0,inflation_rates_shock,1.0,7.31791770446462e-13,2.2118833238672447e-46,1.297581213160416e-13
2011-11-04,0,inflation_rates_shock,1.0,1.3085874362494178e-13,1.4011332034631395e-39,1.2601883683601162e-16
2011-11-07,0,inflation_rates_shock,0.9999999963820301,3.618044391511005e-09,3.5564103886497488e-34,1.6478278408336601e-15
2011-11-08,0,inflation_rates_shock,1.0,2.7543905792258087e-16,4.851715432192402e-26,1.267435952267586e-15
2011-11-09,0,inflation_rates_shock,0.9999998689945727,1.3100547713972217e-07,1.8873778180584813e-28,4.8133776903318584e-14
2011-11-10,0,inflation_rates_shock,0.9999997398881871,2.601127193607875e-07,5.454534900683428e-29,2.0280680792653008e-16
2011-11-11,0,inflation_rates_shock,0.9999983102948768,1.6897056455003438e-06,2.7464131518427556e-26,5.248624552234889e-16
2011-11-14,0,inflation_rates_shock,0.9999974282324148,2.571767682967192e-06,1.013250893688236e-23,5.251209102459775e-16
2011-11-15,0,inflation_rates_shock,0.9999999659667088,3.403376109445985e-08,6.443008040179481e-22,6.300571039016296e-18
2011-11-16,0,inflation_rates_shock,0.9999999980354914,1.964146531619836e-09,2.8394796181730904e-23,7.708960089390006e-19
2011-11-17,0,inflation_rates_shock,0.9999999986866897,1.3128683660134086e-09,1.6113727246738946e-29,9.629538726271137e-19
2011-11-18,0,inflation_rates_shock,0.9999999999417923,5.827945388788274e-11,6.4654489177023115e-34,3.232136451728188e-19
2011-11-21,0,inflation_rates_shock,0.9999999969459168,3.0540745424057592e-09,2.6992050232654044e-39,1.8093448188202697e-16
2011-11-22,0,inflation_rates_shock,0.9999999981428118,1.8580471018917709e-09,1.2981856926767384e-49,2.928250301475724e-14
2011-11-23,0,inflation_rates_shock,0.9999999991741788,8.243360438285549e-10,7.796940267126908e-58,1.2091692667641322e-12
2011-11-25,0,inflation_rates_shock,0.9999999973533704,2.6466295508636095e-09,1.7043495377671723e-55,8.880062691574437e-13
2011-11-28,0,inflation_rates_shock,0.9999999695592128,3.044104015516225e-08,5.733913733596214e-44,7.447205047861984e-15
2011-11-29,0,inflation_rates_shock,0.9999999834108168,1.6588529850611118e-08,4.343510965484217e-41,5.2332520559277e-15
2011-11-30,0,inflation_rates_shock,0.9999999955016392,4.498426421731646e-09,3.1575782123144653e-28,2.4591493038169992e-17
2011-12-01,0,inflation_rates_shock,0.9999999999472493,5.2516332871007135e-11,7.684305571382502e-30,9.239274081037068e-18
2011-12-02,0,inflation_rates_shock,0.9999999999818101,1.8813975809752196e-11,5.441159443809165e-29,8.35367053731856e-18
2011-12-05,0,inflation_rates_shock,1.0,6.648501873107158e-13,4.9603490923691223e-26,5.460673290670537e-20
2011-12-06,0,inflation_rates_shock,0.9999999999654392,3.538415436343523e-11,7.504631045216635e-24,1.7011616927859418e-19
2011-12-07,0,inflation_rates_shock,0.9999999999745341,2.482019405812991e-11,5.89222652908152e-21,3.5341932026052575e-19
2011-12-08,0,inflation_rates_shock,0.999999999998181,1.1431372124185551e-12,2.9352626653881213e-25,3.5329947062732885e-18
2011-12-09,0,inflation_rates_shock,1.0,3.338262255628817e-13,1.6970035785212934e-28,6.954499972214623e-20
2011-12-12,0,inflation_rates_shock,0.999999999998181,1.2970539695136148e-12,1.7024026787842166e-31,4.513227567132237e-18
2011-12-13,0,inflation_rates_shock,1.0,3.2764638572569655e-14,7.980546212585693e-33,4.1720929052404465e-16
2011-12-14,0,inflation_rates_shock,0.9999999996125553,3.8669225629971845e-10,8.565703892340571e-35,8.768123972602536e-16
2011-12-15,0,inflation_rates_shock,0.9999999981337169,1.8667977760172393e-09,1.0048640332749014e-33,1.3878696735700287e-15
2011-12-16,0,inflation_rates_shock,0.9999999950432539,4.957408769603327e-09,1.416643332796284e-36,3.882653558068184e-15
2011-12-19,0,inflation_rates_shock,0.9999999993724487,6.274066629483469e-10,5.075848492606598e-44,2.5848753660826148e-14
2011-12-20,0,inflation_rates_shock,0.9999999991305231,8.693406812171362e-10,9.416174553845135e-35,2.0645086287911006e-16
2011-12-21,0,inflation_rates_shock,0.9999999999072315,9.205931038069308e-11,1.1277940195632145e-42,7.156952860370729e-16
2011-12-22,0,inflation_rates_shock,0.9999999997398845,2.59773307519791e-10,2.1459308836661355e-41,1.191441495554013e-15
2011-12-23,0,inflation_rates_shock,0.9999999999818101,1.870596668788398e-11,9.212249796374911e-53,8.478776600395088e-15
2011-12-27,0,inflation_rates_shock,0.9999999998562998,1.4333662209904148e-10,4.405311186909387e-49,2.6805969138367725e-15
2011-12-28,0,inflation_rates_shock,0.9999999996161932,3.8439771155632587e-10,1.5960657855508875e-35,8.144490265399761e-17
2011-12-29,0,inflation_rates_shock,0.9999999978117557,2.187781528355272e-09,3.5485121575208465e-32,3.750180701792607e-17
2011-12-30,0,inflation_rates_shock,1.0,1.3281317683593644e-14,3.7060727511820935e-27,6.196134335114359e-19
2012-01-03,0,inflation_rates_shock,1.0,6.256726377394106e-14,1.185826200607511e-22,2.0249444267987807e-21
2012-01-04,0,inflation_rates_shock,0.9999999999836291,1.67539546774375e-11,3.46013398544794e-20,8.649096566252084e-21
2012-01-05,0,inflation_rates_shock,0.999999999992724,6.704664220964318e-12,2.8537885346585183e-16,9.496919211834043e-22
2012-01-06,0,inflation_rates_shock,0.999999999317879,6.819162193678889e-10,2.0407602235734501e-16,4.3314403734471795e-21
2012-01-09,0,inflation_rates_shock,0.999999999994543,5.2658179193268935e-12,8.761734511665996e-17,3.407420423926965e-22
2012-01-10,0,inflation_rates_shock,0.9999998367820941,1.632178049825023e-07,9.522970151376177e-14,1.772064548087512e-22
2012-01-11,0,inflation_rates_shock,0.999999958787158,4.121056050289193e-08,1.9545390370748947e-12,6.481756516863352e-23
2012-01-12,0,inflation_rates_shock,0.9999991534099482,8.465903317893324e-07,4.656856484227846e-13,4.494971069319392e-22
2012-01-13,0,inflation_rates_shock,0.9999989010963545,1.0989038761353589e-06,3.158387852800246e-14,5.471068033866853e-21
2012-01-17,0,inflation_rates_shock,0.9999943223135433,5.677685483661564e-06,9.79375815778537e-14,1.905659873524928e-21
2012-01-18,0,inflation_rates_shock,0.9999857765680826,1.4223370367611677e-05,6.093110504708422e-11,1.9297958362692651e-22
2012-01-19,0,inflation_rates_shock,0.9998824593657555,0.00011753766333375982,2.9701077327807234e-09,9.350806246838417e-22
2012-01-20,0,inflation_rates_shock,0.9997529092527039,0.0002470905696415903,1.7802942736095915e-10,1.7239020757464326e-20
2012-01-23,0,inflation_rates_shock,0.999755736013381,0.00024425095096328127,1.3036472300618693e-08,1.0308113126838296e-21
2012-01-24,0,inflation_rates_shock,0.9993594299373272,0.0006402973624731185,2.7269975192764237e-07,2.9073353396404943e-22
2012-01-25,0,inflation_rates_shock,0.9984807045851363,0.0013978764461715812,0.0001214189693396938,1.3711456654697445e-24
2012-01-26,0,inflation_rates_shock,0.9893380725903381,0.004908346130471952,0.005753581279968012,3.1735670931659698e-24
2012-01-27,0,inflation_rates_shock,0.9189456384667537,0.028944214155267878,0.05211014737876378,4.831730242792424e-25
2012-01-30,2,risk_on,0.5181002689160294,0.13286987048641524,0.34902986059711905,7.245237935157819e-26
2012-01-31,2,risk_on,0.26705120199134674,0.12666653583374965,0.6062822621751441,9.825408369143312e-28
2012-02-01,2,risk_on,0.015990947600492335,0.040223525064697355,0.9437855273345298,4.2724355391196884e-30
2012-02-02,2,risk_on,0.001041497087905738,0.005308323853620608,0.9936501790583976,6.712612549162035e-34
2012-02-03,2,risk_on,3.3460785560726535e-07,2.3763495808019843e-05,0.9999759018967402,9.123164498608022e-39
2012-02-06,2,risk_on,1.9657393815476344e-10,2.580016984642983e-06,0.9999974197868687,1.1675414535885187e-39
2012-02-07,2,risk_on,3.811327106674649e-10,5.078571861925188e-06,0.9999949210470562,1.091828052792102e-38
2012-02-08,2,risk_on,2.2202045444681806e-10,2.9601038715920926e-06,0.9999970396737061,4.942093525767546e-39
2012-02-09,2,risk_on,2.926097570843218e-10,2.2931787808320316e-06,0.9999977065280216,8.233987569965429e-41
2012-02-10,2,risk_on,3.1188884151932696e-11,6.719651613070741e-07,0.9999993280036945,4.406161910058814e-43
2012-02-13,2,risk_on,7.223769262831721e-12,4.949334699106052e-08,0.9999999504998426,8.705595972623146e-45
2012-02-14,2,risk_on,5.938082523011731e-12,2.2269164101650306e-06,0.9999977730774174,3.7408777473187784e-45
2012-02-15,2,risk_on,1.670635728862049e-12,1.7212534579408647e-07,0.9999998278726855,4.750196606854677e-46
2012-02-16,2,risk_on,1.8437119428008366e-12,2.0411427942222528e-07,0.9999997958839439,4.5912404992294136e-45
2012-02-17,2,risk_on,4.176430452910336e-11,2.3250073122317108e-07,0.9999997674567838,2.5861859439576983e-44
2012-02-21,2,risk_on,2.6924422354954916e-11,1.2232748801723522e-07,0.9999998776456852,1.1891910705619168e-43
2012-02-22,2,risk_on,5.881558557306003e-11,2.217835514780169e-07,0.999999778157896,5.5373263245591586e-43
2012-02-23,2,risk_on,1.0244326163368701e-10,1.7224075165880998e-07,0.9999998276562259,5.3488075575108784e-42
2012-02-24,2,risk_on,1.326772022591571e-10,6.14314037995568e-07,0.9999993855528442,2.656898791759065e-42
2012-02-27,2,risk_on,4.200471043387853e-10,1.3599659492705473e-06,0.9999986396133113,1.1829650756683723e-41
2012-02-28,2,risk_on,5.811026699929958e-10,2.1557649580222352e-07,0.9999997838422365,3.969144928202691e-42
2012-02-29,2,risk_on,4.6694582801375425e-11,5.17700033147091e-07,0.9999994822539041,4.542764517167631e-43
2012-03-01,2,risk_on,1.6029828980087872e-11,2.1664626932223859e-07,0.9999997833383766,8.413701402621191e-45
2012-03-02,2,risk_on,1.9145127519417995e-13,1.6990785857949786e-06,0.9999983009216403,7.287937536238827e-49
2012-03-05,2,risk_on,9.028390805459836e-14,1.3144269746107522e-05,0.9999868557306246,7.239581740660999e-46
2012-03-06,2,risk_on,3.635414793026903e-11,0.0005927229453628103,0.9994072770176528,1.9121499865294972e-44
2012-03-07,2,risk_on,1.4633926298521431e-12,6.763277912587492e-05,0.9999323672189372,1.1808223305136973e-46
2012-03-08,2,risk_on,6.888015290384337e-13,3.964895677135138e-06,0.9999960351039067,1.0106167790522792e-47
2012-03-09,2,risk_on,6.846453554054449e-13,3.4552900073145788e-06,0.9999965447100873,6.627919707812934e-48
2012-03-12,2,risk_on,6.9980937251897086e-12,1.2379378884461992e-05,0.9999876206150023,8.412075837874066e-47
2012-03-13,2,risk_on,6.802856284812502e-12,1.1516526752622254e-06,0.9999988483402641,8.415153250538186e-47
2012-03-14,2,risk_on,3.159325047393417e-13,1.5786650210651404e-07,0.9999998421335601,1.931368499951115e-46
2012-03-15,2,risk_on,6.969926095727218e-12,3.637054843766399e-08,0.9999999636220316,3.4141240084477093e-44
2012-03-16,2,risk_on,1.2294389312050596e-10,2.4809892893500513e-07,0.9999997517789178,1.134798201354207e-43
2012-03-19,2,risk_on,3.256728303384382e-11,4.1664632894907155e-08,0.9999999583033068,2.668921093116287e-44
2012-03-20,2,risk_on,1.508590283585275e-11,3.859061730456858e-08,0.9999999613937697,6.126909445569445e-43
2012-03-21,2,risk_on,1.4966185435004554e-10,3.007498789771924e-07,0.9999996991009992,5.554449446429755e-43
2012-03-22,2,risk_on,4.805547411776928e-12,1.664616880467448e-06,0.9999983353786986,5.5356132581931815e-45
2012-03-23,2,risk_on,5.528308883256305e-12,1.9952719568118295e-06,0.9999980047234099,2.58329609733539e-45
2012-03-26,2,risk_on,2.0842269788143925e-12,1.1500837865427983e-06,0.9999988499136881,1.4438205591476124e-45
2012-03-27,2,risk_on,1.889506352913616e-12,1.2917102148398904e-06,0.999998708287346,5.289215867221733e-47
2012-03-28,2,risk_on,1.0437941385281765e-12,2.2070050004930614e-06,0.9999977929934883,8.620621435583229e-46
2012-03-29,2,risk_on,1.516009941744002e-11,9.297564973536673e-06,0.9999907024207677,4.456056750545059e-45
2012-03-30,2,risk_on,3.0278472761114544e-12,9.415593328254526e-06,0.9999905844040204,4.775903329569818e-47
2012-04-02,2,risk_on,2.6407269813176623e-12,3.682644631604053e-06,0.9999963173535941,4.927402737056005e-50
2012-04-03,2,risk_on,1.0514534244860258e-13,8.445143548113417e-06,0.9999915548571235,3.3284588355971376e-52
2012-04-04,2,risk_on,1.9433041125280054e-12,0.0001069409883991529,0.9998930590096844,6.996993361518259e-50
2012-04-05,2,risk_on,1.1589370555372884e-13,0.0005973902193430884,0.9994026097813892,1.911735704516834e-49
2012-04-09,2,risk_on,2.4332117125471066e-12,0.010025464531249957,0.9899745354665275,2.2946765652049452e-45
2012-04-10,2,risk_on,1.2422377321735394e-10,0.02145851818055637,0.9785414816945682,7.198517093572975e-44
2012-04-11,2,risk_on,1.6759142170615906e-12,0.01826674669876581,0.9817332532997126,1.0492520330043941e-47
2012-04-12,2,risk_on,5.363141303094942e-14,0.01846170028236341,0.9815382997166876,4.077416110644056e-47
2012-04-13,2,risk_on,2.699171291606787e-11,0.03350732055433511,0.966492679417982,6.64877668696365e-45
2012-04-16,2,risk_on,5.5763931156134634e-12,0.03016250512847682,0.9698374948667664,2.8941033600250016e-47
2012-04-17,2,risk_on,3.048375147194651e-13,0.018967273608470434,0.981032726390352,4.3130366253100585e-49
2012-04-18,2,risk_on,2.0277216757356132e-13,0.017529104331271927,0.9824708956687676,1.5709008112238912e-50
2012-04-19,2,risk_on,3.7220092486980725e-14,0.014049686318031525,0.9859503136820628,1.3753922619410148e-49
2012-04-20,2,risk_on,1.7704856360396367e-14,0.007749626201068868,0.9922503737981928,7.435600135003997e-49
2012-04-23,2,risk_on,1.7269259439447233e-13,0.0057348502219612095,0.9942651497778607,4.1296484325442764e-48
2012-04-24,2,risk_on,1.7690857157796994e-14,0.001178316708594822,0.9988216832914489,6.606330385257579e-50
2012-04-25,2,risk_on,4.142352987652342e-16,0.0006261051373224009,0.9993738948619262,1.1847780800039625e-53
2012-04-26,2,risk_on,1.77229287537654e-16,0.001356872758360739,0.9986431272409085,7.679557555170127e-56
2012-04-27,2,risk_on,2.6930332954952946e-16,0.003136816915038368,0.9968631830846371,7.23617790215337e-56
2012-04-30,2,risk_on,1.0888030431507792e-16,0.012687733589949114,0.9873122664099763,3.0536547618531225e-55
2012-05-01,2,risk_on,5.43135930197933e-16,0.14787810303975682,0.8521218969603724,1.2303406994247752e-57
2012-05-02,2,risk_on,4.0948672420110235e-17,0.36393261048713343,0.636067389511985,3.6967817817920165e-57
2012-05-03,1,recovery_or_normalization,4.846388120127636e-16,0.6665871124372089,0.33341288756347354,6.2001539148549e-57
2012-05-04,1,recovery_or_normalization,1.3483042112168589e-17,0.8503325770432248,0.1496674229567133,1.328425580859446e-56
2012-05-07,1,recovery_or_normalization,2.7244182184592353e-17,0.9667091289291506,0.033290871071753256,1.6230798830878302e-56
2012-05-08,1,recovery_or_normalization,1.2549067284642526e-17,0.9985525148353477,0.0014474851639503757,5.051078329229665e-56
2012-05-09,1,recovery_or_normalization,1.1061868298498025e-17,0.9999930378441129,6.962155708046527e-06,5.245093149077343e-56
2012-05-10,1,recovery_or_normalization,2.7507008757806746e-18,0.9999964448260912,3.555174752893974e-06,4.998913537512845e-57
2012-05-11,1,recovery_or_normalization,2.0331630098951373e-18,0.9999897918872084,1.0208113668792645e-05,3.5846492168497787e-56
2012-05-14,1,recovery_or_normalization,1.6370958488864698e-17,0.9999998248622586,1.7513824001658682e-07,6.780894403300194e-54
2012-05-15,1,recovery_or_normalization,9.023026931731995e-17,0.9999999925403245,7.459055211026167e-09,5.805362163369356e-53
2012-05-16,1,recovery_or_normalization,4.786320936152385e-16,0.9999999993960955,6.046982559879037e-10,1.2897851958951134e-50
2012-05-17,1,recovery_or_normalization,1.649877993450541e-14,1.0,7.781802174652992e-14,2.242467652417673e-49
2012-05-18,1,recovery_or_normalization,5.918744348426544e-15,1.0,1.8194451992392246e-15,1.5051746340978567e-50
2012-05-21,1,recovery_or_normalization,1.8430015428645605e-15,0.999999999992724,7.887687449048087e-12,1.1110331673137077e-51
2012-05-22,1,recovery_or_normalization,2.977802516424248e-15,0.999999999996362,4.097275851042378e-12,1.322315425584117e-52
2012-05-23,1,recovery_or_normalization,3.233553022924425e-15,0.999999999998181,1.8643068250101826e-12,2.8555923302686815e-52
2012-05-24,1,recovery_or_normalization,3.2141349648014117e-15,1.0,3.1237886719677587e-13,4.068397121730409e-54
2012-05-25,1,recovery_or_normalization,1.0403999880359567e-15,1.0,4.658343456906319e-13,3.025005758970626e-55
2012-05-29,1,recovery_or_normalization,5.407540168960074e-17,0.9999999999436113,5.692604482469005e-11,7.22623770341243e-56
2012-05-30,1,recovery_or_normalization,1.03348972145472e-15,1.0,6.54872414395196e-15,8.385492345669323e-54
2012-05-31,1,recovery_or_normalization,1.5938358679534537e-15,1.0,1.1889244138440864e-17,3.812128298474865e-53
2012-06-01,1,recovery_or_normalization,7.138402677710524e-14,1.0,2.4243887410929164e-24,4.848595501066535e-46
2012-06-04,1,recovery_or_normalization,1.5196655034988225e-12,0.999999999998181,9.4506363983435e-25,1.2595969019023037e-44
2012-06-05,1,recovery_or_normalization,1.6182934796265805e-12,0.999999999998181,9.153770395581593e-22,6.527125724170145e-45
2012-06-06,1,recovery_or_normalization,6.032413521244997e-13,1.0,3.971054141650642e-16,2.457818302357659e-46
2012-06-07,1,recovery_or_normalization,6.896507781765079e-13,1.0,2.659041107332536e-16,5.455907334982922e-48
2012-06-08,1,recovery_or_normalization,1.0527062119770056e-13,1.0,2.999309325025452e-15,4.273415775368588e-50
2012-06-11,1,recovery_or_normalization,1.1043429460930672e-13,1.0,7.996055678585943e-17,4.239203457637558e-49
2012-06-12,1,recovery_or_normalization,5.867687754304729e-14,1.0,1.4612981062705948e-14,2.324110904582282e-50
2012-06-13,1,recovery_or_normalization,1.6473466678359773e-12,0.999999999998181,1.8795341745767383e-14,2.8270282437093405e-49
2012-06-14,1,recovery_or_normalization,3.209204526525783e-13,1.0,5.08226067650395e-13,3.0928199055613995e-50
2012-06-15,1,recovery_or_normalization,3.7442949031102326e-14,1.0,5.329628771047148e-13,1.7913151860781697e-52
2012-06-18,1,recovery_or_normalization,2.5150440175714467e-14,1.0,4.499046184740887e-16,2.334737382043578e-50
2012-06-19,1,recovery_or_normalization,3.6813953715248146e-14,1.0,5.770862157743438e-13,8.540018473097834e-52
2012-06-20,1,recovery_or_normalization,4.549088342235571e-15,0.9999999999708962,2.969617191455377e-11,2.8212086628128565e-51
2012-06-21,1,recovery_or_normalization,1.2595042982878812e-15,0.9999999999854481,1.4908816052421245e-11,1.17936646505942e-49
2012-06-22,1,recovery_or_normalization,1.3361236302072805e-15,0.9999999999854481,1.502374434353634e-11,1.3461634013842424e-49
2012-06-25,1,recovery_or_normalization,1.2899281119434766e-15,1.0,2.5522480849140914e-13,1.3659327244520508e-48
2012-06-26,1,recovery_or_normalization,5.260260663346902e-15,0.999999999998181,9.517959575782571e-13,2.6708345500345432e-48
2012-06-27,1,recovery_or_normalization,4.361506455971153e-15,0.9999999998817657,1.178811030083751e-10,1.4164135862389374e-50
2012-06-28,1,recovery_or_normalization,2.623028561536838e-15,0.9999999999381544,6.217907313097698e-11,2.5019633353494046e-52
2012-06-29,1,recovery_or_normalization,4.660828116116128e-17,0.9999999999745341,2.53981494600089e-11,4.004662116188409e-52
2012-07-02,1,recovery_or_normalization,3.371772381063544e-15,1.0,3.296281466836868e-14,8.332925295238464e-50
2012-07-03,1,recovery_or_normalization,7.472518379632916e-14,1.0,1.94883956522119e-13,3.858077697081823e-49
2012-07-05,1,recovery_or_normalization,6.40122764614783e-14,0.999999999998181,1.5119911333143053e-12,1.4258295907705102e-50
2012-07-06,1,recovery_or_normalization,2.00709734004705e-15,0.9999999995216058,4.775856644086107e-10,2.8196776691450206e-50
2012-07-09,1,recovery_or_normalization,3.4992281363671995e-15,0.9999999989104253,1.0895768626330951e-09,7.032669748428916e-50
2012-07-10,1,recovery_or_normalization,2.0051614325103643e-14,0.9999999974934326,2.5066684128661036e-09,1.570284021307215e-48
2012-07-11,1,recovery_or_normalization,3.7957061233157726e-14,0.9999999999818101,1.8059481701459765e-11,1.3544119933060003e-48
2012-07-12,1,recovery_or_normalization,1.135505253205102e-14,0.9999999999217835,7.812748879655807e-11,4.465965242069258e-49
2012-07-13,1,recovery_or_normalization,1.1465818285442673e-14,0.9999999997162377,2.845182226116874e-10,7.411000752795369e-50
2012-07-16,1,recovery_or_normalization,8.478314710517306e-14,0.9999999788233256,2.1175731412054782e-08,1.888692097818678e-50
2012-07-17,1,recovery_or_normalization,1.5184904082288082e-15,0.9999997196683064,2.8033093836110644e-07,8.3421760291488965e-53
2012-07-18,1,recovery_or_normalization,4.448444205423971e-15,0.999995832374724,4.1676246082413434e-06,2.7563342287806274e-51
2012-07-19,1,recovery_or_normalization,6.981176164022447e-15,0.9999959957320379,4.004267338679848e-06,1.6426704757446486e-50
2012-07-20,1,recovery_or_normalization,1.920771688277318e-13,0.9999972973546534,2.7026458781977288e-06,5.928051938854872e-46
2012-07-23,1,recovery_or_normalization,1.3502947260902425e-11,0.9999999186457023,8.134050938647921e-08,1.20216782219658e-43
2012-07-24,1,recovery_or_normalization,1.6822078239624543e-11,0.9999999946121534,5.370671958874562e-09,9.357656648007824e-43
2012-07-25,1,recovery_or_normalization,2.9870561209723925e-11,0.9999999986030161,1.366265833211308e-09,2.7938239195684164e-44
2012-07-26,1,recovery_or_normalization,1.6133174917423507e-12,0.999999873827627,1.2617074725529224e-07,3.5845304836020756e-45
2012-07-27,1,recovery_or_normalization,4.8673142972954165e-12,0.9999977860413262,2.2139535157626968e-06,2.3270445615972585e-47
2012-07-30,1,recovery_or_normalization,7.917607613714513e-12,0.9999980638058886,1.9361870018380014e-06,1.5763993437821203e-48
2012-07-31,1,recovery_or_normalization,9.449891816740825e-13,0.9999992013348226,7.986650473112452e-07,9.643408665427805e-50
2012-08-01,1,recovery_or_normalization,1.3248738710110235e-12,0.9999971089879135,2.8910107356580608e-06,3.5290255742750297e-50
2012-08-02,1,recovery_or_normalization,3.4332966657548744e-13,0.9999962550643523,3.744935972792251e-06,7.757226577783416e-48
2012-08-03,1,recovery_or_normalization,2.3813335370100295e-12,0.9990254272481253,0.0009745727495189324,2.2060027013649556e-48
2012-08-06,1,recovery_or_normalization,7.424525238875193e-11,0.9873426506130074,0.012657349313435302,1.6118862961411068e-46
2012-08-07,1,recovery_or_normalization,1.1192544758586073e-09,0.849769448386521,0.15023055049423584,1.9071050175451215e-47
2012-08-08,2,risk_on,4.4713364258035566e-10,0.5036194031491724,0.49638059640416554,6.690391983776281e-46
2012-08-09,2,risk_on,5.469616407159622e-10,0.29789670407889673,0.7021032953733214,2.9397361863606205e-45
2012-08-10,2,risk_on,4.5369180725566165e-10,0.14020811940784295,0.8597918801383853,1.0713682773251457e-46
2012-08-13,2,risk_on,1.0713797093579399e-11,0.03815292304709321,0.9618470769430273,2.5743406731382103e-47
2012-08-14,2,risk_on,2.418696133333694e-12,0.002058816311247427,0.9979411836855778,2.827381026907112e-48
2012-08-15,2,risk_on,1.546612531593542e-13,5.040064985647516e-05,0.9999495993493389,2.2712455584798958e-49
2012-08-16,2,risk_on,5.520331974823588e-14,1.4206346907019742e-06,0.9999985793648279,1.955431470109048e-48
2012-08-17,2,risk_on,4.9494592355274956e-14,2.3269400318594303e-06,0.9999976730605128,6.462182626289492e-47
2012-08-20,2,risk_on,6.878360849881191e-14,6.632994295627089e-07,0.999999336700277,5.372791712079177e-47
2012-08-21,2,risk_on,1.472790067041343e-13,6.794864989914088e-07,0.9999993205131011,7.839458081638498e-47
2012-08-22,2,risk_on,5.740157352005582e-13,1.1969958951355062e-06,0.9999988030038255,3.1132018200575425e-46
2012-08-23,2,risk_on,1.8332974071860762e-12,3.2790243156573912e-06,0.9999967209732049,9.222809700043488e-46
2012-08-24,2,risk_on,2.4213581535513765e-13,5.397102931931059e-07,0.9999994602896187,3.1543288029898716e-47
2012-08-27,2,risk_on,5.436383080989932e-13,2.010542580287488e-05,0.9999798945739073,3.815557238738541e-47
2012-08-28,2,risk_on,1.6020145883967094e-12,4.8713378536828935e-06,0.9999951286600169,5.43559946764819e-48
2012-08-29,2,risk_on,6.052278947186755e-13,2.11142654447136e-06,0.9999978885720802,5.244595492528627e-48
2012-08-30,2,risk_on,4.279677610560154e-13,3.0193232155677743e-06,0.9999969806767801,2.8326718622329313e-47
2012-08-31,2,risk_on,2.298679127905089e-13,2.5954225433939147e-07,0.9999997404575306,3.547977832018252e-47
2012-09-04,2,risk_on,5.75475233719894e-13,1.671695247055186e-05,0.9999832830468536,3.467545628897811e-48
2012-09-05,2,risk_on,4.1658977237631976e-14,3.316816485410631e-05,0.9999668318349129,3.6300676251860035e-51
2012-09-06,2,risk_on,1.4927889718026343e-14,5.044637991210953e-06,0.9999949553621177,4.1507454887443606e-50
2012-09-07,2,risk_on,1.4648356127939975e-14,2.327822653585659e-06,0.999997672176486,2.8618805367213136e-49
2012-09-10,2,risk_on,6.729904524084257e-14,6.812315010441547e-07,0.9999993187686915,3.748371005289848e-49
2012-09-11,2,risk_on,5.174584532603513e-14,1.8653846848959356e-06,0.9999981346153736,1.9094838203540393e-49
2012-09-12,2,risk_on,5.793403276602442e-14,7.428090107493632e-07,0.9999992571904871,5.0868355656971026e-49
2012-09-13,2,risk_on,4.841825801607912e-14,2.3775150195761846e-07,0.9999997622490183,3.1008342398284334e-46
2012-09-14,2,risk_on,7.708972300190065e-12,1.4588479622194409e-06,0.9999985411442777,2.967672627654656e-45
2012-09-17,2,risk_on,2.9544949896326295e-12,1.2230032339598088e-06,0.9999987769941274,2.8465584104253094e-46
2012-09-18,2,risk_on,4.050887512241926e-13,2.671525206954352e-06,0.9999973284738404,3.686615321554526e-46
2012-09-19,2,risk_on,2.103693113949708e-13,3.53915457973636e-06,0.999996460845874,2.1069179360081364e-44
2012-09-20,2,risk_on,1.2157901008739213e-11,1.6465608610569973e-06,0.9999983534266816,5.460634354625274e-44
2012-09-21,2,risk_on,5.210312251904975e-13,1.802286075956019e-06,0.9999981977141813,9.396575898716338e-45
2012-09-24,2,risk_on,1.5924409003629781e-12,6.9155837579942995e-06,0.9999930844153754,1.8305089139174063e-41
2012-09-25,2,risk_on,1.1870797767577038e-10,0.0007481742074993168,0.9992518256745312,3.3503587387946085e-38
2012-09-26,2,risk_on,5.500155316885059e-10,0.003254358839944709,0.9967456406094546,1.356682684249101e-39
2012-09-27,2,risk_on,1.1632135873759233e-11,0.004623176266705529,0.9953768237212147,3.053758413434092e-42
2012-09-28,2,risk_on,3.884987439451353e-12,0.0750107240263499,0.9249892759697957,8.844889590886326e-44
2012-10-01,1,recovery_or_normalization,6.786219215743047e-11,0.3066605903751671,0.6933394095572166,2.5563439013550676e-43
2012-10-02,1,recovery_or_normalization,4.542246197097836e-11,0.5129821277170217,0.4870178722379152,2.4618950558106906e-44
2012-10-03,1,recovery_or_normalization,2.9833597085769005e-11,0.6494629956565935,0.35053700431369456,1.2847064732107265e-43
2012-10-04,1,recovery_or_normalization,7.249156599210837e-11,0.7864717581210576,0.21352824180674443,2.0799738129002369e-44
2012-10-05,1,recovery_or_normalization,5.524760490619977e-12,0.9881241823150752,0.011875817678650601,5.0969460357136896e-45
2012-10-08,1,recovery_or_normalization,1.1138923543247402e-11,0.99823046846527,0.0017695315235818178,3.742631547969393e-45
2012-10-09,1,recovery_or_normalization,1.984844092032851e-12,0.9999955025751841,4.497422680319344e-06,5.902538320774825e-44
2012-10-10,1,recovery_or_normalization,1.1004139340333179e-11,0.999999996747647,3.240487539268612e-09,1.1126730247990204e-42
2012-10-11,1,recovery_or_normalization,6.89108300980594e-13,0.9999999995325197,4.662432073412305e-10,2.7204533207478564e-44
2012-10-12,1,recovery_or_normalization,1.1432174150447796e-13,0.9999999999618012,3.798184049123822e-11,5.3884003201802475e-45
2012-10-15,1,recovery_or_normalization,5.938381489342104e-14,0.9999999998053681,1.9421238298653524e-10,9.638727781662299e-46
2012-10-16,1,recovery_or_normalization,2.1997677494228144e-14,0.9999999997107807,2.890746302806809e-10,2.121050792212847e-45
2012-10-17,1,recovery_or_normalization,2.7494396470989506e-14,0.9999999236224568,7.637822328201086e-08,8.228959490174613e-46
2012-10-18,1,recovery_or_normalization,6.577185062864082e-14,0.9999999749070415,2.5093121952010982e-08,1.4830504129765525e-43
2012-10-19,1,recovery_or_normalization,3.884005645160212e-13,0.9999999702231439,2.977573689716917e-08,8.368676741238882e-40
2012-10-22,1,recovery_or_normalization,1.0928509261781369e-12,0.9999999707833926,2.9215214900632837e-08,2.585281624110048e-38
2012-10-23,1,recovery_or_normalization,1.5190948999960137e-11,0.9999968452206954,3.1547645826551875e-06,8.751172209154622e-38
2012-10-24,1,recovery_or_normalization,3.234933203315562e-12,0.9999984395465968,1.5604502090490649e-06,6.830764632166241e-38
2012-10-25,1,recovery_or_normalization,1.9812752554229916e-12,0.9999624269131618,3.7573084051062674e-05,2.6217064100747266e-41
2012-10-26,1,recovery_or_normalization,2.3254636284762833e-13,0.9999864311896253,1.3568809477352567e-05,6.56896281903665e-43
2012-10-31,1,recovery_or_normalization,2.0992435330019918e-13,0.9999997883351395,2.1166380433102067e-07,8.066755818095869e-43
2012-11-01,1,recovery_or_normalization,1.1990049772286097e-13,0.9999949260419758,5.0739577949100455e-06,9.95160280950928e-44
2012-11-02,1,recovery_or_normalization,8.904176480288106e-14,0.999996602337293,3.3976630977891268e-06,5.727171327658812e-43
2012-11-05,1,recovery_or_normalization,1.6656735739090348e-14,0.9999997948143784,2.051847488575911e-07,5.768622980563984e-46
2012-11-06,1,recovery_or_normalization,2.3445815711215342e-14,0.9999950193865857,4.9806142315620105e-06,5.974215555431474e-46
2012-11-07,1,recovery_or_normalization,7.636311329084017e-14,0.9999996169081721,3.830924178066532e-07,1.2722207849151959e-43
2012-11-08,1,recovery_or_normalization,3.8853040483712266e-15,0.9999999625833886,3.741598636074388e-08,6.756501660439836e-40
2012-11-09,1,recovery_or_normalization,6.54738473255365e-14,0.9999995619819906,4.3801744210431246e-07,1.8980943825963643e-40
2012-11-12,1,recovery_or_normalization,4.9456130997846694e-14,0.9999989709272833,1.029072528782946e-06,3.00271204827708e-39
2012-11-13,1,recovery_or_normalization,5.755683519017019e-14,0.9999996074621638,3.925384211599005e-07,2.5800239596172233e-38
2012-11-14,1,recovery_or_normalization,1.7676337211758498e-13,0.999999997593477,2.4069737848531116e-09,3.317032841162749e-37
2012-11-15,1,recovery_or_normalization,3.3393694263278996e-14,0.9999999942374416,5.762768363032608e-09,3.24731176959125e-38
2012-11-16,1,recovery_or_normalization,1.4925733505980245e-15,0.9999999989850039,1.015043826420753e-09,4.703682909779176e-41
2012-11-19,1,recovery_or_normalization,1.2148297451557574e-16,0.9999988882779502,1.1117223600262632e-06,1.8445836258692575e-42
2012-11-20,1,recovery_or_normalization,1.4189723566590855e-15,0.9999975608782466,2.439122012172636e-06,4.777931867125567e-40
2012-11-21,1,recovery_or_normalization,3.74098025126285e-14,0.999996064937034,3.935062885559424e-06,2.0240452539451307e-38
2012-11-23,1,recovery_or_normalization,1.9400452492738851e-13,0.9999562065699028,4.379343005836603e-05,3.411358844490208e-39
2012-11-26,1,recovery_or_normalization,2.4751051974903907e-13,0.9998061199691611,0.00019388003029370085,2.6351725100145316e-39
2012-11-27,1,recovery_or_normalization,6.177420663300256e-14,0.9999533505437287,4.6649456709335925e-05,2.0467669014073896e-39
2012-11-28,1,recovery_or_normalization,1.1884398472435406e-13,0.9992531508937954,0.0007468491052693757,5.68208928910393e-41
2012-11-29,1,recovery_or_normalization,2.0492475725401566e-14,0.9979620292882154,0.0020379707119475413,2.1160656772568313e-41
2012-11-30,1,recovery_or_normalization,6.321131733470285e-14,0.9981384651409688,0.0018615348589697148,1.2854860101819136e-41
2012-12-03,1,recovery_or_normalization,1.741957188745787e-14,0.9994776842115322,0.0005223157886830431,1.0202852932752716e-40
2012-12-04,1,recovery_or_normalization,1.3523884423179282e-13,0.9999757673784486,2.423262080669545e-05,2.754950033105154e-40
2012-12-05,1,recovery_or_normalization,1.9993618033814535e-13,0.9999995115305239,4.884695353313695e-07,1.6522843284885833e-40
2012-12-06,1,recovery_or_normalization,5.717096569343392e-14,0.9999975688981514,2.4311026544341675e-06,1.7708919665098746e-41
2012-12-07,1,recovery_or_normalization,4.6572470927896625e-14,0.9999974786619485,2.5213388426887657e-06,3.524109109452277e-43
2012-12-10,1,recovery_or_normalization,7.459017190730828e-14,0.9999957071214625,4.292878922908906e-06,2.3207915099084923e-42
2012-12-11,1,recovery_or_normalization,7.756775747113965e-14,0.9999681896554726,3.1810343906893925e-05,1.5007011328871192e-42
2012-12-12,1,recovery_or_normalization,1.5867783601729508e-13,0.9999663031633181,3.369683738978999e-05,3.6400817580725424e-42
2012-12-13,1,recovery_or_normalization,7.627540390094102e-14,0.9999742415464135,2.5758453328079437e-05,2.792597481484945e-41
2012-12-14,1,recovery_or_normalization,1.3292517423730776e-13,0.9999986815518748,1.318448571914217e-06,1.2354878345939231e-39
2012-12-17,1,recovery_or_normalization,7.264512999513859e-12,0.9998883156202603,0.00011168437220699738,9.5158490660656e-38
2012-12-18,1,recovery_or_normalization,5.263296852251943e-10,0.9860640934090004,0.013935906065049082,2.5690484937633675e-39
2012-12-19,2,risk_on,3.105316614935801e-11,0.10470162806968078,0.8952983718999509,1.7334378230048953e-40
2012-12-20,2,risk_on,1.864799724591066e-11,0.04607485603020703,0.9539251439517765,2.8283898347857027e-42
2012-12-21,2,risk_on,2.6738279233621474e-12,0.006813301442103559,0.993186698555703,4.807888506013294e-43
2012-12-24,2,risk_on,2.1313071345341272e-14,8.547756271150495e-05,0.9999145224364587,2.948282104451453e-44
2012-12-26,2,risk_on,2.9508847485501564e-14,1.3788655339794393e-05,0.9999862113441162,2.2698766276700277e-43
2012-12-27,2,risk_on,2.397355591235253e-14,2.7349214860967314e-05,0.9999726507860156,7.670894546740372e-41
2012-12-28,2,risk_on,2.1283093393491092e-12,0.0001819709786456559,0.9998180290190374,3.186868098419753e-42
2012-12-31,2,risk_on,5.148651510083999e-16,2.2487362781137466e-06,0.9999977512641454,2.675347285353641e-46
2013-01-02,2,risk_on,2.4262303379312006e-16,1.5392896495630186e-06,0.9999984607105058,7.204360338311155e-46
2013-01-03,2,risk_on,3.0217460667865483e-16,2.5188049506704064e-07,0.9999997481191121,1.510297568891213e-45
2013-01-04,2,risk_on,2.8671141056899376e-16,2.785897857488361e-07,0.9999997214108978,2.1968658196302403e-45
2013-01-07,2,risk_on,1.1225846056262825e-16,6.375874349899219e-07,0.9999993624116755,1.2517147483983644e-45
2013-01-08,2,risk_on,5.375044217405848e-17,4.338505760351937e-07,0.9999995661492935,1.3551393015966757e-45
2013-01-09,2,risk_on,1.0224464631528803e-16,1.0728695551218793e-06,0.9999989271297025,1.0285555814399207e-45
2013-01-10,2,risk_on,1.6682343616789463e-16,6.150488763848091e-07,0.9999993849507591,7.047168499562063e-46
2013-01-11,2,risk_on,3.0963442026791474e-17,8.10448811262055e-07,0.9999991895514186,4.6570880240972506e-46
2013-01-14,2,risk_on,4.421487626194988e-17,7.553417156502362e-07,0.9999992446576594,1.718735083580542e-46
2013-01-15,2,risk_on,6.934643916517954e-17,1.0164106180489427e-06,0.9999989835892557,2.5094499116217724e-46
2013-01-16,2,risk_on,4.651521714646439e-17,2.554688143662242e-07,0.9999997445320659,1.795872418189226e-46
2013-01-17,2,risk_on,4.041738038741498e-17,2.7158764272645355e-07,0.999999728412186,2.8952460276264276e-48
2013-01-18,2,risk_on,4.049144547640207e-18,1.7603888543711543e-06,0.9999982396108896,4.8643015477987947e-48
2013-01-22,2,risk_on,3.675030083383653e-17,1.4607455472861802e-06,0.9999985392543504,1.8025761229563066e-47
2013-01-23,2,risk_on,4.009806621967648e-17,1.140285817787822e-06,0.9999988597143918,1.8479249023481166e-46
2013-01-24,2,risk_on,2.002368995320095e-16,3.537655559764204e-07,0.9999996462339085,4.0884063504738163e-44
2013-01-25,2,risk_on,4.73792921004234e-15,4.7553529326328977e-07,0.9999995244653512,1.2915640951443434e-42
2013-01-28,2,risk_on,5.027884530201792e-15,2.2822027397571152e-07,0.9999997717805206,4.980438755066952e-43
2013-01-29,2,risk_on,1.8794164356734904e-14,8.959156604203483e-08,0.9999999104093189,2.9177077224860468e-40
2013-01-30,2,risk_on,1.1344285069166023e-13,1.2289138552134537e-07,0.9999998771090834,3.095688139535396e-41
2013-01-31,2,risk_on,2.7359804345866674e-14,5.922264727155085e-08,0.9999999407773448,5.0892469627876156e-42
2013-02-01,2,risk_on,4.035146191590835e-15,2.0035793908324806e-08,0.9999999799638319,4.483907926067698e-43
2013-02-04,2,risk_on,3.353599799593977e-14,2.069360259461908e-07,0.9999997930645109,1.1246975865094194e-41
2013-02-05,2,risk_on,1.5306436178536336e-14,2.0983512452354694e-08,0.9999999790161385,3.069071344306575e-42
2013-02-06,2,risk_on,3.1850917433480895e-14,6.981726056940653e-08,0.9999999301835512,9.249160125757397e-42
2013-02-07,2,risk_on,1.6562011490751062e-14,4.873154673637757e-08,0.9999999512692751,1.878433679612637e-42
2013-02-08,2,risk_on,6.7440108428736976e-15,5.941658339065503e-08,0.9999999405827129,4.869866639534284e-43
2013-02-11,2,risk_on,6.567977679763795e-15,6.841897802569151e-08,0.9999999315805349,4.0872551454556683e-44
2013-02-12,2,risk_on,3.032118356552738e-15,1.9614747953607916e-08,0.9999999803858375,1.939789708546923e-44
2013-02-13,2,risk_on,1.8974549882212366e-15,9.764067711611001e-09,0.9999999902356649,4.1681063760954595e-45
2013-02-14,2,risk_on,8.284731187227686e-16,1.371896697817043e-08,0.9999999862811819,1.6560065817899532e-45
2013-02-15,2,risk_on,5.37408956426715e-16,6.1005749419429015e-09,0.9999999938991095,1.0821268191501216e-44
2013-02-19,2,risk_on,6.915460480794001e-16,6.820708365577537e-09,0.9999999931787897,8.599371746016602e-44
2013-02-20,2,risk_on,1.1562396998335216e-15,3.1439895275625835e-09,0.9999999968567863,1.6625146391795897e-42
2013-02-21,2,risk_on,8.64031291239893e-16,6.9994172771660715e-09,0.9999999930005288,3.1844941516366134e-44
2013-02-22,2,risk_on,8.637574913163155e-17,5.740912488907907e-09,0.9999999942592694,1.1541456725841353e-43
2013-02-25,2,risk_on,1.817241906564241e-14,1.9182913451945574e-07,0.9999998081712149,7.995515134486269e-41
2013-02-26,2,risk_on,3.1727958393550196e-15,1.6201798673943725e-07,0.9999998379826269,2.369483901552614e-43
2013-02-27,2,risk_on,4.727205726942672e-16,8.17649752567089e-08,0.9999999182346107,8.581067085321551e-45
2013-02-28,2,risk_on,4.066606355316767e-16,1.0164536916332235e-07,0.9999998983548773,4.631553805197455e-46
2013-03-01,2,risk_on,2.7939240945496454e-17,1.3148941733825686e-07,0.9999998685107216,4.279493588800683e-48
2013-03-04,2,risk_on,1.6593340457641472e-17,4.17442310156034e-08,0.9999999582560131,1.203699903858059e-47
2013-03-05,2,risk_on,1.6672440345483642e-17,1.5129508655088244e-07,0.9999998487055678,4.101847905332422e-47
2013-03-06,2,risk_on,5.245633157301113e-17,2.5522986000064287e-08,0.99999997447776,6.995742733177835e-47
2013-03-07,2,risk_on,3.002137551267345e-17,2.754523208640094e-08,0.9999999724550438,4.015445459341317e-47
2013-03-08,2,risk_on,3.341430896805048e-17,1.9708279075621262e-08,0.99999998029125,1.6006952587427913e-45
2013-03-11,2,risk_on,5.929036430940842e-17,3.630040138955227e-08,0.9999999637002481,4.2978041236786585e-45
2013-03-12,2,risk_on,1.8576364064448464e-17,3.138718660197916e-08,0.9999999686133383,1.755813998322772e-45
2013-03-13,2,risk_on,2.3845712323059695e-17,2.6550496694654214e-08,0.999999973450031,8.720715861861792e-46
2013-03-14,2,risk_on,3.954002464589756e-18,1.9854369502582763e-08,0.9999999801457309,5.7515257854730845e-46
2013-03-15,2,risk_on,3.646400740593321e-18,1.757042366177667e-08,0.9999999824303815,3.009339052251738e-45
2013-03-18,2,risk_on,2.1150454649585136e-17,1.8742749696221852e-08,0.9999999812571334,1.9495187729857615e-44
2013-03-19,2,risk_on,7.909419448593553e-17,3.079397301809986e-08,0.9999999692063288,8.909767903914576e-46
2013-03-20,2,risk_on,1.9506169410466246e-18,2.4352803169660186e-08,0.9999999756473702,5.911993997266156e-47
2013-03-21,2,risk_on,9.086392459436302e-18,8.735435989815216e-08,0.9999999126448567,8.428095283849462e-47
2013-03-22,2,risk_on,1.246722784692738e-17,3.0446298340781494e-08,0.9999999695537558,2.7951970575902494e-48
2013-03-25,2,risk_on,2.546752262380789e-18,2.6477142527681527e-08,0.9999999735227906,1.0450830488972899e-47
2013-03-26,2,risk_on,1.8917165155882495e-17,5.1431270565240715e-08,0.999999948568076,3.212753740271429e-48
2013-03-27,2,risk_on,7.550334831776559e-18,5.7984607076986126e-08,0.9999999420160764,2.746752117563892e-49
2013-03-28,2,risk_on,7.651362589475244e-19,7.679870240576021e-09,0.9999999923202267,2.5878437791226923e-50
2013-04-01,2,risk_on,4.442247060401909e-19,1.5387640590816052e-08,0.9999999846131687,4.1733893467828115e-49
2013-04-02,2,risk_on,5.347148404049457e-19,7.216365816267121e-09,0.999999992784069,1.8428712170422793e-50
2013-04-03,2,risk_on,3.353413213989669e-20,2.6918745060449928e-08,0.9999999730807761,2.015299003934478e-52
2013-04-04,2,risk_on,7.342050028095866e-22,6.598426779815182e-07,0.9999993401581736,2.332252139733821e-55
2013-04-05,2,risk_on,3.724869863645295e-20,6.848434041751357e-06,0.999993151566545,1.4949454548592793e-52
2013-04-08,2,risk_on,2.87740393344825e-20,5.412062581387637e-06,0.9999945879372741,1.9490764949297884e-52
2013-04-09,2,risk_on,1.8988324308928796e-19,2.5492745187663782e-05,0.9999745072539385,1.8061373159356577e-51
2013-04-10,2,risk_on,3.4848876707625065e-19,4.817004890009278e-07,0.9999995182989802,3.655278189908517e-50
2013-04-11,2,risk_on,1.3595035507531848e-19,2.0308442149444954e-07,0.9999997969153107,1.316128195614036e-50
2013-04-12,2,risk_on,1.2222763264551346e-19,2.5639408550886244e-06,0.9999974360595061,9.371120656381119e-47
2013-04-15,2,risk_on,9.410318093448733e-17,0.0004475608763581652,0.9995524391241462,1.1720163040736185e-45
2013-04-16,2,risk_on,2.937718034011915e-19,0.000218696813992559,0.9997813031856989,4.4788437284695477e-45
2013-04-17,2,risk_on,2.23426382350082e-17,0.000996930464215324,0.9990030695366053,5.24746341175743e-41
2013-04-18,2,risk_on,1.394426789224468e-15,0.0014988807585239116,0.9985011192410774,3.063264472215171e-42
2013-04-19,2,risk_on,1.066327463117265e-18,0.001122355155051313,0.9988776448441143,2.441618811010704e-45
2013-04-22,2,risk_on,1.322224465340493e-19,0.00013385871402896046,0.9998661412860104,4.697443350844178e-47
2013-04-23,2,risk_on,3.4732041769417976e-20,4.3836067457931444e-05,0.9999561639328404,8.423344430021965e-49
2013-04-24,2,risk_on,1.476155903397351e-20,3.0470679526989482e-05,0.999969529321277,7.873228180760005e-50
2013-04-25,2,risk_on,3.366643780915055e-21,2.2142392880402357e-05,0.9999778576071015,3.8200778254349166e-51
2013-04-26,2,risk_on,2.521106299533192e-21,5.471661662631953e-05,0.9999452833835479,3.6219937759782204e-51
2013-04-29,2,risk_on,4.308947826418145e-21,0.00019423172314026333,0.9998057682776134,9.599405274462362e-52
2013-04-30,2,risk_on,2.6257962242205776e-21,2.513198424338144e-05,0.9999748680158889,1.1108040921112524e-50
2013-05-01,2,risk_on,2.2265163204125604e-20,6.48238986062251e-05,0.9999351761018711,6.678001272317189e-48
2013-05-02,2,risk_on,7.974824861288215e-20,3.5646941107234044e-05,0.9999643530596529,1.130644442787035e-47
2013-05-03,2,risk_on,1.6240046360058808e-19,5.857215596881765e-06,0.9999941427839627,4.938777803486375e-44
2013-05-06,2,risk_on,1.4676976292270453e-17,1.0058281924144727e-06,0.9999989941721252,6.221704497475743e-42
2013-05-07,2,risk_on,7.389823269659052e-18,9.785379123913484e-07,0.9999990214623962,8.122318702316635e-43
2013-05-08,2,risk_on,5.998375543393485e-18,1.2039878896320001e-06,0.9999987960116385,1.2987855708495885e-43
2013-05-09,2,risk_on,8.583206261046563e-20,3.0882638767984264e-07,0.9999996911738458,8.576742396620606e-47
2013-05-10,2,risk_on,3.6878589786090957e-20,1.2162662762607962e-07,0.999999878373281,6.310049559923888e-47
2013-05-13,2,risk_on,1.8832599385982563e-19,2.1836281907207698e-08,0.9999999781630324,1.2930308897914551e-42
2013-05-14,2,risk_on,2.9046860301348684e-16,6.4379453109339614e-09,0.9999999935625965,1.3364377483489335e-41
2013-05-15,2,risk_on,1.275264212246537e-17,2.5136358993240284e-09,0.9999999974861566,1.4439764833615233e-40
2013-05-16,2,risk_on,2.5543681340551307e-16,8.703849771555464e-09,0.9999999912961357,1.496652439794427e-38
2013-05-17,2,risk_on,7.048690881466683e-16,6.4027483169596646e-09,0.9999999935971573,1.9659208935250018e-37
2013-05-20,2,risk_on,1.576081977462038e-15,9.633544508563706e-09,0.9999999903666321,1.4591790018507562e-37
2013-05-21,2,risk_on,1.2061458156262803e-15,6.4848882293114856e-09,0.9999999935153028,8.452548009878054e-37
2013-05-22,2,risk_on,3.117017569977015e-15,4.891998620020855e-09,0.9999999951087375,9.98555653363913e-38
2013-05-23,2,risk_on,7.267264512842313e-16,2.769000366381063e-09,0.9999999972314981,4.9031815740274e-38
2013-05-24,2,risk_on,4.3964690309459757e-16,6.340468002656934e-09,0.9999999936590029,5.768859846153967e-38
2013-05-28,2,risk_on,5.223633124137647e-15,1.599429482559515e-09,0.9999999984011083,1.871560524722076e-39
2013-05-29,2,risk_on,6.860348670021451e-16,7.437133642053858e-10,0.9999999992560333,6.200697675242023e-40
2013-05-30,2,risk_on,2.5370532313737983e-16,5.88901297852846e-10,0.9999999994106474,1.1824779042705184e-38
2013-05-31,2,risk_on,5.8499136950072454e-15,1.1711357294395528e-09,0.9999999988285708,3.6497629124309677e-38
2013-06-03,2,risk_on,2.9274055464442663e-15,1.6011569316751547e-09,0.9999999983992893,6.87503702491519e-42
2013-06-04,2,risk_on,4.964813168640442e-16,7.104583120749749e-09,0.9999999928950274,1.6387289225671368e-42
2013-06-05,2,risk_on,7.385337724760048e-14,3.749893463182549e-07,0.9999996250099478,1.2472301384502955e-41
2013-06-06,2,risk_on,2.9305911038366996e-17,1.3766747433480493e-08,0.9999999862338882,2.541626830989444e-44
2013-06-07,2,risk_on,3.42932034190175e-17,6.565318772796315e-10,0.9999999993433448,3.0304609650217735e-45
2013-06-10,2,risk_on,4.5764026010223034e-17,3.7138984649422596e-10,0.9999999996289262,7.606343557124174e-44
2013-06-11,2,risk_on,3.9180407588388436e-16,3.3395821280162587e-09,0.9999999966603355,2.0908727094279644e-41
2013-06-12,2,risk_on,8.01708403834332e-16,4.156683125541175e-09,0.9999999958436092,3.253187338695819e-45
2013-06-13,2,risk_on,1.1732584755935592e-18,1.453491732113104e-07,0.9999998546500243,5.956871461289688e-54
2013-06-14,2,risk_on,7.584809999662579e-21,1.3415630330359456e-08,0.9999999865849531,9.483652420208389e-56
2013-06-17,2,risk_on,9.068292218531923e-20,6.307213551767623e-09,0.9999999936935637,8.099349284257702e-55
2013-06-18,2,risk_on,1.5038079230521835e-19,5.557625950421111e-08,0.9999999444244183,6.772429595980303e-56
2013-06-19,2,risk_on,9.152219830806219e-18,5.5371582256418506e-08,0.9999999446281451,2.760915348794775e-57
2013-06-20,2,risk_on,1.2792040174840083e-18,8.425097074369574e-08,0.9999999157498713,2.1235437610756013e-56
2013-06-21,2,risk_on,5.304531171277652e-15,1.7766605244269673e-06,0.9999982233400582,4.784748010006257e-50
2013-06-24,2,risk_on,4.671916182907602e-11,1.6898147810993767e-05,0.9999831018057957,2.3670266053666274e-46
2013-06-25,2,risk_on,2.455841649428659e-12,3.5864030868568865e-06,0.9999964135941547,1.0767398118227692e-48
2013-06-26,2,risk_on,2.4452147142399924e-14,4.812096296913935e-05,0.9999518790364803,1.1955411289181461e-55
2013-06-27,2,risk_on,1.0433426426993691e-16,7.655959007602133e-05,0.9999234404099181,1.3840453861150538e-58
2013-06-28,2,risk_on,9.247034014140296e-15,5.5264935789679854e-05,0.9999447350647945,7.785231160742323e-60
2013-07-01,2,risk_on,3.8447566051548834e-16,3.833554479095055e-05,0.9999616644544853,5.980589854786542e-64
2013-07-02,2,risk_on,4.827282804547484e-18,2.897745411588018e-06,0.9999971022540342,1.1408455536560575e-64
2013-07-03,2,risk_on,2.3601802187549846e-16,4.698174354496279e-06,0.9999953018251606,6.060890334204226e-62
2013-07-05,2,risk_on,1.4421085069139583e-15,7.178353846343922e-07,0.9999992821651934,4.9744325280762954e-61
2013-07-08,2,risk_on,6.277851294691515e-17,1.202904636111948e-06,0.999998797095755,4.528564024980317e-66
2013-07-09,2,risk_on,8.620566537557153e-18,9.908797723716452e-07,0.9999990091205653,2.0743917220377734e-70
2013-07-10,2,risk_on,1.5287152383902745e-19,2.9498463444291907e-07,0.999999705014532,2.245332056536376e-76
2013-07-11,2,risk_on,3.542451643868477e-21,1.6776159987288736e-06,0.9999983223838601,3.447706808481368e-78
2013-07-12,2,risk_on,1.187172934964594e-20,6.923783907706659e-07,0.9999993076219321,2.9223153506046786e-82
2013-07-15,2,risk_on,6.772871104009399e-23,5.926817274910035e-08,0.99999994073187,1.9878909637620456e-86
2013-07-16,2,risk_on,3.023064600367607e-22,5.629843599036219e-08,0.9999999437022795,3.879246916927932e-90
2013-07-17,2,risk_on,4.211558821195116e-24,2.0247047469630606e-08,0.9999999797528292,1.9936666524647687e-93
2013-07-18,2,risk_on,1.5532768519562505e-24,1.2478601257987799e-08,0.9999999875217327,1.0098042298433383e-91
2013-07-19,2,risk_on,3.618194028082696e-23,3.613072510049264e-09,0.999999996387487,1.5389701576803245e-87
2013-07-22,2,risk_on,7.193252081979169e-21,7.581357659270164e-10,0.9999999992414814,8.485734824430563e-88
2013-07-23,2,risk_on,1.1377125694452214e-19,3.151465837205255e-10,0.9999999996853148,9.42307630585283e-87
2013-07-24,2,risk_on,5.898592019237441e-19,8.447900284883069e-10,0.9999999991559889,6.510252705751851e-89
2013-07-25,2,risk_on,8.196020869356813e-21,1.4070066921850093e-10,0.9999999998599378,1.499329151258245e-93
2013-07-26,2,risk_on,2.3641043152117414e-21,1.5838706011290927e-10,0.9999999998417479,3.755175751157094e-96
2013-07-29,2,risk_on,2.8142693260093627e-22,2.5547761471947983e-09,0.9999999974443199,2.3164005428664917e-96
2013-07-30,2,risk_on,7.088803872802079e-22,4.3739155373823237e-10,0.9999999995634425,9.518613669550423e-97
2013-07-31,2,risk_on,7.259758906106714e-23,9.968604923806782e-11,0.9999999998999556,4.665803481287449e-98
2013-08-01,2,risk_on,8.705659168957721e-21,2.604380371329941e-09,0.9999999973952072,1.8111498574279665e-94
2013-08-02,2,risk_on,2.0561738846789979e-22,6.071448692328149e-10,0.9999999993924575,2.852390781285125e-99
2013-08-05,2,risk_on,1.094206881175952e-22,7.602407093162858e-12,0.999999999992724,1.789362775906181e-102
2013-08-06,2,risk_on,2.0016681099696728e-22,6.64739367298837e-10,0.9999999993360689,5.2686333494910504e-102
2013-08-07,2,risk_on,8.232120126115859e-23,2.5096583639969493e-10,0.9999999997489795,5.314872640863249e-102
2013-08-08,2,risk_on,7.113049778718752e-23,5.665668180573721e-11,0.9999999999436113,9.060508638622018e-103
2013-08-09,2,risk_on,1.2992427978857297e-22,1.3762841942360661e-09,0.999999998623025,3.0249537695774144e-104
2013-08-12,2,risk_on,6.995424879281158e-23,4.96853552633177e-09,0.9999999950323399,1.308072765272922e-104
2013-08-13,2,risk_on,7.337849050278055e-24,3.8839505743788186e-09,0.9999999961164576,2.1705284461639362e-107
2013-08-14,2,risk_on,3.149723930524852e-23,1.784367943197986e-08,0.9999999821557141,2.905198747576417e-104
2013-08-15,2,risk_on,5.559729826521254e-23,3.3527050013908085e-08,0.9999999664723879,1.0600446556726843e-105
2013-08-16,2,risk_on,1.9947399694154447e-22,1.0543494643087256e-06,0.9999989456506329,8.952398498402091e-109
2013-08-19,2,risk_on,1.1863370857829839e-21,1.6621008124158778e-06,0.9999983378998138,7.299107341957005e-109
2013-08-20,2,risk_on,3.929523144950787e-24,8.978689886872224e-08,0.999999910212868,2.1927451290675517e-109
2013-08-21,2,risk_on,1.1629926209234021e-21,1.1687157007327644e-07,0.9999998831281187,1.5801687876436509e-108
2013-08-22,2,risk_on,2.6858556027922955e-24,1.5278093259126885e-09,0.9999999984720489,4.9790618333314955e-117
2013-08-23,2,risk_on,1.4360535989230934e-25,2.3252086407684073e-10,0.9999999997671694,4.04402464363533e-120
2013-08-26,2,risk_on,3.523823944545187e-27,6.181119683454594e-11,0.9999999999381544,2.998830131121114e-121
2013-08-27,2,risk_on,1.263711259667518e-23,3.472813607058132e-09,0.9999999965275492,1.518804095852798e-113
2013-08-28,2,risk_on,1.847316484702391e-24,8.090943801952264e-10,0.9999999991905497,1.9470314236658804e-113
2013-08-29,2,risk_on,5.650838822673255e-24,1.9519567517952306e-09,0.9999999980482244,4.674756180592192e-109
2013-08-30,2,risk_on,2.35910318609372e-22,2.565589442312782e-09,0.9999999974352249,2.6172534447705374e-108
2013-09-03,2,risk_on,1.1564182452980818e-22,1.2805881333372473e-09,0.9999999987194315,6.599330386426013e-109
2013-09-04,2,risk_on,9.08843552210978e-25,2.1530143303365916e-10,0.9999999997853593,9.899058295112167e-114
2013-09-05,2,risk_on,3.0739427088196382e-24,3.4714879321991735e-10,0.999999999652573,2.122235147167665e-116
2013-09-06,2,risk_on,8.880525995417696e-29,4.38241463970057e-11,0.9999999999563443,1.272186244433238e-128
2013-09-09,2,risk_on,2.5629718004006632e-30,4.420574313063463e-11,0.9999999999563443,2.2474182733628316e-131
2013-09-10,2,risk_on,2.430878741213844e-31,2.155961208640618e-11,0.9999999999781721,1.3333160115465488e-134
2013-09-11,2,risk_on,2.544606909970736e-30,2.186157921131033e-11,0.9999999999781721,1.389823979038247e-131
2013-09-12,2,risk_on,2.2627412525566147e-29,5.68492318269918e-11,0.9999999999436113,1.494075266777184e-126
2013-09-13,2,risk_on,1.1993105317332587e-29,2.8844685732090244e-11,0.9999999999708962,4.4944767729632226e-127
2013-09-16,2,risk_on,1.1604245497306147e-29,1.470471562823154e-11,0.9999999999854481,8.267022608324583e-131
2013-09-17,2,risk_on,2.2223209220454056e-30,1.0017295213782672e-12,0.999999999998181,4.212075246327931e-134
2013-09-18,2,risk_on,1.970960829743602e-30,4.355425124849605e-15,1.0,2.9143870946478418e-126
2013-09-19,2,risk_on,9.166976931593309e-27,1.141481446655889e-12,0.999999999998181,1.0181331531169892e-109
2013-09-20,2,risk_on,1.5470578198804117e-24,3.0443306946537498e-12,0.999999999996362,2.7487963510848055e-107
2013-09-23,2,risk_on,1.1592547894708234e-24,1.6898105255691973e-13,1.0,1.8757750269510908e-108
2013-09-24,2,risk_on,2.0214742809558724e-25,2.412098143567667e-12,0.999999999998181,4.512656670350901e-108
2013-09-25,2,risk_on,4.0374947562795324e-25,2.3440147863335798e-11,0.9999999999763531,1.1713350176130895e-102
2013-09-26,2,risk_on,2.001941424792909e-23,1.594938933526541e-10,0.9999999998399289,5.798231296023162e-100
2013-09-27,2,risk_on,1.3745612612232785e-23,4.567660069409501e-11,0.9999999999545253,3.731585595693979e-100
2013-09-30,2,risk_on,1.6635385753501368e-22,1.6552150984538541e-09,0.9999999983447196,1.2450373355209698e-97
2013-10-01,2,risk_on,1.167883074584526e-21,1.9739354964619787e-10,0.9999999998017302,3.508541197713173e-99
2013-10-02,2,risk_on,6.903747705123381e-23,7.593239883781634e-12,0.999999999992724,9.046195270975127e-105
2013-10-03,2,risk_on,2.77592429959606e-26,4.0362796713318664e-13,1.0,5.71008016219564e-119
2013-10-04,2,risk_on,2.0807235776784843e-25,2.9104549507296167e-13,1.0,2.5587482114648305e-118
2013-10-07,2,risk_on,1.3234710045143411e-25,3.4565318441982084e-12,0.999999999996362,5.083669280699406e-116
2013-10-08,2,risk_on,2.59707784486672e-25,1.2286062440747134e-10,0.9999999998763087,2.582246269426677e-113
2013-10-09,2,risk_on,5.146012663007935e-25,7.472495558338167e-10,0.9999999992523954,2.074653713118883e-110
2013-10-10,2,risk_on,1.0173152680383488e-27,4.881978345437693e-12,0.999999999994543,2.5744083224919288e-115
2013-10-11,2,risk_on,2.3515082679752605e-27,1.1605214371867393e-11,0.9999999999890861,2.144160018429681e-115
2013-10-14,2,risk_on,4.883663494057142e-28,3.977248876385203e-12,0.999999999996362,7.206054829760714e-114
2013-10-15,2,risk_on,3.930198472187981e-27,1.366022861933608e-09,0.999999998633939,4.1457917572635084e-119
2013-10-16,2,risk_on,7.527460921333858e-32,8.195346659927569e-11,0.9999999999181455,1.4504648914565317e-132
2013-10-17,2,risk_on,4.635044906275597e-34,2.170994578910733e-09,0.9999999978281267,3.4275763706863728e-133
2013-10-18,2,risk_on,4.049316487178842e-35,4.348503682147681e-12,0.999999999996362,1.8220856685424902e-132
2013-10-21,2,risk_on,2.525842178673562e-33,1.575045953234166e-11,0.9999999999836291,4.250997780346855e-130
2013-10-22,2,risk_on,2.9435597740228467e-33,2.7235296285376463e-12,0.999999999998181,1.5611616403115434e-127
2013-10-23,2,risk_on,1.84999541849581e-33,7.252276527751461e-13,1.0,4.491927604639439e-126
2013-10-24,2,risk_on,8.582520224913976e-34,1.2370658681217989e-12,0.999999999998181,3.601036659763999e-125
2013-10-25,2,risk_on,7.559050678443603e-33,3.3777196783645883e-12,0.999999999996362,3.4284740443099153e-124
2013-10-28,2,risk_on,2.4298250730954972e-32,4.1058875578339305e-12,0.999999999996362,5.353417799628721e-124
2013-10-29,2,risk_on,1.352413595230026e-32,8.849768633583747e-13,1.0,7.15874592610176e-128
2013-10-30,2,risk_on,1.3727296092153956e-36,1.0132421480593995e-13,1.0,3.732260259878509e-140
2013-10-31,2,risk_on,1.1008328670883905e-35,9.607453117286955e-13,0.999999999998181,2.8966128466502706e-137
2013-11-01,2,risk_on,2.4016014124266428e-33,4.508689402924822e-12,0.999999999996362,2.97024560233312e-136
2013-11-04,2,risk_on,9.370626793857084e-35,1.7501253681567102e-12,0.999999999998181,6.717698855420823e-137
2013-11-05,2,risk_on,5.165315519654036e-34,3.5015322969410554e-12,0.999999999996362,3.028190195019949e-138
2013-11-06,2,risk_on,5.786566853819429e-33,1.8744908327036127e-12,0.999999999998181,4.975547331130391e-137
2013-11-07,2,risk_on,5.050265434738759e-31,7.13257981455597e-12,0.999999999992724,6.970841161805309e-126
2013-11-08,2,risk_on,2.06693923974117e-28,3.382371705860964e-11,0.9999999999654392,2.5230913241493602e-116
2013-11-11,2,risk_on,2.9544691554921914e-29,1.6339652848524307e-11,0.9999999999836291,1.199717805537651e-116
2013-11-12,2,risk_on,2.2345695262927494e-27,1.7542619271524277e-09,0.9999999982464942,3.8675180548030226e-113
2013-11-13,2,risk_on,1.4133006711353008e-25,2.0537183129150797e-10,0.9999999997944542,5.170089716799346e-107
2013-11-14,2,risk_on,4.583361145962589e-27,1.2609893046057604e-11,0.9999999999872671,3.1921426503762443e-105
2013-11-15,2,risk_on,1.8448423075717051e-25,7.760027431141981e-11,0.9999999999217835,9.941905841789704e-100
2013-11-18,2,risk_on,1.415809241316931e-24,7.955161053803586e-10,0.9999999992051016,4.343648446750257e-96
2013-11-19,2,risk_on,6.886686501849247e-24,2.0533356950517103e-10,0.9999999997944542,5.262000663869788e-95
2013-11-20,2,risk_on,1.890170960090804e-24,6.921627230888788e-10,0.999999999306965,2.9068719538399055e-95
2013-11-21,2,risk_on,1.888321998136749e-24,1.0477652031256172e-09,0.9999999989522621,2.8581147036977377e-95
2013-11-22,2,risk_on,1.157850241509163e-24,1.1912801073657775e-09,0.9999999988085619,2.0955887685347177e-98
2013-11-25,2,risk_on,9.634235803462345e-27,8.876651443953448e-11,0.9999999999108695,2.8506142084618044e-106
2013-11-26,2,risk_on,2.1948621758738716e-26,1.4477856105492749e-10,0.9999999998544808,2.6251661132497628e-107
2013-11-27,2,risk_on,1.030192421020405e-26,2.2195614226453118e-10,0.9999999997780833,1.214033581576261e-107
2013-11-29,2,risk_on,9.124332024697779e-26,1.765560146506503e-10,0.999999999823558,9.64750431096676e-107
2013-12-02,2,risk_on,8.327800051991545e-26,1.1284748941756926e-10,0.9999999998872227,2.9085524214867404e-110
2013-12-03,2,risk_on,3.683276472375666e-26,3.4266413542078816e-11,0.9999999999654392,1.257076576602076e-112
2013-12-04,2,risk_on,9.055780401550655e-27,5.1140143970307205e-11,0.9999999999490683,8.691047547025752e-113
2013-12-05,2,risk_on,7.381984831091611e-26,3.7835093366495676e-11,0.9999999999618012,5.998667673359816e-116
2013-12-06,2,risk_on,7.928195575351499e-28,7.733389659128864e-11,0.9999999999217835,9.109888365959701e-120
2013-12-09,2,risk_on,6.322801777382502e-28,3.8028714294095424e-11,0.9999999999618012,2.2401577084718576e-121
2013-12-10,2,risk_on,1.9824897288730474e-27,2.228272829807958e-11,0.9999999999781721,1.4443594181813052e-120
2013-12-11,2,risk_on,5.613209322222383e-27,6.854577225684537e-12,0.999999999992724,1.2792171822637013e-122
2013-12-12,2,risk_on,2.8039816576471747e-26,1.1041133964641228e-11,0.9999999999890861,2.0337603073790697e-122
2013-12-13,2,risk_on,8.844325815017483e-27,9.49906767025475e-12,0.999999999990905,9.378275075066805e-126
2013-12-16,2,risk_on,4.26475064464705e-27,5.379768167317478e-11,0.9999999999454303,1.4389208338517784e-123
2013-12-17,2,risk_on,2.8049459894157785e-26,4.753480838482192e-10,0.9999999995252438,9.347476700907128e-115
2013-12-18,2,risk_on,5.81393610466064e-25,1.7300769427267446e-10,0.999999999827196,2.241297913215664e-108
2013-12-19,2,risk_on,1.624944275578487e-22,3.420291925525909e-10,0.99999999965803,8.934310501223445e-109
2013-12-20,2,risk_on,1.3105620054685474e-22,2.5762763808757655e-12,0.999999999998181,3.091952296629617e-114
2013-12-23,2,risk_on,1.1766815978562165e-21,6.46957316593883e-12,0.999999999992724,7.645389077892073e-114
2013-12-24,2,risk_on,7.992896653145904e-22,1.6753561696359844e-11,0.9999999999836291,2.957988385905053e-113
2013-12-26,2,risk_on,7.742501649470467e-22,2.1232115042930987e-11,0.9999999999781721,1.6878572894045308e-111
2013-12-27,2,risk_on,4.735314503827199e-21,2.094011082911439e-11,0.9999999999781721,4.10027836370641e-112
2013-12-30,2,risk_on,1.3510927167087913e-20,2.0723480682822015e-11,0.9999999999799911,2.655724908894489e-111
2013-12-31,2,risk_on,2.809628460224881e-20,1.0782644861300913e-11,0.9999999999890861,9.7177489338859e-112
2014-01-02,2,risk_on,1.0815429944531813e-19,9.199199938204924e-12,0.999999999990905,8.080295193749028e-108
2014-01-03,2,risk_on,4.666465570695332e-19,1.2221386772072998e-11,0.9999999999872671,2.039287981707469e-105
2014-01-06,2,risk_on,7.397081086731266e-19,7.458848610744072e-12,0.999999999992724,4.26871649292295e-105
2014-01-07,2,risk_on,4.2654734854585753e-19,1.3778552126990056e-12,0.999999999998181,1.755929826458932e-107
2014-01-08,2,risk_on,1.5579667403578151e-18,9.876853226267699e-13,0.999999999998181,1.7831766967791808e-109
2014-01-09,2,risk_on,1.9050114546296158e-19,1.2873811825491653e-12,0.999999999998181,4.55269907277492e-111
2014-01-10,2,risk_on,1.317676636671086e-21,5.998350709171579e-13,1.0,1.696999193102623e-110
2014-01-13,2,risk_on,4.9331914505055694e-20,1.4528256570809145e-12,0.999999999998181,1.4236933451607976e-104
2014-01-14,2,risk_on,2.3796141884488362e-20,2.4109964204550993e-13,1.0,5.050163803691667e-105
2014-01-15,2,risk_on,1.0411799616015971e-19,3.644206587983013e-13,1.0,8.207087872256243e-104
2014-01-16,2,risk_on,2.0594245153524414e-19,2.524739955052597e-12,0.999999999998181,2.2093076820990815e-95
2014-01-17,2,risk_on,9.142097043661336e-19,1.0122683137931904e-11,0.9999999999890861,1.4389401803114824e-91
2014-01-21,2,risk_on,2.590760250853323e-19,9.274812274887519e-12,0.999999999990905,2.3913872543098037e-93
2014-01-22,2,risk_on,8.76496110711086e-19,4.567307308668513e-12,0.999999999994543,2.6823929550951037e-92
2014-01-23,2,risk_on,7.446932231481304e-18,3.710325447289056e-10,0.9999999996289262,6.675693819603365e-81
2014-01-24,2,risk_on,1.079264452650366e-16,6.68887461476403e-09,0.999999993311576,4.027232944218611e-76
2014-01-27,2,risk_on,4.5688253987817074e-17,5.676108129195863e-09,0.9999999943247531,1.6124794017780726e-79
2014-01-28,2,risk_on,1.0949815565531594e-18,1.8606269625369052e-09,0.9999999981391738,1.1842426288748401e-79
2014-01-29,2,risk_on,1.071578798352879e-17,9.503639141748061e-09,0.9999999904957804,6.074068383785828e-76
2014-01-30,2,risk_on,4.867039710318062e-18,4.277416347560989e-09,0.9999999957217369,1.970716456899636e-76
2014-01-31,2,risk_on,1.9992867676316958e-17,2.912115951923906e-08,0.9999999708779801,3.1891580868190807e-69
2014-02-03,2,risk_on,8.340802465980697e-13,4.6139444890847727e-05,0.9999538605537808,3.2988663190596073e-60
2014-02-04,2,risk_on,1.4909967527948363e-14,7.477482992074149e-06,0.9999925225172215,5.096494673713145e-59
2014-02-05,2,risk_on,5.361708402087178e-14,5.175545928528424e-06,0.9999948244537572,2.3358606381706426e-61
2014-02-06,2,risk_on,1.376272523944355e-15,5.140833306106283e-07,0.9999994859173469,1.2189818568712493e-61
2014-02-07,2,risk_on,7.025280761647601e-17,2.465580265560163e-07,0.9999997534414737,6.76239835829247e-64
2014-02-10,2,risk_on,4.7897036850754406e-17,1.6886584674572844e-07,0.9999998311341329,3.623430458479289e-66
2014-02-11,2,risk_on,1.7403223332396715e-18,4.0258021447851153e-08,0.9999999597421273,6.519435414436216e-71
2014-02-12,2,risk_on,7.961540070207964e-18,3.7951156580519295e-08,0.9999999620486058,9.935927347965957e-72
2014-02-13,2,risk_on,9.175443158995926e-19,4.554409653070234e-08,0.9999999544561443,1.708097678770817e-73
2014-02-14,2,risk_on,2.0970825888776474e-18,1.2391535858964082e-07,0.9999998760849925,1.6358299565838253e-73
2014-02-18,2,risk_on,2.4461031699107144e-18,1.1991676971074115e-07,0.9999998800831308,2.9604166013760105e-72
2014-02-19,2,risk_on,3.586203590422596e-18,1.0310791540394093e-07,0.99999989689241,9.58596931050756e-72
2014-02-20,2,risk_on,9.220293693493779e-18,3.013105154159154e-07,0.9999996986899077,6.199265228681502e-71
2014-02-21,2,risk_on,1.0213110243521252e-16,5.463715463449495e-07,0.9999994536284831,1.4879757699620385e-68
2014-02-24,2,risk_on,7.029131672931637e-16,1.5201822072498475e-07,0.9999998479816101,2.410591395471597e-64
2014-02-25,2,risk_on,1.699168310478428e-15,1.8387291492368263e-08,0.9999999816118363,2.3834515527028627e-64
2014-02-26,2,risk_on,4.3438195912706385e-15,2.3542664387172113e-08,0.9999999764568204,5.504358932080884e-63
2014-02-27,2,risk_on,4.042646586628394e-15,1.0588431939155728e-08,0.9999999894116627,3.334179373033903e-62
2014-02-28,2,risk_on,4.321798285317942e-14,3.431110935085268e-08,0.9999999656884034,1.4336124608306148e-61
2014-03-03,2,risk_on,9.72346706036344e-15,1.7192030293802697e-08,0.9999999828087313,1.5338671552965067e-60
2014-03-04,2,risk_on,1.9781623435235308e-13,6.124260271471305e-08,0.9999999387564477,3.54743110938616e-53
2014-03-05,2,risk_on,3.0905765273859834e-11,4.828161066001351e-07,0.9999995171530174,8.628277803467632e-51
2014-03-06,2,risk_on,9.521333907426344e-12,1.0113699758933208e-07,0.9999998988532803,3.4265930651398636e-52
2014-03-07,2,risk_on,5.509806971438909e-12,2.844793673335414e-08,0.9999999715473682,2.959859552487815e-53
2014-03-10,2,risk_on,2.750153615640741e-12,2.646712624379259e-08,0.9999999735300665,7.095224353571639e-54
2014-03-11,2,risk_on,1.0676872650307057e-12,1.774999384985891e-08,0.9999999822484825,7.625333810839959e-53
2014-03-12,2,risk_on,4.318355643087647e-13,2.6789656719532767e-08,0.9999999732099244,1.83364341069432e-52
2014-03-13,2,risk_on,9.818736662821854e-13,1.0869703539972196e-07,0.9999998913026561,1.9002620309144638e-49
2014-03-14,2,risk_on,1.7555734386175158e-11,2.497314572047688e-07,0.9999997502509671,3.445405900679735e-46
2014-03-17,2,risk_on,1.9258222386993873e-12,4.669713181960219e-08,0.9999999533010862,1.0319678091948666e-46
2014-03-18,2,risk_on,6.214888876123612e-13,3.366604753464955e-08,0.9999999663341447,1.0156886336198457e-47
2014-03-19,2,risk_on,1.9977696344445657e-12,3.1559339616768566e-08,0.9999999684387153,1.4375945489321926e-48
2014-03-20,2,risk_on,1.05867584643087e-12,2.907038300660978e-08,0.9999999709289118,1.692854745571655e-49
2014-03-21,2,risk_on,8.306723123669551e-13,1.42526438131225e-08,0.999999985746399,3.0964252085547733e-50
2014-03-24,2,risk_on,2.0970290042199873e-12,1.9828431257148223e-08,0.9999999801693777,4.414487356962945e-49
2014-03-25,2,risk_on,8.064221855650779e-13,1.6733402143474663e-08,0.9999999832652976,1.2271983965912163e-46
2014-03-26,2,risk_on,5.084591290567221e-13,1.8537690108378495e-08,0.9999999814626792,1.9904045875091486e-45
2014-03-27,2,risk_on,9.127558105517641e-13,1.405931839554198e-08,0.9999999859392119,2.757737928149e-44
2014-03-28,2,risk_on,1.4568864403282247e-12,7.406562551985221e-09,0.9999999925912562,5.813569796586573e-45
2014-03-31,2,risk_on,1.2383046148192316e-12,1.4408616192991954e-08,0.999999985589966,1.8342380839797357e-44
2014-04-01,2,risk_on,7.69818958693397e-12,2.1494597096368956e-08,0.9999999784977265,6.851417803613054e-43
2014-04-02,2,risk_on,1.541525473946023e-11,5.9013714514352224e-08,0.9999999409701577,1.4357567380970235e-43
2014-04-03,2,risk_on,1.5364870496537302e-11,4.723912164220705e-08,0.9999999527462944,2.0546300968032397e-43
2014-04-04,2,risk_on,5.052640571215406e-12,2.1159958756427238e-07,0.9999997883951661,9.42308626496657e-42
2014-04-07,2,risk_on,2.2055629797959055e-11,1.3910782649147564e-06,0.9999986088997174,5.813673455612872e-41
2014-04-08,2,risk_on,6.548890082775457e-12,6.630287889986689e-07,0.9999993369640303,4.919096928084453e-42
2014-04-09,2,risk_on,1.654035573277029e-12,3.3501832932744866e-07,0.9999996649804067,1.3348603706748886e-42
2014-04-10,2,risk_on,4.16442504086107e-12,3.2906283029736977e-06,0.9999967093680906,7.851503147673168e-37
2014-04-11,2,risk_on,1.060806987841512e-10,7.834194911122385e-06,0.9999921656997159,4.65860589857569e-34
2014-04-14,2,risk_on,4.404476913007679e-11,2.9512076587476983e-06,0.9999970487486174,1.1264418511012018e-35
2014-04-15,2,risk_on,4.173646405869957e-12,1.2327172871829708e-06,0.999998767278917,1.5341609987889674e-38
2014-04-16,2,risk_on,1.2320449200854585e-12,2.7682227530285277e-07,0.9999997231771359,2.265395408275814e-40
2014-04-17,2,risk_on,5.683553964384058e-13,7.878590589951258e-07,0.999999212139611,1.9434422536586699e-41
2014-04-21,2,risk_on,3.0922619585038587e-13,2.0496067548898338e-07,0.999999795038114,1.1108068015759302e-42
2014-04-22,2,risk_on,4.634471960693319e-13,1.8599288456394047e-07,0.9999998140065318,2.6403147581724586e-42
2014-04-23,2,risk_on,5.626716933867599e-13,3.552526391421502e-07,0.9999996447459756,9.880582634611806e-42
2014-04-24,2,risk_on,6.247568233884233e-13,2.736683950517208e-07,0.9999997263312627,3.548013237640878e-42
2014-04-25,2,risk_on,1.5639378939542135e-12,2.5522228522332453e-07,0.9999997447758103,1.2560307532344593e-40
2014-04-28,2,risk_on,1.7207233508523006e-12,2.500240335247832e-07,0.9999997499744808,9.184647983408035e-40
2014-04-29,2,risk_on,5.342326684610057e-13,2.47989510860442e-07,0.9999997520099294,1.3692009933119343e-40
2014-04-30,2,risk_on,5.205309599197297e-13,3.9958670027445534e-07,0.9999996004135826,1.0096962084347317e-41
2014-05-01,2,risk_on,3.976817041296585e-13,5.315435054859914e-07,0.9999994684568767,4.710573080798801e-43
2014-05-02,2,risk_on,3.262406423001733e-13,8.586653098376615e-07,0.9999991413336878,1.7191282930649733e-42
2014-05-05,2,risk_on,1.5236631895180574e-12,1.0871917982279366e-06,0.9999989128069954,8.091964213142208e-44
2014-05-06,2,risk_on,9.909189524856129e-13,2.2639995931519838e-07,0.9999997735995095,8.975079537312123e-44
2014-05-07,2,risk_on,6.975504447663681e-13,8.571100523503408e-08,0.999999914287404,2.1304768169281178e-43
2014-05-08,2,risk_on,3.1718775218665523e-13,1.4870366629495578e-07,0.9999998512958084,6.243730835190176e-45
2014-05-09,2,risk_on,5.1772507574383017e-14,5.0182124514366414e-08,0.9999999498177216,2.881193995834334e-45
2014-05-12,2,risk_on,3.4183292734087357e-13,2.671362498723105e-08,0.999999973286322,8.810271897657863e-44
2014-05-13,2,risk_on,7.558483409372972e-13,3.71667256190544e-08,0.9999999628325902,3.954982718216528e-45
2014-05-14,2,risk_on,2.3519174334948704e-13,3.791412361554083e-08,0.9999999620849855,3.1644858989655256e-44
2014-05-15,2,risk_on,4.08420638318131e-13,8.774425128693034e-08,0.999999912255593,5.106905147323985e-43
2014-05-16,2,risk_on,1.8081512071108394e-13,1.0239655517511326e-07,0.9999998976036347,3.2486230009505235e-43
2014-05-19,2,risk_on,2.761672466200569e-13,7.33764563544304e-08,0.9999999266237891,2.0000870121124292e-44
2014-05-20,2,risk_on,7.787069224213809e-14,1.8063655010033152e-07,0.9999998193634546,1.3360882491146907e-42
2014-05-21,2,risk_on,1.3912779862282185e-13,1.2977771847521272e-07,0.9999998702223905,2.911041473640305e-43
2014-05-22,2,risk_on,4.018844168492064e-14,3.806443956572652e-08,0.9999999619358285,2.9125840280803506e-43
2014-05-23,2,risk_on,5.686036628480217e-14,9.97141296746924e-08,0.9999999002866439,2.0798706456945615e-44
2014-05-27,2,risk_on,8.769314738150514e-15,1.5553742106767066e-08,0.9999999844458217,9.342596578784313e-45
2014-05-28,2,risk_on,3.53082283281518e-15,1.618303405061046e-08,0.9999999838164514,8.281260467967405e-46
2014-05-29,2,risk_on,2.1430130703504656e-15,4.0752648506984764e-09,0.9999999959254637,1.940313057602257e-45
2014-05-30,2,risk_on,1.713704200087727e-15,1.1440884459976174e-08,0.9999999885585567,1.281081170653515e-44
2014-06-02,2,risk_on,8.061164083104715e-15,6.872405202985929e-09,0.999999993127858,3.6829316661289394e-44
2014-06-03,2,risk_on,1.4300862612113185e-14,5.159489837569812e-09,0.999999994841346,1.788618689305697e-46
2014-06-04,2,risk_on,4.91644118245709e-14,4.599057453092873e-09,0.9999999954015948,9.604254767434675e-47
2014-06-05,2,risk_on,1.239574269060701e-13,3.919083148981925e-09,0.9999999960800778,9.115212252659563e-46
2014-06-06,2,risk_on,7.32396966366007e-14,3.473612765308866e-09,0.9999999965257302,1.1072060005709892e-44
2014-06-09,2,risk_on,1.2138302735776165e-13,4.792191083836814e-09,0.9999999952069629,1.9791674807551008e-45
2014-06-10,2,risk_on,1.8039552898060948e-14,2.0417253713335806e-09,0.9999999979590939,3.713823840566992e-46
2014-06-11,2,risk_on,7.169823944614478e-15,3.67808563398681e-09,0.9999999963220034,6.778445355890437e-47
2014-06-12,2,risk_on,1.1884064533024656e-14,4.0604744763576275e-09,0.9999999959400157,6.621185173063592e-46
2014-06-13,2,risk_on,2.961626684002685e-14,3.681138892320134e-09,0.9999999963183654,6.232586212962626e-44
2014-06-16,2,risk_on,1.1126553524981745e-13,4.471887970113806e-09,0.9999999955271051,1.0876872469253897e-44
2014-06-17,2,risk_on,4.595319929755025e-14,1.5530173873534448e-09,0.999999998446583,4.6376726804118306e-46
2014-06-18,2,risk_on,3.8760720042669545e-15,3.159491432834201e-09,0.9999999968404154,9.725834327932329e-46
2014-06-19,2,risk_on,7.900541455691144e-15,1.3524091600089262e-09,0.9999999986484909,2.7397703692860116e-46
2014-06-20,2,risk_on,2.1240668220304944e-14,4.635725881420796e-09,0.999999995363396,1.9521867201736377e-47
2014-06-23,2,risk_on,3.6080836402353213e-14,3.5987326344576382e-09,0.999999996402039,1.160062543882545e-48
2014-06-24,2,risk_on,1.6320101780433167e-14,3.974631567915654e-09,0.9999999960255082,8.638146956840089e-48
2014-06-25,2,risk_on,5.254052521581921e-15,3.456034905659792e-09,0.9999999965439201,4.188941557076835e-49
2014-06-26,2,risk_on,1.0805456043022561e-14,4.502559899038236e-09,0.9999999954980012,1.0698143306364707e-48
2014-06-27,2,risk_on,4.294976557960446e-15,5.007809952320902e-09,0.9999999949923222,3.8361301334983523e-50
2014-06-30,2,risk_on,3.23621320728236e-15,3.289343108797304e-09,0.9999999967112672,3.735022714294997e-51
2014-07-01,2,risk_on,1.6856844530200595e-15,2.67994884451911e-09,0.9999999973206286,2.2858680435173958e-51
2014-07-02,2,risk_on,2.258948124261386e-15,3.3472857515859503e-09,0.9999999966530595,4.263632862356051e-53
2014-07-03,2,risk_on,2.3651088516977416e-15,2.1856692866661084e-09,0.9999999978135747,1.8792430069515305e-52
2014-07-07,2,risk_on,1.984481156966141e-15,3.6015201864181735e-09,0.999999996398401,4.6997270857027224e-52
2014-07-08,2,risk_on,5.3512637250157064e-15,9.190651734359293e-09,0.9999999908086465,3.7637175470958844e-50
2014-07-09,2,risk_on,5.448779398512922e-15,1.0510225274237973e-08,0.9999999894898792,1.908013406640823e-51
2014-07-10,2,risk_on,1.2363582412246024e-15,8.769533258896377e-09,0.9999999912306521,3.2879165092545603e-53
2014-07-11,2,risk_on,1.7153969603344046e-15,1.876023407171181e-09,0.9999999981246219,2.1893530510653958e-54
2014-07-14,2,risk_on,4.07367696736121e-15,1.668796335751959e-09,0.9999999983319867,2.7067039176558884e-55
2014-07-15,2,risk_on,3.8527079179615e-15,2.485893573255699e-09,0.9999999975134415,4.96466961188849e-56
2014-07-16,2,risk_on,5.169542172838314e-15,4.957210243247375e-09,0.9999999950432539,2.373533564925844e-53
2014-07-17,2,risk_on,1.4318140186889315e-13,3.793206747362272e-08,0.9999999620686146,2.0941331128946483e-49
2014-07-18,2,risk_on,9.163999669713527e-15,9.20293682687423e-09,0.9999999907977326,4.5183392507898495e-48
2014-07-21,2,risk_on,3.971159925697256e-14,2.1032524620508267e-08,0.9999999789670257,2.0750663688459926e-48
2014-07-22,2,risk_on,5.0893433287649305e-14,4.6015327420411265e-08,0.9999999539850262,2.9264397056882174e-49
2014-07-23,2,risk_on,3.848273485013659e-15,1.7102580661430756e-08,0.9999999828978617,1.14187418720768e-49
2014-07-24,2,risk_on,2.3868259615480805e-15,1.008025261538171e-09,0.9999999989922799,2.7364461505851255e-50
2014-07-25,2,risk_on,5.442772294862178e-15,5.714712156169315e-09,0.9999999942847353,1.1504738710248375e-46
2014-07-28,2,risk_on,5.382725957277602e-14,1.1910972719128723e-08,0.9999999880892574,2.0225802506082852e-46
2014-07-29,2,risk_on,6.672318613170761e-14,9.276206775638091e-09,0.999999990723154,5.403019037238494e-46
2014-07-30,2,risk_on,1.328971486607251e-13,4.630576603429193e-09,0.999999995368853,6.574638215378881e-46
2014-07-31,2,risk_on,3.8943981055503696e-12,1.8684624111247372e-07,0.9999998131497879,4.883034719817713e-51
2014-08-01,2,risk_on,3.8248862621171255e-13,6.646383184826595e-07,0.9999993353615017,4.0129893841290646e-53
2014-08-04,2,risk_on,4.3446245596067946e-15,2.042457943763853e-07,0.9999997957547957,2.105895256097234e-52
2014-08-05,2,risk_on,1.6095132636217153e-13,2.0964877980716966e-07,0.9999997903505793,8.666961365100388e-52
2014-08-06,2,risk_on,5.081166574783614e-14,5.913977550292216e-08,0.9999999408610183,1.1627418240515587e-51
2014-08-07,2,risk_on,1.1058418343946136e-13,2.43160117286818e-07,0.999999756839345,3.38090310101518e-50
2014-08-08,2,risk_on,3.6534458996353653e-14,3.7598588269080813e-08,0.9999999624014897,7.897734861899185e-53
2014-08-11,2,risk_on,2.2676885330073853e-15,1.0018208221703349e-08,0.9999999899810064,2.0433853029028572e-54
2014-08-12,2,risk_on,3.836234592021056e-16,1.1630114633835986e-08,0.9999999883693818,1.1297290085779646e-55
2014-08-13,2,risk_on,1.8010698701620852e-16,1.5078445081194776e-08,0.999999984922397,1.5179837060242917e-59
2014-08-14,2,risk_on,5.733594285528644e-17,5.4790710574611535e-09,0.9999999945212039,3.5951608627893297e-62
2014-08-15,2,risk_on,2.1159938002455886e-16,1.7255889792903737e-08,0.9999999827432476,6.850350910246807e-62
2014-08-18,2,risk_on,1.743456414547676e-16,1.6632283984022643e-08,0.999999983367161,2.8412304279751485e-61
2014-08-19,2,risk_on,1.5943605987141807e-16,2.1270050774079218e-08,0.9999999787305571,1.3302616316136074e-60
2014-08-20,2,risk_on,9.010150019846359e-17,1.829075161333114e-08,0.9999999817100618,1.2732138709105089e-62
2014-08-21,2,risk_on,1.9385636020406775e-17,9.863699360663676e-09,0.9999999901356205,7.674733194480835e-63
2014-08-22,2,risk_on,9.631258160664001e-17,2.2992657164716753e-08,0.9999999770079742,1.1177955207165038e-60
2014-08-25,2,risk_on,4.947800254285062e-16,1.4068478643085483e-08,0.999999985931936,1.3393440117791513e-59
2014-08-26,2,risk_on,2.3933735006625253e-16,8.479553698000773e-09,0.9999999915198714,7.4866355499708545e-59
2014-08-27,2,risk_on,7.841045294204132e-16,3.1965926100065964e-08,0.9999999680348998,1.928297711334076e-59
2014-08-28,2,risk_on,1.3646239802659372e-15,8.526732874029391e-09,0.9999999914725777,2.601328780460079e-57
2014-08-29,2,risk_on,1.2336390924892756e-12,1.7931159903334156e-07,0.9999998206876787,4.487211725627037e-56
2014-09-02,2,risk_on,1.2337463455950982e-12,7.859026561877506e-08,0.9999999214087469,2.180476344743624e-57
2014-09-03,2,risk_on,6.465832772625669e-14,1.5864349455866165e-08,0.9999999841347745,1.4833617380540879e-59
2014-09-04,2,risk_on,8.07143349846217e-14,1.9889101304004627e-08,0.9999999801111701,7.086752369859335e-62
2014-09-05,2,risk_on,1.2103713634245393e-14,1.0811971952778721e-08,0.999999989187927,3.840659479794808e-61
2014-09-08,2,risk_on,7.974992011876429e-14,2.31276140374893e-08,0.99999997687155,6.655739466771899e-60
2014-09-09,2,risk_on,7.781353024380222e-14,2.734192989586179e-08,0.9999999726587706,7.022586899338871e-61
2014-09-10,2,risk_on,4.5161028516649794e-14,2.5700917858571544e-08,0.999999974299499,1.6771411134517175e-60
2014-09-11,2,risk_on,2.0535042007624984e-14,6.911412771710349e-09,0.9999999930878403,5.4433886873279124e-64
2014-09-12,2,risk_on,1.5198671597505363e-15,5.967114263803408e-09,0.9999999940337148,4.483341983049473e-68
2014-09-15,2,risk_on,1.593741737158584e-15,1.1148646820591362e-08,0.999999988851414,3.5296235898332985e-68
2014-09-16,2,risk_on,9.169209819640459e-16,1.2103932891228471e-08,0.9999999878964445,1.3254740122042778e-67
2014-09-17,2,risk_on,3.901724628029098e-15,1.7789614724522964e-08,0.9999999822102837,2.0354242660367263e-65
2014-09-18,2,risk_on,2.876252597022464e-15,2.465313415485745e-08,0.999999975347237,2.0798816599502176e-65
2014-09-19,2,risk_on,6.71199066766734e-15,6.818521719054404e-08,0.9999999318151845,2.1092864855220793e-64
2014-09-22,2,risk_on,1.8084342029563696e-14,9.542873357431941e-08,0.9999999045703635,1.0156091099870062e-62
2014-09-23,2,risk_on,3.050097027983613e-14,1.1787928469769567e-07,0.9999998821203987,7.470508043564633e-63
2014-09-24,2,risk_on,6.782775139621948e-14,1.9165552740382059e-07,0.9999998083440188,9.226261880506058e-60
2014-09-25,2,risk_on,3.5147327740189564e-12,1.0462199459032171e-06,0.9999989537760501,1.6213808333235895e-52
2014-09-26,2,risk_on,8.646440769592245e-12,6.10714654832395e-07,0.9999993892763133,1.1053330021400079e-51
2014-09-29,2,risk_on,2.4130309769994572e-11,1.8425852027993345e-06,0.9999981573908977,9.912030705118394e-52
2014-09-30,2,risk_on,2.3009481215871428e-12,7.525289589555627e-07,0.999999247467996,6.212697464817373e-54
2014-10-01,2,risk_on,6.78784602066932e-11,9.053881834020012e-06,0.9999909460503349,9.293871443321745e-48
2014-10-02,2,risk_on,1.1692697887995104e-11,1.7117825314289361e-06,0.9999982882051072,1.3514456929761305e-49
2014-10-03,2,risk_on,2.168496064983134e-12,1.0780017492584757e-06,0.99999892199652,1.7494279321479543e-53
2014-10-06,2,risk_on,1.1585352915371248e-13,6.95713835049702e-07,0.9999993042859079,2.507623788186157e-54
2014-10-07,2,risk_on,4.345503027028575e-12,5.8433122109541324e-05,0.9999415668727816,2.989437778035027e-49
2014-10-08,2,risk_on,1.6528119972478106e-12,0.0021003978202573724,0.9978996021775572,1.145691996088021e-50
2014-10-09,2,risk_on,1.395143659224782e-11,0.0999543091034703,0.9000456908830624,5.419247401790584e-52
2014-10-10,1,recovery_or_normalization,3.971195096382942e-10,0.9677595667237827,0.03224043287854161,6.7333371181540544e-49
2014-10-13,1,recovery_or_normalization,1.2586418902948594e-10,0.9999998534640434,1.4641086590346862e-07,1.0156630065778416e-46
2014-10-14,1,recovery_or_normalization,8.884181754204243e-11,0.9999998563107614,1.4360075458098416e-07,8.384826841492339e-50
2014-10-15,1,recovery_or_normalization,1.477907803578573e-11,0.9999999975298124,2.454632675636194e-09,1.241909290971802e-50
2014-10-16,1,recovery_or_normalization,2.3774167179366533e-11,0.9999985688019716,1.4311744287479887e-06,1.613715958597818e-51
2014-10-17,1,recovery_or_normalization,5.767547390017801e-10,0.9858697774871147,0.014130221935787262,9.528425917075513e-52
2014-10-20,2,risk_on,2.8498379643634727e-11,0.4582503915510456,0.541749608420621,3.8725232227922025e-54
2014-10-21,2,risk_on,5.889676987979679e-13,0.023194203081932655,0.9768057969178993,7.348685744706253e-52
2014-10-22,2,risk_on,1.0558164348549811e-12,0.005344044556848813,0.9946559554426844,2.5937151190772425e-52
2014-10-23,2,risk_on,4.915982819309077e-14,0.0005086222204674035,0.9994913777792884,7.678195637692266e-52
2014-10-24,2,risk_on,8.110402191172461e-14,3.0193057870203235e-05,0.9999698069415708,9.080689222554378e-53
2014-10-27,2,risk_on,1.0399244812711031e-14,3.2367039094534328e-06,0.9999967632954935,2.5834706877403247e-53
2014-10-28,2,risk_on,2.781878986445314e-14,3.545757843787599e-06,0.9999964542429659,1.7657152782874678e-50
2014-10-29,2,risk_on,2.935493301399405e-13,2.411003405741017e-06,0.9999975889961167,6.6112860544060994e-46
2014-10-30,2,risk_on,4.109297463636864e-12,1.738869467504804e-06,0.9999982611258585,6.379915029408313e-44
2014-10-31,2,risk_on,2.860004351152709e-11,1.1350435336394529e-05,0.9999886495359781,9.006544981380474e-44
2014-11-03,2,risk_on,2.845818942143711e-11,1.575753762668561e-05,0.9999842424335896,5.037782263167824e-44
2014-11-04,2,risk_on,2.2873299937088403e-11,1.0128028338480788e-05,0.999989871949213,2.3065583489333204e-43
2014-11-05,2,risk_on,1.213756187173506e-10,4.937984557762537e-06,0.9999950618943383,2.3698796910121504e-43
2014-11-06,2,risk_on,2.2404124792544668e-11,2.0326033513662025e-05,0.999979673944048,8.922173683880645e-43
2014-11-07,2,risk_on,3.0851140804251133e-10,0.0005705843798079553,0.9994294153115343,1.3986991864297185e-41
2014-11-10,2,risk_on,3.6759997613907704e-08,0.007625012253434357,0.9923749509861484,3.136141625196089e-36
2014-11-11,2,risk_on,3.265135372538471e-05,0.033789422959715626,0.9661779256856514,1.3717724623576272e-33
2014-11-12,2,risk_on,1.963554565867284e-06,0.03259181062034881,0.9674062258249048,5.541385844438794e-35
2014-11-13,2,risk_on,1.6919155227944534e-06,0.0240639805462901,0.9759343275380197,3.22166692820641e-36
2014-11-14,2,risk_on,2.4110519387842e-07,0.00551271165794147,0.9944870472363402,2.9370451507998603e-38
2014-11-17,2,risk_on,1.8297757398543386e-08,0.0002467301586252179,0.9997532515438072,1.559513600999321e-40
2014-11-18,2,risk_on,1.8167772693133779e-09,1.1150331375279193e-05,0.9999888478527045,1.1025369489678155e-40
2014-11-19,2,risk_on,7.763240978247734e-10,2.700900352466143e-05,0.9999729902202212,2.7276160975430798e-42
2014-11-20,2,risk_on,1.9510467258600528e-09,4.1698264827813467e-05,0.9999582997843403,8.115987845318537e-44
2014-11-21,2,risk_on,1.7957843361988239e-10,2.5345799130355126e-05,0.9999746540208246,1.2140283115215562e-45
2014-11-24,2,risk_on,8.16883549775922e-11,8.213409825144405e-05,0.9999178658207426,3.0555558204834293e-46
2014-11-25,2,risk_on,4.902601504089924e-11,0.0009726461397140713,0.999027353810393,1.825312944390901e-45
2014-11-26,2,risk_on,2.3197331482526738e-10,0.021383751631496084,0.9786162481366308,3.1436188461336776e-43
2014-11-28,2,risk_on,3.5723099102159026e-08,0.3182840786305688,0.6817158856472088,2.0534614826897e-42
2014-12-01,1,recovery_or_normalization,1.8524456128730255e-08,0.8142872237677862,0.18571275770809031,3.273926764928955e-42
2014-12-02,1,recovery_or_normalization,5.306834898706228e-09,0.9293116376879361,0.07068835700531627,1.0819839138000316e-42
2014-12-03,1,recovery_or_normalization,3.6825208375370696e-09,0.9880950646167987,0.011904931700788749,2.760438946569505e-42
2014-12-04,1,recovery_or_normalization,1.968772997546094e-09,0.9986582243960579,0.001341773635893471,1.859442079735814e-42
2014-12-05,1,recovery_or_normalization,3.5622086233720666e-09,0.9997577784525544,0.00024221798550420518,2.7304319202097677e-41
2014-12-08,1,recovery_or_normalization,8.474080252210086e-09,0.999992844965295,7.1465598421969565e-06,5.495335949889832e-40
2014-12-09,1,recovery_or_normalization,4.598164433482957e-09,0.9999955697210592,4.425681027809788e-06,2.770335307664414e-40
2014-12-10,1,recovery_or_normalization,5.898197289181585e-09,0.9999999597530412,3.434793915146834e-08,1.6528811526010676e-38
2014-12-11,1,recovery_or_normalization,6.580105848547044e-09,0.9999999924311851,9.89476021406443e-10,1.7822529757813355e-36
2014-12-12,1,recovery_or_normalization,1.3832705781763865e-08,0.9999999861665856,1.1244107659411508e-12,2.476732038664919e-32
2014-12-15,1,recovery_or_normalization,3.027911080480454e-08,0.9999999696719901,4.943522095574501e-11,9.852549359778955e-34
2014-12-16,1,recovery_or_normalization,1.481908273207737e-08,0.9999999851715984,9.35018044997915e-12,6.325852254496819e-33
2014-12-17,1,recovery_or_normalization,1.9566919369703577e-08,0.9999999008905482,7.954257506437671e-08,5.713810510149453e-34
2014-12-18,1,recovery_or_normalization,6.968258768494305e-09,0.9999950747963665,4.918235305046563e-06,1.192786931430757e-32
2014-12-19,1,recovery_or_normalization,2.5376656523713037e-09,0.9999992917694506,7.056920231358327e-07,1.3459953340970313e-34
2014-12-22,1,recovery_or_normalization,1.272211944076209e-09,0.9999978311594404,2.1675688576211375e-06,3.7645558815992576e-34
2014-12-23,1,recovery_or_normalization,5.390483715038525e-10,0.9999881763331868,1.1823127145799733e-05,3.928242742001596e-35
2014-12-24,1,recovery_or_normalization,7.111117867897581e-10,0.9999855216622038,1.4477626728704101e-05,4.156312712406785e-35
2014-12-26,1,recovery_or_normalization,8.781750491643931e-10,0.9999937619699201,6.237152709403994e-06,2.426138995031448e-34
2014-12-29,1,recovery_or_normalization,2.143038079091505e-09,0.9999954854967695,4.512360473098715e-06,5.692822903326999e-34
2014-12-30,1,recovery_or_normalization,4.517053087408176e-09,0.9999312644354024,6.873104780908895e-05,6.452298076329219e-34
2014-12-31,1,recovery_or_normalization,1.4109827330523248e-09,0.9999610666503437,3.893193855038729e-05,6.571187726622159e-36
2015-01-02,1,recovery_or_normalization,1.669000918760178e-09,0.9999852153088529,1.4783022968047002e-05,4.424811460067189e-36
2015-01-05,1,recovery_or_normalization,1.0718438741613376e-09,0.999999639681911,3.5924672157946965e-07,5.229899985696883e-32
2015-01-06,1,recovery_or_normalization,4.795067727137513e-09,0.9999999729880077,2.2216854193972477e-08,1.802281619418677e-30
2015-01-07,1,recovery_or_normalization,1.3068244638299294e-09,0.9999998172006765,1.814932441748149e-07,7.643945781658844e-32
2015-01-08,1,recovery_or_normalization,1.530064848045184e-09,0.9999908991844983,9.099285373275018e-06,2.3683474547090465e-31
2015-01-09,1,recovery_or_normalization,1.4242211085254573e-08,0.9999850879287354,1.489782933912608e-05,4.805372126787538e-28
2015-01-12,1,recovery_or_normalization,2.9857751363946954e-08,0.9999877713382478,1.219880472105258e-05,1.6396860560121076e-27
2015-01-13,1,recovery_or_normalization,1.2119531558248648e-07,0.999951259456852,4.8619348572541216e-05,3.5662196785008275e-27
2015-01-14,1,recovery_or_normalization,2.3424559201777006e-07,0.9999991267508623,6.39003719326721e-07,3.4102672094273466e-25
2015-01-15,1,recovery_or_normalization,4.86639994934927e-06,0.9999948797289226,2.538711320332529e-07,9.300017027135554e-24
2015-01-16,1,recovery_or_normalization,2.7969543110592187e-06,0.9999584968181702,3.8706228161545204e-05,1.2603841411938273e-25
2015-01-20,1,recovery_or_normalization,6.291165630186794e-07,0.9957109830400867,0.004288387843232098,4.448413251944137e-27
2015-01-21,1,recovery_or_normalization,1.5934213098469255e-07,0.9922627484125037,0.007737092245436183,5.638664199757289e-30
2015-01-22,1,recovery_or_normalization,4.6130788706910785e-09,0.9901012290518881,0.009898766335362632,7.34835685686479e-32
2015-01-23,1,recovery_or_normalization,8.137454603944204e-09,0.9920256467595346,0.007974345103037248,5.712568720178608e-31
2015-01-26,1,recovery_or_normalization,3.5202026795385513e-09,0.9976097097489915,0.002390286731271656,1.501355089897974e-31
2015-01-27,1,recovery_or_normalization,2.4490167388649997e-09,0.9996204565778802,0.0003795409736960707,5.122377573069765e-31
2015-01-28,1,recovery_or_normalization,3.434244699013499e-09,0.9999837473380639,1.6249227731473053e-05,2.021890278864601e-30
2015-01-29,1,recovery_or_normalization,9.598031038182559e-10,0.9999576890915776,4.230994832415775e-05,9.60025128642847e-30
2015-01-30,1,recovery_or_normalization,7.897119386317894e-08,0.9999262371978526,7.368383011408213e-05,1.779032316710869e-26
2015-02-02,1,recovery_or_normalization,1.8324806601097039e-06,0.987745484272375,0.012252683246930376,6.078685524482159e-29
2015-02-03,2,risk_on,1.0094228241810454e-07,0.6606972563008486,0.339302642756517,4.16789152961465e-28
2015-02-04,2,risk_on,4.888550338279159e-06,0.3523657079449688,0.6476294035051298,3.0748156023992342e-27
2015-02-05,2,risk_on,1.0110370578375582e-06,0.0815174897015574,0.918481499261587,1.2607964051572247e-28
2015-02-06,2,risk_on,4.356240750037633e-08,0.012438533490066706,0.9875614229466533,2.695459623438198e-31
2015-02-09,2,risk_on,4.744059038896969e-10,0.0006048090717549198,0.9993951904533078,4.920327232506796e-34
2015-02-10,2,risk_on,9.599446753065632e-12,3.0240920640966265e-06,0.9999969758983094,1.4657917221286114e-34
2015-02-11,2,risk_on,2.1694104005215903e-11,2.807048991575156e-07,0.9999997192735858,5.545661628919994e-35
2015-02-12,2,risk_on,1.586419768273101e-11,1.9107546064275984e-07,0.9999998089079054,5.456694369297033e-35
2015-02-13,2,risk_on,3.8404045861951596e-11,1.7051873430684272e-07,0.9999998294424731,1.5810280494095594e-32
2015-02-17,2,risk_on,3.751074998221692e-10,1.505080116395576e-07,0.9999998491166594,4.150399632773944e-34
2015-02-18,2,risk_on,7.702220142770805e-12,1.1608163903160716e-07,0.999999883910284,7.145528315700752e-35
2015-02-19,2,risk_on,2.1825325534025635e-11,1.5622937488699527e-07,0.9999998437488224,1.221475579384871e-34
2015-02-20,2,risk_on,2.1044439345229266e-12,1.1693542526229322e-07,0.9999998830626351,1.6826843088688246e-35
2015-02-23,2,risk_on,7.357088211774805e-13,5.261056809003989e-07,0.9999994738938333,5.298593236681834e-36
2015-02-24,2,risk_on,1.2992962545842782e-13,3.5809736555220956e-07,0.9999996419028963,5.6092715799876494e-36
2015-02-25,2,risk_on,2.0645086480485536e-13,6.845506878986119e-07,0.9999993154490381,2.3391858748741174e-34
2015-02-26,2,risk_on,4.538702145309325e-12,8.973242973708536e-07,0.9999991026711019,1.8578119712196245e-33
2015-02-27,2,risk_on,2.2983279284742062e-12,2.5929911972568963e-07,0.9999997406994562,4.90101944952399e-33
2015-03-02,2,risk_on,9.236952267809386e-12,1.246374132235865e-07,0.9999998753537589,7.213225421987679e-33
2015-03-03,2,risk_on,1.240126777927063e-10,7.467172721845894e-08,0.9999999252049775,1.0084353258044028e-32
2015-03-04,2,risk_on,9.766659786722082e-12,1.2971363668250501e-08,0.9999999870196916,1.737610601654675e-33
2015-03-05,2,risk_on,5.6763076110433445e-12,6.889035072771722e-08,0.9999999311039597,4.6867859295104223e-32
2015-03-06,2,risk_on,1.40492397559708e-09,9.619548140353764e-07,0.9999990366400291,1.1534187411449317e-32
2015-03-09,2,risk_on,1.3256270869089235e-11,1.2803742175562156e-07,0.9999998719486112,2.549684815210055e-34
2015-03-10,2,risk_on,4.2258328855617483e-10,1.8903970436123202e-05,0.9999810956073562,7.747623219940942e-31
2015-03-11,2,risk_on,5.405663070088877e-10,2.5436482904386504e-05,0.9999745629772598,1.1116316123113333e-31
2015-03-12,2,risk_on,6.268781148214957e-11,1.0329986906608987e-05,0.9999896699506869,1.4973412262733224e-33
2015-03-13,2,risk_on,1.0423389740030465e-10,1.1112727099463057e-05,0.9999888871679037,4.174860332250819e-34
2015-03-16,2,risk_on,5.870584001252917e-12,1.741606749828805e-06,0.9999982583882843,9.760148336259674e-37
2015-03-17,2,risk_on,2.0556431204171588e-11,5.182432157904803e-05,0.9999481756572682,1.4842038058479758e-36
2015-03-18,2,risk_on,3.83444238402896e-12,0.0006709857022790679,0.9993290142945944,1.0387542499391325e-38
2015-03-19,2,risk_on,6.95484210798451e-10,0.002480061832781365,0.9975199374710304,2.060817581357353e-39
2015-03-20,2,risk_on,4.441919200486912e-12,0.0017922242345326295,0.9982077757609795,5.338541182102473e-45
2015-03-23,2,risk_on,2.1514505227963204e-13,0.0008516628151669358,0.9991483371838384,5.379761215809196e-50
2015-03-24,2,risk_on,5.98139035333673e-13,0.00042121107279933893,0.9995787889260077,4.407064854084502e-48
2015-03-25,2,risk_on,2.5328698119239644e-13,7.333067892637324e-05,0.9999266693215714,1.0220117475443088e-49
2015-03-26,2,risk_on,2.6806672884322256e-13,2.455840247118218e-05,0.9999754415981182,1.9753507974372244e-49
2015-03-27,2,risk_on,1.3687922862220162e-12,0.00012182394792767891,0.9998781760510881,3.0195575296044677e-50
2015-03-30,2,risk_on,9.852355399268647e-14,0.0001332113400623786,0.999866788659735,1.6212810084521892e-49
2015-03-31,2,risk_on,1.3024097994149902e-12,0.0004697720430881641,0.9995302279560715,1.4767940009454236e-48
2015-04-01,2,risk_on,1.2546565594100146e-12,0.00038447145610131763,0.9996155285432956,2.65750759676769e-48
2015-04-02,2,risk_on,8.241251325172369e-13,0.00012316427454773252,0.9998768357237824,9.801098238810423e-48
2015-04-06,2,risk_on,1.7589286225522634e-12,5.3521340568014184e-05,0.9999464786568301,9.061384998237757e-48
2015-04-07,2,risk_on,5.388595428175712e-12,4.683944248604577e-06,0.999995316049591,2.5413986689513396e-49
2015-04-08,2,risk_on,1.893894472517013e-12,1.1272427795920632e-06,0.9999988727547121,4.72110170572417e-51
2015-04-09,2,risk_on,1.1229026762991814e-12,1.2277274531927604e-06,0.9999987722720367,1.0093675464410602e-52
2015-04-10,2,risk_on,6.237523209924462e-14,7.122582407324182e-07,0.9999992877422109,1.4054107415920738e-57
2015-04-13,2,risk_on,1.055098747156709e-14,3.1575363193808697e-07,0.9999996842471363,2.580908621772897e-59
2015-04-14,2,risk_on,1.327175365754533e-14,6.534069715107603e-08,0.9999999346600837,4.5428055452626226e-60
2015-04-15,2,risk_on,1.0026089333719769e-14,5.4724148094751245e-08,0.9999999452757052,5.648687784029026e-61
2015-04-16,2,risk_on,5.49637091784075e-15,1.9718037192368386e-08,0.9999999802821551,9.653996159235396e-62
2015-04-17,2,risk_on,8.322221771666642e-16,1.4613034574849083e-07,0.9999998538696779,4.703005004642658e-62
2015-04-20,2,risk_on,2.6761977542854435e-17,4.876088000914941e-08,0.9999999512383523,3.354524841327418e-64
2015-04-21,2,risk_on,2.282940914374135e-17,1.33196611438882e-07,0.9999998668026908,2.2236947510783724e-64
2015-04-22,2,risk_on,1.0537661842590702e-17,2.830581260213506e-07,0.999999716941642,3.804536982334139e-65
2015-04-23,2,risk_on,9.148883969017626e-18,4.214936178390181e-07,0.9999995785056832,2.57008620141287e-66
2015-04-24,2,risk_on,1.4231932234210543e-17,1.3322258212245314e-07,0.999999866777225,2.877687865386485e-67
2015-04-27,2,risk_on,1.9024844073149982e-17,5.3275856253090646e-08,0.9999999467236208,1.5579484655498956e-67
2015-04-28,2,risk_on,6.67704482048946e-17,9.9427673824483e-08,0.9999999005722252,3.4134879541707644e-67
2015-04-29,2,risk_on,3.975867261988567e-18,3.6104164071348936e-08,0.999999963896699,1.2462416761875357e-74
2015-04-30,2,risk_on,3.634797786957082e-19,2.440665800083318e-08,0.9999999755928005,3.289130967247978e-75
2015-05-01,2,risk_on,4.7674145920346763e-20,2.5390289274058533e-08,0.9999999746105462,4.319635701604417e-77
2015-05-04,2,risk_on,1.2301122034594417e-20,3.264384345226377e-08,0.9999999673564167,7.815803488590767e-82
2015-05-05,2,risk_on,2.2592662416741217e-23,1.7738923292228266e-08,0.9999999822612154,8.176234566124493e-90
2015-05-06,2,risk_on,3.113873833128665e-23,3.0388258348449036e-08,0.9999999696119635,5.960487587083189e-91
2015-05-07,2,risk_on,2.6945199659464026e-24,1.37845595105472e-08,0.9999999862156983,7.113719004755506e-98
2015-05-08,2,risk_on,8.951142884196674e-26,1.732766011228072e-08,0.999999982672307,3.5004602405117934e-99
2015-05-11,2,risk_on,1.1818599111163832e-25,3.046913090764689e-08,0.999999969530109,3.698808336984546e-102
2015-05-12,2,risk_on,6.59743030726609e-26,3.02261630808556e-08,0.9999999697738535,1.058979224798534e-105
2015-05-13,2,risk_on,1.7155414826130863e-26,2.996153675610967e-08,0.999999970037607,1.5512957848917145e-106
2015-05-14,2,risk_on,6.437945334027611e-28,4.505988816525386e-08,0.9999999549399955,4.815201781841816e-111
2015-05-15,2,risk_on,4.936696456423144e-30,1.3583600886583896e-08,0.9999999864157871,1.0367694992515095e-110
2015-05-18,2,risk_on,2.1897928774479676e-27,6.040149461239523e-08,0.9999999395986396,1.7551981277749858e-107
2015-05-19,2,risk_on,4.744582207404282e-28,2.8938332533225522e-08,0.999999971061698,8.500404209683176e-109
2015-05-20,2,risk_on,2.7459395708018972e-28,1.7359857599794064e-08,0.9999999826395652,2.124648059988728e-112
2015-05-21,2,risk_on,2.218271660111284e-30,8.532036986642891e-09,0.9999999914671207,3.2651954089413926e-114
2015-05-22,2,risk_on,1.5660084012264771e-30,9.066384497583403e-09,0.9999999909341568,2.054926983076611e-112
2015-05-26,2,risk_on,3.649036887917535e-29,8.803428323458252e-09,0.9999999911960913,1.8117485749493304e-103
2015-05-27,2,risk_on,6.881118590212955e-28,4.029041974488559e-08,0.9999999597093855,3.6676550566573485e-104
2015-05-28,2,risk_on,4.211746263846477e-28,4.089337563940115e-08,0.9999999591073001,2.7942746625202304e-106
2015-05-29,2,risk_on,1.3622498215242857e-29,2.866116910501348e-09,0.9999999971332727,1.8996979173967022e-107
2015-06-01,2,risk_on,1.823462247767678e-30,1.0536495730074047e-08,0.9999999894644134,8.245577325227302e-110
2015-06-02,2,risk_on,5.703853276697929e-30,6.313260262329781e-09,0.9999999936862878,2.4423028217105907e-110
2015-06-03,2,risk_on,8.025919077209584e-29,8.652536137611084e-09,0.9999999913470674,1.8939081682552342e-108
2015-06-04,2,risk_on,2.9794066447776577e-27,4.289360642759756e-09,0.999999995710823,1.390375104978439e-100
2015-06-05,2,risk_on,3.433083913190152e-24,2.1731739081017396e-08,0.9999999782685338,3.2030385908084507e-93
2015-06-08,2,risk_on,1.3751065455041617e-24,1.8997437167417354e-08,0.9999999810024749,8.168638082661112e-93
2015-06-09,2,risk_on,1.6179442507534758e-25,1.166266389018411e-08,0.9999999883366399,2.3028592661474093e-97
2015-06-10,2,risk_on,5.590732857174496e-25,2.052919476095619e-08,0.9999999794708858,1.06229034078554e-99
2015-06-11,2,risk_on,1.4267464110559098e-26,1.2129405983975992e-08,0.9999999878709787,2.943456230253592e-102
2015-06-12,2,risk_on,2.490452070246396e-26,2.153809953453701e-08,0.9999999784613467,8.892939253007509e-102
2015-06-15,2,risk_on,7.443885538055486e-27,9.02451271889248e-08,0.9999999097544828,1.6552064318948057e-100
2015-06-16,2,risk_on,1.984502193777014e-27,5.5313383409198354e-08,0.9999999446863528,2.7232580511148608e-101
2015-06-17,2,risk_on,7.803150414049571e-26,2.775162580663375e-07,0.9999997224841012,2.1097693331770524e-94
2015-06-18,2,risk_on,1.438316660695625e-24,6.9906933479386365e-06,0.9999930093061872,1.6036249995626359e-94
2015-06-19,2,risk_on,2.885843743909957e-26,9.225498867944423e-07,0.9999990774508368,7.570190243153373e-93
2015-06-22,2,risk_on,2.1716258962030174e-26,1.9805799220366329e-07,0.9999998019411774,5.916006478782178e-91
2015-06-23,2,risk_on,8.100678067710732e-26,3.534003837183328e-07,0.9999996465995251,5.02771145062549e-88
2015-06-24,2,risk_on,7.243446208428353e-23,1.6667056196912933e-07,0.9999998333296528,1.6952466950329005e-79
2015-06-25,2,risk_on,1.2618370661410692e-21,1.481966550483522e-07,0.9999998518033063,3.4542891705583687e-78
2015-06-26,2,risk_on,1.6171815613922424e-21,1.555029992685047e-07,0.999999844496427,1.1416431342615389e-73
2015-06-29,2,risk_on,3.0650589945293564e-17,2.5768788272061714e-06,0.9999974231210677,4.5869423346604424e-63
2015-06-30,2,risk_on,7.098931751268593e-18,1.4555215890016339e-06,0.9999985444784804,4.3450846012894874e-64
2015-07-01,2,risk_on,3.424432213054699e-18,1.3724533462219046e-06,0.999998627546152,5.228842476841689e-64
2015-07-02,2,risk_on,1.6825886620754504e-18,1.935431645005747e-06,0.9999980645680437,7.582544175746366e-65
2015-07-06,2,risk_on,5.934239413920026e-18,4.436920616931432e-06,0.9999955630799583,8.535468177262164e-64
2015-07-07,2,risk_on,7.20655483547696e-18,1.10622659063392e-05,0.9999889377334295,1.902758238603714e-63
2015-07-08,2,risk_on,9.189707760578077e-16,0.00027862239156523284,0.999721377609342,3.1043171921283753e-60
2015-07-09,2,risk_on,1.1933950091947936e-16,0.00023043054926596797,0.9997695694506094,3.342537178064018e-62
2015-07-10,2,risk_on,1.4836987378473326e-17,2.811894685888272e-05,0.9999718810528851,2.1540738627227265e-63
2015-07-13,2,risk_on,2.140472997137059e-18,2.6850025417889326e-05,0.9999731499741203,1.3192794867165944e-62
2015-07-14,2,risk_on,1.6427853556414336e-17,0.0008507789550776445,0.9991492210454007,3.761798823198356e-62
2015-07-15,2,risk_on,2.332454458922412e-17,0.010503694966377245,0.9894963050339713,1.0487268111920913e-63
2015-07-16,2,risk_on,2.2179526242527988e-18,0.04707437095748153,0.9529256290433603,3.5142335696890643e-66
2015-07-17,2,risk_on,7.725415247904541e-19,0.14615969356286487,0.8538403064377788,1.585477541305302e-68
2015-07-20,2,risk_on,1.329553737735036e-19,0.3014661496171133,0.6985338503828831,2.8859851971341134e-71
2015-07-21,1,recovery_or_normalization,3.720706280773227e-19,0.6558313854642785,0.3441686145363321,3.1141220505711223e-69
2015-07-22,1,recovery_or_normalization,6.964990918971703e-19,0.9918902489775553,0.008109751021715749,2.2364766342793063e-69
2015-07-23,1,recovery_or_normalization,4.661881368467028e-19,0.9998242033906457,0.0001757966086311431,8.892875301203691e-68
2015-07-24,1,recovery_or_normalization,7.004394294027151e-18,0.9999871902147884,1.2809785549985787e-05,9.537378560462486e-65
2015-07-27,1,recovery_or_normalization,4.578303767861011e-17,0.9999993955154431,6.044852794323713e-07,2.264852150377202e-64
2015-07-28,1,recovery_or_normalization,8.732048523670397e-18,0.9999828327600178,1.7167239687302544e-05,5.849698679973514e-65
2015-07-29,1,recovery_or_normalization,4.300823711111096e-17,0.999990682179242,9.317821397624877e-06,4.346781622316363e-63
2015-07-30,1,recovery_or_normalization,3.8596489786707356e-16,0.9999997804152613,2.1958532139492762e-07,5.2213209370912185e-65
2015-07-31,1,recovery_or_normalization,2.9675207530427073e-19,0.9999994709870896,5.290138041737639e-07,4.784347985743783e-68
2015-08-03,1,recovery_or_normalization,1.7385081999849936e-18,0.9999998368530347,1.6314716395329705e-07,3.4322922308744055e-66
2015-08-04,1,recovery_or_normalization,2.4355516918426977e-17,0.999998127021107,1.8729788606926564e-06,1.4184065950422409e-63
2015-08-05,1,recovery_or_normalization,3.32383296152606e-17,0.9999914173081349,8.58269191918419e-06,3.906570749264609e-61
2015-08-06,1,recovery_or_normalization,2.1266356928858244e-16,0.999999459138199,5.408613915728547e-07,1.1363606750871578e-57
2015-08-07,1,recovery_or_normalization,5.15252804742099e-15,0.9999999989977368,1.0019480189435178e-09,1.024328105711691e-57
2015-08-10,1,recovery_or_normalization,1.2275972804871687e-15,0.9999999798510546,2.0148654218284758e-08,1.1665009138238913e-55
2015-08-11,1,recovery_or_normalization,8.04421810606902e-15,0.9999999977844709,2.215040821852234e-09,2.072067111261987e-55
2015-08-12,1,recovery_or_normalization,1.556230147759534e-16,0.9999999174560833,8.254339876792661e-08,5.74808916795401e-56
2015-08-13,1,recovery_or_normalization,5.247004673267292e-16,0.9999999262217926,7.377733967654133e-08,4.472618625296173e-55
2015-08-14,1,recovery_or_normalization,1.5889799754859009e-15,0.9999999073370461,9.266240498632612e-08,1.334025664335143e-54
2015-08-17,1,recovery_or_normalization,5.653089567063271e-16,0.9999998489474934,1.5105314465083374e-07,1.5156832063093437e-55
2015-08-18,1,recovery_or_normalization,8.521430875698252e-16,0.9999998591611173,1.408392987299717e-07,3.1715655672850865e-56
2015-08-19,1,recovery_or_normalization,6.529534123566935e-16,0.9999998009589233,1.9904147303699293e-07,2.66464823746114e-54
2015-08-20,1,recovery_or_normalization,9.345160074828316e-15,0.9999998956354884,1.0436390016566897e-07,1.0738589432572686e-50
2015-08-21,1,recovery_or_normalization,1.9570362715940392e-15,0.999999999996362,3.2879258305304534e-12,1.0606877712577087e-54
2015-08-24,1,recovery_or_normalization,1.3749855126841162e-21,1.0,3.7644931867084766e-27,2.3790518318862462e-49
2015-08-25,1,recovery_or_normalization,4.845553276362444e-18,1.0,2.7425838720283456e-21,6.805348399410158e-52
2015-08-26,1,recovery_or_normalization,3.097612203155174e-19,1.0,1.6887702068568837e-15,6.503482040562961e-53
2015-08-27,1,recovery_or_normalization,2.593891976534003e-21,1.0,1.8660034334727485e-13,3.5345082115864985e-55
2015-08-28,1,recovery_or_normalization,1.1001271767996812e-20,1.0,1.1077626563871777e-13,3.559942668068893e-55
2015-08-31,1,recovery_or_normalization,3.972121761635534e-21,1.0,3.4588988910472602e-15,2.4663278835630797e-54
2015-09-01,1,recovery_or_normalization,5.493523780268141e-20,1.0,2.8088389502544806e-19,2.868815724444487e-49
2015-09-02,1,recovery_or_normalization,3.2036871720013847e-20,1.0,2.7670857364588153e-16,1.949397317107093e-49
2015-09-03,1,recovery_or_normalization,9.89723659329353e-21,1.0,4.5543356072314e-16,1.5565307203797084e-48
2015-09-04,1,recovery_or_normalization,1.3035676417024698e-19,1.0,1.251217241311435e-18,2.593069619640134e-46
2015-09-08,1,recovery_or_normalization,5.177593889297676e-20,1.0,3.8344567287262957e-17,2.202466112350208e-45
2015-09-09,1,recovery_or_normalization,9.646918092206707e-21,1.0,1.983700089321856e-18,3.4795329593809597e-45
2015-09-10,1,recovery_or_normalization,9.515134842113466e-20,1.0,2.0078460884201008e-17,3.2462403471983864e-43
2015-09-11,1,recovery_or_normalization,5.957373906336645e-19,1.0,9.687091859902575e-17,4.420905370689833e-45
2015-09-14,1,recovery_or_normalization,2.528005700721109e-20,1.0,7.233982539123446e-18,1.1070784132178616e-45
2015-09-15,1,recovery_or_normalization,1.1396619629231258e-20,1.0,9.878628179932597e-17,8.301279382955309e-44
2015-09-16,1,recovery_or_normalization,2.732663382499608e-19,1.0,8.258977752218148e-15,2.847438507225541e-45
2015-09-17,1,recovery_or_normalization,1.9690325279186106e-20,1.0,2.7440674665807776e-15,1.4387830110112677e-47
2015-09-18,1,recovery_or_normalization,3.6527701881416877e-20,1.0,1.6273258566226528e-17,4.665125606667211e-44
2015-09-21,1,recovery_or_normalization,2.0945780872265296e-18,1.0,5.369949662936076e-16,3.1882833195613504e-38
2015-09-22,1,recovery_or_normalization,3.7888797816752716e-13,1.0,2.40607731223171e-17,1.8770063553420532e-31
2015-09-23,1,recovery_or_normalization,1.9163847175817907e-08,0.9999999808369469,6.21691648638909e-25,5.946071418425189e-26
2015-09-24,1,recovery_or_normalization,4.2944922620540615e-07,0.999999570551246,6.772542404822845e-23,6.010465491203376e-29
2015-09-25,1,recovery_or_normalization,3.0884779821305645e-10,0.9999999996907718,6.543812047696009e-20,3.0630017183291573e-33
2015-09-28,1,recovery_or_normalization,1.002656082217193e-09,0.9999999989977368,1.5852466079664487e-24,5.084006855203409e-31
2015-09-29,1,recovery_or_normalization,2.537012605731573e-10,0.9999999997471605,1.8458773231465637e-25,2.7581850008590263e-32
2015-09-30,1,recovery_or_normalization,5.7601443923662694e-11,0.9999999999417923,1.46172265054165e-22,1.2986801866821762e-32
2015-10-01,1,recovery_or_normalization,2.6658021394701454e-09,0.9999999973333615,1.4287571346176897e-28,5.362662601248329e-33
2015-10-02,1,recovery_or_normalization,8.46296681401887e-11,0.9999999999145075,1.0378739838578057e-24,1.230091095675565e-36
2015-10-05,1,recovery_or_normalization,3.297213513730357e-11,0.9999999999672582,1.2298226308505138e-18,7.549521256180602e-37
2015-10-06,1,recovery_or_normalization,2.020254800964673e-10,0.9999999997980922,2.5438803515234317e-20,2.177111470813177e-35
2015-10-07,1,recovery_or_normalization,1.0281809087040434e-10,0.9999999998963176,1.4318373436807623e-16,7.3177186140176e-37
2015-10-08,1,recovery_or_normalization,1.5345393664368478e-10,0.9999999998472049,7.141121924344448e-16,1.8660818792286114e-37
2015-10-09,1,recovery_or_normalization,9.191793611141161e-11,0.9999999999072315,1.2024880989497466e-15,1.274296153646757e-37
2015-10-12,1,recovery_or_normalization,1.7408786706137826e-10,0.999999999825377,1.1778933656958304e-16,4.4049066279827475e-37
2015-10-13,1,recovery_or_normalization,1.1069802725209524e-10,0.9999999998890416,1.5538771383054414e-16,2.034516235891199e-38
2015-10-14,1,recovery_or_normalization,2.7529533493363795e-11,0.9999999999727152,3.351655210601331e-17,9.444674180469515e-40
2015-10-15,1,recovery_or_normalization,7.2066812951143e-12,0.999999999992724,9.149190363080276e-15,1.019693886422084e-41
2015-10-16,1,recovery_or_normalization,6.535108195532004e-13,1.0,6.66604660910196e-14,3.904138537218766e-41
2015-10-19,1,recovery_or_normalization,4.267387010374886e-12,0.999999999996362,1.9506119695310744e-14,4.4464961795366765e-40
2015-10-20,1,recovery_or_normalization,2.5170243411493478e-12,0.999999999998181,1.1090918786343168e-13,1.0665144174221436e-39
2015-10-21,1,recovery_or_normalization,3.015858179496212e-11,0.9999999999690772,1.4364924230809493e-15,4.883486798371471e-38
2015-10-22,1,recovery_or_normalization,1.8760499977322788e-11,0.9999999999818101,9.53759963833264e-14,1.781432367239723e-38
2015-10-23,1,recovery_or_normalization,1.4406694238717762e-11,0.9999999999781721,7.043409302315977e-12,2.3900571954247078e-39
2015-10-26,1,recovery_or_normalization,1.2322549489799261e-11,0.9999999999690772,1.7948001117860206e-11,2.3744620735644665e-39
2015-10-27,1,recovery_or_normalization,1.7506358698962744e-10,0.999999999825377,2.3632671656638703e-14,6.897286892143793e-40
2015-10-28,1,recovery_or_normalization,2.2668109836457958e-11,0.9999999999763531,1.9702662053868658e-13,1.2041047708623405e-41
2015-10-29,1,recovery_or_normalization,2.868721455228148e-12,0.9999999999527063,4.38532816066217e-11,1.1715445829498047e-44
2015-10-30,1,recovery_or_normalization,1.0844198584143573e-12,0.9999999999763531,2.2470443561517615e-11,1.864442372935584e-43
2015-11-02,1,recovery_or_normalization,4.2765790724902024e-13,0.999999999830834,1.6882001378088344e-10,1.4480413962952168e-44
2015-11-03,1,recovery_or_normalization,4.588944483313593e-13,0.9999999726896934,2.7310103904843003e-08,7.729848284218112e-46
2015-11-04,1,recovery_or_normalization,2.070207931100443e-12,0.9999999384890562,6.150900084861256e-08,2.0363326311063338e-44
2015-11-05,1,recovery_or_normalization,7.690914729430817e-12,0.9999999682113417,3.1781723625616676e-08,5.322720156154567e-44
2015-11-06,1,recovery_or_normalization,2.2840349367120797e-12,0.9999999911033228,8.894487182338357e-09,1.3252851418816377e-45
2015-11-09,1,recovery_or_normalization,6.251514023524471e-12,0.9999999841620594,1.5832418379538814e-08,5.8379484915204e-46
2015-11-10,1,recovery_or_normalization,5.738213163535376e-13,0.9999999997326086,2.661464508661649e-10,1.55069090024197e-43
2015-11-11,1,recovery_or_normalization,2.240232185885392e-12,0.999999993486199,6.51226448567712e-09,7.433613045043109e-44
2015-11-12,1,recovery_or_normalization,2.4846125853512737e-11,0.999999998104613,1.8697596911793933e-09,1.4584275171022144e-42
2015-11-13,1,recovery_or_normalization,5.2870341981404325e-11,0.9999999996962288,2.512702281649313e-10,4.0886921234062244e-42
2015-11-16,1,recovery_or_normalization,5.358005180317697e-12,0.9999999985720933,1.4217585387024818e-09,4.664609465012956e-44
2015-11-17,1,recovery_or_normalization,4.012277476389391e-12,0.9999999998126441,1.8371125684482815e-10,1.3758769718796358e-45
2015-11-18,1,recovery_or_normalization,6.2062115607125e-13,0.9999999992905941,7.095687885131435e-10,8.527424623810428e-47
2015-11-19,1,recovery_or_normalization,3.4892123106240052e-12,0.9999999997453415,2.5079505884939944e-10,1.4502642488936924e-44
2015-11-20,1,recovery_or_normalization,2.9047907216870222e-11,0.9999999944247975,5.546793591908987e-09,1.302002145286227e-39
2015-11-23,1,recovery_or_normalization,7.92549757791185e-09,0.9999999773317543,1.4742868326676839e-08,2.6794885801731718e-39
2015-11-24,1,recovery_or_normalization,9.432017498173871e-12,0.9999999293231692,7.066783362576694e-08,1.0171881302280213e-47
2015-11-25,1,recovery_or_normalization,5.871270538863055e-13,0.9999998375169658,1.6248264695882692e-07,4.11412911534764e-49
2015-11-27,1,recovery_or_normalization,2.1009991649526244e-12,0.9999998509156396,1.4908304265790095e-07,7.995225373458392e-49
2015-11-30,1,recovery_or_normalization,1.3297597393501987e-12,0.9999998833645872,1.1663485422824453e-07,1.0625376681499711e-47
2015-12-01,1,recovery_or_normalization,8.04659349610898e-13,0.9999979755650684,2.0244350306837545e-06,2.849423823839108e-49
2015-12-02,1,recovery_or_normalization,1.6443109997874174e-13,0.9999998220646534,1.779344288268649e-07,1.3888908581546785e-51
2015-12-03,1,recovery_or_normalization,4.804854682711758e-15,0.9999986556422241,1.3443585668222761e-06,1.5124353689191347e-57
2015-12-04,1,recovery_or_normalization,3.403230020079575e-16,0.9999999027440983,9.725586969820968e-08,8.508416681643972e-63
2015-12-07,1,recovery_or_normalization,2.858273270544671e-18,0.9999999855263013,1.4473708861169906e-08,8.031296638521541e-67
2015-12-08,1,recovery_or_normalization,3.1760363761043584e-17,0.9999999995870894,4.125899164820982e-10,3.195938209499626e-66
2015-12-09,1,recovery_or_normalization,1.3089771209341679e-17,0.9999999225274253,7.747239770891062e-08,1.8439038120716682e-66
2015-12-10,1,recovery_or_normalization,9.849791740366502e-18,0.999999981675501,1.8323663197485597e-08,1.840548253193628e-66
2015-12-11,1,recovery_or_normalization,9.487988084976937e-17,1.0,7.624839904472311e-14,4.765917087842879e-62
2015-12-14,1,recovery_or_normalization,6.404785027045813e-17,1.0,1.0631690906156834e-13,1.071923584915847e-63
2015-12-15,1,recovery_or_normalization,9.564718793502557e-17,0.9999999978590495,2.140959938640527e-09,3.8529697197022855e-66
2015-12-16,1,recovery_or_normalization,2.5968096563396916e-18,0.9999999897881935,1.0211491752826809e-08,1.1949127439205204e-66
2015-12-17,1,recovery_or_normalization,4.643247539040352e-16,0.9999999999799911,1.9605947211840803e-11,1.6720208964472855e-63
2015-12-18,1,recovery_or_normalization,1.1596879712328128e-16,0.999999999998181,1.7011202667349623e-12,1.3306502032293083e-62
2015-12-21,1,recovery_or_normalization,3.207737396658463e-17,0.9999999998999556,1.0002361086089154e-10,1.1728743289176568e-64
2015-12-22,1,recovery_or_normalization,3.4661899400236838e-18,0.9999999450592456,5.4941192604640265e-08,3.3707780587292176e-64
2015-12-23,1,recovery_or_normalization,7.565648167175459e-19,0.9999992383912457,7.616094540765994e-07,4.271708896834267e-64
2015-12-24,1,recovery_or_normalization,2.6944106357928745e-18,0.9999990493056401,9.506936403552662e-07,4.208136007456635e-64
2015-12-28,1,recovery_or_normalization,4.950864497446753e-19,0.9999991773951223,8.226048649528426e-07,4.320346676616124e-68
2015-12-29,1,recovery_or_normalization,1.0874314409993792e-19,0.9999966014296204,3.398570474038974e-06,3.2792066669489644e-69
2015-12-30,1,recovery_or_normalization,2.3341603910372234e-20,0.9999933343046238,6.6656945566128424e-06,5.191549643729383e-72
2015-12-31,1,recovery_or_normalization,2.7757955100837126e-21,0.9999985333335486,1.466666878267435e-06,1.3927934487150458e-68
2016-01-04,1,recovery_or_normalization,1.271254496162866e-18,0.9999998874827788,1.1251770183087941e-07,6.818626234119064e-65
2016-01-05,1,recovery_or_normalization,5.727495698430705e-19,0.9999999685733205,3.142695175902554e-08,9.183216006916164e-68
2016-01-06,1,recovery_or_normalization,1.682164098294143e-18,0.9999999171250272,8.2874255601621e-08,1.9169894252860847e-64
2016-01-07,1,recovery_or_normalization,1.2709601190307699e-18,0.9999999987485353,1.2521692242878424e-09,3.0133487665296703e-64
2016-01-08,1,recovery_or_normalization,2.3960250768917646e-20,0.9999999998726707,1.2791764934714226e-10,1.8588420172948597e-63
2016-01-11,1,recovery_or_normalization,1.01788672186929e-18,0.9999999999872671,1.3284764131028442e-11,3.6865154246586785e-63
2016-01-12,1,recovery_or_normalization,2.460276989677006e-19,0.9999999997562554,2.43851572511265e-10,6.509762122604568e-63
2016-01-13,1,recovery_or_normalization,9.858040303479095e-17,1.0,9.255177595752648e-16,7.400774327580465e-58
2016-01-14,1,recovery_or_normalization,2.4242398811741468e-18,0.9999999999872671,1.1838970799076913e-11,1.227598790241452e-59
2016-01-15,1,recovery_or_normalization,3.5735840768629943e-19,1.0,2.2606331929665596e-17,7.18957161807232e-58
2016-01-19,1,recovery_or_normalization,1.4163739643382547e-18,1.0,3.4479159243982104e-18,1.4613644314440277e-58
2016-01-20,1,recovery_or_normalization,1.563074882149399e-19,1.0,3.129135334991406e-20,1.1801131641987956e-55
2016-01-21,1,recovery_or_normalization,1.6475507273195837e-19,1.0,5.55668181478753e-19,1.4970981617973717e-55
2016-01-22,1,recovery_or_normalization,4.154123741754496e-19,1.0,1.2989275171775399e-14,6.274698192100767e-56
2016-01-25,1,recovery_or_normalization,1.1256631774518441e-19,1.0,1.3351826418680649e-18,3.429490000707013e-58
2016-01-26,1,recovery_or_normalization,5.728740939595407e-22,1.0,1.6998181538169698e-15,3.4445794776336686e-61
2016-01-27,1,recovery_or_normalization,5.5953343902006595e-21,1.0,6.086162332890873e-18,2.606725281226491e-59
2016-01-28,1,recovery_or_normalization,1.9856629643472414e-21,1.0,1.5848187206670054e-16,1.2600949854897665e-64
2016-01-29,1,recovery_or_normalization,2.058675677132571e-26,1.0,9.163144837521924e-14,4.830919964524033e-72
2016-02-01,1,recovery_or_normalization,1.4032991426555066e-25,1.0,8.97650194016201e-16,8.180727727517766e-70
2016-02-02,1,recovery_or_normalization,7.346776359702398e-24,1.0,1.3599349578544317e-21,4.799435242260596e-66
2016-02-03,1,recovery_or_normalization,7.171970052276299e-26,1.0,1.5755409591795033e-18,4.6524030282461334e-67
2016-02-04,1,recovery_or_normalization,7.775057313639352e-24,1.0,2.742872332687167e-19,6.104427995796946e-66
2016-02-05,1,recovery_or_normalization,1.3924734300190443e-22,1.0,3.0274164294840513e-24,2.9358143047742867e-59
2016-02-08,1,recovery_or_normalization,2.532884158867052e-19,1.0,4.185475274079501e-31,1.1716605136974974e-56
2016-02-09,1,recovery_or_normalization,1.808119529543133e-20,1.0,3.213987541550436e-32,4.3016291537553803e-57
2016-02-10,1,recovery_or_normalization,3.861078579097599e-21,1.0,1.824006773624773e-34,4.7245267723616176e-57
2016-02-11,1,recovery_or_normalization,8.9303218904301e-22,1.0,8.275953071707194e-36,4.6298873011671956e-55
2016-02-12,1,recovery_or_normalization,5.48892957811454e-20,1.0,3.079964419934809e-30,6.456334694308641e-54
2016-02-16,1,recovery_or_normalization,1.6831326254902982e-21,1.0,3.448401229698926e-24,1.708146017363079e-55
2016-02-17,1,recovery_or_normalization,9.072818414786606e-21,1.0,1.2341453380728302e-21,5.626458211266511e-57
2016-02-18,1,recovery_or_normalization,3.624133402070491e-22,1.0,2.1396619145864104e-23,9.150422858337694e-56
2016-02-19,1,recovery_or_normalization,2.90340361913757e-21,1.0,9.736056290174204e-25,5.909144777620275e-56
2016-02-22,1,recovery_or_normalization,1.009113939889223e-22,1.0,3.788222744510148e-22,9.543057459875554e-60
2016-02-23,1,recovery_or_normalization,5.386774207249078e-22,1.0,8.394988176358788e-22,7.798217896238017e-57
2016-02-24,1,recovery_or_normalization,1.5424429896525e-20,1.0,1.4621943497093307e-21,2.096736840159555e-57
2016-02-25,1,recovery_or_normalization,2.0223473519640812e-21,1.0,2.16310354915396e-18,6.483145720972704e-59
2016-02-26,1,recovery_or_normalization,1.3077336209233674e-20,1.0,1.4753068488598313e-18,1.792908864919583e-58
2016-02-29,1,recovery_or_normalization,2.645090193244666e-21,1.0,8.382170972915644e-20,8.782447570602051e-61
2016-03-01,1,recovery_or_normalization,6.595160904340722e-24,1.0,1.4110841627419212e-16,2.7271552850891034e-62
2016-03-02,1,recovery_or_normalization,1.0270414396288651e-23,1.0,2.840862930940455e-16,7.44458540342432e-61
2016-03-03,1,recovery_or_normalization,2.2063407143873064e-22,1.0,5.472310178823398e-18,1.346633486070941e-60
2016-03-04,1,recovery_or_normalization,7.831457534369335e-23,1.0,4.8992807784257e-16,3.235182848305035e-59
2016-03-07,1,recovery_or_normalization,1.9037458143358367e-20,1.0,1.6404674081818064e-16,2.6611155601626753e-53
2016-03-08,1,recovery_or_normalization,1.6280640442098747e-18,1.0,1.5070495522528779e-19,4.4023801512018314e-49
2016-03-09,1,recovery_or_normalization,1.34655001934512e-16,1.0,4.659851952723047e-23,1.8914620650711443e-49
2016-03-10,1,recovery_or_normalization,5.606436279779122e-17,1.0,2.8788545645682953e-25,3.306131365043765e-47
2016-03-11,1,recovery_or_normalization,1.8486735975746283e-16,1.0,7.085333181083405e-26,7.849742615012952e-46
2016-03-14,1,recovery_or_normalization,1.7288120922884715e-15,1.0,7.362667146781405e-27,6.8380151551371e-46
2016-03-15,1,recovery_or_normalization,2.7299853665086267e-15,1.0,1.217564876687965e-17,5.969265638042816e-47
2016-03-16,1,recovery_or_normalization,1.8917261571389252e-16,1.0,1.2233317379185886e-16,4.472277841007003e-50
2016-03-17,1,recovery_or_normalization,4.588617814905823e-19,1.0,3.1679288147009145e-14,1.6185944081850887e-53
2016-03-18,1,recovery_or_normalization,6.058093521807185e-20,1.0,6.683510177001786e-15,1.2625072350163347e-54
2016-03-21,1,recovery_or_normalization,5.0239695808156295e-20,1.0,7.677506887254066e-15,2.4628642388430918e-52
2016-03-22,1,recovery_or_normalization,3.931113008511867e-19,0.999999999998181,1.583490023672166e-12,8.618827524588038e-52
2016-03-23,1,recovery_or_normalization,5.818393306417711e-19,1.0,8.562392069013131e-14,1.0228468035796337e-50
2016-03-24,1,recovery_or_normalization,3.4586733019933735e-19,0.999999999998181,1.2948568356723293e-12,1.3571763227119735e-51
2016-03-28,1,recovery_or_normalization,2.478770689340253e-19,0.9999999999818101,1.7553577874800764e-11,1.2707383764459761e-54
2016-03-29,1,recovery_or_normalization,1.1394809634342603e-20,0.9999999999690772,3.076045458447795e-11,5.761217344333662e-56
2016-03-30,1,recovery_or_normalization,5.441209119758626e-20,0.9999999999763531,2.3375355481738713e-11,7.513390859877523e-57
2016-03-31,1,recovery_or_normalization,5.6863094767789806e-21,1.0,2.2579117837444763e-13,4.1728737648410414e-58
2016-04-01,1,recovery_or_normalization,3.101636480046204e-21,0.9999999999854481,1.3884622948049821e-11,2.871226326369254e-56
2016-04-04,1,recovery_or_normalization,2.779008735021592e-20,0.9999999999836291,1.6080200666663417e-11,1.7909128207667313e-53
2016-04-05,1,recovery_or_normalization,1.9291193646407845e-18,1.0,4.558436787983673e-13,1.3181121227689236e-49
2016-04-06,1,recovery_or_normalization,1.4474094289861962e-17,0.9999999998381099,1.6122518809800305e-10,3.725238956876223e-49
2016-04-07,1,recovery_or_normalization,1.395952293972706e-16,0.99999999981992,1.7941465945173505e-10,3.874519318397555e-46
2016-04-08,1,recovery_or_normalization,2.892340384317043e-16,0.9999999986957846,1.3034077264692614e-09,5.2476475595340045e-43
2016-04-11,1,recovery_or_normalization,1.5701576317185062e-14,0.9999999984684109,1.5313536065774296e-09,2.610901702375337e-40
2016-04-12,1,recovery_or_normalization,5.810341481114614e-14,0.9999999682131607,3.178645661856261e-08,4.0760781819495934e-39
2016-04-13,1,recovery_or_normalization,1.9735638628116917e-12,0.9996190334307995,0.0003809665673819414,3.916132153994957e-39
2016-04-14,1,recovery_or_normalization,1.0162144542136487e-11,0.9703865623210481,0.02961343766866268,4.331842360624806e-39
2016-04-15,1,recovery_or_normalization,4.126634106268142e-13,0.9558730713260767,0.04412692867339982,1.1697095555004955e-40
2016-04-18,1,recovery_or_normalization,3.8861304045484985e-12,0.5653296369844956,0.43467036301118617,1.738963160689766e-39
2016-04-19,2,risk_on,1.1855464564902347e-10,0.1358307478111528,0.8641692520712003,8.582820510969335e-39
2016-04-20,2,risk_on,3.355448383836334e-11,0.01748780641996712,0.9825121935469947,2.3947748697665174e-38
2016-04-21,2,risk_on,1.271480237703966e-11,0.0008144399074122659,0.9991855600801097,1.9186172644626127e-40
2016-04-22,2,risk_on,3.007839082585546e-14,3.0497393004892416e-05,0.9999695026065941,8.476457308383724e-42
2016-04-25,2,risk_on,7.631277974083552e-14,8.393117415656515e-06,0.9999916068816014,1.9543470498482887e-41
2016-04-26,2,risk_on,1.576200394811073e-14,1.7118711667954308e-05,0.999982881288004,5.2752083504810454e-42
2016-04-27,2,risk_on,1.330546808417196e-14,0.00010451216430994964,0.9998954878349534,1.5216799739140044e-42
2016-04-28,2,risk_on,5.930062080880234e-16,0.0003529029705561663,0.999647097029974,1.586377426901627e-43
2016-04-29,2,risk_on,3.7703340129102127e-16,0.002509116429372332,0.99749088357111,9.327719969469818e-43
2016-05-02,2,risk_on,2.4841093409508667e-16,0.003046787383982663,0.9969532126153269,4.487245183280002e-43
2016-05-03,2,risk_on,1.4539778851546262e-16,0.00410080202798858,0.9958991979726791,9.632087272947265e-42
2016-05-04,2,risk_on,5.764685665076815e-17,0.003348891647287427,0.9966511083518335,1.0655556036585648e-41
2016-05-05,2,risk_on,3.890773260730023e-17,0.001737062457468569,0.9982629375417514,3.186657734219134e-42
2016-05-06,2,risk_on,1.0951714845249161e-16,0.00011303422537868077,0.9998869657743984,7.153258714592148e-42
2016-05-09,2,risk_on,2.900718523116241e-17,1.2219719807362059e-05,0.9999877802802903,3.022419768135027e-43
2016-05-10,2,risk_on,9.272249749530836e-18,1.5603629000328588e-06,0.9999984396375462,2.9505980520937824e-45
2016-05-11,2,risk_on,5.972270861609084e-17,8.700856935428894e-06,0.9999912991439665,6.852986982952468e-43
2016-05-12,2,risk_on,1.3980539287114208e-16,4.123970589929471e-06,0.9999958760302886,4.866344130423863e-43
2016-05-13,2,risk_on,5.169728475748136e-17,2.268549103170892e-05,0.9999773145090566,1.4683964759817071e-46
2016-05-16,2,risk_on,1.5094628221750734e-19,2.3325941461012963e-06,0.999997667405288,2.866461188743633e-50
2016-05-17,2,risk_on,2.7104493392208406e-19,1.634884688307464e-05,0.9999836511532912,1.2013988922811295e-50
2016-05-18,2,risk_on,3.0721440174744507e-19,2.343250056359254e-06,0.999997656749673,5.476325862903757e-50
2016-05-19,2,risk_on,1.1058650417680024e-17,1.0123395921662142e-05,0.9999898766039597,2.419110764101036e-49
2016-05-20,2,risk_on,8.027107097101808e-19,5.640284648848787e-06,0.9999943597153919,6.404928414302105e-51
2016-05-23,2,risk_on,1.198924069758962e-18,5.1453022968702226e-06,0.9999948546979379,3.346505407007971e-50
2016-05-24,2,risk_on,7.950485139717833e-19,6.553651658019692e-06,0.9999934463481734,9.297163305276117e-51
2016-05-25,2,risk_on,3.905782214533047e-18,9.301701565256345e-06,0.999990698298976,3.1341137819725924e-51
2016-05-26,2,risk_on,1.0268366502107652e-17,4.4931178784544485e-06,0.9999955068825316,8.465907191671676e-51
2016-05-27,2,risk_on,8.646675243204982e-18,1.7440086228000108e-05,0.9999825599145095,6.462674665080848e-51
2016-05-31,2,risk_on,5.602799484090619e-18,0.0007886820247341891,0.9992113179747785,9.415171313055922e-54
2016-06-01,2,risk_on,1.4962441151437196e-17,0.019683466445447603,0.9803165335551427,6.599544869260166e-54
2016-06-02,2,risk_on,4.365328588435794e-17,0.06303021404292905,0.9369697859563959,2.0758037305353646e-53
2016-06-03,2,risk_on,3.8815061551529857e-17,0.1314770507580654,0.8685229492411064,5.547890911630177e-53
2016-06-06,2,risk_on,2.876064495264109e-17,0.2302012799637228,0.769798720036529,6.086603922392476e-53
2016-06-07,2,risk_on,3.0417407411214335e-17,0.5442911788795523,0.45570882111962124,5.943180339921886e-54
2016-06-08,1,recovery_or_normalization,7.128769301049708e-18,0.9044749909087093,0.0955250090915932,6.274220717573307e-55
2016-06-09,1,recovery_or_normalization,1.4984608096682508e-18,0.9418110811762548,0.05818891882329647,2.7344352833285346e-57
2016-06-10,1,recovery_or_normalization,3.5972686972366915e-19,0.9762049917448885,0.023795008254213653,1.0547412881770703e-58
2016-06-13,1,recovery_or_normalization,1.0504866928292993e-18,0.9998238160213639,0.00017618397871291042,8.153639177132768e-57
2016-06-14,1,recovery_or_normalization,1.3071391041170967e-17,0.9999791657943502,2.0834204908879978e-05,6.841545200440061e-56
2016-06-15,1,recovery_or_normalization,1.691730933930358e-17,0.999996256866964,3.7431332797614258e-06,4.389652090322388e-57
2016-06-16,1,recovery_or_normalization,4.956048649017121e-18,0.9999926809354746,7.3190652005661025e-06,6.700525316316172e-56
2016-06-17,1,recovery_or_normalization,9.939441736663577e-18,0.999991524443878,8.475556358450617e-06,4.428681867448306e-55
2016-06-20,1,recovery_or_normalization,5.966908626531979e-17,0.9999387089567724,6.129104322032042e-05,1.3401394352622332e-55
2016-06-21,1,recovery_or_normalization,3.746755406627559e-18,0.9999444757476598,5.552425266378026e-05,5.293424599644137e-56
2016-06-22,1,recovery_or_normalization,3.9349210261354505e-18,0.9999958520652024,4.147934790670199e-06,2.5184420438702683e-57
2016-06-23,1,recovery_or_normalization,1.5927632428044054e-18,0.9998619250708424,0.00013807492971196607,1.403514595982784e-55
2016-06-24,1,recovery_or_normalization,1.5258104117395747e-16,0.9999999433584905,5.6641084693467394e-08,5.289816446370068e-47
2016-06-27,1,recovery_or_normalization,1.048479242924109e-15,0.9999999889550963,1.104410026491891e-08,4.0230187521484134e-45
2016-06-28,1,recovery_or_normalization,1.4199962208886408e-18,0.9999993711355432,6.288651662836106e-07,7.36598605173697e-46
2016-06-29,1,recovery_or_normalization,3.0599803305354303e-17,0.9999921413581907,7.858641540710379e-06,2.4101452231444143e-47
2016-06-30,1,recovery_or_normalization,6.7127517652611115e-18,0.9999976435529359,2.356446180918671e-06,1.3306112290555767e-50
2016-07-01,1,recovery_or_normalization,1.6879903825760929e-19,0.9999997450231929,2.5497752915710445e-07,6.059429960969616e-51
2016-07-05,1,recovery_or_normalization,9.453255262025573e-20,0.9999989339272586,1.06607362450437e-06,1.0293512820020957e-50
2016-07-06,1,recovery_or_normalization,4.288714529284131e-20,0.9999999730425774,2.6956786543994598e-08,3.0496027730559924e-52
2016-07-07,1,recovery_or_normalization,1.3490100491871996e-19,0.9999999295851036,7.041425893106811e-08,5.438434795298727e-53
2016-07-08,1,recovery_or_normalization,3.3286400373034602e-21,0.9999999450737975,5.4925549417350296e-08,6.331668473047801e-53
2016-07-11,1,recovery_or_normalization,1.8401325217002836e-20,0.9999997870236483,2.1297568569904023e-07,1.5902900546849133e-50
2016-07-12,1,recovery_or_normalization,4.00766696206838e-19,0.9999996255902052,3.7441062630634124e-07,1.5768989783235234e-48
2016-07-13,1,recovery_or_normalization,1.8206630260837257e-18,0.9999997581853969,2.4181502603867816e-07,7.654153814751494e-49
2016-07-14,1,recovery_or_normalization,4.287286802407715e-18,0.9999993859821255,6.140184693616062e-07,7.675511403139423e-48
2016-07-15,1,recovery_or_normalization,4.700285294589804e-18,0.9999990191668339,9.808322810372162e-07,3.521320780714382e-48
2016-07-18,1,recovery_or_normalization,3.8024413086976598e-19,0.9999996356674028,3.643319963671147e-07,3.793558156675866e-49
2016-07-19,1,recovery_or_normalization,2.89619299425869e-19,0.9999989102786029,1.0897215071675623e-06,1.6507430196587066e-48
2016-07-20,1,recovery_or_normalization,2.770687053886083e-19,0.999999261312314,7.386874388638116e-07,1.495848025351495e-47
2016-07-21,1,recovery_or_normalization,7.281072266832688e-19,0.999998870177207,1.1298221226583739e-06,7.666894988206048e-47
2016-07-22,1,recovery_or_normalization,1.4811247650126536e-18,0.9999989294507304,1.0705486857717362e-06,8.010635704438527e-46
2016-07-25,1,recovery_or_normalization,1.8032135654136686e-17,0.999998721520477,1.2784796909172741e-06,8.944968133098085e-44
2016-07-26,1,recovery_or_normalization,1.6209443301763322e-15,0.999994583409834,5.41659024481949e-06,5.963730935214779e-43
2016-07-27,1,recovery_or_normalization,3.940218636120698e-15,0.9999171137561482,8.288624410575295e-05,1.796837897514969e-42
2016-07-28,1,recovery_or_normalization,2.5821398113899353e-15,0.8306180768123771,0.16938192318790618,1.9948137397347936e-43
2016-07-29,2,risk_on,8.813633169479998e-16,0.3262842074050027,0.6737157925942077,5.5789104097531556e-45
2016-08-01,2,risk_on,4.749703000927305e-17,0.028185025175537073,0.9718149748252617,2.6738589970752125e-48
2016-08-02,2,risk_on,2.702392196659031e-18,8.844158515675426e-05,0.9999115584145295,1.2529280708162699e-51
2016-08-03,2,risk_on,4.544247744713413e-22,1.4987234861088887e-07,0.9999998501280173,7.14940242470149e-52
2016-08-04,2,risk_on,1.49729110704196e-22,1.4565259925702523e-07,0.9999998543480721,3.0490252686261656e-49
2016-08-05,2,risk_on,1.364136269471639e-19,3.4267820726618694e-07,0.999999657322464,4.0058911899267256e-48
2016-08-08,2,risk_on,8.270215969395153e-20,6.031816604290867e-08,0.9999999396823132,1.1726503158346114e-48
2016-08-09,2,risk_on,6.439458897263092e-20,1.9987330479096378e-07,0.9999998001258263,2.867241665728363e-47
2016-08-10,2,risk_on,6.325314893901466e-18,1.108945350548003e-06,0.999998891055544,7.014876099998419e-45
2016-08-11,2,risk_on,6.269423337125726e-17,3.686053017853865e-07,0.9999996313945982,1.485150150387963e-44
2016-08-12,2,risk_on,7.200496313413847e-17,2.958744156472433e-06,0.9999970412562221,4.397929740796379e-44
2016-08-15,2,risk_on,1.0364517856496711e-16,3.168862020037211e-06,0.999996831138124,1.013612104292777e-43
2016-08-16,2,risk_on,1.0275418669940764e-16,1.2859973645787929e-06,0.9999987140026034,7.198808444640378e-43
2016-08-17,2,risk_on,9.95748555791075e-16,5.8688329384801706e-06,0.9999941311679644,1.0173052337744826e-41
2016-08-18,2,risk_on,1.832268107615418e-15,1.4227754358930478e-05,0.9999857722462253,1.6336482138241095e-41
2016-08-19,2,risk_on,8.806275136066191e-16,1.205086022233783e-05,0.9999879491404844,1.2239796512504452e-41
2016-08-22,2,risk_on,2.2641375114046672e-15,6.24268030925665e-06,0.9999937573187933,3.259352174246574e-42
2016-08-23,2,risk_on,3.0341145275355692e-15,1.933173513605614e-05,0.9999806682639748,7.904261951504747e-43
2016-08-24,2,risk_on,3.996630335428907e-15,1.57883326611345e-05,0.9999842116676881,2.555105138391355e-44
2016-08-25,2,risk_on,4.647426120993357e-16,4.790299538519162e-06,0.9999952097010603,2.996755314191767e-44
2016-08-26,2,risk_on,2.1203384587809728e-15,7.937830735886316e-05,0.9999206216927162,5.327606847819243e-44
2016-08-29,2,risk_on,3.3409215593686287e-16,0.0006021364285647762,0.9993978635721471,4.2261758080481637e-45
2016-08-30,2,risk_on,5.493681889769174e-16,0.0034038996743986794,0.9965961003250159,2.7015191657528024e-44
2016-08-31,2,risk_on,2.2416621723127187e-15,0.0048382608966400925,0.9951617391026881,5.233724294627162e-45
2016-09-01,2,risk_on,8.646304132704703e-16,0.0032922720577073543,0.9967077279423238,6.318679965049261e-47
2016-09-02,2,risk_on,4.280933056759736e-17,0.000784115404492292,0.9992158845952821,1.8521394850335933e-48
2016-09-06,2,risk_on,1.125483015759225e-17,0.0001712705853713945,0.9998287294148813,9.670630212708937e-51
2016-09-07,2,risk_on,3.9741754579254743e-19,1.2633695722003273e-05,0.9999873663034554,1.9049469869722733e-51
2016-09-08,2,risk_on,4.983972750698111e-19,1.3241160249255057e-06,0.9999986758839112,3.3099826115749505e-54
2016-09-09,2,risk_on,1.7551404958121105e-20,4.7480986432937716e-07,0.9999995251893087,2.0473719418215982e-60
2016-09-12,2,risk_on,1.7150147659115494e-21,3.3371032911742875e-07,0.9999996662900787,9.076949897887926e-63
2016-09-13,2,risk_on,1.092665396674146e-21,2.4171825491316186e-07,0.9999997582818033,3.5405022485194144e-64
2016-09-14,2,risk_on,5.835019196843898e-22,4.3083441024435843e-07,0.9999995691651766,2.6305272115557024e-65
2016-09-15,2,risk_on,8.157072123863069e-23,1.2916352576194775e-07,0.9999998708372088,3.707362681329889e-66
2016-09-16,2,risk_on,5.723405472362825e-23,1.3144146787090587e-07,0.9999998685580154,5.1888070936173626e-64
2016-09-19,2,risk_on,2.656310725876662e-23,2.550371394903756e-07,0.9999997449631662,2.82902906581127e-65
2016-09-20,2,risk_on,2.467032771590472e-23,2.4433537935250123e-07,0.9999997556642782,8.440063602100023e-67
2016-09-21,2,risk_on,7.886769822278149e-25,1.7186652421958043e-07,0.999999828132801,2.034147530076976e-70
2016-09-22,2,risk_on,2.1203715733524317e-26,6.263691501849707e-07,0.9999993736311951,2.1791468391724844e-81
2016-09-23,2,risk_on,5.763644379476923e-33,2.3574639281756777e-08,0.9999999764258977,7.577622988140216e-104
2016-09-26,2,risk_on,2.3099997573452216e-36,2.029316935527805e-09,0.9999999979700078,6.604794787574311e-120
2016-09-27,2,risk_on,6.706489039449252e-38,3.1766696546153207e-09,0.9999999968240445,3.112925092606847e-125
2016-09-28,2,risk_on,8.556392150229557e-40,2.8452104404036007e-09,0.9999999971551006,2.0960176957609093e-133
2016-09-29,2,risk_on,3.0377275288050395e-39,1.4055196343759205e-08,0.9999999859446689,3.0437206233035e-131
2016-09-30,2,risk_on,6.520244887107476e-39,3.729737037614894e-08,0.9999999627034419,4.937267134022844e-127
2016-10-03,2,risk_on,1.0915585519779986e-38,1.7332661742930194e-08,0.9999999826668501,1.8032211589198384e-133
2016-10-04,2,risk_on,6.989012454057696e-40,2.3333936589586993e-08,0.9999999766660042,1.2711755445360575e-136
2016-10-05,2,risk_on,1.0906958019949475e-40,4.117424240405913e-08,0.9999999588253567,1.9503472709319087e-135
2016-10-06,2,risk_on,4.112904244096407e-40,3.537083046854756e-07,0.999999646292116,5.4445841666786895e-132
2016-10-07,2,risk_on,2.0164611052266358e-40,7.161611415933203e-08,0.9999999283845707,5.400208843769616e-134
2016-10-10,2,risk_on,3.0720711302992864e-40,7.826972671497051e-10,0.9999999992178346,5.3435116898842304e-142
2016-10-11,2,risk_on,3.5577183011312512e-40,1.5420578582960951e-09,0.999999998457497,1.957988883708586e-140
2016-10-12,2,risk_on,9.588276238748969e-39,1.3241752428955192e-09,0.9999999986757757,1.6880310298851772e-147
2016-10-13,2,risk_on,1.1341671203564689e-38,1.296694773937668e-09,0.9999999987030606,4.9542247376808434e-147
2016-10-14,2,risk_on,6.290536813562052e-40,9.025796580778796e-10,0.9999999990977813,3.471989337546141e-147
2016-10-17,2,risk_on,4.963008570840418e-39,4.4424696107314576e-10,0.9999999995561666,1.502195713044355e-144
2016-10-18,2,risk_on,2.1858574965627834e-39,7.029122234606103e-10,0.9999999992978701,4.509233495618302e-147
2016-10-19,2,risk_on,1.3070387326844966e-38,6.880147125534393e-10,0.999999999312422,1.4195652195274992e-148
2016-10-20,2,risk_on,9.696834138014894e-40,9.640422563937653e-10,0.9999999990359356,2.2259458287116998e-149
2016-10-21,2,risk_on,3.7949249748149203e-41,5.551240939153475e-10,0.9999999994452082,1.4646957035444844e-148
2016-10-24,2,risk_on,1.645975888961403e-40,1.2888722758233245e-09,0.9999999987103365,2.8111335877496644e-146
2016-10-25,2,risk_on,1.3837328262672628e-39,1.2471590727483844e-09,0.9999999987521733,3.6785183914593123e-147
2016-10-26,2,risk_on,3.901931876794225e-40,1.6226304697493465e-09,0.9999999983774615,5.2125175898250944e-148
2016-10-27,2,risk_on,1.0006545058944116e-39,1.3993261344385146e-08,0.9999999860065145,4.2818366395871976e-148
2016-10-28,2,risk_on,1.785899688438163e-39,1.7422953513858098e-08,0.9999999825777196,2.347079635930485e-146
2016-10-31,2,risk_on,3.1988280831574356e-38,6.084343065212795e-08,0.9999999391566253,4.557429234244848e-143
2016-11-01,2,risk_on,1.1499402590684085e-36,1.0964976041535474e-07,0.9999998903495058,1.5836363446917991e-139
2016-11-02,2,risk_on,1.9107820402831024e-35,1.2207701107860208e-06,0.9999987792296627,2.820067760012216e-137
2016-11-03,2,risk_on,2.959697858081441e-37,5.121806906456268e-06,0.9999948781937035,6.946198222803575e-145
2016-11-04,2,risk_on,2.887040179238234e-36,6.656051831302185e-06,0.9999933439488413,4.3023504348381324e-144
2016-11-07,2,risk_on,1.0789377145354008e-36,1.3165851987710627e-07,0.9999998683415556,4.0776538138119493e-131
2016-11-08,2,risk_on,2.761183514185113e-34,1.4833048963102595e-05,0.9999851669517358,3.747057969929123e-122
2016-11-09,2,risk_on,2.238916505250897e-27,4.886280261219113e-07,0.9999995113722718,9.13527998108569e-100
2016-11-10,2,risk_on,2.1241148669718497e-22,2.1015463316254094e-05,0.999978984535849,2.2425915701876474e-95
2016-11-11,2,risk_on,5.0693968261272965e-21,3.794776582384525e-05,0.9999620522336832,1.2183515736584777e-98
2016-11-14,2,risk_on,4.661716053029556e-25,8.303907932625221e-07,0.9999991696098541,8.064609240820517e-102
2016-11-15,2,risk_on,1.063927602502886e-25,1.5513859768466847e-07,0.9999998448620437,7.472420054476589e-102
2016-11-16,2,risk_on,1.8019054942716827e-23,4.78890250356592e-07,0.9999995211093174,3.15447435999803e-100
2016-11-17,2,risk_on,7.663293222615717e-23,8.122189589088084e-07,0.9999991877815434,3.016113517600615e-95
2016-11-18,2,risk_on,5.628349420336915e-22,3.4024901769260325e-07,0.999999659750814,7.604825377590012e-96
2016-11-21,2,risk_on,2.101400051711559e-23,2.304694994835217e-07,0.9999997695304311,4.6421821810143755e-98
2016-11-22,2,risk_on,4.884914064412663e-25,4.885205731620901e-08,0.9999999511474028,4.393859645023577e-97
2016-11-23,2,risk_on,9.40400776227694e-24,4.8706797778773664e-08,0.999999951292922,1.633726083945827e-96
2016-11-25,2,risk_on,1.388489998671439e-24,2.275914622345632e-08,0.9999999772408048,7.745679176303911e-96
2016-11-28,2,risk_on,3.482915419295115e-24,1.366878770285532e-08,0.9999999863321136,7.485040197056749e-92
2016-11-29,2,risk_on,4.221456511708354e-24,6.6769206474431636e-09,0.9999999933224899,5.9856342958370054e-92
2016-11-30,2,risk_on,1.3488068329844548e-23,4.3093456228853405e-09,0.9999999956908141,5.9822314866389914e-92
2016-12-01,2,risk_on,1.388998764578712e-22,9.311378759884643e-09,0.9999999906885932,1.629096380746722e-92
2016-12-02,2,risk_on,2.726463555992625e-23,1.663176997399492e-08,0.99999998336898,4.766248791126592e-93
2016-12-05,2,risk_on,3.539251919648819e-23,2.427953686356025e-08,0.9999999757201298,3.288670180602e-93
2016-12-06,2,risk_on,1.9493287839066355e-23,5.84254796444051e-08,0.999999941574062,3.893406708409661e-95
2016-12-07,2,risk_on,1.395220684080393e-25,6.0373429387123255e-09,0.9999999939627742,8.890358007523132e-96
2016-12-08,2,risk_on,1.0799955877644691e-21,3.217107449869848e-08,0.999999967829354,5.72175616509628e-82
2016-12-09,2,risk_on,1.0263328600195936e-22,9.868580614869866e-08,0.9999999013143728,8.265675762165075e-76
2016-12-12,2,risk_on,1.6202670260930298e-18,2.7822811367918055e-05,0.9999721771888096,1.6904323259946138e-64
2016-12-13,2,risk_on,1.2659677228363276e-15,0.0009002407531875982,0.9990997592467987,3.9228539008573903e-63
2016-12-14,2,risk_on,4.204309700900391e-18,5.816264241999089e-06,0.9999941837364511,2.4582774280560484e-69
2016-12-15,2,risk_on,5.589817685394607e-18,2.613875188097917e-07,0.9999997386130759,9.440085734601965e-73
2016-12-16,2,risk_on,9.89703668000534e-19,3.6439211218147494e-07,0.9999996356073761,4.4878785957590825e-72
2016-12-19,2,risk_on,1.9862133164446088e-19,1.8405435969588208e-07,0.9999998159455742,1.3710743591718655e-73
2016-12-20,2,risk_on,6.443386039829648e-19,3.020783668880043e-07,0.9999996979222944,3.480831291309001e-70
2016-12-21,2,risk_on,1.1325675300092169e-18,2.4073847349960406e-07,0.9999997592622384,9.100596610267731e-69
2016-12-22,2,risk_on,5.112251430683681e-19,1.4776573710071338e-07,0.9999998522344067,6.161102556342041e-69
2016-12-23,2,risk_on,1.0917364397272935e-18,1.3196831188354411e-07,0.9999998680323274,2.712935252899388e-70
2016-12-27,2,risk_on,1.6189184532609602e-18,3.17038459215672e-07,0.9999996829611112,2.0629028963686423e-68
2016-12-28,2,risk_on,6.582481152493104e-18,1.3907855363632563e-07,0.9999998609218989,6.916258017989084e-66
2016-12-29,2,risk_on,4.464434797314525e-18,3.102126609117646e-07,0.9999996897877762,8.255980677292024e-66
2016-12-30,2,risk_on,4.162428488977564e-18,5.770654460162015e-07,0.9999994229348732,5.267772782511409e-66
2017-01-03,2,risk_on,8.522266468228046e-18,5.077277439432239e-08,0.9999999492265501,2.546013354124876e-68
2017-01-04,2,risk_on,4.932384649463049e-17,1.0985333757587146e-07,0.999999890145779,1.6587812827562965e-67
2017-01-05,2,risk_on,1.0573873473084696e-17,7.929254981389565e-08,0.999999920706617,3.215275537657798e-68
2017-01-06,2,risk_on,1.9706234304921154e-18,7.223643019271476e-08,0.9999999277642954,1.297807709164094e-67
2017-01-09,2,risk_on,1.8395866089369485e-18,3.8077867064974335e-07,0.9999996192219257,1.18579443938225e-66
2017-01-10,2,risk_on,1.958324367101466e-18,2.2172675195486208e-07,0.9999997782724922,4.848558892862895e-67
2017-01-11,2,risk_on,7.347187632238786e-17,6.022922348379904e-07,0.999999397707324,6.096375970206304e-67
2017-01-12,2,risk_on,1.8635487023853274e-18,9.201644092601242e-08,0.9999999079827873,5.117910553832825e-68
2017-01-13,2,risk_on,3.086950483200387e-18,3.5885097006998534e-07,0.9999996411498349,1.2964378477377439e-65
2017-01-17,2,risk_on,1.0346080692102004e-15,5.221128416684835e-07,0.9999994778865129,3.8720235548464105e-62
2017-01-18,2,risk_on,7.455409005020849e-16,4.061140882245977e-08,0.9999999593892434,1.66145570198656e-64
2017-01-19,2,risk_on,4.3563810289245594e-16,2.7907479214416878e-08,0.999999972093065,8.592899702136283e-66
2017-01-20,2,risk_on,1.0025796120272386e-16,3.697120408799595e-08,0.999999963029041,2.8955470770460666e-66
2017-01-23,2,risk_on,4.140792081803994e-17,4.681381811925091e-08,0.9999999531864898,2.2015458526500632e-64
2017-01-24,2,risk_on,2.903862594065671e-16,4.4807090713863844e-08,0.999999955192835,1.4136604132453448e-63
2017-01-25,2,risk_on,2.5275314327123927e-16,2.5239410986451493e-08,0.9999999747597034,5.836595346610451e-61
2017-01-26,2,risk_on,1.8889205158398021e-16,1.785953523396435e-08,0.9999999821411621,2.3527130281600028e-60
2017-01-27,2,risk_on,8.142468120227469e-16,3.18893792572283e-08,0.9999999681112973,3.720854393271756e-58
2017-01-30,2,risk_on,7.174915957944196e-15,4.698858936870335e-08,0.9999999530118668,3.494731537766186e-58
2017-01-31,2,risk_on,2.3123343434760526e-16,3.6863935978325484e-08,0.9999999631363614,2.735264498426352e-57
2017-02-01,2,risk_on,5.543518367116353e-16,8.791399072700887e-08,0.999999912086427,8.767203802828678e-57
2017-02-02,2,risk_on,7.672918526925843e-16,6.470989888792677e-08,0.9999999352894541,1.6859124136330286e-57
2017-02-03,2,risk_on,1.2287738371074376e-16,2.997652283899372e-08,0.9999999700230551,2.8494597498580218e-58
2017-02-06,2,risk_on,5.60055753125773e-16,2.7630324996423312e-08,0.9999999723695513,7.498638777301781e-56
2017-02-07,2,risk_on,1.8280879490532548e-16,3.4657407134582125e-08,0.9999999653427954,1.2451799167372648e-57
2017-02-08,2,risk_on,6.6735788718167565e-18,2.790177250120063e-08,0.999999972098522,4.03909061906094e-61
2017-02-09,2,risk_on,4.0269717091300164e-17,1.705634701128488e-08,0.9999999829433365,1.8821373777576076e-62
2017-02-10,2,risk_on,7.080207387558941e-20,2.2722945383396746e-09,0.9999999977280822,8.65961015310297e-75
2017-02-13,2,risk_on,1.750163419284589e-19,3.31935447677145e-09,0.9999999966803443,2.6282196181135403e-73
2017-02-14,2,risk_on,2.6242338098874537e-18,2.1190577132725327e-09,0.9999999978808773,2.224249331911122e-68
2017-02-15,2,risk_on,9.144872270439684e-17,1.0630086806489905e-08,0.9999999893698259,5.614223966216414e-67
2017-02-16,2,risk_on,3.3910443332712006e-17,2.857534478754582e-09,0.9999999971423676,2.028585130014485e-65
2017-02-17,2,risk_on,4.78041178203213e-17,1.291514946317403e-09,0.9999999987085175,2.0784175535045423e-66
2017-02-21,2,risk_on,5.789496893464785e-17,4.046937031830694e-10,0.9999999995961844,1.8290244069136362e-67
2017-02-22,2,risk_on,1.6524547200277981e-16,1.5008241309918334e-09,0.9999999984993337,2.3728370050501366e-66
2017-02-23,2,risk_on,8.720996271686283e-17,4.6033154824856957e-10,0.9999999995397957,4.1328620331424664e-67
2017-02-24,2,risk_on,1.558356867483434e-17,1.4558281207483443e-10,0.9999999998544808,4.6017796170250615e-68
2017-02-27,2,risk_on,1.4389390694334895e-16,6.788990930718412e-10,0.999999999321517,6.875598186162982e-66
2017-02-28,2,risk_on,1.1913242545963924e-15,1.8684010343699796e-09,0.9999999981318979,5.737190356880023e-63
2017-03-01,2,risk_on,7.917887372285453e-14,6.417979664685523e-09,0.9999999935826054,1.7497407514353576e-53
2017-03-02,2,risk_on,5.933878515953048e-14,7.646343146548849e-09,0.9999999923529685,8.416678038275146e-54
2017-03-03,2,risk_on,3.41069050867599e-14,4.176307041773477e-09,0.9999999958236003,4.5779778054842143e-51
2017-03-06,2,risk_on,4.490472745207174e-14,4.12459135696145e-09,0.999999995874532,2.1390457056206145e-48
2017-03-07,2,risk_on,4.9372737872833875e-14,7.9630342464943e-09,0.9999999920364644,6.701314660387866e-50
2017-03-08,2,risk_on,5.092481320763926e-15,9.93841069873211e-09,0.9999999900610419,1.5315857619499806e-50
2017-03-09,2,risk_on,1.215264437260905e-14,5.625222821183349e-09,0.9999999943738658,1.7852014733647674e-51
2017-03-10,2,risk_on,3.7480843515607605e-15,3.0238834305161184e-09,0.9999999969768396,1.6737405983334528e-47
2017-03-13,2,risk_on,2.4375886309519296e-15,1.0155725942315801e-08,0.9999999898445822,2.0116852141229534e-48
2017-03-14,2,risk_on,1.1816251328242523e-15,1.1163740362611813e-08,0.999999988836862,3.587639831463601e-52
2017-03-15,2,risk_on,5.939014708552991e-18,2.8042519159844475e-08,0.9999999719566408,3.613336596445366e-59
2017-03-16,2,risk_on,8.309861876364108e-18,1.6410487406148026e-08,0.9999999835890777,1.0690928276506622e-58
2017-03-17,2,risk_on,1.0374550303867178e-16,2.8278356306374214e-08,0.9999999717219912,2.7441343870984756e-52
2017-03-20,2,risk_on,1.1839252024919904e-16,3.4398175224865087e-08,0.999999965601092,1.2368628654307795e-50
2017-03-21,2,risk_on,8.702313184428062e-16,1.0759894510629955e-07,0.9999998924013256,6.1367886602778555e-46
2017-03-22,2,risk_on,1.2274232570861972e-15,1.462032796489397e-07,0.9999998537969184,5.816329767371845e-46
2017-03-23,2,risk_on,1.6681100932766913e-15,6.75418748133549e-08,0.9999999324572878,2.99611217143333e-47
2017-03-24,2,risk_on,9.077757424963345e-16,8.149187626988701e-08,0.9999999185074591,1.860783396065164e-47
2017-03-27,2,risk_on,8.494080947177317e-16,1.2836991625541203e-07,0.999999871630288,3.524992497999932e-46
2017-03-28,2,risk_on,7.484994275969098e-16,7.81988922061518e-08,0.9999999218016487,1.3073810762202538e-45
2017-03-29,2,risk_on,2.4546138817831258e-15,1.9760744664334819e-07,0.9999998023922867,2.524354700951071e-45
2017-03-30,2,risk_on,9.517293692333209e-15,8.699514609688461e-07,0.9999991300486872,1.8028981671831443e-47
2017-03-31,2,risk_on,4.841888575724375e-15,2.593229693495838e-07,0.9999997406776283,1.0506254722950572e-47
2017-04-03,2,risk_on,3.0454789494756175e-15,1.9264012000411e-07,0.9999998073599458,1.892013403287558e-47
2017-04-04,2,risk_on,6.558447177500711e-16,1.2965122569556847e-07,0.9999998703479007,4.562576129304598e-46
2017-04-05,2,risk_on,3.0960456696076915e-15,1.9155040942217678e-07,0.9999998084495202,7.702500722460957e-45
2017-04-06,2,risk_on,4.419106459821483e-15,1.3570284580035863e-07,0.9999998642979427,2.0014286153374052e-44
2017-04-07,2,risk_on,6.31029463135211e-15,5.277251689058158e-07,0.9999994722749335,2.3123327424492104e-44
2017-04-10,2,risk_on,4.4377618659625725e-14,1.7865807597515763e-06,0.9999982134193076,5.113396095060105e-44
2017-04-11,2,risk_on,2.505664744877248e-13,2.485889175316307e-06,0.9999975141103253,6.089058503757168e-44
2017-04-12,2,risk_on,4.397453482616693e-13,8.426504940344254e-06,0.9999915734943317,8.567381537886195e-44
2017-04-13,2,risk_on,1.2462371807959823e-14,2.9576689045355776e-06,0.9999970423312418,2.5251152136295817e-44
2017-04-17,2,risk_on,2.76163595910857e-15,1.0639049137720462e-06,0.9999989360954917,4.3693745484368403e-45
2017-04-18,2,risk_on,2.0941607265560447e-15,8.087926031808529e-07,0.9999991912066977,1.5192076768795798e-44
2017-04-19,2,risk_on,2.2857718213475233e-15,8.806776783833663e-07,0.9999991193221162,1.4323557459914833e-43
2017-04-20,2,risk_on,5.091354409094388e-14,1.2207851031465954e-06,0.9999987792151108,3.4871062678436844e-41
2017-04-21,2,risk_on,3.526217963568183e-14,1.793296986187148e-06,0.9999982067036107,4.889094474871891e-43
2017-04-24,2,risk_on,1.4727160382214286e-15,8.188532055548263e-07,0.9999991811476945,1.7925991088605965e-42
2017-04-25,2,risk_on,9.251819194888294e-15,4.366656860861182e-07,0.9999995633334992,5.709115812833648e-44
2017-04-26,2,risk_on,7.960744525232569e-16,2.7480029771684585e-07,0.9999997251998516,4.240292623397683e-47
2017-04-27,2,risk_on,1.0703847284425918e-16,8.247651055086285e-08,0.9999999175233859,2.8806576069876544e-48
2017-04-28,2,risk_on,1.1453531754367318e-16,6.968084677845931e-08,0.9999999303199754,1.5945724174416438e-48
2017-05-01,2,risk_on,4.5909840900866354e-17,1.1030734791481422e-07,0.9999998896928507,1.2128895035805066e-46
2017-05-02,2,risk_on,1.2196259424285608e-16,1.0267767702275977e-07,0.9999998973216914,4.6835068632421974e-46
2017-05-03,2,risk_on,7.943803517392016e-16,1.6326344364794578e-07,0.9999998367366194,7.923122246583619e-45
2017-05-04,2,risk_on,7.180725534331402e-16,1.2419078873878534e-07,0.9999998758085061,1.7374116572674228e-45
2017-05-05,2,risk_on,3.922067938889603e-16,1.4688037338798654e-07,0.9999998531202544,2.6204616213470203e-45
2017-05-08,2,risk_on,2.153132145614219e-16,1.305277838940809e-07,0.9999998694729669,7.43493731806521e-45
2017-05-09,2,risk_on,1.166823820255234e-15,3.2417271596872524e-07,0.999999675827037,4.0348044279613713e-44
2017-05-10,2,risk_on,1.3344498081481161e-15,1.861122878036662e-07,0.9999998138882975,2.1979888305995605e-43
2017-05-11,2,risk_on,2.7544564769591002e-15,2.1323433666008972e-07,0.999999786765352,7.018838041708782e-45
2017-05-12,2,risk_on,2.7156147910120777e-15,3.43348517820138e-07,0.9999996566512571,9.220986680804763e-44
2017-05-15,2,risk_on,1.1216089942851684e-14,3.5407038420962293e-07,0.9999996459301373,2.756349980324642e-44
2017-05-16,2,risk_on,1.8268946537941586e-15,4.436945289579522e-07,0.9999995563049272,1.164406924694681e-44
2017-05-17,2,risk_on,3.822879286711223e-14,2.3511808433008592e-07,0.9999997648810953,4.429693430491831e-40
2017-05-18,2,risk_on,1.3061735103666064e-14,2.673438646737953e-07,0.9999997326558872,4.5077949548976375e-43
2017-05-19,2,risk_on,7.436814439346312e-17,1.0886891104409153e-07,0.9999998911316711,1.0070800404618959e-44
2017-05-22,2,risk_on,4.276334685861636e-17,1.3804480830595315e-07,0.9999998619550847,2.5690839376789552e-45
2017-05-23,2,risk_on,1.1102254568685926e-17,4.596886828973516e-08,0.9999999540305009,5.3330646202462625e-46
2017-05-24,2,risk_on,4.069997422475534e-18,5.877314530628364e-08,0.9999999412266352,4.727906230262182e-47
2017-05-25,2,risk_on,3.2974768214454556e-18,2.2484204199283384e-08,0.9999999775154722,1.3612446778764422e-45
2017-05-26,2,risk_on,4.082233433793038e-18,5.629452357119378e-08,0.9999999437059175,2.094414720922969e-45
2017-05-30,2,risk_on,5.470304632089438e-18,4.381608377904016e-08,0.9999999561841842,7.044766151222783e-46
2017-05-31,2,risk_on,2.311569888451978e-18,8.914493559934746e-08,0.9999999108549713,4.5152059589981374e-51
2017-06-01,2,risk_on,1.701337731771646e-18,6.880974838520798e-08,0.9999999311894522,5.947316614771496e-49
2017-06-02,2,risk_on,2.8224555147403213e-18,1.4689509571879105e-08,0.9999999853098416,5.876586119415589e-50
2017-06-05,2,risk_on,4.455448094380904e-18,3.0655160198870766e-08,0.999999969344572,2.2390771055937855e-49
2017-06-06,2,risk_on,4.379731727097085e-18,2.7877866841029376e-08,0.9999999721221688,3.715527358579576e-48
2017-06-07,2,risk_on,6.094872838855506e-18,4.373499927488628e-08,0.9999999562642198,6.0532898159474515e-47
2017-06-08,2,risk_on,5.229400638534389e-18,8.826562203732905e-09,0.9999999911742634,2.6672994089383373e-46
2017-06-09,2,risk_on,2.0742880714243536e-17,5.039655183047446e-08,0.9999999496030808,6.669587268485611e-46
2017-06-12,2,risk_on,3.934450236010388e-17,1.1786956740388577e-07,0.9999998821313126,3.4698531329352818e-46
2017-06-13,2,risk_on,4.2243743285377794e-18,6.729649587169745e-08,0.9999999327028513,1.245555181497369e-44
2017-06-14,2,risk_on,1.471837197975394e-16,3.939044684456358e-07,0.9999996060961033,2.2346959677298138e-41
2017-06-15,2,risk_on,1.8980842320444829e-16,7.170625125106322e-08,0.9999999282936213,2.9029430969999367e-39
2017-06-16,2,risk_on,6.045888976356624e-15,1.6123713609254035e-06,0.9999983876290837,4.940169665366127e-38
2017-06-19,2,risk_on,9.163395192067781e-15,2.1921338182126403e-07,0.999999780786335,2.8290580676726327e-38
2017-06-20,2,risk_on,1.2318858337295881e-14,9.901809825286634e-08,0.9999999009814977,3.9131292413555535e-37
2017-06-21,2,risk_on,1.9114652780242662e-14,9.683590071351159e-08,0.9999999031642848,3.474360404323461e-37
2017-06-22,2,risk_on,8.924866516668272e-15,1.4391769850157672e-07,0.9999998560815687,2.1361528612809242e-38
2017-06-23,2,risk_on,9.611981751967242e-16,1.053874189970709e-07,0.9999998946132165,2.159454083091023e-38
2017-06-26,2,risk_on,1.5574082909363143e-15,3.2781316387064463e-07,0.9999996721872404,2.4005589209070113e-38
2017-06-27,2,risk_on,2.8203110722355597e-15,1.723769078802405e-07,0.999999827623484,6.47892995568187e-44
2017-06-28,2,risk_on,5.189974745003152e-16,1.0620003902051673e-07,0.9999998938001283,7.419392421507008e-44
2017-06-29,2,risk_on,1.1562564006551717e-15,6.429008981938175e-08,0.9999999357096406,2.0612248789079315e-47
2017-06-30,2,risk_on,1.4517665366500936e-15,1.5688676249414595e-07,0.9999998431139953,8.906352425394526e-47
2017-07-03,2,risk_on,4.095362076207734e-15,7.452608849801792e-08,0.9999999254741879,9.740784215449615e-48
2017-07-05,2,risk_on,1.0995948478259693e-15,7.088208840067704e-08,0.9999999291176235,3.836179551340255e-48
2017-07-06,2,risk_on,1.994853331691149e-15,7.526831765971959e-08,0.9999999247320404,2.300655102472535e-52
2017-07-07,2,risk_on,3.1795891198354656e-16,3.3437056883723915e-08,0.9999999665633373,4.0371606513158116e-52
2017-07-10,2,risk_on,4.1276670631281266e-16,7.276123674548085e-08,0.9999999272386075,1.455013755336937e-50
2017-07-11,2,risk_on,2.607872207313576e-15,8.516426466405968e-08,0.9999999148349198,6.2596044749437855e-52
2017-07-12,2,risk_on,3.1697669133710403e-16,1.8725110567358937e-07,0.9999998127496104,4.196061761682683e-56
2017-07-13,2,risk_on,9.080537758293611e-17,1.8900186073642464e-07,0.9999998109979239,3.3138102883532505e-56
2017-07-14,2,risk_on,2.8075496830028555e-16,9.621869356393939e-08,0.9999999037809222,2.3329062306760056e-56
2017-07-17,2,risk_on,2.430123818348843e-16,1.1914455599674718e-07,0.9999998808562012,2.6894627270202077e-58
2017-07-18,2,risk_on,6.250951080698746e-17,1.2369679568428337e-07,0.9999998763032713,2.400213724438671e-59
2017-07-19,2,risk_on,1.1703334706421826e-16,1.6995374671026954e-07,0.9999998300463775,1.2016968007977192e-57
2017-07-20,2,risk_on,1.782645208360933e-16,1.1710286389532876e-07,0.9999998828971071,4.102443168540729e-59
2017-07-21,2,risk_on,1.0262201835875604e-16,1.1729163759635972e-07,0.9999998827079322,8.884651769818843e-58
2017-07-24,2,risk_on,1.2527639144037003e-16,1.2092493045600698e-07,0.9999998790754108,8.943944332403159e-62
2017-07-25,2,risk_on,4.9463683966558604e-17,8.38467293806014e-08,0.999999916153687,8.557588474552936e-65
2017-07-26,2,risk_on,2.2237653144740202e-17,1.0322533082465645e-07,0.9999998967741757,5.339167462393007e-64
2017-07-27,2,risk_on,1.0752289777308573e-16,3.629244265842442e-08,0.9999999637075241,9.730875777023604e-66
2017-07-28,2,risk_on,4.6580152627201714e-17,8.584485662895023e-08,0.9999999141546178,2.173655562829529e-65
2017-07-31,2,risk_on,1.1068988818068148e-16,2.6379736716488316e-08,0.999999973621016,3.539911683042494e-67
2017-08-01,2,risk_on,8.423934966471077e-17,8.722096518028249e-09,0.9999999912779458,9.699711025956263e-68
2017-08-02,2,risk_on,3.707831269402862e-16,1.2249795841739932e-08,0.9999999877509254,1.1409233871859797e-67
2017-08-03,2,risk_on,4.0315244603327e-16,4.948579318076092e-08,0.9999999505143945,2.3380576423215472e-66
2017-08-04,2,risk_on,3.2957517775172483e-16,2.2285198842885342e-08,0.999999977715561,5.902485200011741e-67
2017-08-07,2,risk_on,1.2576520808002467e-16,1.5075636152873928e-08,0.9999999849242159,2.1789480919712774e-66
2017-08-08,2,risk_on,5.149818530243798e-16,3.328857070775455e-08,0.9999999667106755,3.742502001399708e-67
2017-08-09,2,risk_on,7.773394528251657e-16,7.250210013978025e-09,0.9999999927495082,4.0566835937825487e-66
2017-08-10,2,risk_on,4.525089598402137e-14,5.84856009748645e-07,0.999999415144146,3.0876452102406764e-59
2017-08-11,2,risk_on,9.881545919097761e-15,3.0160661451208527e-07,0.9999996983934125,1.6905250632483795e-61
2017-08-14,2,risk_on,4.815073129174407e-16,8.04353084323601e-08,0.9999999195642918,7.359952202942976e-61
2017-08-15,2,risk_on,7.3682981347655805e-16,1.2542923508808614e-07,0.9999998745715936,5.831090934386324e-63
2017-08-16,2,risk_on,7.592596412670969e-18,1.1341463179997002e-08,0.9999999886586011,5.906527354893337e-75
2017-08-17,2,risk_on,2.631399295543781e-16,2.1183009406067631e-07,0.9999997881696114,7.716463949650359e-67
2017-08-18,2,risk_on,7.993106881370799e-17,7.070026126904957e-08,0.9999999292995224,1.0140931785509026e-66
2017-08-21,2,risk_on,2.7449452783432896e-17,4.3575385811708773e-08,0.9999999564242908,1.1310488137623066e-68
2017-08-22,2,risk_on,4.456527712550765e-18,3.557666207650482e-08,0.9999999644242059,4.655783608209757e-67
2017-08-23,2,risk_on,1.636474191884747e-17,6.708809817446427e-08,0.999999932912035,9.397444855744139e-66
2017-08-24,2,risk_on,7.037282610868607e-18,7.682963155607336e-08,0.9999999231695286,4.176459346757024e-67
2017-08-25,2,risk_on,2.0486742377005996e-18,5.882234913839895e-08,0.9999999411775224,1.938564589066634e-67
2017-08-28,2,risk_on,2.145437461108192e-18,3.593285796087633e-08,0.999999964067684,2.54283636785684e-68
2017-08-29,2,risk_on,4.317250061631219e-19,2.415894091190904e-08,0.9999999758401831,3.2343123876371184e-68
2017-08-30,2,risk_on,1.3526400614730383e-18,1.0162669103978639e-07,0.9999998983730672,8.402997354768928e-69
2017-08-31,2,risk_on,1.5071207222249256e-18,9.210979982614277e-08,0.9999999078900188,5.648085503113329e-68
2017-09-01,2,risk_on,8.534695607638613e-19,2.994105995392028e-08,0.9999999700594349,4.1122991417283775e-66
2017-09-05,2,risk_on,5.704756171790511e-18,8.442099614419108e-08,0.9999999155788863,7.0641803256754725e-62
2017-09-06,2,risk_on,3.0596195317730986e-18,1.0645264207855538e-07,0.9999998935472888,1.5782785339085458e-63
2017-09-07,2,risk_on,6.865488901659161e-20,3.955459274881509e-08,0.9999999604460762,3.901703121379798e-63
2017-09-08,2,risk_on,3.1616018397993844e-19,3.0386394895997616e-07,0.9999996961360473,1.585708714587138e-60
2017-09-11,2,risk_on,5.257799456728935e-17,7.413501094877353e-07,0.9999992586493155,5.1591400036830253e-54
2017-09-12,2,risk_on,2.786509141296059e-16,5.365970247265697e-07,0.9999994634037269,1.4118152292581058e-54
2017-09-13,2,risk_on,5.628581068177194e-17,1.5629678410228433e-07,0.9999998437033477,6.461220216949087e-55
2017-09-14,2,risk_on,1.0666636842033665e-16,1.0569008788524501e-07,0.9999998943094452,8.062010373472034e-54
2017-09-15,2,risk_on,3.9906986699014354e-16,4.730354902916139e-07,0.9999995269646416,4.072008581474979e-52
2017-09-18,2,risk_on,2.1284756475816686e-15,6.184492190284687e-07,0.99999938155107,1.071779743722623e-52
2017-09-19,2,risk_on,6.524471792629353e-16,1.0776926625363614e-07,0.9999998922303406,2.7012605871253115e-54
2017-09-20,2,risk_on,1.5982909500890744e-15,1.8357408979106726e-07,0.9999998164257873,1.656888874623539e-53
2017-09-21,2,risk_on,2.5340001217095146e-15,3.773705122716466e-08,0.9999999622632465,5.7809579674802155e-55
2017-09-22,2,risk_on,1.1668779581912766e-15,7.413448195084097e-08,0.9999999258652706,1.7678054273337375e-54
2017-09-25,2,risk_on,2.5953975128942486e-15,6.252441888639371e-08,0.9999999374758792,1.5350753837853e-53
2017-09-26,2,risk_on,8.40588118781957e-15,6.279038964887793e-08,0.9999999372103068,2.9076420285789557e-47
2017-09-27,2,risk_on,4.077526192660451e-14,7.784080396392282e-08,0.9999999221599895,3.430198192944447e-48
2017-09-28,2,risk_on,3.850966382536152e-14,4.815174339267471e-08,0.9999999518477136,2.4817558147562822e-43
2017-09-29,2,risk_on,5.009440651364266e-14,3.573763259261533e-08,0.9999999642623159,4.428305811632582e-43
2017-10-02,2,risk_on,7.526677079529535e-14,3.012367398487578e-08,0.9999999698757169,6.04078473769311e-43
2017-10-03,2,risk_on,5.305670653226746e-14,3.6865953331824484e-08,0.9999999631345424,4.178681712530064e-42
2017-10-04,2,risk_on,4.642768390821397e-13,2.422459990134227e-08,0.9999999757746995,4.1339751094430713e-38
2017-10-05,2,risk_on,2.26871744905237e-13,2.2374040112778812e-08,0.9999999776264306,8.372919717718158e-38
2017-10-06,2,risk_on,2.691314128815397e-13,1.37112598218056e-08,0.9999999862884579,4.7554605484429515e-37
2017-10-09,2,risk_on,5.670128978525292e-13,2.8673596909660157e-08,0.9999999713254515,5.061236966308711e-37
2017-10-10,2,risk_on,2.005530971120727e-13,3.467583171215269e-08,0.9999999653246056,7.309977128556465e-37
2017-10-11,2,risk_on,1.592237981601682e-13,5.7089093006873205e-08,0.9999999429110192,4.46709266467729e-37
2017-10-12,2,risk_on,1.1653888439475094e-13,3.381503235759586e-08,0.9999999661849875,3.728784102178833e-37
2017-10-13,2,risk_on,1.2542627668459057e-13,3.6739827957521134e-08,0.9999999632600527,4.109768338362306e-37
2017-10-16,2,risk_on,1.7009398085755607e-13,1.7951633512018734e-08,0.9999999820483937,1.9599999413115645e-36
2017-10-17,2,risk_on,4.3475921730603367e-13,4.668373698377455e-08,0.9999999533156381,2.1226151246770563e-36
2017-10-18,2,risk_on,2.3050767370750133e-13,3.703575650223488e-08,0.9999999629635574,2.7825012708171097e-36
2017-10-19,2,risk_on,5.012431356560431e-13,4.652752954852695e-08,0.9999999534720712,1.2690513235665076e-36
2017-10-20,2,risk_on,3.416916274514572e-13,2.1230297799177344e-08,0.9999999787687559,2.73987298032866e-35
2017-10-23,2,risk_on,6.571812347300737e-13,1.757141656385167e-08,0.9999999824285625,1.990568939788724e-34
2017-10-24,2,risk_on,1.0987729043132915e-12,1.4530082453590125e-08,0.9999999854680937,6.705816298865707e-34
2017-10-25,2,risk_on,1.7047546075871746e-12,9.566097531257146e-09,0.9999999904321157,1.1791457566325916e-34
2017-10-26,2,risk_on,1.970606486444219e-12,2.7724864899144527e-08,0.9999999722731449,5.013039030293176e-35
2017-10-27,2,risk_on,5.143919456262698e-13,1.740081421163133e-08,0.9999999825995475,8.864761936432833e-38
2017-10-30,2,risk_on,4.182083270033262e-13,1.729343773599201e-08,0.9999999827068679,5.086452879234761e-37
2017-10-31,2,risk_on,2.646108759728848e-13,2.663924657226415e-08,0.9999999733609005,4.907282945040096e-37
2017-11-01,2,risk_on,5.441644659974252e-13,3.684899297061661e-08,0.9999999631509133,1.2143810497475126e-37
2017-11-02,2,risk_on,4.850987259830891e-13,4.907487437441494e-08,0.9999999509254861,7.741714094127625e-38
2017-11-03,2,risk_on,2.334121050186623e-13,7.674794440870858e-08,0.9999999232513831,1.6361020644440717e-37
2017-11-06,2,risk_on,4.362305421280595e-13,7.643874105252574e-08,0.9999999235606112,4.414794129205201e-37
2017-11-07,2,risk_on,6.73287548633297e-13,8.440543659128133e-08,0.9999999155934383,4.9641623118626924e-37
2017-11-08,2,risk_on,2.888217960009129e-13,5.360364161140413e-08,0.9999999463962027,6.374585963023084e-37
2017-11-09,2,risk_on,4.573090423304967e-13,3.841104086059917e-08,0.9999999615884015,2.433125052990229e-37
2017-11-10,2,risk_on,5.761334638358244e-13,2.0304107638706562e-08,0.9999999796946215,2.6582864874832894e-41
2017-11-13,2,risk_on,2.2017685646305793e-13,1.4213217554220059e-08,0.9999999857864168,1.680926965274575e-40
2017-11-14,2,risk_on,5.481101347937932e-13,2.878647996366707e-08,0.9999999712126741,2.59596850857001e-38
2017-11-15,2,risk_on,1.1785461333435586e-11,1.04959348815203e-07,0.999999895029765,9.457723372407653e-38
2017-11-16,2,risk_on,2.221854684235624e-12,2.9368496358079252e-08,0.9999999706287785,5.017462878119084e-37
2017-11-17,2,risk_on,1.1673902461862093e-12,2.9335321590928526e-08,0.9999999706633393,5.989602688507871e-36
2017-11-20,2,risk_on,1.8263201943579218e-12,5.966621908580777e-08,0.9999999403316924,2.5748282099133823e-36
2017-11-21,2,risk_on,2.7744304210440594e-12,4.6767374156923704e-08,0.9999999532301456,5.30624644210778e-37
2017-11-22,2,risk_on,9.928197409348341e-12,1.264126585050485e-07,0.9999998735766065,1.2614505535659641e-36
2017-11-24,2,risk_on,5.6806414280074085e-12,6.730269647127497e-08,0.9999999326919373,6.25486558625977e-36
2017-11-27,2,risk_on,1.595451111226396e-11,8.011039838076636e-08,0.99999991987352,7.681916087476536e-37
2017-11-28,2,risk_on,2.6807982736322866e-12,3.9946511179127556e-08,0.9999999600513555,9.442749354474868e-38
2017-11-29,2,risk_on,3.5236796464144354e-12,1.720805009712019e-08,0.9999999827887224,1.482113655225045e-38
2017-11-30,2,risk_on,9.884355651517747e-12,8.44569533942208e-09,0.9999999915435183,1.066379167762049e-36
2017-12-01,2,risk_on,1.2779593023716457e-11,1.19451238564901e-08,0.9999999880419637,8.305609769435832e-36
2017-12-04,2,risk_on,2.9954859408368616e-11,2.0225439786256955e-08,0.9999999797437342,1.0597124317883995e-38
2017-12-05,2,risk_on,1.620930976010719e-11,1.5943003380576516e-08,0.9999999840401871,1.9907386066071057e-38
2017-12-06,2,risk_on,7.71382104852687e-12,1.3206980096585566e-08,0.999999986785042,1.245367184696611e-38
2017-12-07,2,risk_on,6.157326831620292e-12,1.0244240844499412e-08,0.9999999897499947,1.2280519840159077e-38
2017-12-08,2,risk_on,3.4323129806479634e-12,2.0425673518051566e-08,0.9999999795709302,1.7334272820921627e-42
2017-12-11,2,risk_on,6.615052753040158e-12,1.7247271481977132e-08,0.9999999827468856,3.503543287464524e-42
2017-12-12,2,risk_on,1.6398742961528803e-11,1.6724194726914487e-08,0.9999999832598406,4.767425904883965e-42
2017-12-13,2,risk_on,1.6038227831837534e-11,2.0821219938559237e-08,0.9999999791634766,4.861476787372043e-42
2017-12-14,2,risk_on,1.3671938479233481e-11,1.4744394517166522e-08,0.999999985242539,9.222187393181582e-41
2017-12-15,2,risk_on,2.4450535311156497e-11,9.025156728856302e-09,0.9999999909505277,1.4451706877823943e-42
2017-12-18,2,risk_on,1.9276498449124562e-11,6.443451138095933e-09,0.9999999935371306,1.2016472394159216e-40
2017-12-19,2,risk_on,2.1899445924984364e-11,6.184422809894603e-09,0.9999999937936082,2.2348739408975151e-44
2017-12-20,2,risk_on,2.769172199373834e-11,4.501791803196729e-09,0.9999999954707164,1.1383571709869374e-45
2017-12-21,2,risk_on,2.3461864940997846e-11,7.18837156704133e-09,0.999999992787707,6.284793573920963e-47
2017-12-22,2,risk_on,2.1935256033429805e-11,1.0488909748128157e-08,0.9999999894898792,3.4703045812556735e-47
2017-12-26,2,risk_on,2.3294223352124996e-11,9.843636024650968e-09,0.9999999901338015,4.0819348142142346e-47
2017-12-27,2,risk_on,2.3049233392042064e-11,1.686900460642217e-08,0.9999999831070455,1.1826181197675151e-48
2017-12-28,2,risk_on,1.2600482346071182e-11,2.676547314261237e-08,0.9999999732226573,5.600942265186924e-50
2017-12-29,2,risk_on,2.0049898398721348e-11,3.102730602447457e-08,0.9999999689534893,7.983650199199874e-50
2018-01-02,2,risk_on,1.7812098752179985e-11,9.785313010957768e-08,0.9999999021292799,3.210767824736199e-48
2018-01-03,2,risk_on,8.160627571572023e-12,3.813441070904033e-08,0.999999961857612,2.6524065276188758e-48
2018-01-04,2,risk_on,2.807259113293604e-11,3.550321084437068e-08,0.9999999644678617,8.651772437796015e-48
2018-01-05,2,risk_on,5.6437324788275756e-11,1.8333969092948982e-08,0.9999999816100174,3.2042186909665106e-47
2018-01-08,2,risk_on,6.761372602555839e-11,2.1160273834148024e-08,0.9999999787723939,5.260728451362042e-46
2018-01-09,2,risk_on,7.938841361219918e-11,1.5844958767141545e-08,0.9999999840747479,1.932444228641622e-46
2018-01-10,2,risk_on,4.113615486301041e-11,1.6538893106025575e-08,0.9999999834199117,2.5686314646749758e-46
2018-01-11,2,risk_on,8.136051720160145e-11,1.3523733176282494e-08,0.9999999863957783,3.6894229720645806e-47
2018-01-12,2,risk_on,1.867245184183045e-10,7.659905031809272e-09,0.9999999921528797,1.0344245358637148e-47
2018-01-16,2,risk_on,5.745179168845743e-10,2.5816381343981678e-08,0.9999999736082831,1.650760817173673e-45
2018-01-17,2,risk_on,1.546175913071683e-09,3.596897134053225e-08,0.9999999624851632,1.0439886377817401e-44
2018-01-18,2,risk_on,1.4978287324875394e-09,1.2096008498223995e-07,0.9999998775420029,5.544371226308616e-47
2018-01-19,2,risk_on,9.949705762563998e-10,8.909535723160114e-08,0.9999999099090969,4.62794093419005e-46
2018-01-22,2,risk_on,1.665891272492905e-09,3.245106673154221e-08,0.9999999658830353,6.8530190295611825e-46
2018-01-23,2,risk_on,1.5892593331381324e-09,1.432089534489784e-08,0.9999999840892998,2.4349261752081703e-47
2018-01-24,2,risk_on,2.190841411680734e-09,2.3446798328752188e-08,0.9999999743631637,2.0677052554659763e-48
2018-01-25,2,risk_on,1.2001599064821044e-09,1.078928196983495e-08,0.9999999880110408,1.8994237258704885e-47
2018-01-26,2,risk_on,9.16383477149015e-09,1.711751806788431e-08,0.9999999737192414,5.237751166240067e-40
2018-01-29,2,risk_on,7.634232105462577e-08,2.1857864613593828e-07,0.9999997050781966,7.094555117893822e-42
2018-01-30,2,risk_on,8.336464396592224e-07,1.402643136104834e-06,0.999997763709643,1.1374777109837606e-41
2018-01-31,2,risk_on,4.008629569520022e-06,5.683318443032858e-06,0.9999903080512386,1.8730666110601767e-42
2018-02-01,2,risk_on,6.342493706730214e-05,0.003476334043050728,0.9964602410205989,9.651576203928741e-45
2018-02-02,1,recovery_or_normalization,0.00047864412156589485,0.8888028961102182,0.11071845976766805,3.4859178451602936e-62
2018-02-05,1,recovery_or_normalization,8.808658092314989e-14,1.0,5.184347659273658e-26,1.1392273133595069e-40
2018-02-06,1,recovery_or_normalization,6.296907610104237e-12,0.999999999994543,1.7203687868246073e-20,1.4095798681773856e-40
2018-02-07,1,recovery_or_normalization,2.048746003357618e-10,0.9999999997944542,7.326483476955643e-18,1.1870030584437675e-44
2018-02-08,1,recovery_or_normalization,1.9328606802554955e-12,0.999999999998181,3.1318596315893276e-27,2.291296932728605e-43
2018-02-09,1,recovery_or_normalization,4.753017154814665e-11,0.9999999999527063,5.403266929110015e-25,1.0582396283277854e-42
2018-02-12,1,recovery_or_normalization,1.1312116700559362e-10,0.9999999998872227,1.2983055629075047e-19,6.735793844430599e-45
2018-02-13,1,recovery_or_normalization,1.6494384970447495e-10,0.999999999834472,8.056962834850674e-18,2.5205124530586653e-44
2018-02-14,1,recovery_or_normalization,8.066686409570173e-10,0.9999999991941877,2.2194990282250977e-15,1.0656392979631087e-42
2018-02-15,1,recovery_or_normalization,1.4321980071749989e-10,0.9999999998562998,5.789262604404535e-14,2.02265151935262e-44
2018-02-16,1,recovery_or_normalization,1.893459574727176e-10,0.9999999998108251,1.1839482798854153e-13,1.0586575448230318e-45
2018-02-20,1,recovery_or_normalization,1.0694750459557589e-10,0.9999999998926796,4.68452380968077e-14,1.4982640692171724e-47
2018-02-21,1,recovery_or_normalization,1.1176368704988854e-10,0.9999999998890416,1.8025005313363146e-14,3.9760148702150833e-50
2018-02-22,1,recovery_or_normalization,9.180628520700148e-11,0.9999999999090505,2.276488246550478e-14,1.8456234106202824e-51
2018-02-23,1,recovery_or_normalization,1.8555225103128008e-11,0.9999999999799911,7.524864994593918e-13,3.483402344857895e-54
2018-02-26,1,recovery_or_normalization,1.0466665663995888e-11,0.9999999999890861,9.551227953695092e-13,4.6499545307227456e-55
2018-02-27,1,recovery_or_normalization,1.0141930517447614e-11,0.9999999999890861,1.442162265362141e-12,2.062102681228845e-55
2018-02-28,1,recovery_or_normalization,3.268259199859079e-11,0.9999999999618012,6.3512925000510395e-12,1.979076952424561e-54
2018-03-01,1,recovery_or_normalization,5.5702730114432526e-11,0.9999999999436113,3.4619696179388244e-13,3.3498418483538056e-52
2018-03-02,1,recovery_or_normalization,4.578343710776037e-11,0.9999999999545253,1.789240687905053e-14,8.228400194054287e-51
2018-03-05,1,recovery_or_normalization,2.1643575863157297e-11,0.9999999999781721,3.741365191588938e-13,9.638994785207128e-50
2018-03-06,1,recovery_or_normalization,2.4560561412756495e-09,0.9999999975316314,1.1554638080493303e-11,4.885846604489493e-47
2018-03-07,1,recovery_or_normalization,5.086793319712902e-05,0.9999491320673469,3.741542891374021e-16,4.264212227243558e-44
2018-03-08,1,recovery_or_normalization,7.435361714029322e-06,0.999992564637426,1.1843304999679213e-12,2.065184157108017e-49
2018-03-09,1,recovery_or_normalization,1.5163573486016114e-06,0.9999984834733044,1.6920625776144765e-10,1.0524075450704418e-47
2018-03-12,1,recovery_or_normalization,6.317026848272253e-06,0.9999936829735252,6.630042194313562e-14,5.3107639280410364e-49
2018-03-13,1,recovery_or_normalization,5.596950840242777e-06,0.999994403047114,1.9547124799376387e-12,1.6925886272264613e-48
2018-03-14,1,recovery_or_normalization,5.108595690334026e-06,0.9999948913358346,6.914187966271331e-11,3.007985761393176e-49
2018-03-15,1,recovery_or_normalization,3.2275319849552456e-06,0.999996772406782,6.148997124943999e-11,1.1187716452790216e-48
2018-03-16,1,recovery_or_normalization,1.782163301865973e-06,0.9999982173246709,5.127207128701835e-10,7.693307853583022e-51
2018-03-19,1,recovery_or_normalization,5.271983585622544e-07,0.9999994721457853,6.560667449127241e-10,1.1498342367355712e-53
2018-03-20,1,recovery_or_normalization,2.2607995979731392e-07,0.9999997715949837,2.3258093451266725e-09,3.1321628306271943e-52
2018-03-21,1,recovery_or_normalization,9.437059456129828e-07,0.9999990561723187,1.221562523370384e-10,5.527500284738289e-53
2018-03-22,1,recovery_or_normalization,1.6890922087688752e-07,0.9999998310904772,1.423963278504829e-14,2.4479517851000922e-46
2018-03-23,1,recovery_or_normalization,1.190929338459634e-07,0.9999998809071329,9.69801891376265e-20,6.234129127939293e-46
2018-03-26,1,recovery_or_normalization,3.124377680119893e-08,0.9999999687570384,1.2936192836252876e-15,3.1725853135111427e-44
2018-03-27,1,recovery_or_normalization,4.053156476948775e-08,0.9999999594692789,2.9310759138465364e-18,1.9290851157948288e-41
2018-03-28,1,recovery_or_normalization,2.589218593553094e-08,0.9999999741085052,2.7195382500669077e-19,1.7467893184905728e-42
2018-03-29,1,recovery_or_normalization,1.3931262977653893e-08,0.9999999860683602,3.5983609472443904e-19,4.2513319279774564e-43
2018-04-02,1,recovery_or_normalization,3.7150537338039415e-08,0.9999999628489611,1.5256576287075482e-23,7.514330113765462e-42
2018-04-03,1,recovery_or_normalization,5.761603408561684e-09,0.9999999942392606,1.1720062238011453e-21,8.402992692511338e-42
2018-04-04,1,recovery_or_normalization,5.114479275824582e-09,0.9999999948850018,7.119627045027929e-19,2.1230085017219254e-43
2018-04-05,1,recovery_or_normalization,1.4307402733416363e-09,0.9999999985684553,8.159939422069778e-17,1.2158731486937897e-43
2018-04-06,1,recovery_or_normalization,1.6323119788015083e-10,0.999999999836291,2.984132745264079e-22,9.220401375855591e-41
2018-04-09,1,recovery_or_normalization,1.5085474316704065e-10,0.9999999998490239,5.81503580571907e-20,3.144490172838942e-41
2018-04-10,1,recovery_or_normalization,8.448938716578086e-11,0.9999999999163265,3.7560597077690843e-17,7.888462640189956e-41
2018-04-11,1,recovery_or_normalization,1.0915333045684862e-10,0.9999999998908606,5.70050675211927e-18,2.8154051645658086e-40
2018-04-12,1,recovery_or_normalization,5.92992670698937e-11,0.9999999999399733,3.900049686047658e-18,1.2777696479323202e-39
2018-04-13,1,recovery_or_normalization,3.282115995513131e-11,0.9999999999672582,1.226770060608549e-19,1.9114541429771826e-39
2018-04-16,1,recovery_or_normalization,1.3381555461687512e-11,0.9999999999872671,1.8059056686752674e-18,2.3556773912442574e-40
2018-04-17,1,recovery_or_normalization,3.1634232217129693e-12,0.999999999996362,3.690421844464371e-18,8.401533801454303e-40
2018-04-18,1,recovery_or_normalization,7.809994885188766e-11,0.9999999999217835,1.2052549076863035e-16,6.466033651576861e-40
2018-04-19,1,recovery_or_normalization,6.013609419983677e-11,0.9999999999399733,6.56069202765637e-18,2.023946834192521e-40
2018-04-20,1,recovery_or_normalization,4.391621507471011e-11,0.9999999999563443,2.421968539710622e-19,3.5720605182437697e-40
2018-04-23,1,recovery_or_normalization,5.206907350271867e-09,0.9999999947922333,2.6264622962136207e-19,7.608824459966351e-38
2018-04-24,1,recovery_or_normalization,2.2569630445712936e-08,0.9999999774299797,2.4490876659073581e-23,2.8283547621673314e-39
2018-04-25,1,recovery_or_normalization,1.0049596962589286e-08,0.9999999899500835,7.547100273117932e-21,1.1121118673706603e-40
2018-04-26,1,recovery_or_normalization,4.679645916519173e-08,0.9999999532028607,4.0783257431743885e-21,2.7531034940636876e-40
2018-04-27,1,recovery_or_normalization,5.459796072969579e-08,0.9999999454012155,1.2373421132573024e-21,9.723215861091711e-42
2018-04-30,1,recovery_or_normalization,2.5928477837448424e-08,0.9999999740721254,1.1419877307651354e-22,1.4958541744732753e-40
2018-05-01,1,recovery_or_normalization,3.010316898927421e-08,0.9999999698975448,1.9119210462560087e-25,1.1829400118627966e-39
2018-05-02,1,recovery_or_normalization,1.8397226100428215e-08,0.9999999816027414,1.1427934004781588e-26,9.572934636295587e-41
2018-05-03,1,recovery_or_normalization,2.9225517139042812e-08,0.9999999707742977,2.1479468843345934e-26,1.6253400275404715e-39
2018-05-04,1,recovery_or_normalization,6.5651541457269495e-09,0.9999999934352672,1.8244742822449103e-23,2.3895748753079724e-35
2018-05-07,1,recovery_or_normalization,1.3153262954762905e-08,0.9999999868468876,5.611394350378728e-24,6.605973393344236e-38
2018-05-08,1,recovery_or_normalization,2.3051301967686794e-08,0.9999999769479475,1.5412774577009412e-22,1.5653302829125883e-40
2018-05-09,1,recovery_or_normalization,1.3434782945753513e-08,0.9999999865649443,1.9896969059724838e-20,2.711486438469861e-39
2018-05-10,1,recovery_or_normalization,8.875094171377662e-09,0.9999999911251507,3.7071173907737646e-17,3.2840137484226934e-37
2018-05-11,1,recovery_or_normalization,1.1079085400553468e-08,0.9999999889205355,4.097451120192672e-15,1.3547127139122505e-39
2018-05-14,1,recovery_or_normalization,6.316608315118712e-09,0.9999999936826498,5.839994954278342e-14,6.200962241151525e-39
2018-05-15,1,recovery_or_normalization,2.5415365599394054e-08,0.9999999745850804,1.3211506072487497e-13,1.1233166634993067e-40
2018-05-16,1,recovery_or_normalization,3.602612714106903e-08,0.9999999639730965,4.801832576850454e-13,3.980902353978262e-44
2018-05-17,1,recovery_or_normalization,2.5773918769265764e-08,0.9999999742249205,1.7111176343209936e-12,9.710641219094087e-45
2018-05-18,1,recovery_or_normalization,1.525777071378368e-08,0.999999984742317,9.566315359810882e-14,1.1017986111420223e-44
2018-05-21,1,recovery_or_normalization,1.4119911211765213e-08,0.9999999858791853,1.5670570020502306e-12,7.309044406345402e-44
2018-05-22,1,recovery_or_normalization,8.79671576112702e-09,0.9999999912033672,1.1224369961924065e-13,4.628929873818911e-42
2018-05-23,1,recovery_or_normalization,1.3830236229270307e-08,0.9999999861702236,1.8422593050271675e-14,2.7672483508681843e-43
2018-05-24,1,recovery_or_normalization,4.4559436974226745e-09,0.999999995543476,6.746490617614358e-14,3.5678364644516014e-40
2018-05-25,1,recovery_or_normalization,9.737889150186535e-09,0.9999999902611307,1.0126651743741078e-12,3.1651615584301472e-40
2018-05-29,1,recovery_or_normalization,2.8689733431620844e-08,0.9999999713090806,3.336849743714593e-13,5.241611608685558e-37
2018-05-30,1,recovery_or_normalization,1.8328873510656382e-08,0.999999981662768,8.84053254676852e-12,6.249352786099678e-36
2018-05-31,1,recovery_or_normalization,1.380127280669308e-08,0.9999999861956894,2.664545179490499e-12,1.0642511824697012e-36
2018-06-01,1,recovery_or_normalization,1.535994008465956e-08,0.9999999846331776,6.221260376660661e-12,6.076190440231372e-36
2018-06-04,1,recovery_or_normalization,1.3137115157949173e-08,0.9999999868032319,5.948474813968644e-11,4.1546712882186536e-36
2018-06-05,1,recovery_or_normalization,6.968626593258607e-09,0.9999999928950274,1.3648747732613555e-10,1.8746009011900654e-37
2018-06-06,1,recovery_or_normalization,5.548156717682951e-09,0.9999999932242645,1.2282610268066416e-09,9.181654196039498e-37
2018-06-07,1,recovery_or_normalization,6.436030245784079e-09,0.9999999799365471,1.3627564512855707e-08,2.903983882424447e-36
2018-06-08,1,recovery_or_normalization,1.912986275265213e-08,0.9999998523417271,1.2852902556717944e-07,1.9159833392058773e-38
2018-06-11,1,recovery_or_normalization,9.355626857545216e-09,0.9999996407223725,3.499221940245363e-07,1.7334360780196913e-39
2018-06-12,1,recovery_or_normalization,9.53059030177855e-09,0.9999996662846218,3.2418456415256786e-07,2.4516438170521546e-39
2018-06-13,1,recovery_or_normalization,1.1244987609146364e-08,0.9999997305112992,2.5824369068221405e-07,3.9140579417092e-39
2018-06-14,1,recovery_or_normalization,1.837122120192411e-08,0.9999998890416525,9.258627469897313e-08,4.466644559454152e-40
2018-06-15,1,recovery_or_normalization,2.3529224043538996e-08,0.9999998280291186,1.484407658818297e-07,3.566022990434699e-40
2018-06-18,1,recovery_or_normalization,2.0456264320924534e-08,0.9999998995062974,8.003833627947138e-08,9.645207655243147e-38
2018-06-19,1,recovery_or_normalization,2.5294938636173666e-08,0.999999907022361,6.768351417739486e-08,5.491147514526595e-37
2018-06-20,1,recovery_or_normalization,2.6721868049949828e-08,0.9999999355695784,3.7708975704452115e-08,3.493115297361573e-36
2018-06-21,1,recovery_or_normalization,2.2421706599346025e-07,0.9999995839571922,1.918259493184818e-07,1.6379347403419283e-36
2018-06-22,1,recovery_or_normalization,2.777005915147866e-07,0.9999996467250354,7.557383119604666e-08,2.1836523429973996e-34
2018-06-25,1,recovery_or_normalization,9.010510204063553e-08,0.999999840485556,6.94084521476783e-08,5.180123060674023e-35
2018-06-26,1,recovery_or_normalization,3.1027217705125713e-07,0.9999996298011641,5.992659939301946e-08,8.346405120828425e-37
2018-06-27,1,recovery_or_normalization,1.9290225124943098e-07,0.9999996823972246,1.2470098366099737e-07,7.156412026753028e-35
2018-06-28,1,recovery_or_normalization,7.496632859365879e-08,0.9999996653205576,2.5971228635239214e-07,2.0093622819041848e-35
2018-06-29,1,recovery_or_normalization,2.2409459719022834e-07,0.9999985918139739,1.1840908898020698e-06,1.4659770776512706e-33
2018-07-02,1,recovery_or_normalization,3.448781279973526e-07,0.9996884581700725,0.00031119695265327806,6.686757921144043e-35
2018-07-03,1,recovery_or_normalization,6.449289431840821e-06,0.9944504887549954,0.005543061955277636,1.4078031159382098e-35
2018-07-05,1,recovery_or_normalization,1.3011002382021024e-05,0.7362761164422404,0.26371087255516823,2.141027178500428e-37
2018-07-06,2,risk_on,7.097546910828393e-06,0.06293368960486347,0.9370592128477636,4.150825018278311e-44
2018-07-09,2,risk_on,6.653517377683162e-08,0.0017543588085253028,0.9982455746564747,2.2158333675745463e-46
2018-07-10,2,risk_on,5.501390299327564e-10,1.1526482262629873e-05,0.9999884729668774,7.361958676873846e-49
2018-07-11,2,risk_on,3.847916976703851e-10,1.6356314963849443e-06,0.9999983639840788,6.602822036307246e-49
2018-07-12,2,risk_on,8.763121221396391e-11,3.6717512813175353e-07,0.9999996327370119,2.0639065408693925e-51
2018-07-13,2,risk_on,1.5805673317227263e-10,2.567569453686938e-07,0.9999997430841506,8.921050286492781e-52
2018-07-16,2,risk_on,5.8083147774369546e-11,2.844893057106912e-07,0.9999997154518901,5.750740924561738e-53
2018-07-17,2,risk_on,4.475293005883848e-11,2.2270099946771825e-07,0.9999997772538584,4.0439953219445356e-52
2018-07-18,2,risk_on,3.290447380884828e-11,1.5457773661684123e-07,0.9999998453895507,9.024948919829179e-52
2018-07-19,2,risk_on,4.3064367997037096e-11,1.5269626863804972e-07,0.9999998472612904,3.6338895018018615e-48
2018-07-20,2,risk_on,4.6992595495333874e-11,1.665495181682935e-07,0.9999998334042314,4.1250480599481066e-46
2018-07-23,2,risk_on,5.720998335617031e-11,2.0612772562388748e-07,0.9999997938157533,1.71860905279459e-46
2018-07-24,2,risk_on,4.07291579348195e-11,9.604400347769974e-08,0.9999999039155274,2.628349780288349e-43
2018-07-25,2,risk_on,8.253909028994399e-11,9.120853384684013e-08,0.999999908708564,8.952468112314013e-44
2018-07-26,2,risk_on,5.7084764946400133e-11,9.286955756287919e-08,0.9999999070732927,1.7154852061503333e-41
2018-07-27,2,risk_on,1.560322522708093e-10,2.2004482138639986e-07,0.999999779798624,1.999691479670316e-40
2018-07-30,2,risk_on,1.4423069503329345e-10,5.140613231494376e-07,0.9999994857936557,3.963207264426926e-41
2018-07-31,2,risk_on,7.262404323309022e-11,2.445960367261014e-07,0.9999997553314033,5.46917791716044e-42
2018-08-01,2,risk_on,1.4795750373827207e-10,4.7326934211693676e-07,0.9999995265826539,9.713157406445164e-42
2018-08-02,2,risk_on,1.493157934779792e-10,3.1377476445531055e-07,0.99999968607522,1.2135012742322307e-42
2018-08-03,2,risk_on,1.066655295924867e-10,2.555211751191834e-07,0.9999997443719948,2.3812959429598226e-43
2018-08-06,2,risk_on,1.6001613303825934e-10,7.176952408656887e-07,0.9999992821451845,1.3369832332997369e-43
2018-08-07,2,risk_on,5.9130769304798e-11,5.545812407820575e-07,0.9999994453593618,4.522419080221875e-44
2018-08-08,2,risk_on,7.82828910046572e-11,6.181784246847885e-07,0.9999993817438827,2.0356258301358498e-45
2018-08-09,2,risk_on,4.7436665710229546e-11,3.147027230763986e-07,0.9999996852493991,2.0531362035036643e-43
2018-08-10,2,risk_on,5.023214353420498e-11,5.952628565643583e-07,0.9999994046867822,1.1977907891466923e-42
2018-08-13,2,risk_on,6.821871428089715e-11,7.222270651319168e-07,0.9999992777050346,9.052769501376236e-43
2018-08-14,2,risk_on,3.87442452194946e-11,2.7703558881464916e-07,0.9999997229261155,1.477939990909523e-39
2018-08-15,2,risk_on,3.2460678030872294e-11,4.5819276972351594e-07,0.9999995417748464,2.976408731505674e-39
2018-08-16,2,risk_on,2.5076852273769092e-11,3.1064579331998367e-07,0.9999996893293911,3.103716134262762e-39
2018-08-17,2,risk_on,2.91728303414541e-11,2.578691646990203e-07,0.9999997421018967,9.01459589632509e-40
2018-08-20,2,risk_on,2.990365502160897e-11,2.3643792617264073e-07,0.9999997635314055,3.0171093993224247e-40
2018-08-21,2,risk_on,2.607426356842008e-11,2.2023056167728763e-07,0.9999997797440543,1.782477934624527e-39
2018-08-22,2,risk_on,3.804183007572378e-11,3.546072769461125e-07,0.9999996453553368,6.805988697391507e-39
2018-08-23,2,risk_on,1.1058535004824588e-10,1.146027565862032e-06,0.9999988538627096,9.375842734423415e-39
2018-08-24,2,risk_on,6.26370445034906e-11,6.073950678063072e-07,0.9999993925413972,2.990326674388861e-39
2018-08-27,2,risk_on,9.96047337183653e-11,1.4930615914539352e-07,0.9999998505936786,2.1034328877218494e-41
2018-08-28,2,risk_on,2.4031243611915077e-10,2.1245614488504196e-07,0.9999997873037727,1.3913489951538536e-44
2018-08-29,2,risk_on,1.0105278885191129e-10,7.518996688461868e-08,0.9999999247083935,2.097505717790406e-43
2018-08-30,2,risk_on,2.071781340078442e-10,7.254021553386611e-08,0.9999999272531594,2.802967888354991e-44
2018-08-31,2,risk_on,1.620740214552263e-10,1.1479368674358271e-07,0.9999998850435143,1.6805035273920075e-45
2018-09-04,2,risk_on,2.2178019908363688e-10,3.7633019241084337e-07,0.9999996234474365,1.1766264714916479e-45
2018-09-05,2,risk_on,4.986825545418412e-10,1.1045631868420694e-06,0.9999988949372631,2.582696260506127e-49
2018-09-06,2,risk_on,2.22296983917487e-10,6.360166860761384e-07,0.9999993637613648,6.95410034474836e-49
2018-09-07,2,risk_on,1.9696322129569593e-10,1.144687125468807e-06,0.9999988551159918,8.223375324396002e-51
2018-09-10,2,risk_on,1.3047530089387854e-10,8.516822120011382e-07,0.999999148187634,9.676632606979533e-52
2018-09-11,2,risk_on,1.380450482544918e-10,9.863373363233742e-07,0.9999990135243343,1.7101041155388175e-51
2018-09-12,2,risk_on,7.85186895273271e-11,6.447345873042103e-07,0.9999993551866543,1.3836955892060058e-51
2018-09-13,2,risk_on,5.35814416676572e-11,6.164032788811597e-07,0.9999993835428621,3.0823894856613785e-51
2018-09-14,2,risk_on,1.1871794219199365e-10,1.663090388034592e-06,0.9999983367902321,1.4155169868826037e-51
2018-09-17,2,risk_on,7.67117161360591e-11,2.3224106665234316e-06,0.9999976775133885,1.3677748587204363e-51
2018-09-18,2,risk_on,8.751146469149923e-11,2.0246442680702497e-06,0.9999979752685738,1.3939914843829378e-50
2018-09-19,2,risk_on,1.4112783662600413e-10,1.940607129874494e-06,0.999998059251148,4.779185003573978e-51
2018-09-20,2,risk_on,4.633654611439251e-11,1.0398120897454763e-06,0.9999989601406873,7.313097583068466e-55
2018-09-21,2,risk_on,2.0172430489172772e-11,3.7821224608779093e-07,0.9999996217666909,2.3221353176865092e-54
2018-09-24,2,risk_on,3.0698848141460004e-11,3.250451269124855e-07,0.9999996749248186,3.6607462963185436e-55
2018-09-25,2,risk_on,2.9350930234307356e-11,4.5714950145803384e-07,0.9999995428207648,3.320216382957613e-55
2018-09-26,2,risk_on,3.440142330615804e-11,7.946180521095862e-07,0.99999920534751,2.7891068357741947e-58
2018-09-27,2,risk_on,3.049155230587038e-11,8.691085494268411e-07,0.9999991308617748,1.9775892221160956e-58
2018-09-28,2,risk_on,5.480711906920296e-11,2.612468419229088e-06,0.9999973874762438,2.8711067689298595e-58
2018-10-01,2,risk_on,9.851751234416732e-11,5.1169791769004555e-06,0.9999948829230517,9.41965445582834e-58
2018-10-02,2,risk_on,3.628869804923613e-11,2.1634868423312242e-06,0.999997836476335,6.161089521694406e-59
2018-10-03,2,risk_on,4.381584238022073e-11,4.136516148714396e-06,0.999995863439296,2.209830371894655e-59
2018-10-04,2,risk_on,2.1444051257296967e-11,3.6263243809405897e-06,0.9999963736547484,2.6617910079555017e-61
2018-10-05,2,risk_on,1.3581213957611987e-11,1.858463033556519e-05,0.9999814153560528,4.773894376945833e-67
2018-10-08,2,risk_on,2.623319377382632e-11,0.0007852599224372541,0.9992147400510039,3.9811485363587977e-66
2018-10-09,2,risk_on,1.6724841558804157e-10,0.01671879189712071,0.9832812079355965,8.054457621449058e-67
2018-10-10,1,recovery_or_normalization,3.0769081293317934e-10,0.6383326248792658,0.36166737481215344,2.4323066314867654e-63
2018-10-11,1,recovery_or_normalization,1.162532971380734e-09,0.9993727148304046,0.0006272840062362151,3.2413338554411473e-49
2018-10-12,1,recovery_or_normalization,1.4625253938333808e-09,0.9997930046362696,0.00020699390174962103,4.4881275833794075e-49
2018-10-15,1,recovery_or_normalization,6.296389812292105e-09,0.9994761907860693,0.0005238029179968359,2.2419917390992285e-49
2018-10-16,1,recovery_or_normalization,2.1764950725484693e-09,0.9949421682514527,0.005057829572219726,7.348218493352511e-54
2018-10-17,1,recovery_or_normalization,7.647123615052719e-10,0.9953359478188616,0.004664051417261656,3.2418949345414114e-55
2018-10-18,1,recovery_or_normalization,2.501676725703379e-10,0.9996187955212864,0.00038120422823508773,2.684930755044176e-53
2018-10-19,1,recovery_or_normalization,3.5108818774206357e-10,0.999866572374354,0.00013342727494455539,3.569981900119162e-54
2018-10-22,1,recovery_or_normalization,6.728492039372409e-10,0.9999729382603748,2.7061065892232877e-05,2.4678207687224543e-53
2018-10-23,1,recovery_or_normalization,7.528009888233529e-10,0.9999911058562149,8.893391653190918e-06,8.906518239842296e-54
2018-10-24,1,recovery_or_normalization,2.4371335944754246e-10,0.9999999997398845,1.6906745564039303e-11,2.0494898519193373e-45
2018-10-25,1,recovery_or_normalization,3.21922843610408e-10,0.9999999955016392,4.175703604243403e-09,3.2596366149983912e-43
2018-10-26,1,recovery_or_normalization,9.330169137532225e-10,0.9999999990650394,2.812155507269376e-12,5.954832180920278e-40
2018-10-29,1,recovery_or_normalization,1.1336253270351947e-09,0.9999999988667696,3.3981923531675823e-13,5.2051228602953175e-39
2018-10-30,1,recovery_or_normalization,1.3863930524807425e-09,0.9999999985211616,9.178110522607977e-11,3.1446342943824144e-37
2018-10-31,1,recovery_or_normalization,3.6369918758335988e-09,0.999999993995516,2.367900723088405e-09,1.1812271029126705e-36
2018-11-01,1,recovery_or_normalization,5.078654186681369e-10,0.9999999931151251,6.376864159619395e-09,4.068740585175183e-37
2018-11-02,1,recovery_or_normalization,8.853635866140493e-10,0.9999999956689862,3.4465039163871933e-09,1.6495042700295596e-40
2018-11-05,1,recovery_or_normalization,3.0248496917418696e-10,0.9999999884221324,1.1275385198750549e-08,5.858481685524665e-42
2018-11-06,1,recovery_or_normalization,2.728256393729943e-10,0.9999999149004034,8.482683460219478e-08,1.841951763455004e-42
2018-11-07,1,recovery_or_normalization,7.096214016615131e-11,0.9999997826126,2.1731676665432788e-07,4.697297604084071e-41
2018-11-08,1,recovery_or_normalization,2.5281278315107565e-08,0.9999977385348862,2.2361840288231648e-06,2.3070900062768488e-40
2018-11-09,1,recovery_or_normalization,6.622607974334324e-07,0.9999992775595156,6.018056325612027e-08,2.8139048795092877e-38
2018-11-12,1,recovery_or_normalization,2.6943019467688485e-07,0.999999726622301,3.94819287042505e-09,9.123215232898626e-36
2018-11-13,1,recovery_or_normalization,4.187554831073197e-07,0.9999995810086116,2.3655403734547963e-10,2.0080129167261236e-37
2018-11-14,1,recovery_or_normalization,3.043966539931623e-08,0.999999969344572,2.1546216423915591e-10,2.437241467578103e-39
2018-11-15,1,recovery_or_normalization,5.1057472453945785e-08,0.9999999462124848,2.7293324604747536e-09,1.4341482922499466e-38
2018-11-16,1,recovery_or_normalization,2.428665083251888e-07,0.9999997569139236,2.2031392754739e-10,3.595478919037509e-38
2018-11-19,1,recovery_or_normalization,2.172801652297856e-07,0.9999997827199204,2.875367350723677e-13,2.44332710031418e-37
2018-11-20,1,recovery_or_normalization,2.0921010092877949e-07,0.9999997907907746,2.765485550409061e-17,5.519579683388174e-36
2018-11-21,1,recovery_or_normalization,5.160249053286734e-07,0.9999994839746672,1.4818052304828043e-17,1.336091320886796e-34
2018-11-23,1,recovery_or_normalization,1.1322711606466289e-05,0.9999886772879848,1.5665488662068776e-21,1.0011068827237332e-33
2018-11-26,1,recovery_or_normalization,5.023490671705244e-06,0.999994976509582,8.801339489466751e-18,2.1568123487762143e-35
2018-11-27,1,recovery_or_normalization,1.2983364908486929e-05,0.9999870166345062,1.0938473421511491e-17,2.2436114033285173e-35
2018-11-28,1,recovery_or_normalization,1.8786364487818948e-05,0.9999812136357162,2.3766661812261976e-13,2.966146523247704e-34
2018-11-29,1,recovery_or_normalization,3.7504256590765706e-06,0.9999962495746628,4.2727178752894246e-13,3.522516058012255e-36
2018-11-30,1,recovery_or_normalization,9.157024130940647e-07,0.9999990842847737,1.2794735155315755e-11,8.241167111637351e-38
2018-12-03,1,recovery_or_normalization,1.843663941530171e-07,0.9999998150724594,5.603505505967943e-10,1.6182998942922221e-40
2018-12-04,1,recovery_or_normalization,1.2877067097445434e-07,0.9999998712301105,1.8954221958691342e-16,5.673898391025822e-32
2018-12-06,1,recovery_or_normalization,1.8773481835945083e-07,0.9999998122657593,6.693022673286658e-16,7.191007357836122e-33
2018-12-07,1,recovery_or_normalization,5.472060242015823e-08,0.9999999452793432,3.498088311884276e-21,7.903249417268206e-33
2018-12-10,1,recovery_or_normalization,4.358317240699676e-08,0.9999999564170149,2.15452473429333e-20,1.834025755379009e-33
2018-12-11,1,recovery_or_normalization,2.7175398868326543e-08,0.9999999728242986,3.855923973845741e-20,1.8345296083047193e-35
2018-12-12,1,recovery_or_normalization,4.4991180007953605e-09,0.9999999955016392,1.6341087683552272e-19,2.662339704920505e-35
2018-12-13,1,recovery_or_normalization,1.0916844391865019e-08,0.9999999890824256,8.740476463182083e-22,4.433717536781805e-35
2018-12-14,1,recovery_or_normalization,1.9369311792599092e-08,0.999999980631401,5.060254900046743e-26,1.059426948918609e-33
2018-12-17,1,recovery_or_normalization,2.2073023022125542e-08,0.9999999779265638,5.483022696030502e-31,7.795741058315993e-32
2018-12-18,1,recovery_or_normalization,1.27428420200863e-08,0.9999999872579792,2.4779021197017778e-29,3.117188920404368e-32
2018-12-19,1,recovery_or_normalization,1.189445732213232e-08,0.9999999881056283,3.970616418108308e-36,7.614655141839754e-30
2018-12-20,1,recovery_or_normalization,2.405884713673718e-07,0.9999997594113955,3.287034318586309e-41,3.425849251080111e-28
2018-12-21,1,recovery_or_normalization,6.083564728612664e-07,0.999999391642817,3.9899290655728797e-51,5.133244610751943e-29
2018-12-24,1,recovery_or_normalization,5.4024437794587134e-08,0.9999999459760162,3.154442076958696e-60,3.1631999705118093e-28
2018-12-26,1,recovery_or_normalization,2.576164755672822e-09,0.999999997424311,1.8970257423565428e-47,3.710730898717614e-27
2018-12-27,1,recovery_or_normalization,3.112221759162698e-10,0.9999999996889528,9.202830784700475e-45,2.1325559209882985e-27
2018-12-28,1,recovery_or_normalization,5.180136447863379e-10,0.999999999481588,1.1303382882538193e-45,3.6474751293044544e-27
2018-12-31,1,recovery_or_normalization,2.2092852576602794e-09,0.9999999977899279,1.5446339345633692e-41,1.738244056906825e-27
2019-01-02,1,recovery_or_normalization,4.234022838620941e-09,0.9999999957653927,1.3977544947288928e-43,5.23463442297656e-29
2019-01-03,1,recovery_or_normalization,1.8330950395536426e-10,0.9999999998162821,5.6493573212356096e-52,3.928256204192834e-30
2019-01-04,1,recovery_or_normalization,7.902005519769615e-13,1.0,5.777764299697792e-44,6.435901530715911e-27
2019-01-07,1,recovery_or_normalization,1.9036605529416583e-11,0.9999999999818101,1.3188642076025503e-42,2.781238865285151e-28
2019-01-08,1,recovery_or_normalization,4.231161313385188e-12,0.999999999996362,4.289163532128261e-41,5.0754828373878404e-26
2019-01-09,1,recovery_or_normalization,2.4170719081253887e-11,0.9999999999763531,2.4418172749301544e-42,2.639238359555272e-27
2019-01-10,1,recovery_or_normalization,3.6370132229435514e-12,0.999999999996362,5.570522806953741e-42,3.2555905670257524e-29
2019-01-11,1,recovery_or_normalization,3.2987373618260923e-13,1.0,1.5823911859966672e-43,1.4048808163420939e-27
2019-01-14,1,recovery_or_normalization,4.311459237641257e-12,0.999999999996362,7.827228889836291e-44,6.268668672869986e-27
2019-01-15,1,recovery_or_normalization,3.1271295344044054e-12,0.999999999996362,7.296967441699806e-40,1.437308396129709e-26
2019-01-16,1,recovery_or_normalization,1.7916160323689805e-11,0.9999999999818101,3.829837484875549e-41,2.3439028228516505e-25
2019-01-17,1,recovery_or_normalization,9.912726182581275e-11,0.9999999999017746,1.9431489364522724e-41,7.316183131266918e-26
2019-01-18,1,recovery_or_normalization,4.927458330007974e-11,0.9999999999508873,1.726311046837574e-36,1.8376982870985156e-25
2019-01-22,1,recovery_or_normalization,2.926144293296196e-10,0.9999999997071427,3.964221369234518e-40,1.6795469365751994e-25
2019-01-23,1,recovery_or_normalization,1.4038677635019332e-10,0.9999999998599378,6.308230433331594e-44,2.2502888657359898e-24
2019-01-24,1,recovery_or_normalization,4.951718624355751e-09,0.9999999950487108,7.972806368636991e-48,5.2530845700450407e-23
2019-01-25,1,recovery_or_normalization,8.735563423404183e-09,0.9999999912652129,4.0407114907477393e-51,1.6829454999092092e-24
2019-01-28,1,recovery_or_normalization,4.425087425256437e-11,0.9999999999563443,1.0138394280281554e-41,2.888873168074165e-28
2019-01-29,1,recovery_or_normalization,1.0128063033410193e-10,0.9999999998981366,1.7820316365924267e-39,1.8323443148578617e-26
2019-01-30,1,recovery_or_normalization,1.0068580319299076e-09,0.9999999989922799,2.958155074302171e-35,7.175309306434332e-25
2019-01-31,1,recovery_or_normalization,1.4894020493574129e-09,0.9999999985102477,4.702751000564565e-34,3.6917727331793017e-25
2019-02-01,1,recovery_or_normalization,2.0181700583388882e-10,0.9999999997980922,4.812077962776045e-35,1.3256703956797024e-25
2019-02-04,1,recovery_or_normalization,3.854513851574878e-10,0.9999999996143742,8.63586296868998e-37,2.2380769625441077e-26
2019-02-05,1,recovery_or_normalization,1.46043447268815e-10,0.9999999998544808,1.1910394265095615e-28,9.917119418882227e-30
2019-02-06,1,recovery_or_normalization,2.4711674538363285e-11,0.9999999999745341,4.52465331347955e-27,1.3093216449918524e-29
2019-02-07,1,recovery_or_normalization,4.219807128175063e-11,0.9999999999581632,5.76511876563475e-28,3.111579166287356e-29
2019-02-08,1,recovery_or_normalization,1.679985706161334e-10,0.999999999832653,1.6358912623781662e-28,3.1219941626958096e-28
2019-02-11,1,recovery_or_normalization,9.620288095304459e-11,0.9999999999035936,4.7336390926954014e-26,9.620966563410896e-29
2019-02-12,1,recovery_or_normalization,1.243400471400843e-10,0.9999999998763087,4.284449187204444e-23,8.305024696953539e-29
2019-02-13,1,recovery_or_normalization,4.4500519364978876e-11,0.9999999999563443,3.081189415505e-22,4.776953966539695e-28
2019-02-14,1,recovery_or_normalization,1.8899972350229906e-10,0.9999999998108251,2.1089622921440086e-20,1.796515818860581e-27
2019-02-15,1,recovery_or_normalization,1.868359440622516e-10,0.9999999998126441,9.94969485413127e-19,1.5053600721802517e-27
2019-02-19,1,recovery_or_normalization,1.6580654868002096e-10,0.999999999834472,2.067745506227521e-17,1.3985389772345475e-27
2019-02-20,1,recovery_or_normalization,2.1624034521198603e-10,0.9999999997835403,5.88883056494068e-17,1.631156826600261e-27
2019-02-21,1,recovery_or_normalization,2.55315177239769e-10,0.9999999997453415,4.1976730379719665e-18,1.931933907645797e-27
2019-02-22,1,recovery_or_normalization,9.174086163541892e-10,0.9999999990832293,1.1247647228901256e-17,1.2249932638771361e-26
2019-02-25,1,recovery_or_normalization,8.213077378275808e-10,0.9999999991778168,5.369233562872975e-16,3.670714055512272e-26
2019-02-26,1,recovery_or_normalization,1.4963569921486075e-09,0.9999999985029717,1.533525259805005e-15,1.0601774785397549e-25
2019-02-27,1,recovery_or_normalization,4.769060199993863e-09,0.9999999952306098,3.991159473937907e-16,1.979141856252548e-26
2019-02-28,1,recovery_or_normalization,8.683130702618041e-10,0.999999999132342,2.0358092219307654e-16,2.584134525408779e-27
2019-03-01,1,recovery_or_normalization,1.3694703678266783e-09,0.999999998630301,6.010313789248875e-16,3.359537448048438e-27
2019-03-04,1,recovery_or_normalization,3.1684805161896525e-09,0.9999999968313205,8.616194312505151e-14,9.099287174906214e-28
2019-03-05,1,recovery_or_normalization,4.835177990094551e-09,0.9999999951651262,6.720775068498821e-14,9.921731430763202e-28
2019-03-06,1,recovery_or_normalization,8.151188899824383e-09,0.9999999918491085,7.521934169622176e-14,4.35074698409235e-28
2019-03-07,1,recovery_or_normalization,2.7419375569884153e-09,0.999999997258783,4.980361383470848e-15,2.359952881117346e-27
2019-03-08,1,recovery_or_normalization,6.529916086588522e-09,0.999999993469828,3.3499795946119527e-15,3.3881866606814396e-27
2019-03-11,1,recovery_or_normalization,9.331975816486746e-09,0.9999999906667654,9.648855951952592e-13,1.5322716425170212e-26
2019-03-12,1,recovery_or_normalization,1.8700634465128382e-08,0.9999999812862372,1.3750083678699612e-11,1.2978587244963357e-25
2019-03-13,1,recovery_or_normalization,2.2116487832885953e-08,0.999999977719199,1.6377489141611652e-10,2.077953095165087e-25
2019-03-14,1,recovery_or_normalization,6.732330195999708e-08,0.9999999325154955,1.6132414159409122e-10,5.6511117018930005e-24
2019-03-15,1,recovery_or_normalization,4.098395817350829e-06,0.999995899751632,1.8533315191310406e-09,2.0427929855290138e-22
2019-03-18,1,recovery_or_normalization,0.0002495348451098078,0.999750462304723,2.8509860397701737e-09,2.170804197997772e-20
2019-03-19,1,recovery_or_normalization,0.043791049161097786,0.9562086367571675,3.1408120343791073e-07,8.77478606430672e-19
2019-03-20,0,inflation_rates_shock,0.5653320022789504,0.4346669765736361,1.0211482232280602e-06,1.7332192132665242e-17
2019-03-21,0,inflation_rates_shock,0.9019868677803304,0.09800723394552414,5.8982734126064566e-06,9.946247402890016e-19
2019-03-22,0,inflation_rates_shock,0.9847055772535884,0.015294388750358424,3.399670373184564e-08,1.6996338280705078e-17
2019-03-25,0,inflation_rates_shock,0.9996568048269797,0.00034318471170177245,1.0461629354547022e-08,1.5818493675073398e-16
2019-03-26,0,inflation_rates_shock,0.9999983146622631,1.6848495631851432e-06,4.889484985454318e-10,2.2508144064874967e-17
2019-03-27,0,inflation_rates_shock,0.9999970234883864,5.957009843475401e-07,2.3808097470490576e-06,2.251832736316454e-17
2019-03-28,2,risk_on,0.3460766546068647,0.00033553912243519234,0.6535878062704581,9.437947757588041e-20
2019-03-29,2,risk_on,0.027626183133354954,8.21614422738561e-05,0.9722916554250173,2.408464393150685e-22
2019-04-01,2,risk_on,0.00011296177875277585,1.2853653651857635e-06,0.9998857528555025,2.885162781858925e-25
2019-04-02,2,risk_on,1.2397999572428608e-07,2.3521988093736544e-07,0.999999640800589,6.33255218715174e-28
2019-04-03,2,risk_on,1.3525408454944484e-09,1.2435764635576823e-07,0.9999998742896502,4.7925882217725755e-28
2019-04-04,2,risk_on,1.0229425448678499e-08,3.149009272205828e-08,0.9999999582796599,2.000090611798491e-29
2019-04-05,2,risk_on,5.30014748189022e-10,9.576513230015286e-09,0.9999999898936949,9.689845187369883e-35
2019-04-08,2,risk_on,1.6947106165266408e-10,7.475651276754766e-09,0.9999999923547875,5.389165830688837e-36
2019-04-09,2,risk_on,5.03595787066505e-11,1.9499829878685014e-08,0.9999999804495021,7.523895586091e-37
2019-04-10,2,risk_on,3.825196941369001e-11,2.1551782620953868e-08,0.999999978410415,6.669532906977061e-38
2019-04-11,2,risk_on,1.744230091563177e-11,3.433159516649566e-08,0.9999999656502047,1.5225810725074883e-38
2019-04-12,2,risk_on,1.8797470343123154e-11,8.580000740532453e-08,0.9999999141819026,5.320738149358549e-37
2019-04-15,2,risk_on,2.4772132929187658e-11,8.374056654681464e-08,0.9999999162355415,1.9806884335585533e-36
2019-04-16,2,risk_on,1.7905493523308152e-11,1.3783708831200318e-07,0.9999998621442596,3.727045785501281e-37
2019-04-17,2,risk_on,1.6982051292568426e-11,1.4618949495159898e-07,0.9999998537932804,1.1668751932674488e-37
2019-04-18,2,risk_on,1.4266530011992918e-11,2.1866507274698213e-07,0.9999997813211178,2.3325903424957588e-38
2019-04-22,2,risk_on,6.453382026351551e-12,4.4602111012578145e-07,0.9999995539729838,4.27764159898968e-40
2019-04-23,2,risk_on,1.5599211106551173e-11,1.5984881552811036e-07,0.99999984013631,2.3494058492747796e-40
2019-04-24,2,risk_on,1.883698295265116e-11,1.793520521334111e-07,0.999999820629471,1.9492005779295157e-40
2019-04-25,2,risk_on,1.4256042080173427e-11,1.3788359236484663e-07,0.9999998621024229,6.708551358146622e-41
2019-04-26,2,risk_on,7.894421909220138e-12,1.5183137703935688e-07,0.9999998481598711,2.2018685590094467e-41
2019-04-29,2,risk_on,1.4813077072659232e-11,9.806491193462311e-08,0.9999999019200961,8.433095476844581e-41
2019-04-30,2,risk_on,1.0826763093937419e-11,9.923591824162551e-08,0.999999900754124,1.55657180886514e-40
2019-05-01,2,risk_on,1.6586507840142537e-11,4.355513700743405e-07,0.9999995644321682,5.927793934680757e-41
2019-05-02,2,risk_on,4.992842683779985e-12,4.061060265577413e-07,0.9999995938888703,1.338222467748956e-39
2019-05-03,2,risk_on,4.748485230232e-12,3.1222524155362664e-07,0.9999996877705176,1.7966620198680503e-40
2019-05-06,2,risk_on,9.81029202736588e-12,6.631019810109684e-07,0.9999993368876328,1.242759987800084e-40
2019-05-07,2,risk_on,7.044071309279714e-11,6.536584157281558e-06,0.9999934633446992,6.7204985125718455e-37
2019-05-08,2,risk_on,7.315981992469067e-11,3.31696179317196e-06,0.9999966829655467,9.7177114151559e-38
2019-05-09,2,risk_on,5.841584681313325e-11,1.4964508267054617e-06,0.9999985034912526,1.7256380110098198e-38
2019-05-10,2,risk_on,1.155105501557217e-11,4.030196636642946e-07,0.9999995969684181,7.796801860327158e-37
2019-05-13,2,risk_on,1.612487328556162e-09,3.758977883823856e-05,0.9999624086093594,5.625755200630983e-32
2019-05-14,2,risk_on,2.31216645188635e-10,5.7770459265940275e-06,0.999994222722625,2.0216992925771036e-34
2019-05-15,2,risk_on,4.3213024973033925e-11,2.540725054831352e-06,0.9999974592315529,6.151011677303321e-36
2019-05-16,2,risk_on,4.456305094567136e-11,1.040890376118878e-06,0.9999989590656657,1.7456334766502324e-36
2019-05-17,2,risk_on,4.003626612548505e-11,1.6394250970035976e-06,0.9999983605352806,1.0646981282814338e-35
2019-05-20,2,risk_on,6.194464885548033e-11,4.165944306151942e-06,0.9999958339936178,6.27197859706611e-36
2019-05-21,2,risk_on,1.5141227766862492e-11,4.507133895830974e-06,0.9999954928509105,1.7092675489368942e-36
2019-05-22,2,risk_on,3.998138940771873e-11,0.00013564578894051222,0.9998643541715017,8.489061438666095e-34
2019-05-23,2,risk_on,6.042435724172522e-10,0.0040230619273533795,0.9959769374691497,8.252367393884171e-30
2019-05-24,2,risk_on,7.122986811107243e-09,0.05202738328656958,0.9479726095913146,1.492319271039169e-29
2019-05-28,2,risk_on,4.18529046472778e-08,0.4071396121839589,0.5928603459638264,9.981535801012115e-28
2019-05-29,1,recovery_or_normalization,5.049386682495542e-08,0.9815121621217185,0.018487787384297884,1.0669113935906229e-26
2019-05-30,1,recovery_or_normalization,1.448699003603223e-08,0.9991404560198203,0.0008595294929989799,5.016629003611901e-28
2019-05-31,1,recovery_or_normalization,2.29500001818794e-08,0.9999997520244813,2.25025149968397e-07,2.1064113242454596e-27
2019-06-03,1,recovery_or_normalization,1.5002359172789606e-08,0.9999999324827537,5.251412182841594e-08,5.268037512660423e-26
2019-06-04,1,recovery_or_normalization,1.5774234439666118e-07,0.9983189829483647,0.0016808593089184072,1.0457386850783254e-24
2019-06-05,1,recovery_or_normalization,2.3455840701200932e-06,0.9670460379906746,0.032951616425829715,1.4698054982025642e-23
2019-06-06,1,recovery_or_normalization,5.7792151145126496e-05,0.8519681842504332,0.1479740235977981,6.672630303824914e-24
2019-06-07,2,risk_on,9.877263413268368e-05,0.3403651555187307,0.6595360718471772,1.279153451799616e-26
2019-06-10,2,risk_on,3.313353687540604e-06,0.03220285885568004,0.9677938277901315,2.9751580343413617e-30
2019-06-11,2,risk_on,2.3829727006150324e-08,0.0011264789207487283,0.9988734972495396,3.955310669923552e-30
2019-06-12,2,risk_on,2.442476125515406e-08,0.00010449519298940437,0.9998954803815139,4.21970639538622e-31
2019-06-13,2,risk_on,3.6993673407413287e-09,6.217802425995377e-06,0.9999937784989739,1.3817334750550996e-32
2019-06-14,2,risk_on,6.146885285630631e-10,3.0812246692013493e-06,0.999996918160124,3.9282384500005544e-32
2019-06-17,2,risk_on,1.1393662911578216e-09,4.4147594973409845e-06,0.9999955841019258,2.2992349280584895e-32
2019-06-18,2,risk_on,2.167588199424397e-09,5.935574982930592e-06,0.9999940622577767,2.2970257072087087e-33
2019-06-19,2,risk_on,2.3797516914791826e-09,1.8658583902784956e-06,0.9999981317613845,5.0868628677371705e-33
2019-06-20,2,risk_on,1.937442277943454e-09,1.2171062347731e-06,0.9999987809558816,2.2323105390294313e-34
2019-06-21,2,risk_on,1.6456406564016256e-10,1.493296901381552e-07,0.9999998505063671,2.4946601492324647e-37
2019-06-24,2,risk_on,1.2419794704005897e-10,6.023066377750958e-08,0.9999999396459334,9.243112477866797e-38
2019-06-25,2,risk_on,5.694329655726724e-11,1.2621782340476549e-07,0.9999998737257636,1.5910328064869813e-36
2019-06-26,2,risk_on,7.126136986985395e-11,1.3235957591006516e-07,0.9999998675684852,3.839880589317332e-37
2019-06-27,2,risk_on,1.8406136356162663e-10,7.738364032730558e-08,0.9999999224328379,3.6775249229953474e-37
2019-06-28,2,risk_on,1.2726754707222083e-10,4.624222601328753e-08,0.9999999536303232,2.45322859358704e-37
2019-07-01,2,risk_on,5.702662962673623e-10,1.257950746065076e-07,0.9999998736348141,8.897731278031997e-38
2019-07-02,2,risk_on,5.375003189301455e-10,1.579597277201174e-07,0.9999998415023709,2.3129613890414726e-38
2019-07-03,2,risk_on,5.247958839574206e-11,1.535653023861677e-07,0.9999998463827187,5.80281736686995e-41
2019-07-05,2,risk_on,7.703031648244796e-12,5.556339299182011e-07,0.9999994443589182,2.9908978003126e-43
2019-07-08,2,risk_on,1.891992231029629e-11,1.668000929448182e-06,0.9999983319808321,2.439141086187084e-43
2019-07-09,2,risk_on,8.171270285553379e-12,2.5356750079852397e-06,0.9999974643174344,1.3898520471372158e-44
2019-07-10,2,risk_on,4.935072470991534e-12,1.5878041737450329e-06,0.9999984121908583,1.2806466891642833e-44
2019-07-11,2,risk_on,6.703815164237483e-12,1.8513209033726527e-06,0.9999981486724976,4.6242030673862666e-45
2019-07-12,2,risk_on,5.214363192348001e-12,1.093504492461712e-06,0.9999989064896521,5.261475454572095e-45
2019-07-15,2,risk_on,1.7178585181491436e-12,1.8223196635590417e-06,0.9999981776780493,1.4230534501023852e-45
2019-07-16,2,risk_on,4.887168461106375e-12,3.5696979937978497e-06,0.9999964302978746,4.955740422316817e-45
2019-07-17,2,risk_on,9.41838828580132e-12,3.7204853399241477e-06,0.9999962795060217,3.5370524011840653e-43
2019-07-18,2,risk_on,1.4235254785694493e-11,1.0168854143791396e-05,0.999989831131505,2.3633346908742517e-43
2019-07-19,2,risk_on,2.801813388566198e-11,2.6483787809318277e-05,0.99997351618331,1.4293775912461595e-43
2019-07-22,2,risk_on,1.3773206374568065e-11,2.536169111387229e-05,0.999974638294241,9.388845403421455e-44
2019-07-23,2,risk_on,1.554933397161178e-11,1.3794935929954947e-05,0.9999862050486807,2.0111327587398667e-44
2019-07-24,2,risk_on,8.299192049863045e-12,1.712807051140858e-05,0.999982871920369,1.6890175539812935e-42
2019-07-25,2,risk_on,8.876541675422914e-12,1.027717797006234e-05,0.9999897228136123,4.593565329774326e-43
2019-07-26,2,risk_on,5.772817577090416e-12,6.615211153808248e-06,0.9999933847830634,7.550477368503454e-43
2019-07-29,2,risk_on,1.3272482560913679e-11,2.094335422047932e-05,0.9999790566318004,4.254378508674178e-43
2019-07-30,2,risk_on,7.249536053074056e-12,0.00028215369984140173,0.9997178462933218,3.4466931090141126e-43
2019-07-31,2,risk_on,3.237227209214377e-11,0.008805251348797343,0.9911947486196427,4.088968869517618e-40
2019-08-01,2,risk_on,1.987001004142253e-10,0.11477859567180392,0.885221404128802,1.528426976438898e-36
2019-08-02,2,risk_on,2.9040298380899347e-10,0.41102562379944335,0.588974375909614,2.9845133393695115e-35
2019-08-05,1,recovery_or_normalization,5.141258182872626e-10,0.999924889421579,7.511006395500047e-05,7.729007291363508e-29
2019-08-06,1,recovery_or_normalization,3.304022511595145e-11,0.9999853010656631,1.4698900502976437e-05,1.5405105087257827e-31
2019-08-07,1,recovery_or_normalization,7.658416527792085e-11,0.9999888696712392,1.1130251725472813e-05,5.866116826201225e-32
2019-08-08,1,recovery_or_normalization,2.2556719805042513e-11,0.9999575883165578,4.24116602544078e-05,6.794040378321671e-34
2019-08-09,1,recovery_or_normalization,2.7832705147891648e-11,0.9999909242099272,9.075761579990415e-06,1.56086840187673e-33
2019-08-12,1,recovery_or_normalization,1.171674291807129e-10,0.9999999169504042,8.293187006198105e-08,8.507096400002431e-32
2019-08-13,1,recovery_or_normalization,2.1689232003051703e-11,0.9999985369224094,1.46305601032677e-06,1.2651549690227114e-32
2019-08-14,1,recovery_or_normalization,4.123209620637027e-11,0.9999999999399733,1.874441605437219e-11,1.0797848951738954e-26
2019-08-15,1,recovery_or_normalization,7.240092775698397e-11,0.9999999998017302,1.2514613439947954e-10,1.7836900348239066e-28
2019-08-16,1,recovery_or_normalization,1.823098118969653e-11,0.9999999956544343,4.327541176712268e-09,7.249000674957172e-28
2019-08-19,1,recovery_or_normalization,5.776730061358823e-11,0.9999998360945163,1.6384815111641654e-07,4.507888745241874e-28
2019-08-20,1,recovery_or_normalization,4.9426235788886844e-11,0.99999998234307,1.760743470647463e-08,1.1022403943657195e-28
2019-08-21,1,recovery_or_normalization,1.0317269779078168e-11,0.9999999545270849,4.5462101233972407e-08,4.8096342326643885e-28
2019-08-22,1,recovery_or_normalization,2.7556190052481715e-11,0.9999999707506508,2.9221797948736114e-08,7.740755711687168e-29
2019-08-23,1,recovery_or_normalization,5.678446011101104e-12,0.999999999992724,1.791996102373587e-12,3.839788903592988e-26
2019-08-26,1,recovery_or_normalization,5.791985776083624e-12,0.9999999999417923,5.233768248388736e-11,2.4913169227249076e-25
2019-08-27,1,recovery_or_normalization,8.464232313449306e-11,0.9999999999145075,1.0806207896473572e-12,7.083949845711699e-25
2019-08-28,1,recovery_or_normalization,3.013553422314793e-11,0.9999999999527063,1.6972339834887894e-11,1.4669923610873172e-24
2019-08-29,1,recovery_or_normalization,3.4236654306580207e-10,0.9999999995161488,1.411867767753464e-10,6.449379145475199e-24
2019-08-30,1,recovery_or_normalization,1.3230655661204468e-09,0.9999999971132638,1.5627757777778524e-09,1.2530965163523588e-24
2019-09-03,1,recovery_or_normalization,6.233200673842803e-10,0.9999999771898731,2.218745612899791e-08,2.5012414455408925e-23
2019-09-04,1,recovery_or_normalization,1.4277839720883128e-07,0.9999958147033157,4.042518248926025e-06,1.5836090752663409e-24
2019-09-05,1,recovery_or_normalization,1.656633655104278e-08,0.9982763527602231,0.0017236306735082458,3.0856966838861703e-25
2019-09-06,1,recovery_or_normalization,1.2226879781809428e-07,0.9920128313526464,0.007987046378022226,7.140824040435473e-26
2019-09-09,1,recovery_or_normalization,1.2052444539345837e-08,0.6165986270563253,0.3834013608911561,1.5856057056535916e-26
2019-09-10,2,risk_on,3.406480128308659e-08,0.2216227372686244,0.7783772286668212,4.3747026636402284e-26
2019-09-11,2,risk_on,8.710737781661755e-08,0.010507871083029016,0.9894920418089879,1.7836374074341751e-28
2019-09-12,2,risk_on,4.508829865621773e-10,0.00031410096053331423,0.9996858985888157,3.037434543483998e-29
2019-09-13,2,risk_on,8.547896102197289e-10,2.0805145069653106e-06,0.999997918630817,4.45375751343089e-30
2019-09-16,2,risk_on,6.298927869604538e-10,1.370046566377046e-06,0.9999986293233022,7.429776860753621e-31
2019-09-17,2,risk_on,1.2825460884546624e-10,1.2440834125597702e-06,0.9999987557883752,1.324257696700602e-33
2019-09-18,2,risk_on,7.994968269341093e-12,6.474932066882929e-07,0.9999993524981896,3.4380659185275417e-34
2019-09-19,2,risk_on,1.7004684536558397e-11,4.432523743459308e-07,0.9999995567305705,4.572569706638455e-34
2019-09-20,2,risk_on,8.355427109466891e-11,1.4545292013421716e-06,0.9999985453879737,9.926701142377156e-34
2019-09-23,2,risk_on,1.1653007967221551e-11,5.581423859643507e-07,0.9999994418450763,1.3872158868004625e-32
2019-09-24,2,risk_on,1.458647946210778e-10,4.1471061123518085e-07,0.9999995851431728,1.38540981179451e-32
2019-09-25,2,risk_on,3.889781509460832e-11,4.69657497099246e-08,0.9999999529954959,4.781317808263143e-33
2019-09-26,2,risk_on,5.472694974156004e-11,2.1034173689990806e-08,0.9999999789106371,3.468504863738284e-33
2019-09-27,2,risk_on,4.6126016232788096e-11,6.482370331729191e-09,0.999999993471647,5.8766072510019135e-33
2019-09-30,2,risk_on,3.3077939340271256e-11,1.0327349733656738e-08,0.9999999896390364,6.213762490605535e-33
2019-10-01,2,risk_on,1.5565892932107915e-10,1.963292240163009e-08,0.9999999802112145,7.633127433838443e-32
2019-10-02,2,risk_on,7.12898401418282e-10,1.7734824715738836e-07,0.9999998219391432,8.215900335829455e-30
2019-10-03,2,risk_on,1.9787926320773665e-10,2.6422037882413036e-07,0.9999997355826403,4.9184754487160225e-31
2019-10-04,2,risk_on,2.869546898036253e-10,1.5675751034601145e-06,0.9999984321378647,9.255266499042781e-33
2019-10-07,2,risk_on,1.8035480274139032e-10,7.34290195756925e-07,0.9999992655287283,7.078160700570687e-32
2019-10-08,2,risk_on,2.4441055184787537e-09,1.0999975762354799e-05,0.9999889975793396,2.0946196502968737e-28
2019-10-09,2,risk_on,1.2143819306486191e-08,1.9558237311411317e-05,0.999980429619026,2.2221306856533676e-29
2019-10-10,2,risk_on,1.4012905512186074e-09,5.49018493474596e-06,0.99999450841331,4.2281437031410095e-31
2019-10-11,2,risk_on,7.520476980382159e-10,8.407254401567083e-06,0.9999915919932982,1.6512913938992516e-29
2019-10-14,2,risk_on,3.321185834731043e-08,0.00010961623822980474,0.9998903505495023,1.284231959912845e-27
2019-10-15,2,risk_on,1.120435960136492e-09,2.761858472317519e-05,0.9999723802951739,2.9731024032487348e-30
2019-10-16,2,risk_on,8.217546973604553e-10,1.9806163951409987e-05,0.9999801930149999,2.556920158898951e-30
2019-10-17,2,risk_on,1.097390231927851e-09,1.404861513074697e-05,0.9999859502882098,2.1601509390990804e-30
2019-10-18,2,risk_on,1.2787497801014243e-09,6.319690913596648e-06,0.9999936790299812,3.1198876483056695e-30
2019-10-21,2,risk_on,1.7931336978619202e-09,4.63542829862304e-06,0.999995362779211,1.283869010734401e-31
2019-10-22,2,risk_on,1.1456344196569367e-09,2.619198567746017e-06,0.9999973796564289,2.8286781443963844e-31
2019-10-23,2,risk_on,9.746992399629806e-10,4.6337106760945773e-07,0.9999995356539498,1.6440399163729415e-31
2019-10-24,2,risk_on,1.1645987248512474e-09,4.067136930866779e-06,0.9999959316984124,9.879473041220248e-32
2019-10-25,2,risk_on,5.118754456962239e-10,2.3986964476720913e-06,0.9999976007922347,3.266718395511792e-31
2019-10-28,2,risk_on,4.853259150058561e-10,8.129370293208275e-07,0.9999991865773734,1.8679444593309944e-31
2019-10-29,2,risk_on,3.5930532033793963e-10,9.719866733238654e-07,0.9999990276542301,1.1677021025229247e-31
2019-10-30,2,risk_on,8.604839536532485e-11,6.712462505631556e-07,0.9999993286676252,4.613455938145852e-31
2019-10-31,2,risk_on,1.3362206655738357e-10,9.917546279531152e-07,0.9999990081110272,1.1589960110337332e-31
2019-11-01,2,risk_on,1.672474467489922e-11,5.711134732978015e-07,0.9999994288702322,4.2849320085769315e-32
2019-11-04,2,risk_on,9.682045500558115e-12,1.2398763083558915e-07,0.999999876003138,9.241431978981969e-33
2019-11-05,2,risk_on,2.329661271171544e-11,1.237858051067486e-07,0.9999998761904939,5.568837846991005e-33
2019-11-06,2,risk_on,3.456571626142675e-11,4.7289855165096525e-07,0.9999995270665049,1.6252347188684696e-32
2019-11-07,2,risk_on,5.867915973563627e-11,3.3624020603621363e-07,0.9999996637016576,1.1046491848281623e-32
2019-11-08,2,risk_on,5.2290835805754093e-11,1.2639289568568936e-06,0.9999987360196231,2.5072057788917725e-32
2019-11-11,2,risk_on,2.380202570433749e-11,8.179708705872485e-07,0.9999991820044377,6.086918581606654e-32
2019-11-12,2,risk_on,8.019862500352221e-10,3.887077836355705e-06,0.9999961121196156,3.2644642633564797e-34
2019-11-13,2,risk_on,9.43696681866085e-12,5.806418173721279e-07,0.9999994193496471,7.714329340602385e-36
2019-11-14,2,risk_on,5.296815982672866e-12,5.425390734748784e-07,0.9999994574556348,5.326382683043473e-38
2019-11-15,2,risk_on,2.0455588853103012e-12,4.0191802543295234e-07,0.9999995980798202,1.6621163179581487e-38
2019-11-18,2,risk_on,5.661409133518247e-12,4.3333737966893856e-07,0.9999995666567913,2.547988938668381e-38
2019-11-19,2,risk_on,9.967329282494639e-12,1.3331398606397218e-06,0.9999986668508218,4.565707660790549e-39
2019-11-20,2,risk_on,1.5672688765204218e-11,1.6746364065570097e-06,0.9999983253488078,1.104071939602131e-37
2019-11-21,2,risk_on,8.66773165575588e-12,6.482652812898976e-07,0.9999993517269387,2.1009878447940404e-41
2019-11-22,2,risk_on,3.518192928788938e-12,6.611683532495141e-07,0.9999993388284932,3.7220837288933744e-42
2019-11-25,2,risk_on,6.039477087072255e-12,4.442135065737417e-07,0.9999995557810585,7.571384333751577e-43
2019-11-26,2,risk_on,1.1700615030384913e-11,1.0905200226887608e-06,0.9999989094691535,1.044671975682872e-42
2019-11-27,2,risk_on,1.7898183624943905e-11,1.2962062601863668e-06,0.9999987037762582,8.717888018419408e-44
2019-11-29,2,risk_on,6.328026313353598e-12,6.041246633708601e-07,0.9999993958683269,8.474174045680181e-44
2019-12-02,2,risk_on,1.2973470167245955e-11,1.1239887439318795e-06,0.9999988759979666,5.529108838184948e-46
2019-12-03,2,risk_on,1.1542704190084762e-11,2.1313093833747745e-06,0.9999978686796542,5.518731260531696e-44
2019-12-04,2,risk_on,9.80166191874631e-13,8.203756283571903e-07,0.9999991796233826,1.6302354414592616e-47
2019-12-05,2,risk_on,2.1723788191758046e-12,6.110497840422989e-07,0.9999993889488954,1.3981528163191174e-47
2019-12-06,2,risk_on,2.534397433538471e-12,6.555284961165193e-07,0.9999993444691756,4.515796548227797e-46
2019-12-09,2,risk_on,1.7432094551556696e-11,2.2515807854645906e-06,0.9999977484010625,1.725864565063437e-44
2019-12-10,2,risk_on,2.1376705989781867e-11,3.5988383840920035e-06,0.999996401139579,2.2756367027403286e-44
2019-12-11,2,risk_on,1.2016238948613966e-11,2.3385200068171484e-06,0.9999976614681204,2.0694098058429168e-45
2019-12-12,2,risk_on,1.6113607196051904e-11,1.4901706759240481e-06,0.9999985098140504,1.1625243701519995e-42
2019-12-13,2,risk_on,4.467308634704244e-12,6.352515643398879e-07,0.9999993647436184,4.808503966201631e-43
2019-12-16,2,risk_on,7.351903686500352e-12,9.564825179119242e-07,0.9999990435103454,2.9626475252837675e-41
2019-12-17,2,risk_on,8.331401143200376e-12,1.489236710198178e-06,0.9999985107544664,1.6954180188027625e-41
2019-12-18,2,risk_on,1.2195054583902633e-11,2.80362327233099e-06,0.9999971963646397,4.666197260019704e-41
2019-12-19,2,risk_on,2.20258898297808e-11,2.6312070572798343e-06,0.9999973687716248,5.170494764185351e-41
2019-12-20,2,risk_on,3.439286892910484e-11,2.4698413009427607e-06,0.9999975301246683,2.113031098694944e-40
2019-12-23,2,risk_on,3.735586434433097e-11,1.6985894966100909e-06,0.9999983013727489,1.3150088272911918e-41
2019-12-24,2,risk_on,2.640342476959991e-11,1.283279701555247e-06,0.9999987166947043,3.486315570103101e-43
2019-12-26,2,risk_on,1.6272745424479694e-11,6.59331423779501e-07,0.9999993406529384,4.6262306592263715e-43
2019-12-27,2,risk_on,4.341361557795536e-11,1.1163908575682191e-06,0.9999988835649539,1.0135218570712387e-42
2019-12-30,2,risk_on,4.2418099700857514e-11,1.0655410040100309e-06,0.9999989344165663,1.3925843550564334e-42
2019-12-31,2,risk_on,1.7965981750335654e-10,1.1500853487312806e-06,0.9999988497354274,2.21650852650748e-42
2020-01-02,2,risk_on,1.7303869685085217e-10,6.060162990976702e-08,0.9999999392257469,1.4873054390704264e-43
2020-01-03,2,risk_on,4.111571389026814e-10,2.919728243283929e-07,0.999999707615686,1.5657891487827636e-39
2020-01-06,2,risk_on,4.623498550017367e-11,1.2891140520461158e-07,0.9999998710427546,7.627122860136542e-38
2020-01-07,2,risk_on,6.627038251753582e-11,7.60075499045293e-08,0.999999923926228,6.0612856743922205e-37
2020-01-08,2,risk_on,1.1506709665778443e-10,4.4890044847103775e-08,0.9999999549945652,4.0647925821894066e-35
2020-01-09,2,risk_on,3.9550252775509993e-10,8.137161441109463e-08,0.9999999182327917,2.2232869627243876e-36
2020-01-10,2,risk_on,2.490417307407083e-10,5.10309705908748e-08,0.9999999487208711,5.371039240062801e-37
2020-01-13,2,risk_on,1.1671316159387012e-10,3.816967133519614e-08,0.9999999617139118,3.088226271427546e-39
2020-01-14,2,risk_on,3.640537928325244e-11,2.2662268700227527e-08,0.9999999773008315,1.4328882964039458e-39
2020-01-15,2,risk_on,2.8827027407837845e-11,3.165558149560772e-08,0.9999999683150241,4.5675324233882807e-42
2020-01-16,2,risk_on,3.3834957759371687e-11,8.687723599555269e-09,0.9999999912779458,4.1774296248823153e-41
2020-01-17,2,risk_on,3.9194569595212353e-11,4.718273325769993e-09,0.9999999952433427,4.74162434229081e-40
2020-01-21,2,risk_on,9.97626292944856e-11,5.644794498262032e-09,0.9999999942556315,1.2620618262369136e-38
2020-01-22,2,risk_on,8.117583846593763e-11,7.088062699587971e-09,0.9999999928313628,5.405700183503977e-40
2020-01-23,2,risk_on,1.8358610330847616e-10,1.0104891214910593e-08,0.9999999897117959,1.5267351571678297e-40
2020-01-24,2,risk_on,5.36696967214672e-10,2.6605097339872827e-08,0.9999999728588594,1.0194077474952022e-37
2020-01-27,2,risk_on,6.485197268817832e-09,7.905100518204305e-07,0.9999992030046535,1.717745706381654e-33
2020-01-28,2,risk_on,2.95937071319184e-10,1.2157986950456054e-07,0.9999998781240794,4.181048776868847e-34
2020-01-29,2,risk_on,9.325146754110351e-10,3.183948276218867e-07,0.9999996806728232,1.1319617111182127e-34
2020-01-30,2,risk_on,8.223941960330867e-10,1.2292513424875003e-07,0.9999998762523395,1.653122800067442e-33
2020-01-31,2,risk_on,1.970623309613519e-08,1.4946599206134855e-05,0.9999850336945576,1.636134253175521e-29
2020-02-03,2,risk_on,3.5969773052184592e-09,2.9114879615048565e-06,0.9999970849154776,2.737387236775643e-32
2020-02-04,2,risk_on,3.7942514645017524e-10,1.509762565224236e-07,0.9999998486437222,3.481494055258953e-33
2020-02-05,2,risk_on,2.405955576653162e-10,2.196941875029384e-07,0.9999997800660154,1.376951311399065e-32
2020-02-06,2,risk_on,3.28745307684726e-10,2.1331860283538197e-07,0.9999997863524415,2.4153120946438407e-31
2020-02-07,2,risk_on,4.80930074821662e-10,4.2792863739459906e-07,0.9999995715898885,7.7865902093003505e-31
2020-02-10,2,risk_on,6.478772625300428e-10,9.72464189602055e-07,0.9999990268884363,9.299478252503355e-31
2020-02-11,2,risk_on,4.4971150764616316e-10,2.325598249684932e-07,0.9999997669911226,2.088821780512964e-31
2020-02-12,2,risk_on,1.1040964768302504e-10,1.0192907108546922e-07,0.9999998979601566,4.449948088650922e-31
2020-02-13,2,risk_on,1.0894235996743591e-10,1.3988396179325962e-07,0.9999998600069473,4.006818925274036e-31
2020-02-14,2,risk_on,5.828117851411838e-11,8.391750671991473e-08,0.9999999160245387,2.703065110382211e-31
2020-02-18,2,risk_on,1.1608853106524449e-10,3.6452044146474273e-07,0.9999996353636317,6.317502582340563e-31
2020-02-19,2,risk_on,2.658093088977302e-10,1.4780740690767588e-05,0.999985218994071,1.2101421121735234e-29
2020-02-20,2,risk_on,1.0395146896030392e-09,0.0010113729056103553,0.9989886260556508,1.0478047374454976e-27
2020-02-21,2,risk_on,2.33721882171993e-08,0.045828560634666324,0.9541714159935522,5.816474211568356e-26
2020-02-24,1,recovery_or_normalization,1.139308779230785e-07,0.9992483895210454,0.0007514965474541376,1.21352259873759e-21
2020-02-25,1,recovery_or_normalization,9.18841533470186e-09,0.9999999907940946,1.7660268747252728e-11,5.0762881453488104e-21
2020-02-26,1,recovery_or_normalization,7.16608982804313e-08,0.9999999283245441,1.4344567238153031e-11,2.7690683184439984e-24
2020-02-27,1,recovery_or_normalization,1.5032314070557726e-10,0.9999999998490239,3.8790018275114655e-25,9.939172458505268e-21
2020-02-28,1,recovery_or_normalization,1.7528811667999953e-10,0.999999999825377,1.7537789417220503e-28,1.2404284993312138e-20
2020-03-02,1,recovery_or_normalization,2.7794219919072376e-11,0.9999999999727152,7.002615731711259e-22,3.944143041903696e-22
2020-03-03,1,recovery_or_normalization,2.709937700852504e-10,0.9999999997289706,2.1535127980959166e-25,1.3186178691401981e-20
2020-03-04,1,recovery_or_normalization,3.775655928428199e-11,0.9999999999618012,7.870136280122566e-22,3.4714875587302164e-14
2020-03-05,1,recovery_or_normalization,1.916018831576073e-12,0.9999998993389505,7.48085187186373e-32,1.0065921880590718e-07
2020-03-06,1,recovery_or_normalization,2.2597433166186195e-09,0.9985708973709129,1.3818142213420475e-41,0.0014291003688997593
2020-03-09,3,defensive_risk_off,7.639393920510447e-21,7.669505415376238e-10,2.3148824169392502e-98,0.9999999992323865
2020-03-10,3,defensive_risk_off,4.0085211146892687e-25,2.651059275056646e-20,2.023110521077663e-92,1.0
2020-03-11,3,defensive_risk_off,1.32396711439516e-37,2.7637900544343786e-39,7.481863914883294e-133,1.0
2020-03-12,3,defensive_risk_off,1.8423935422342307e-59,1.2535458845887086e-67,5.332303424119682e-228,1.0
2020-03-13,3,defensive_risk_off,5.880653281080642e-60,5.302897317513965e-91,1.3861845525217696e-234,1.0
2020-03-16,3,defensive_risk_off,2.0530815379806452e-87,1.7449209329855563e-107,0.0,1.0
2020-03-17,3,defensive_risk_off,4.9719732739595437e-88,5.721613118244761e-147,0.0,1.0
2020-03-18,3,defensive_risk_off,1.1335597097266704e-86,2.4271908343116986e-164,0.0,1.0
2020-03-19,3,defensive_risk_off,9.62865137680868e-88,7.795578916526709e-167,0.0,1.0
2020-03-20,3,defensive_risk_off,6.08280238497699e-83,1.1649011880263642e-177,0.0,1.0
2020-03-23,3,defensive_risk_off,2.1614791990341724e-71,1.1537007748366745e-161,0.0,1.0
2020-03-24,3,defensive_risk_off,6.076593846915737e-77,3.056862540375192e-139,0.0,1.0
2020-03-25,3,defensive_risk_off,2.5575058437667915e-77,3.9227602312764e-143,0.0,1.0
2020-03-26,3,defensive_risk_off,1.693360748454807e-92,7.785629610740442e-140,0.0,1.0
2020-03-27,3,defensive_risk_off,2.861789241830416e-76,9.773628469428514e-144,0.0,1.0
2020-03-30,3,defensive_risk_off,8.28072715985998e-74,8.63229914940433e-119,0.0,1.0
2020-03-31,3,defensive_risk_off,2.885040250927885e-69,5.582604148950911e-119,0.0,1.0
2020-04-01,3,defensive_risk_off,2.17070792454006e-63,1.5156360356517637e-109,0.0,1.0
2020-04-02,3,defensive_risk_off,3.050299786832905e-67,1.7741493172699858e-109,0.0,1.0
2020-04-03,3,defensive_risk_off,4.1204753560437534e-58,6.22434999099318e-111,0.0,1.0
2020-04-06,3,defensive_risk_off,6.286438877063569e-67,2.8717415348525183e-104,0.0,1.0
2020-04-07,3,defensive_risk_off,2.3387344874291403e-51,1.696087438985386e-115,4.570633e-317,1.0
2020-04-08,3,defensive_risk_off,1.2428597326060908e-54,1.5982825444048185e-103,5.794949962443947e-291,1.0
2020-04-09,3,defensive_risk_off,2.428122379267504e-53,2.4537273482289197e-117,1.5506743157882718e-307,1.0
2020-04-13,3,defensive_risk_off,1.0781556406687043e-37,3.0350409188676304e-106,2.624925613953621e-281,1.0
2020-04-14,3,defensive_risk_off,8.578329121876054e-37,2.2900679201704184e-91,3.790267218207518e-229,1.0
2020-04-15,3,defensive_risk_off,1.0430837459759914e-22,7.808985194749522e-90,1.2757745543242449e-250,1.0
2020-04-16,3,defensive_risk_off,1.6355955243787137e-23,2.5769947233799464e-86,6.449750303363366e-225,1.0
2020-04-17,3,defensive_risk_off,1.4393795587283268e-23,9.894440690092381e-97,2.0378078791180514e-247,1.0
2020-04-20,3,defensive_risk_off,4.922384839156989e-22,5.0140219799181425e-95,1.2877543516345015e-233,1.0
2020-04-21,3,defensive_risk_off,1.408974830578743e-16,1.3507542524642013e-73,8.477493069693113e-269,1.0
2020-04-22,3,defensive_risk_off,7.664789909842765e-17,1.2627300488353182e-64,3.0953609628930556e-290,1.0
2020-04-23,3,defensive_risk_off,7.869376143598993e-14,1.235716561923539e-63,3.2517046817810176e-219,1.0
2020-04-24,3,defensive_risk_off,1.4623821268898604e-12,2.3067648972208892e-64,2.882738984571862e-221,0.999999999998181
2020-04-27,3,defensive_risk_off,1.7079525514243266e-11,1.772703309012374e-63,1.6860914130505562e-206,0.9999999999836291
2020-04-28,3,defensive_risk_off,4.575654753715554e-08,1.0984481735328572e-60,3.461165719792819e-210,0.9999999542433226
2020-04-29,3,defensive_risk_off,0.18155322031073545,2.7336831125810634e-50,4.50646359914242e-177,0.8184467796889728
2020-04-30,0,inflation_rates_shock,0.9796148581587287,4.514086242383307e-42,2.556403942885091e-177,0.020385141841630424
2020-05-01,0,inflation_rates_shock,0.9998877524969138,5.5313172062372766e-42,9.891596820926336e-199,0.00011224750322057454
2020-05-04,0,inflation_rates_shock,0.9999999909359758,9.597170828479651e-39,5.689138457192696e-195,9.06443459993521e-09
2020-05-05,0,inflation_rates_shock,0.9999999992305675,3.5215088860236686e-35,7.981246063237353e-205,7.695847042106949e-10
2020-05-06,0,inflation_rates_shock,0.9999999980027496,5.800793711402188e-46,6.097191019938769e-190,1.997213441560306e-09
2020-05-07,0,inflation_rates_shock,0.9999999997162377,4.3375106821012335e-46,6.73169883965456e-185,2.832948870207122e-10
2020-05-08,0,inflation_rates_shock,1.0,2.7188663786744713e-48,1.4275594415661772e-176,7.282793068144538e-13
2020-05-11,0,inflation_rates_shock,1.0,2.017637057148974e-50,7.182136871616732e-188,3.567369071469781e-14
2020-05-12,0,inflation_rates_shock,1.0,2.3618257574161182e-53,2.974831457872862e-181,2.7747036443092105e-16
2020-05-13,0,inflation_rates_shock,1.0,3.7632146842213343e-57,1.2271529020621682e-187,1.4875458417588518e-17
2020-05-14,0,inflation_rates_shock,1.0,1.0889788904383457e-55,7.141642875174592e-188,1.1869617042524476e-18
2020-05-15,0,inflation_rates_shock,1.0,7.8794331240761e-55,2.2387840112177503e-185,3.5745879901720484e-20
2020-05-18,0,inflation_rates_shock,1.0,2.7336759595900506e-59,1.6992804561304684e-170,1.9988302179596902e-20
2020-05-19,0,inflation_rates_shock,1.0,1.7288967378183037e-58,7.332796772136281e-171,5.128580371456731e-19
2020-05-20,0,inflation_rates_shock,1.0,1.7825946049059062e-56,2.513598929442633e-175,1.1178594476273376e-19
2020-05-21,0,inflation_rates_shock,1.0,6.616576744271596e-60,3.4560567930801667e-174,4.862529464508944e-20
2020-05-22,0,inflation_rates_shock,1.0,3.3656842669297426e-59,5.272601628937534e-176,2.508553372852574e-20
2020-05-26,0,inflation_rates_shock,1.0,2.3314232343971618e-64,6.263525967927613e-175,4.267919753619334e-20
2020-05-27,0,inflation_rates_shock,1.0,1.0338693036928693e-66,3.03201946009062e-168,5.874198641501047e-20
2020-05-28,0,inflation_rates_shock,1.0,7.500604589734279e-65,3.0540198941020356e-165,7.090360780137986e-21
2020-05-29,0,inflation_rates_shock,1.0,5.2098668872610796e-70,6.023435120740953e-167,1.37583684330703e-20
2020-06-01,0,inflation_rates_shock,1.0,7.908572515623166e-68,8.569789589150688e-152,1.9844884051144336e-20
2020-06-02,0,inflation_rates_shock,1.0,2.494271698908221e-68,1.074736586872015e-159,1.049967833456262e-20
2020-06-03,0,inflation_rates_shock,1.0,4.582324279470211e-65,6.172442060093642e-150,8.018846354189041e-20
2020-06-04,0,inflation_rates_shock,1.0,1.9281328785769085e-64,7.474470131640923e-152,1.4707450514483945e-20
2020-06-05,0,inflation_rates_shock,1.0,1.8776275644017172e-62,8.450419195630906e-144,5.093544226435194e-21
2020-06-08,0,inflation_rates_shock,1.0,3.1195519007791856e-63,5.383142534533333e-133,1.6230505059240357e-21
2020-06-09,0,inflation_rates_shock,1.0,6.905832668521936e-57,4.278957400004221e-126,3.778606660942477e-19
2020-06-10,0,inflation_rates_shock,1.0,1.5516400037899467e-58,1.7228736064907548e-128,1.4122924121827726e-16
2020-06-11,0,inflation_rates_shock,1.0,1.6811217197228431e-49,4.596313772128578e-127,5.789868353232059e-16
2020-06-12,0,inflation_rates_shock,0.9999999999890861,1.0427134207356257e-35,8.954020100535267e-102,1.0403781255906243e-11
2020-06-15,0,inflation_rates_shock,1.0,5.025955665441988e-41,2.4882239449890354e-99,1.0419408351568843e-15
2020-06-16,0,inflation_rates_shock,1.0,1.892083641304154e-30,1.8225250460101316e-76,1.101289137844204e-13
2020-06-17,0,inflation_rates_shock,1.0,1.0087443057724172e-36,1.9544719469279846e-80,1.5358903751504084e-16
2020-06-18,0,inflation_rates_shock,1.0,1.1274196151076659e-35,9.741211658325667e-77,4.59801343228246e-18
2020-06-19,0,inflation_rates_shock,1.0,5.74744349036812e-43,8.22064592933989e-80,7.016039621895516e-21
2020-06-22,0,inflation_rates_shock,1.0,2.2449695043956077e-46,1.1549893979888465e-83,6.589548202819387e-25
2020-06-23,0,inflation_rates_shock,1.0,7.152088682771708e-27,1.3032759669357484e-55,3.724747205707021e-17
2020-06-24,0,inflation_rates_shock,1.0,2.6246766530954893e-24,1.439606658930673e-57,2.143953564173215e-15
2020-06-25,0,inflation_rates_shock,1.0,6.335499151155891e-18,1.203197765936662e-41,9.013672327832964e-15
2020-06-26,0,inflation_rates_shock,1.0,2.91473907037436e-19,2.0001848029863068e-51,1.1060374424077088e-14
2020-06-29,0,inflation_rates_shock,1.0,2.6646899377313976e-16,2.314353661689379e-44,9.934921883102998e-14
2020-06-30,0,inflation_rates_shock,1.0,1.6717040562271775e-17,9.443873262056969e-42,1.9597390127544285e-15
2020-07-01,0,inflation_rates_shock,1.0,2.8231992690976277e-21,3.589669558216643e-46,2.6995592023881817e-16
2020-07-02,0,inflation_rates_shock,1.0,2.68504654553976e-19,1.3017213073295223e-41,6.50249336752832e-16
2020-07-06,0,inflation_rates_shock,1.0,1.846477881304946e-21,6.514945955891636e-39,2.068655866589441e-18
2020-07-07,0,inflation_rates_shock,1.0,6.186775357836742e-14,2.4090873560070047e-29,3.982654479225865e-17
2020-07-08,0,inflation_rates_shock,1.0,1.4046919824572583e-15,2.795504418206577e-26,7.374868107889769e-18
2020-07-09,0,inflation_rates_shock,1.0,5.681337356410848e-13,5.379465519643173e-23,1.3351991670425143e-17
2020-07-10,0,inflation_rates_shock,0.9999999999745341,2.4577915742044375e-11,5.763814848245546e-20,1.0364746596021135e-17
2020-07-13,0,inflation_rates_shock,1.0,4.451959322475532e-16,3.674226705275771e-18,8.137789577065538e-19
2020-07-14,0,inflation_rates_shock,1.0,3.4186333921521603e-13,2.615741377742176e-15,8.086582688299294e-20
2020-07-15,0,inflation_rates_shock,1.0,6.501403150121403e-14,1.0825253013843891e-14,1.171072259206583e-20
2020-07-16,0,inflation_rates_shock,1.0,2.8793236030981867e-15,5.1023280541971196e-17,3.2578659384665806e-21
2020-07-17,0,inflation_rates_shock,1.0,3.4990578163632304e-13,1.785406868596127e-15,2.2237229618569508e-20
2020-07-20,0,inflation_rates_shock,1.0,5.52509149029779e-13,4.6547889265584207e-14,8.49914946399049e-21
2020-07-21,0,inflation_rates_shock,1.0,6.0386479922804746e-15,9.265621111632936e-15,5.616544391752969e-22
2020-07-22,0,inflation_rates_shock,0.9999999999799911,1.612194515681207e-12,1.786635218492409e-11,1.0094622905869486e-21
2020-07-23,0,inflation_rates_shock,1.0,2.9297161997066816e-13,1.7541520462330375e-14,6.783292062578284e-21
2020-07-24,0,inflation_rates_shock,0.9999999999854481,1.3851788239065138e-11,2.36087945439351e-15,4.547247813082284e-19
2020-07-27,0,inflation_rates_shock,0.9999999999654392,3.4333945605624895e-11,1.0484599408956383e-12,2.542473463234927e-19
2020-07-28,0,inflation_rates_shock,0.9999999999181455,8.242646987752285e-11,2.4125628553171893e-15,7.629835266232865e-18
2020-07-29,0,inflation_rates_shock,0.9999999993287929,6.705756377560882e-10,3.17762226646252e-13,2.968299082970161e-19
2020-07-30,0,inflation_rates_shock,0.9999999998817657,1.1855413670940788e-10,1.2117358141030315e-13,5.106856076850121e-19
2020-07-31,0,inflation_rates_shock,0.9999999999799911,1.9684568320627413e-11,7.485073897795588e-13,1.4525085830468352e-20
2020-08-03,0,inflation_rates_shock,0.9999999999363354,2.327872125718354e-11,3.9745192383820976e-11,6.754683438804629e-22
2020-08-04,0,inflation_rates_shock,0.9999999999527063,9.542146695984879e-13,4.720251139794324e-11,1.3581570560994464e-22
2020-08-05,0,inflation_rates_shock,0.9999999995907274,3.1292904922576066e-12,4.058154311244389e-10,1.710633692581824e-22
2020-08-06,0,inflation_rates_shock,0.9999999998635758,4.709520573282037e-13,1.3663246710293074e-10,8.129587274592739e-23
2020-08-07,0,inflation_rates_shock,0.9999999648298405,1.8131865333113397e-11,3.515158867534129e-08,9.330338506504376e-23
2020-08-10,0,inflation_rates_shock,0.9999995028266638,2.1125345537385934e-11,4.971529679380048e-07,1.5896533890892324e-22
2020-08-11,0,inflation_rates_shock,0.9999891093932133,5.440877595834073e-13,1.0890606669422315e-05,1.5735441629720135e-23
2020-08-12,0,inflation_rates_shock,0.9991589309392117,1.889511741294148e-13,0.0008410690608627433,7.555896528005579e-24
2020-08-13,0,inflation_rates_shock,0.98075493388462,7.319318110956871e-12,0.01924506610815907,1.0395447365128787e-23
2020-08-14,0,inflation_rates_shock,0.612148555514472,2.2797822273612785e-11,0.3878514444636157,8.651484259324025e-25
2020-08-17,2,risk_on,0.019981779847226815,7.971982356151402e-10,0.9800182193560387,3.099912592091756e-26
2020-08-18,2,risk_on,0.002964877531587919,3.053254381344949e-11,0.9970351224376838,5.82747343553667e-28
2020-08-19,2,risk_on,9.375385041989485e-05,2.6853985362782417e-11,0.9999062461234097,2.431687193170524e-29
2020-08-20,2,risk_on,3.854546572454854e-06,3.784447636107608e-12,0.9999961454488294,8.861575020027537e-30
2020-08-21,2,risk_on,1.9831126196270157e-07,4.7552518214122695e-12,0.9999998016846999,3.836358451962267e-30
2020-08-24,2,risk_on,3.700132400189565e-08,3.9873719223959495e-11,0.9999999629581005,1.7976470586505707e-29
2020-08-25,2,risk_on,3.234724671564345e-08,7.43769390036118e-11,0.9999999675783334,5.0125004028379773e-29
2020-08-26,2,risk_on,1.0721092717214427e-07,5.997723268074049e-11,0.9999998927287437,2.8674799281588545e-28
2020-08-27,2,risk_on,4.793003417275802e-08,1.853206394994506e-11,0.9999999520514404,7.571627277192996e-31
2020-08-28,2,risk_on,1.3104014755716854e-08,1.1216081056114113e-11,0.9999999868850864,1.6776283522802654e-30
2020-08-31,2,risk_on,1.5342583216087217e-08,1.1546291719208342e-11,0.9999999846459106,9.424457663179352e-31
2020-09-01,2,risk_on,5.243789903903414e-09,1.729543111696154e-10,0.9999999945830496,3.2312324501656495e-31
2020-09-02,2,risk_on,1.6291039288901877e-07,1.571870470512196e-06,0.9999982652185776,5.782678375489069e-27
2020-09-03,2,risk_on,2.415738908343103e-05,0.1224681929923625,0.8775076496189758,4.0124060640441e-20
2020-09-04,2,risk_on,6.768036793891336e-05,0.1561003895013379,0.8438319301314589,2.749278696876926e-22
2020-09-08,1,recovery_or_normalization,0.0010241894765440744,0.9952804398733043,0.0036953706499931096,3.059391959160211e-18
2020-09-09,1,recovery_or_normalization,0.0012132087535090342,0.9964048315764886,0.0023819596703981657,1.5719252418951337e-20
2020-09-10,1,recovery_or_normalization,0.0007405054981667517,0.9992552102535428,4.284249053720537e-06,4.6031135693065885e-24
2020-09-11,1,recovery_or_normalization,0.00012045665341197944,0.9998791523879488,3.9095803427500917e-07,5.957253197087897e-26
2020-09-14,1,recovery_or_normalization,2.2282498942489227e-06,0.9999914474230654,6.324327172139243e-06,1.074910912324895e-29
2020-09-15,1,recovery_or_normalization,3.468889494363327e-09,0.9999964798233235,3.516707254478844e-06,1.765901625681313e-34
2020-09-16,1,recovery_or_normalization,1.8632239227797907e-09,0.9999966021844985,3.395951861388084e-06,8.629330321061477e-35
2020-09-17,1,recovery_or_normalization,1.8318075652830377e-09,0.9999995804101643,4.1775734227377073e-07,1.3899236542418268e-32
2020-09-18,1,recovery_or_normalization,8.381765962045448e-09,0.999999989862772,1.7556511020572054e-09,1.5321618329965958e-31
2020-09-21,1,recovery_or_normalization,9.844773157228044e-09,0.9999999901046976,4.9768090496064526e-11,1.6661995159869638e-31
2020-09-22,1,recovery_or_normalization,2.9304642720594117e-09,0.9999999873325578,9.737492464593594e-09,5.770037316245836e-32
2020-09-23,1,recovery_or_normalization,1.0593516678244738e-08,0.9999999894062057,2.7898237179727586e-13,1.6403375057427377e-31
2020-09-24,1,recovery_or_normalization,9.94263439538124e-10,0.9999999990050128,1.1880613708966535e-12,2.8340643137904535e-32
2020-09-25,1,recovery_or_normalization,3.0318235304694194e-09,0.9999999957453838,1.2236603708778217e-09,2.116104244275613e-37
2020-09-28,1,recovery_or_normalization,5.594460247416276e-11,0.999999339023125,6.609211206598819e-07,1.2359547267563147e-41
2020-09-29,1,recovery_or_normalization,3.8141986125010074e-11,0.9999682783192946,3.1721643460258936e-05,4.4933368355265446e-41
2020-09-30,1,recovery_or_normalization,4.319541956253857e-09,0.9286591030077022,0.07134089267345903,2.5813195983522175e-42
2020-10-01,2,risk_on,3.7775325071046374e-10,0.26547377722027443,0.7345262224014654,5.804849988658876e-45
2020-10-02,2,risk_on,3.5208226354813854e-11,0.042399203097737086,0.9576007968672469,4.3708880697102025e-45
2020-10-05,2,risk_on,2.5049763629796454e-10,3.484549628931933e-05,0.9999651542525893,8.27936264392106e-46
2020-10-06,2,risk_on,1.506118055931746e-11,1.7941649097946965e-05,0.999982058335236,5.285378768098631e-44
2020-10-07,2,risk_on,5.051020147040966e-12,3.91461392264189e-07,0.9999996085335481,3.659479019642048e-48
2020-10-08,2,risk_on,2.3799251344916938e-14,3.437332304531793e-08,0.9999999656265578,6.6741165099910215e-53
2020-10-09,2,risk_on,4.2713161816688044e-14,1.0268642646483121e-08,0.9999999897318048,8.240031469896138e-54
2020-10-12,2,risk_on,6.418472800107713e-15,3.05261843711203e-08,0.9999999694737203,4.068570341023213e-57
2020-10-13,2,risk_on,2.4015688485097975e-15,3.8318342200270335e-08,0.99999996168117,3.660132941064609e-57
2020-10-14,2,risk_on,2.6330281603722777e-15,5.398637541386425e-08,0.9999999460142149,2.613181440143243e-56
2020-10-15,2,risk_on,3.729492206524639e-15,9.264218037780537e-08,0.999999907357055,7.888438461979044e-56
2020-10-16,2,risk_on,1.7007934676515378e-14,2.1201109503295345e-07,0.9999997879895315,3.1079957104179984e-53
2020-10-19,2,risk_on,1.2800581931747636e-12,3.0661475404902304e-05,0.9999693385242157,5.482389520928102e-49
2020-10-20,2,risk_on,2.090746771531262e-12,2.2947321538658203e-05,0.9999770526769631,3.823580455434073e-50
2020-10-21,2,risk_on,2.208094362589238e-13,2.3090506466251574e-05,0.9999769094930513,7.351319828156156e-51
2020-10-22,2,risk_on,2.1813708237547206e-11,0.0011883977964622645,0.9988116021813492,6.756434613505303e-48
2020-10-23,2,risk_on,4.346652338068591e-11,0.018800500434401696,0.9811994995224353,2.103037857624942e-49
2020-10-26,1,recovery_or_normalization,1.0170397788753644e-10,0.9638396993218271,0.03616030057673973,4.53638983249639e-46
2020-10-27,1,recovery_or_normalization,2.765637606330863e-12,0.995537932104749,0.004462067891587863,1.70899478601082e-50
2020-10-28,1,recovery_or_normalization,5.2895215001598993e-14,0.9999999999854481,1.518855716395933e-11,1.9591085785443635e-44
2020-10-29,1,recovery_or_normalization,2.566135569538783e-12,0.9999999951342033,4.863891564037564e-09,4.562484048993215e-46
2020-10-30,1,recovery_or_normalization,3.38983653033236e-13,0.9999999975407263,2.459476806132916e-09,1.1250095814841662e-44
2020-11-02,1,recovery_or_normalization,1.6387691964191583e-10,0.9997916300368498,0.0002083697997319138,4.659330171143071e-46
2020-11-03,2,risk_on,5.454006744863307e-10,0.21472445527412498,0.7852755441805654,4.857111749278624e-52
2020-11-04,2,risk_on,3.598691705875102e-14,4.4126782339615234e-05,0.9999558732183697,6.40312302051177e-65
2020-11-05,2,risk_on,2.2621040349644997e-17,4.3462894054331085e-09,0.9999999956544343,9.04301314675042e-70
2020-11-06,2,risk_on,1.3959869342649445e-17,1.6500672425791748e-08,0.9999999834999472,5.079094525753385e-67
2020-11-09,2,risk_on,8.247769340365264e-16,2.3755447821827335e-07,0.9999997624454691,2.3295501803553407e-62
2020-11-10,2,risk_on,7.702991847435499e-16,2.1966013837236198e-07,0.9999997803406827,1.5349022647504468e-64
2020-11-11,2,risk_on,1.1697613319610156e-15,1.7572246648270164e-08,0.9999999824285625,1.2713000038658747e-64
2020-11-12,2,risk_on,3.3383178247280554e-15,2.1504529502657328e-08,0.9999999784959075,5.645015597890653e-61
2020-11-13,2,risk_on,9.714585754502294e-15,4.486186138644363e-08,0.9999999551382653,2.787432350053848e-60
2020-11-16,2,risk_on,2.3586325517095577e-14,4.9183130532386677e-08,0.9999999508163467,3.5340743291738276e-57
2020-11-17,2,risk_on,9.421224915087448e-14,6.472900274846003e-09,0.9999999935262167,4.3007579660628096e-54
2020-11-18,2,risk_on,2.0119316891298706e-12,2.134665081308374e-08,0.9999999786505216,4.179895128777748e-51
2020-11-19,2,risk_on,1.0956284623832746e-11,1.135415363008523e-07,0.9999998864477739,4.496667857808786e-49
2020-11-20,2,risk_on,4.235445125066901e-11,1.6314083747658289e-07,0.9999998368166549,4.915332917226077e-49
2020-11-23,2,risk_on,2.1428172228747524e-11,1.6183599542402845e-07,0.999999838142698,5.898105776068599e-49
2020-11-24,2,risk_on,1.0422909779223698e-10,8.984519364185945e-09,0.99999999091051,6.09337513038421e-48
2020-11-25,2,risk_on,2.0027497666063372e-10,1.0651907049322797e-08,0.9999999891479092,1.028621149046614e-43
2020-11-27,2,risk_on,5.135118632045815e-07,1.5734221165993558e-08,0.9999994707542591,2.9912097701164345e-41
2020-11-30,2,risk_on,5.934758259938812e-07,8.471016036386053e-09,0.9999993980529318,1.1952811840015801e-40
2020-12-01,2,risk_on,4.525167454165917e-06,1.6516355172969946e-08,0.999995458315734,2.1183762642041761e-38
2020-12-02,2,risk_on,5.784489801958052e-06,2.7614965399196684e-08,0.9999941878946367,1.0988161562580025e-37
2020-12-03,2,risk_on,7.049966521420573e-07,1.2415591259414359e-08,0.9999992825871986,3.1886901931063617e-40
2020-12-04,2,risk_on,7.403426205396947e-08,1.9960700756247341e-07,0.9999997263585475,5.457810837704574e-39
2020-12-07,2,risk_on,7.182688152941476e-09,2.4458045352727737e-08,0.9999999683586799,6.998559720252456e-42
2020-12-08,2,risk_on,1.1869667436252884e-09,2.778468434482932e-08,0.9999999710289562,6.452463262712507e-44
2020-12-09,2,risk_on,1.450817311466581e-09,6.185938616182409e-09,0.9999999923638825,5.460831355029366e-46
2020-12-10,2,risk_on,7.819138871917996e-10,4.6267241304561255e-09,0.9999999945921445,8.107461019685423e-46
2020-12-11,2,risk_on,3.5910847243502014e-10,1.477122931927347e-08,0.9999999848696463,3.362114226426546e-47
2020-12-14,2,risk_on,6.842128716462308e-11,2.7082301415771733e-09,0.9999999972242222,1.7591888437212866e-47
2020-12-15,2,risk_on,1.1543061448129072e-10,1.0189476397708275e-09,0.9999999988649506,1.3914777238306187e-47
2020-12-16,2,risk_on,5.560705930795227e-10,1.941246213502054e-09,0.9999999975025275,4.54808285393811e-48
2020-12-17,2,risk_on,9.34315810835718e-10,8.769670614092881e-10,0.9999999981882866,4.250467772163985e-46
2020-12-18,2,risk_on,1.128361062307771e-09,4.2721509035968935e-10,0.9999999984447641,7.939438791481229e-47
2020-12-21,2,risk_on,1.9766744990670927e-10,3.8095023412134913e-10,0.9999999994215614,3.5024714734088336e-48
2020-12-22,2,risk_on,1.3058762351531456e-10,1.5600820545607436e-10,0.9999999997125997,1.9649426373017505e-46
2020-12-23,2,risk_on,3.272293588223035e-10,1.1291946640109192e-10,0.9999999995598046,6.6685046654459666e-46
2020-12-24,2,risk_on,2.1751646180589476e-09,2.469870128947763e-10,0.9999999975771061,4.813375524772942e-47
2020-12-28,2,risk_on,4.896878672330302e-10,9.088142693988871e-10,0.9999999986011971,7.404068565490398e-49
2020-12-29,2,risk_on,2.1187374606059705e-10,1.1417534522964484e-09,0.9999999986466719,6.772868319237629e-49
2020-12-30,2,risk_on,1.8447604327206734e-10,2.0694616630184705e-09,0.9999999977462721,1.067013953649037e-48
2020-12-31,2,risk_on,6.667462713460515e-10,1.4416313665842288e-09,0.9999999978917913,3.4779675658130625e-48
2021-01-04,2,risk_on,3.639844407025529e-09,2.643701363952198e-09,0.9999999937172106,2.569426660315047e-47
2021-01-05,2,risk_on,1.4998677741052042e-10,5.259341974955907e-09,0.9999999945903255,5.115369375086017e-53
2021-01-06,2,risk_on,2.525465206901738e-10,6.463283157739941e-09,0.9999999932842911,4.522096623733673e-55
2021-01-07,2,risk_on,9.228403232663029e-11,1.8370630431154752e-09,0.9999999980700522,1.965882737837273e-54
2021-01-08,2,risk_on,3.70414479711793e-11,2.7324399063357094e-09,0.9999999972296791,4.0052263606787323e-53
2021-01-11,2,risk_on,1.0457202795664368e-11,1.0351067709990348e-08,0.9999999896390364,3.8731347450423654e-53
2021-01-12,2,risk_on,1.7742310261423686e-11,8.253579424318351e-09,0.9999999917290552,1.1887757955184292e-52
2021-01-13,2,risk_on,1.4372427834693366e-11,4.230485484771796e-09,0.9999999957544787,3.5957733152281073e-54
2021-01-14,2,risk_on,5.810214726161118e-12,8.174993347483088e-10,0.9999999991759978,1.5535810685899817e-53
2021-01-15,2,risk_on,1.6131042794718207e-11,7.981000998033844e-09,0.9999999920037226,4.396728698444519e-53
2021-01-19,2,risk_on,1.1668054799051731e-11,3.167723817700013e-09,0.9999999968204065,2.1318031050121867e-53
2021-01-20,2,risk_on,3.8947694625003775e-11,1.8425673058064838e-09,0.999999998119165,1.83182832583235e-52
2021-01-21,2,risk_on,1.7946872294891346e-11,3.786049117332222e-09,0.9999999961964932,7.877200051961847e-52
2021-01-22,2,risk_on,1.7220447509739205e-11,7.5195065897036e-10,0.9999999992305675,4.62703296253924e-52
2021-01-25,2,risk_on,9.26263291551796e-12,7.463876445013233e-10,0.9999999992451194,2.921203947495559e-52
2021-01-26,2,risk_on,2.6947513520546854e-10,2.6758030583556294e-05,0.9999732416996593,3.980348505033724e-50
2021-01-27,1,recovery_or_normalization,3.3757836755664136e-08,0.965628572560465,0.034371393680822794,5.8967518473914115e-43
2021-01-28,2,risk_on,4.96753738703281e-07,0.004453385714041001,0.99554611753222,2.307561051007505e-47
2021-01-29,2,risk_on,9.83599270846303e-09,6.790309461248525e-05,0.9999320870699011,4.930244629340974e-49
2021-02-01,2,risk_on,1.1310244946135172e-10,1.818664752608608e-07,0.9999998180210407,8.895524957439706e-53
2021-02-02,2,risk_on,6.141981846234041e-10,4.576470189569341e-09,0.9999999948086042,2.037481879909982e-50
2021-02-03,2,risk_on,1.9310591148837433e-10,4.295139778448208e-10,0.9999999993779056,1.7773721769974329e-50
2021-02-04,2,risk_on,2.7201927045823235e-11,3.2654155961361814e-09,0.9999999967076292,1.7366713096314796e-51
2021-02-05,2,risk_on,4.923640736992273e-10,3.595881814868642e-08,0.999999963549272,1.8836139823506475e-42
2021-02-08,2,risk_on,3.3033500481577597e-10,1.4445270602091602e-07,0.9999998552175489,1.203420803196822e-41
2021-02-09,2,risk_on,8.773815954923157e-10,1.350839341459925e-07,0.9999998640378273,6.429221623257507e-42
2021-02-10,2,risk_on,2.9761336866529315e-10,2.8416416506186692e-08,0.9999999712854337,8.587119101099897e-46
2021-02-11,2,risk_on,1.3289056097352614e-10,3.654700437007348e-08,0.9999999633200793,3.8404960975166065e-45
2021-02-12,2,risk_on,1.5821104888819126e-10,3.363603293417515e-08,0.9999999662049964,2.8810385898468312e-43
2021-02-16,2,risk_on,1.5905740767851343e-10,3.113989244532567e-08,0.9999999687006498,7.107866770826478e-48
2021-02-17,2,risk_on,1.128290228423692e-10,7.417458903765144e-08,0.9999999257124755,2.5185291394060498e-48
2021-02-18,2,risk_on,7.312071947192109e-11,2.6216368557192246e-07,0.9999997377636081,1.8666915694277514e-48
2021-02-19,2,risk_on,2.7129183369014685e-11,5.882939907264475e-07,0.9999994116789733,9.757429481242187e-51
2021-02-22,2,risk_on,7.228820059786739e-12,3.3184515313415344e-07,0.9999996681472663,1.179689713362404e-53
2021-02-23,2,risk_on,2.4206880728008135e-12,1.2075477211886426e-07,0.9999998792427578,1.0629933187212238e-52
2021-02-24,2,risk_on,3.687042603908434e-12,7.905859503216579e-08,0.9999999209376287,2.717788968024065e-53
2021-02-25,2,risk_on,3.204557564514827e-12,2.4920791877971485e-05,0.9999750792043681,1.0856039854871009e-57
2021-02-26,2,risk_on,1.345208293409293e-09,8.440260642635344e-07,0.9999991546286701,9.389180465728007e-59
2021-03-01,2,risk_on,7.227125688410403e-12,8.198217500686899e-08,0.999999918010875,5.658807682650867e-56
2021-03-02,2,risk_on,7.833928136689878e-11,1.795125606996081e-08,0.9999999819701771,4.148792080355357e-55
2021-03-03,2,risk_on,1.0952569859658504e-11,6.13524044311799e-09,0.9999999938536348,3.078620409789766e-59
2021-03-04,2,risk_on,7.994700103149211e-13,4.956808980801747e-08,0.999999950430721,6.285696560077654e-65
2021-03-05,2,risk_on,3.24740557853503e-14,1.9743013253367772e-08,0.9999999802566892,1.377054136232907e-69
2021-03-08,2,risk_on,4.908081694081555e-14,1.9666279095249906e-08,0.9999999803330868,1.0087600352744311e-72
2021-03-09,2,risk_on,3.927575814731906e-16,1.992681519971264e-08,0.9999999800729713,3.234920814076633e-83
2021-03-10,2,risk_on,2.154934707927756e-16,5.338138633868505e-09,0.9999999946612661,2.0857667203962275e-85
2021-03-11,2,risk_on,3.190040799093163e-16,1.2391656124342725e-08,0.9999999876090442,1.0616652597411342e-83
2021-03-12,2,risk_on,4.295048542588578e-16,1.0267642375598044e-08,0.9999999897318048,1.4801400888403874e-81
2021-03-15,2,risk_on,3.080818687586482e-16,1.0895192058526254e-08,0.9999999891042535,5.103065273515324e-83
2021-03-16,2,risk_on,2.0893425018266037e-16,1.531631781139268e-08,0.9999999846841093,8.005358253463535e-84
2021-03-17,2,risk_on,2.3053156007072985e-16,5.571394437211322e-09,0.9999999944284355,1.0751435988530139e-83
2021-03-18,2,risk_on,3.9015689774189446e-16,7.962856494372754e-09,0.9999999920364644,7.256042070037392e-85
2021-03-19,2,risk_on,2.909846040545883e-15,1.457555722730527e-09,0.9999999985429895,1.3955614135088715e-85
2021-03-22,2,risk_on,4.5942584623911835e-15,1.9670523058377722e-09,0.9999999980336725,6.048987593073309e-89
2021-03-23,2,risk_on,3.3844444402802624e-15,9.297563396261478e-10,0.9999999990704964,5.734349563994513e-85
2021-03-24,2,risk_on,1.5510038862345903e-14,8.253128687520215e-10,0.9999999991741788,5.0150615854812763e-85
2021-03-25,2,risk_on,3.0061354778637327e-15,1.4414655329768753e-09,0.9999999985593604,4.1131230180440155e-83
2021-03-26,2,risk_on,5.858339546425543e-13,1.6119847641804498e-10,0.9999999998381099,1.752950335550566e-86
2021-03-29,2,risk_on,8.678145935409248e-15,6.971252127971771e-11,0.9999999999308784,2.5924378265486305e-86
2021-03-30,2,risk_on,4.684164067723429e-14,1.3831515530238342e-10,0.9999999998617568,1.0414234498500778e-87
2021-03-31,2,risk_on,2.1218592606480866e-14,9.919487736850551e-11,0.9999999998999556,9.229628871723923e-86
2021-04-01,2,risk_on,5.672148932732749e-13,3.047169869351939e-10,0.9999999996944098,9.124725394963171e-86
2021-04-05,2,risk_on,5.354938379030431e-12,1.219872776331933e-10,0.9999999998726707,1.6100709346251698e-84
2021-04-06,2,risk_on,4.2917390878263207e-13,9.218133077368738e-11,0.9999999999072315,3.5148685084825356e-85
2021-04-07,2,risk_on,4.120198930391493e-13,9.792369701073173e-11,0.9999999999017746,2.7469471903464626e-86
2021-04-08,2,risk_on,6.408237191936741e-14,6.663230941286204e-11,0.9999999999326974,8.922492617732457e-90
2021-04-09,2,risk_on,6.219553168209039e-14,3.908590385373177e-10,0.9999999996089173,1.205626493482518e-91
2021-04-12,2,risk_on,2.6890895511510963e-14,3.0104635144064416e-10,0.9999999996980478,3.638587123852998e-93
2021-04-13,2,risk_on,4.352426746875941e-14,1.6853761913487806e-11,0.9999999999836291,1.5702762990570169e-94
2021-04-14,2,risk_on,1.9846748423541273e-14,3.781373285118235e-11,0.9999999999618012,4.600310275346176e-94
2021-04-15,2,risk_on,4.180092563680737e-14,3.2283013133550017e-12,0.999999999996362,2.3022692661680692e-95
2021-04-16,2,risk_on,1.5079041533732724e-13,1.3431378482592514e-11,0.9999999999872671,6.440452353180021e-93
2021-04-19,2,risk_on,3.9360388048224046e-13,8.602050648009685e-13,0.999999999998181,4.831669689266339e-95
2021-04-20,2,risk_on,9.389274386015845e-13,4.6916982133407036e-12,0.999999999994543,1.4063259405007432e-93
2021-04-21,2,risk_on,8.843494764152943e-14,8.311172634696739e-12,0.999999999990905,6.138600285065954e-94
2021-04-22,2,risk_on,6.144458995141702e-13,6.488167705044678e-11,0.9999999999345164,1.6947040828875154e-90
2021-04-23,2,risk_on,6.314954152363283e-13,2.2432655780656383e-11,0.9999999999763531,1.407156751944777e-90
2021-04-26,2,risk_on,8.568728097312871e-13,3.04476519789855e-11,0.9999999999690772,8.949760066031393e-91
2021-04-27,2,risk_on,3.2395670443091874e-13,5.150477595804462e-11,0.9999999999490683,3.51773808875234e-94
2021-04-28,2,risk_on,8.640342257334378e-14,1.9279138422978723e-12,0.999999999998181,1.1021736574494369e-97
2021-04-29,2,risk_on,1.221468300651849e-13,1.585204136593723e-12,0.999999999998181,1.1197217297966013e-97
2021-04-30,2,risk_on,5.551807632970618e-13,8.30466484685154e-12,0.999999999990905,2.3198948219955845e-93
2021-05-03,2,risk_on,1.5774734600308917e-13,3.1399971834906336e-11,0.9999999999690772,2.339414804443766e-94
2021-05-04,2,risk_on,5.2580536220955484e-14,1.792096906994665e-11,0.9999999999818101,3.0741955797731307e-97
2021-05-05,2,risk_on,1.3032218024453724e-13,1.413977237219082e-11,0.9999999999854481,3.8605350192286604e-97
2021-05-06,2,risk_on,3.7520511043251644e-14,1.2636271827651135e-11,0.9999999999872671,1.7864141644445102e-99
2021-05-07,2,risk_on,2.1723519419188106e-14,1.5626385985341548e-11,0.9999999999836291,4.187978804056247e-99
2021-05-10,2,risk_on,1.3589101751314897e-14,1.2102448990348036e-11,0.9999999999872671,1.3378153871857773e-101
2021-05-11,2,risk_on,8.677680814778997e-15,2.519147797709787e-11,0.9999999999745341,3.1288553515642255e-100
2021-05-12,2,risk_on,1.8722013634527567e-13,3.7112107877709515e-08,0.9999999628871599,2.312118899995445e-102
2021-05-13,2,risk_on,6.387190033125377e-16,1.654654915007642e-10,0.999999999834472,3.0780204766064374e-106
2021-05-14,2,risk_on,6.128982495149101e-17,3.266270161222493e-11,0.9999999999672582,1.5610083667134688e-112
2021-05-17,2,risk_on,3.351613796133945e-17,2.2770354545226168e-11,0.9999999999763531,4.004574432411981e-113
2021-05-18,2,risk_on,2.6148849764661768e-17,2.331567124637024e-11,0.9999999999763531,1.1318747103046266e-112
2021-05-19,2,risk_on,4.736319213062455e-17,3.051366983676088e-11,0.9999999999690772,1.3755801756613907e-113
2021-05-20,2,risk_on,2.7005604675159626e-18,2.977670576399835e-11,0.9999999999708962,2.948341723537307e-114
2021-05-21,2,risk_on,2.824509124658172e-17,1.3803365735057499e-11,0.9999999999854481,1.100536701814924e-111
2021-05-24,2,risk_on,2.169172352611085e-17,1.3708684951085274e-11,0.9999999999854481,1.3160084734133076e-114
2021-05-25,2,risk_on,2.6631153394391027e-18,6.2491163513977105e-12,0.999999999994543,2.840067257454338e-114
2021-05-26,2,risk_on,4.129681217813795e-16,6.659391548882562e-11,0.9999999999326974,7.412661008566103e-104
2021-05-27,2,risk_on,1.1805335174689543e-17,1.1974482435076461e-11,0.9999999999872671,2.5768476695672886e-119
2021-05-28,2,risk_on,1.2301609096420435e-21,2.6419698098778713e-13,1.0,3.8008124942655155e-138
2021-06-01,2,risk_on,1.4104113953230803e-21,7.143133151345506e-14,1.0,9.010064195706278e-139
2021-06-02,2,risk_on,8.203975627116395e-21,1.6550806292725882e-13,1.0,5.252062013193246e-131
2021-06-03,2,risk_on,1.296340287908119e-19,1.6997863463870666e-12,0.999999999998181,5.810488285110534e-128
2021-06-04,2,risk_on,3.7989364400861415e-21,1.4421221009610584e-12,0.999999999998181,1.9976133263094778e-132
2021-06-07,2,risk_on,5.390006652279166e-21,3.419694138913172e-12,0.999999999996362,6.55356483764658e-130
2021-06-08,2,risk_on,1.2441220923303199e-20,1.481573093682886e-11,0.9999999999854481,3.321189002168156e-123
2021-06-09,2,risk_on,1.5314543307694566e-19,1.4891303610229484e-11,0.9999999999854481,3.061715900909881e-122
2021-06-10,2,risk_on,1.0144824837429547e-20,1.2983735597980197e-12,0.999999999998181,8.666950628733537e-124
2021-06-11,2,risk_on,1.549246099908332e-16,1.992206714578806e-10,0.9999999997999112,7.0361319419420846e-127
2021-06-14,2,risk_on,2.954177515901409e-19,8.676852566024801e-13,1.0,4.0749824657303065e-131
2021-06-15,2,risk_on,3.565980539146571e-20,8.665486628697665e-13,1.0,6.114214327615855e-131
2021-06-16,2,risk_on,8.724412267446337e-19,2.3719134333526373e-12,0.999999999998181,2.6093794484243008e-127
2021-06-17,2,risk_on,8.208674107789917e-15,2.238783499834497e-11,0.9999999999781721,3.1639570052942433e-111
2021-06-18,2,risk_on,3.819247495846889e-12,2.764264080252176e-10,0.9999999997198756,6.984107725503061e-95
2021-06-21,2,risk_on,8.568070227227454e-13,1.5233018960180184e-09,0.9999999984756869,4.2793158195290565e-85
2021-06-22,2,risk_on,1.1759978048672484e-13,2.5978237726138967e-10,0.9999999997398845,3.917518334937739e-89
2021-06-23,2,risk_on,1.1549685567890486e-13,5.438038672174803e-10,0.9999999994561222,2.994464552020857e-91
2021-06-24,2,risk_on,4.244692896699808e-14,3.504819513123633e-10,0.999999999648935,1.6749293995039169e-93
2021-06-25,2,risk_on,2.3673314316587436e-15,1.5272065024943873e-10,0.9999999998472049,6.2295028712434e-97
2021-06-28,2,risk_on,7.369015109209301e-15,4.352180857699393e-11,0.9999999999563443,2.7638144807389856e-96
2021-06-29,2,risk_on,1.4141247556782036e-14,1.3207692234305206e-10,0.9999999998672138,4.5425214959872325e-96
2021-06-30,2,risk_on,1.6775429392587984e-14,2.3620626504285e-11,0.9999999999763531,1.858137462796663e-96
2021-07-01,2,risk_on,5.6628636358982534e-14,1.3391976074618857e-10,0.9999999998653948,8.355684718550995e-92
2021-07-02,2,risk_on,1.3243537590876375e-14,4.901970244197777e-12,0.999999999994543,1.1020178813192535e-97
2021-07-06,2,risk_on,3.674819781304446e-15,2.1454735006005397e-11,0.9999999999781721,9.236068938402015e-96
2021-07-07,2,risk_on,6.26260634588844e-15,9.894171240061113e-12,0.999999999990905,1.2363777766680143e-95
2021-07-08,2,risk_on,1.7743811417678395e-14,1.3361693855469013e-10,0.9999999998672138,1.6922743282225257e-92
2021-07-09,2,risk_on,1.960496564739639e-14,1.0105016492526842e-10,0.9999999998981366,5.512065783836582e-88
2021-07-12,2,risk_on,1.0811843775095228e-14,2.69880286448642e-10,0.9999999997307896,1.688440618748175e-86
2021-07-13,2,risk_on,2.286456043110506e-14,4.070176094170105e-10,0.9999999995925464,7.834777295807084e-88
2021-07-14,2,risk_on,2.777228606909663e-14,2.1727542968584708e-10,0.9999999997835403,3.655445319967127e-86
2021-07-15,2,risk_on,6.414652917446015e-13,1.3021226222669329e-09,0.9999999986976036,7.168702965652054e-78
2021-07-16,2,risk_on,6.285790124684319e-13,5.859606109018832e-10,0.9999999994142854,6.501028201489978e-77
2021-07-19,2,risk_on,3.7483777627080014e-10,2.8355196296354867e-07,0.9999997160739843,5.169489773814446e-62
2021-07-20,2,risk_on,1.0474221588529517e-10,1.985458473934328e-08,0.9999999800402295,5.433025636967125e-60
2021-07-21,2,risk_on,5.053114073291616e-11,2.8512745818864278e-08,0.9999999714364098,8.434263700776843e-60
2021-07-22,2,risk_on,2.8595549519769597e-11,3.5944128144976586e-08,0.9999999640276662,3.636712567400444e-60
2021-07-23,2,risk_on,4.82151992322605e-11,2.8882866220023884e-08,0.999999971068974,4.464275127778522e-58
2021-07-26,2,risk_on,1.2148987959915571e-10,3.295824219181258e-08,0.9999999669198593,9.765411693922418e-58
2021-07-27,2,risk_on,4.678205021283009e-10,1.7578862901769078e-07,0.9999998237435803,1.1630262485044071e-55
2021-07-28,2,risk_on,4.3225008261752565e-10,2.0584310750006948e-07,0.999999793724804,7.127658332813581e-56
2021-07-29,2,risk_on,2.872018094659627e-10,8.369252637561366e-08,0.9999999160209008,1.2445036882699415e-57
2021-07-30,2,risk_on,1.483119318406176e-10,1.2051828829251124e-07,0.9999998793337073,1.2825931022748506e-55
2021-08-02,2,risk_on,2.813517537409492e-10,5.101204495497448e-07,0.9999994895989796,4.140177912556141e-55
2021-08-03,2,risk_on,2.3865151893869785e-10,3.693559646823267e-07,0.9999996304050683,3.928912909914081e-57
2021-08-04,2,risk_on,3.969605462893067e-11,1.798992033015142e-07,0.9999998200619464,1.1447362244013955e-56
2021-08-05,2,risk_on,5.4024770415565115e-11,2.7917442355716666e-07,0.9999997207724326,2.985835006724289e-56
2021-08-06,2,risk_on,4.2209519036435034e-11,5.614651548769305e-08,0.9999999438114189,1.3287069805489208e-57
2021-08-09,2,risk_on,7.24799695828145e-11,2.1858623587140595e-07,0.9999997813411267,4.240432966608366e-54
2021-08-10,2,risk_on,1.497477345890423e-10,4.853637874762127e-07,0.9999995144863802,2.4324400402744127e-51
2021-08-11,2,risk_on,4.2949174989532926e-10,2.425925129345426e-07,0.9999997569775882,4.2210968707290724e-42
2021-08-12,2,risk_on,2.995875105867282e-10,1.7005756648644733e-07,0.999999829642562,1.5733196260222594e-41
2021-08-13,2,risk_on,2.023876989016774e-10,1.4264094625924667e-07,0.9999998571565913,1.434595823863707e-38
2021-08-16,2,risk_on,3.26329912485167e-10,1.046140052190694e-07,0.9999998950588689,2.4378857363661896e-37
2021-08-17,2,risk_on,1.3835626428628052e-09,2.2489397940868136e-07,0.9999997737232008,3.8735675772883197e-35
2021-08-18,2,risk_on,1.9994578455604643e-09,1.1644536700516397e-06,0.9999988335464405,4.7257056210277557e-35
2021-08-19,2,risk_on,3.6176848570866455e-09,5.579145807741653e-06,0.9999944172369709,1.2471860546346742e-34
2021-08-20,2,risk_on,4.724615500932344e-10,7.101383594828339e-07,0.9999992893883951,7.626088345661684e-35
2021-08-23,2,risk_on,3.438559138871099e-09,4.101318268403197e-06,0.9999958952423758,1.384445654970576e-34
2021-08-24,2,risk_on,3.404213206736223e-09,4.2544028404688425e-06,0.9999957421932473,9.54209748284777e-35
2021-08-25,2,risk_on,1.6014538923890594e-09,1.2519441401085069e-06,0.9999987464551522,1.4418144460118637e-34
2021-08-26,2,risk_on,5.296114014681798e-09,1.5862426620196343e-06,0.999998408461936,2.4869555377126353e-34
2021-08-27,2,risk_on,4.7055428415987e-10,6.674819517386276e-07,0.9999993320473052,4.989933718691748e-37
2021-08-30,2,risk_on,3.2303348295001177e-10,4.787265738264289e-07,0.9999995209510655,7.20415142439692e-36
2021-08-31,2,risk_on,2.2738165759200946e-09,8.355022793802524e-07,0.9999991622247634,2.5045624367861977e-36
2021-09-01,2,risk_on,5.721598937475818e-10,6.44769893369989e-07,0.9999993546573287,7.801690391966934e-36
2021-09-02,2,risk_on,6.504940101520242e-10,7.517570750950837e-07,0.9999992475916872,2.4770689919785927e-34
2021-09-03,2,risk_on,1.8340235593455843e-10,5.409238704908116e-07,0.9999994588926356,6.147125849097878e-35
2021-09-07,2,risk_on,4.481881087857153e-10,1.6899809513942671e-06,0.9999983095709203,4.414935066885896e-36
2021-09-08,2,risk_on,2.6670033369425716e-10,1.4979692197928272e-06,0.9999985017632153,9.149846044333686e-36
2021-09-09,2,risk_on,9.933934849972386e-10,5.33654691417741e-06,0.9999946624590504,4.9465056861477094e-34
2021-09-10,2,risk_on,1.002118189717943e-09,2.0396160097296263e-05,0.999979602837562,1.5344763334370006e-35
2021-09-13,2,risk_on,4.861241903924301e-10,8.957952624911959e-06,0.9999910415609703,1.6528296418926803e-36
2021-09-14,2,risk_on,3.921458703957365e-10,7.0941857016742716e-06,0.999992905422615,2.953697959367738e-35
2021-09-15,2,risk_on,2.8068441630298046e-10,1.6327937022544933e-06,0.9999983669253799,4.985783177160135e-35
2021-09-16,2,risk_on,3.230200707803427e-10,1.7301025942210308e-06,0.9999982695750497,4.4565636921200315e-34
2021-09-17,2,risk_on,4.090181234247383e-09,3.4813395798145594e-05,0.9999651825132433,2.6243842314017785e-36
2021-09-20,2,risk_on,2.2112734772234173e-08,0.00036029747610708495,0.9996396804108922,5.216381115424876e-35
2021-09-21,2,risk_on,1.1363293077422965e-08,0.0003159113075133949,0.9996840773284126,3.314223506869748e-36
2021-09-22,2,risk_on,1.4203098317011797e-09,9.721125141939983e-06,0.9999902774543149,1.488102104668542e-39
2021-09-23,2,risk_on,2.6864621873492673e-10,8.986185798165863e-07,0.9999991011122294,5.433955296324278e-38
2021-09-24,2,risk_on,1.355077408071845e-10,5.827609083376186e-07,0.9999994171031965,2.7568939224313573e-38
2021-09-27,2,risk_on,3.9497464722790096e-10,7.24406431834548e-07,0.999999275198469,3.489952604489402e-36
2021-09-28,2,risk_on,1.1892920439653396e-08,8.828314899019791e-05,0.9999117049575549,5.922925963768246e-42
2021-09-29,2,risk_on,1.7187481876323015e-09,1.5085386999050053e-05,0.9999849128936485,6.894278074037868e-43
2021-09-30,2,risk_on,4.383745624458903e-09,1.720995337668157e-05,0.9999827856635537,5.898948113205494e-44
2021-10-01,2,risk_on,2.1035944814051178e-10,3.0769487109815816e-06,0.9999969228403693,1.4765216380518773e-46
2021-10-04,2,risk_on,2.0715520392976756e-09,2.0526320820913844e-05,0.9999794716074379,1.1190982455332839e-46
2021-10-05,2,risk_on,4.721693076336583e-10,1.4983823778106457e-06,0.9999985011447599,2.8673168435124818e-46
2021-10-06,2,risk_on,2.2736916486053917e-10,5.312674816712999e-07,0.9999994685059894,2.447763267599006e-48
2021-10-07,2,risk_on,1.075512728357067e-10,1.5633074796541153e-07,0.9999998435614665,1.5319258121205918e-49
2021-10-08,2,risk_on,2.96064189079008e-10,1.8764958362339538e-07,0.9999998120547565,1.242295989093393e-47
2021-10-11,2,risk_on,1.0962983154181622e-08,3.030358785228669e-07,0.9999996860006415,6.595247009001063e-47
2021-10-12,2,risk_on,1.3226543497007547e-09,1.6851039138965846e-07,0.9999998301664308,2.393127899443152e-46
2021-10-13,2,risk_on,2.2520522545267316e-09,1.9790480835988605e-07,0.999999799843883,2.7999608834769496e-48
2021-10-14,2,risk_on,2.646748988162889e-10,2.8506738196980897e-07,0.9999997146679059,5.86081734363893e-51
2021-10-15,2,risk_on,2.836735966792966e-10,1.432958708109638e-07,0.9999998564199007,2.119881640784602e-56
2021-10-18,2,risk_on,5.400646245253395e-10,1.7616977513601092e-08,0.9999999818428479,1.9201289905134866e-59
2021-10-19,2,risk_on,7.2072281909302305e-09,1.9746505891024562e-08,0.9999999730462154,7.540791300430528e-59
2021-10-20,2,risk_on,1.15155642561308e-08,1.0897694165071663e-08,0.9999999775864128,1.0292956327140311e-57
2021-10-21,2,risk_on,3.364942310968396e-08,1.2513253596129465e-08,0.999999953837688,9.445648471746682e-60
2021-10-22,2,risk_on,9.136078829631464e-09,6.535818574740459e-08,0.9999999255051107,1.7470262897905173e-61
2021-10-25,2,risk_on,3.5812134701719843e-09,2.758207049152562e-08,0.999999968837074,2.935830997714467e-62
2021-10-26,2,risk_on,1.8638077448700423e-08,4.537392616916666e-08,0.9999999359879459,3.106261824528972e-61
2021-10-27,2,risk_on,1.026459436311255e-07,3.0768145032520817e-09,0.9999998942767034,3.0389234189924926e-60
2021-10-28,2,risk_on,1.0531170049007543e-08,5.439647788672369e-10,0.9999999889241735,1.2123740926844536e-60
2021-10-29,2,risk_on,1.7191892113394324e-08,3.850872796476228e-10,0.9999999824231055,1.8100379535782815e-61
2021-11-01,2,risk_on,1.2315007119136335e-09,1.6493737338298391e-09,0.9999999971187208,4.687943758418676e-62
2021-11-02,2,risk_on,2.832704861067003e-09,4.004599195990141e-09,0.9999999931624188,1.0685703601963434e-62
2021-11-03,2,risk_on,6.134701787607849e-10,2.6660750085947763e-09,0.9999999967203621,1.2954596573224937e-63
2021-11-04,2,risk_on,3.654629468729153e-10,1.2855141681370983e-09,0.9999999983483576,8.312226336153372e-66
2021-11-05,2,risk_on,2.8806015545054843e-10,3.1786727571352033e-10,0.9999999993942765,1.3847699972537844e-66
2021-11-08,2,risk_on,1.3097994186491655e-09,6.062283240107643e-10,0.9999999980846042,1.7947700476332736e-64
2021-11-09,2,risk_on,3.5003772477064104e-08,4.781450717471389e-09,0.9999999602150645,8.817507574646914e-62
2021-11-10,2,risk_on,7.768432320477286e-09,5.364274099335285e-10,0.9999999916944944,1.4937507398186398e-66
2021-11-11,2,risk_on,3.982353710108445e-08,1.1481119721595295e-09,0.9999999590290836,5.3018456763416865e-67
2021-11-12,2,risk_on,5.855717575274386e-10,1.0757707825113464e-08,0.9999999886567821,1.6546547755357763e-69
2021-11-15,2,risk_on,2.1147845310630916e-10,1.6128975659766387e-08,0.9999999836600183,2.5683102447584697e-71
2021-11-16,2,risk_on,2.116066546884985e-10,1.6178263197633293e-08,0.9999999836109056,1.524349204135898e-71
2021-11-17,2,risk_on,3.084709876424862e-10,4.776213990387607e-08,0.9999999519295681,4.303952646586923e-71
2021-11-18,2,risk_on,1.021262439128215e-09,5.8363447555503045e-08,0.9999999406154547,4.41859142716649e-71
2021-11-19,2,risk_on,3.7342135120459863e-10,7.917352919582736e-08,0.9999999204537775,2.015781905298239e-70
2021-11-22,2,risk_on,3.741010861263412e-10,3.755567926352952e-07,0.9999996240695306,3.4078449821952406e-70
2021-11-23,2,risk_on,6.630728523489032e-10,3.268583792827357e-05,0.9999673134983604,2.2901563652197976e-69
2021-11-24,2,risk_on,1.1642330827377121e-08,0.004497096558494159,0.9955028917992712,5.3750595532777455e-71
2021-11-26,1,recovery_or_normalization,3.1438284604632166e-09,0.9992376231373168,0.0007623737192030001,2.187423370823552e-50
2021-11-29,1,recovery_or_normalization,6.844959267256431e-08,0.9991241278700648,0.0008758036796246272,1.0817584295931374e-52
2021-11-30,1,recovery_or_normalization,9.440039661739143e-09,0.9999573464903835,4.2644069070281674e-05,2.3170040809394623e-46
2021-12-01,1,recovery_or_normalization,4.735649197418874e-09,0.9999999883766577,6.887966278224656e-09,1.9775903447921626e-42
2021-12-02,1,recovery_or_normalization,8.996184368596055e-08,0.9999998004186835,1.0961956195353912e-07,3.9316911318441595e-44
2021-12-03,1,recovery_or_normalization,6.783665328016013e-09,0.9999999929823389,2.344018995562171e-10,5.409146605228875e-40
2021-12-06,1,recovery_or_normalization,1.733879130724389e-06,0.9997244326011181,0.0002738335203676331,2.340871613964774e-36
2021-12-07,1,recovery_or_normalization,4.4354053721163933e-05,0.7483866961064879,0.25156894983979283,1.730566989366277e-35
2021-12-08,2,risk_on,1.571609705284102e-05,0.2862900210199462,0.7136942628831844,1.36383931904862e-36
2021-12-09,2,risk_on,2.676365374626827e-05,0.07493498308810491,0.9250382532573069,5.49633493046909e-33
2021-12-10,2,risk_on,1.5242281457775552e-05,0.04715766572778653,0.9528270919910488,2.2392591519023168e-33
2021-12-13,2,risk_on,5.92778855121288e-06,0.047738814915908916,0.9522552572960736,1.3029168235751013e-31
2021-12-14,2,risk_on,1.407156268589365e-05,0.0605632335584721,0.9394226948779716,1.5605063446527986e-30
2021-12-15,2,risk_on,4.2254220187287984e-05,0.06087942638828876,0.939078319390979,2.9913280626633544e-30
2021-12-16,2,risk_on,1.0707838135635996e-05,0.05084910216889786,0.9491401899935518,1.193854502826773e-30
2021-12-17,2,risk_on,5.180369654949848e-06,0.039004215126344166,0.9609906045047271,6.576355609004423e-30
2021-12-20,2,risk_on,6.090767208234599e-06,0.0297059508882501,0.9702879583445947,6.099671519519816e-31
2021-12-21,2,risk_on,2.476021038550743e-06,0.015913996487852782,0.9840835274908974,1.3714120957427709e-31
2021-12-22,2,risk_on,3.493439085674722e-07,0.006318286271305371,0.9936813643852381,3.9357167912662215e-35
2021-12-23,2,risk_on,7.28595662296011e-07,0.0036964466535314108,0.9963028247506317,3.413262431895271e-34
2021-12-27,2,risk_on,2.826958754761891e-07,0.0011075665725847298,0.9988921507306745,6.519023307203042e-32
2021-12-28,2,risk_on,3.3956489969714214e-06,4.829325756430042e-05,0.999948311094028,2.10371640739102e-28
2021-12-29,2,risk_on,3.020151449096595e-08,3.313937146570976e-06,0.9999966558608758,3.58698949300762e-30
2021-12-30,2,risk_on,4.294008610558447e-07,1.1347343314605998e-06,0.9999984358649681,7.304758629127534e-27
2021-12-31,2,risk_on,8.670388016002825e-06,6.005075347438797e-06,0.9999853245357386,3.130883307453037e-25
2022-01-03,2,risk_on,1.2782152650518997e-06,5.594482535857123e-07,0.9999981623367208,5.915486104652706e-26
2022-01-04,2,risk_on,6.489632978253476e-07,9.294256208862288e-07,0.9999984216113895,2.4035850293239315e-27
2022-01-05,2,risk_on,1.996053273666232e-08,1.543091441089012e-07,0.9999998257299164,2.4960941084214674e-31
2022-01-06,2,risk_on,1.3571808786973058e-09,2.9194204460313617e-07,0.9999997067007346,1.242169676822479e-33
2022-01-07,2,risk_on,5.8931284054441775e-09,7.961410688332927e-07,0.9999991979660569,1.578812123477512e-32
2022-01-10,2,risk_on,4.654610669887604e-09,1.1298483213011453e-07,0.9999998823605052,1.0425867152333848e-31
2022-01-11,2,risk_on,1.4713535625373242e-09,1.7115399297307092e-07,0.9999998273742825,1.544925556711388e-33
2022-01-12,2,risk_on,2.3108893335605867e-09,1.3750183882330205e-07,0.9999998601870272,3.653696068265632e-31
2022-01-13,2,risk_on,1.0205153161557837e-07,1.1730609867111858e-07,0.999999780642635,2.169828926050489e-26
2022-01-14,2,risk_on,0.00020508043670186332,1.0432195010961853e-05,0.9997844873682513,1.017458068248924e-23
2022-01-18,2,risk_on,0.15344423883623468,0.00013889141092809996,0.8464168697527067,2.76190918717617e-23
2022-01-19,0,inflation_rates_shock,0.9252018307058781,0.0005988241631968081,0.07419934513117703,3.8566945703350856e-22
2022-01-20,0,inflation_rates_shock,0.9997819936542459,7.51832683199662e-06,0.00021048801925351634,9.541954208850904e-22
2022-01-21,0,inflation_rates_shock,0.9999996187489887,3.792996968256258e-07,1.9520569293459646e-09,2.4313397683220092e-21
2022-01-24,0,inflation_rates_shock,0.999999960476999,3.9466555711439006e-08,5.631924203769262e-11,8.403531014130637e-21
2022-01-25,0,inflation_rates_shock,0.9999999732954169,2.6702669367736007e-08,1.1430287013675074e-12,1.7712258001478443e-21
2022-01-26,0,inflation_rates_shock,0.9999999997999112,1.991945329292303e-10,6.737894510453419e-14,1.803304379182653e-20
2022-01-27,0,inflation_rates_shock,0.9999999998908606,1.1002506981186673e-10,2.0127394524949857e-14,2.568762553552937e-21
2022-01-28,0,inflation_rates_shock,0.9999999901756382,7.675740313314998e-09,2.1491747898639184e-09,1.6657614789148527e-23
2022-01-31,0,inflation_rates_shock,0.9999986652537513,1.4000568379732765e-08,1.3207465623686665e-06,2.3077929976042945e-23
2022-02-01,0,inflation_rates_shock,0.9999825037760202,1.0892085678572403e-07,1.7387303556895472e-05,7.377299140028309e-23
2022-02-02,0,inflation_rates_shock,0.9999737759172377,7.614300747599284e-07,2.5462652953388967e-05,5.6879155202252335e-24
2022-02-03,0,inflation_rates_shock,0.9999995779527107,3.131264879988923e-07,1.0892077422491619e-07,6.352010534952569e-25
2022-02-04,0,inflation_rates_shock,0.999999963718438,2.3279068762167854e-08,1.30018264451526e-08,2.8853723857589863e-25
2022-02-07,0,inflation_rates_shock,0.999999814295751,1.7652497233725628e-07,9.17859432355481e-09,1.0579740511063836e-24
2022-02-08,0,inflation_rates_shock,0.9999986924839867,1.2340427087121314e-06,7.347313814614891e-08,1.7338115315228622e-24
2022-02-09,0,inflation_rates_shock,0.9999964710121699,3.2206252944790265e-06,3.083629783068028e-07,1.0197328244532307e-25
2022-02-10,0,inflation_rates_shock,0.9999999922383722,7.4386565188903685e-09,3.2324021466117394e-10,1.8255253692134533e-25
2022-02-11,0,inflation_rates_shock,0.9999999603660407,3.963220387795873e-08,2.0096032280557466e-12,5.944112085066368e-23
2022-02-14,0,inflation_rates_shock,0.9999999997780833,2.2099675243358944e-10,2.3378544475690097e-14,1.8697952783731948e-24
2022-02-15,0,inflation_rates_shock,0.9999999722731449,2.7678079359567782e-08,4.8667313882636066e-11,1.184064579712374e-23
2022-02-16,0,inflation_rates_shock,0.9999999384017447,6.158725972164063e-08,1.0983422864004107e-11,1.8606354533957994e-24
2022-02-17,0,inflation_rates_shock,0.9999999804294932,1.956960539841544e-08,3.7553345051519695e-16,1.467631125569908e-22
2022-02-18,0,inflation_rates_shock,0.9999999923365976,7.664241065938566e-09,1.1717290173361758e-19,2.8751401128306204e-22
2022-02-22,0,inflation_rates_shock,0.9999999994979589,5.014547538432721e-10,1.0015876836533225e-22,7.330199260715387e-20
2022-02-23,0,inflation_rates_shock,0.9999999999326974,6.769818151855725e-11,6.871311965128933e-26,7.860030832155478e-21
2022-02-24,0,inflation_rates_shock,0.9999999997107807,2.893709694496414e-10,4.943229446020022e-26,1.5369687680096592e-23
2022-02-25,0,inflation_rates_shock,0.9999999989940989,1.0064521449363593e-09,9.719315979694733e-24,5.659474152391078e-23
2022-02-28,0,inflation_rates_shock,0.9999999969240889,3.075562704482176e-09,1.7923833472207043e-26,5.556902401267847e-27
2022-03-01,0,inflation_rates_shock,0.9999998346538769,1.6534609397751284e-07,1.0301652362639783e-18,8.083285805627692e-25
2022-03-02,0,inflation_rates_shock,0.9999999988231139,1.175990662296563e-09,8.769636771497524e-19,1.5033352460870554e-23
2022-03-03,0,inflation_rates_shock,0.9999999388528541,6.11473523354841e-08,6.1313207005266724e-18,4.8743523714453855e-23
2022-03-04,0,inflation_rates_shock,0.9999999873944034,1.2605928561506582e-08,5.494415014085956e-19,2.3084867589124864e-22
2022-03-07,0,inflation_rates_shock,0.9999999996343831,3.6487449657522343e-10,4.491163240238004e-30,1.0116178099011542e-21
2022-03-08,0,inflation_rates_shock,0.9999999999872671,1.359800974744252e-11,8.361730397105095e-37,9.933675842549246e-23
2022-03-09,0,inflation_rates_shock,0.9999999996452971,3.554333743123136e-10,4.5240648108696894e-30,4.7850482776982585e-25
2022-03-10,0,inflation_rates_shock,0.9999999997562554,2.439298004596839e-10,4.5070838825001636e-33,3.7342307657003223e-25
2022-03-11,0,inflation_rates_shock,0.999999999994543,5.131792032818439e-12,6.06744095465309e-37,6.5109050806676615e-25
2022-03-14,0,inflation_rates_shock,0.999999999996362,2.9767392572707747e-12,1.3579258699207966e-37,5.372082505872381e-28
2022-03-15,0,inflation_rates_shock,0.9999999999872671,1.3147986382277583e-11,2.561248218853462e-32,9.73342567745318e-29
2022-03-16,0,inflation_rates_shock,0.9999999963201844,3.6798553474896817e-09,1.733952510779922e-25,1.924180498164867e-29
2022-03-17,0,inflation_rates_shock,0.9999999968258635,3.1733733342258824e-09,1.0268720131059131e-22,5.419310151465697e-33
2022-03-18,0,inflation_rates_shock,0.9999997030700328,2.96930807199427e-07,9.697147181826076e-19,5.933715099640003e-35
2022-03-21,0,inflation_rates_shock,0.9999999999527063,4.782144832533918e-11,1.7439820681879257e-21,2.9108792025037647e-36
2022-03-22,0,inflation_rates_shock,0.9999999999326974,6.733736019468326e-11,4.392275428230088e-20,1.4167367859416719e-34
2022-03-23,0,inflation_rates_shock,0.999999999994543,4.9979248654789506e-12,5.4053076954535244e-24,2.394559166818915e-31
2022-03-24,0,inflation_rates_shock,1.0,6.476361902195986e-13,2.5937710041106715e-23,2.43264740067299e-31
2022-03-25,0,inflation_rates_shock,1.0,2.775851634598325e-15,6.278164383968748e-22,7.723258899071137e-33
2022-03-28,0,inflation_rates_shock,1.0,7.022849699824043e-14,6.948205575462572e-19,1.0417827765475275e-34
2022-03-29,0,inflation_rates_shock,1.0,9.146936426426086e-14,8.507778274959705e-15,2.3128253000329273e-34
2022-03-30,0,inflation_rates_shock,1.0,1.1095935912024651e-15,9.296900556584713e-17,5.796739509564107e-35
2022-03-31,0,inflation_rates_shock,1.0,1.6972438772810827e-13,8.698488698753967e-17,6.436900969025137e-33
2022-04-01,0,inflation_rates_shock,1.0,2.8017677533901617e-16,1.1757564780308426e-18,1.050388590412053e-33
2022-04-04,0,inflation_rates_shock,1.0,3.375517300191599e-16,2.816368829016497e-17,2.1105296402845473e-34
2022-04-05,0,inflation_rates_shock,1.0,5.031351273836537e-21,7.628334079313448e-23,4.9098387328373493e-36
2022-04-06,0,inflation_rates_shock,1.0,2.4215766510740852e-20,7.130619311212272e-26,6.448328927604952e-33
2022-04-07,0,inflation_rates_shock,1.0,1.8999914148146734e-17,1.2015714193699436e-20,1.4095449492926233e-34
2022-04-08,0,inflation_rates_shock,1.0,4.920965597192141e-17,1.8699177636299087e-22,3.270043423976054e-34
2022-04-11,0,inflation_rates_shock,1.0,1.1085964952445743e-16,2.320921187155341e-25,2.2628809581188985e-35
2022-04-12,0,inflation_rates_shock,0.999999999998181,2.343182690868587e-12,8.767728148808255e-25,8.414622412626292e-35
2022-04-13,0,inflation_rates_shock,0.9999999999563443,4.355502596127549e-11,1.8441776322409503e-20,3.533325783850611e-36
2022-04-14,0,inflation_rates_shock,0.9999999997016857,2.974442305543145e-10,6.302520053333402e-21,3.235093483336882e-41
2022-04-18,0,inflation_rates_shock,0.9999999999017746,9.77698726235253e-11,3.999150784124966e-20,1.9665543160810172e-42
2022-04-19,0,inflation_rates_shock,0.9999999999872671,1.2508203508337384e-11,1.2154717347027963e-15,3.904628832110022e-39
2022-04-20,0,inflation_rates_shock,0.9999999726260288,2.737462193893625e-08,5.48136634515874e-16,1.2264117693588333e-39
2022-04-21,0,inflation_rates_shock,0.9999999989977368,1.0022276201741851e-09,3.4967874471727723e-19,3.7199652441253415e-41
2022-04-22,0,inflation_rates_shock,0.999999997429768,2.5695849727714924e-09,1.843358605355578e-24,1.94139497292339e-41
2022-04-25,0,inflation_rates_shock,0.9999999855299393,1.447005732836035e-08,7.98806195569366e-21,1.2254871999169247e-42
2022-04-26,0,inflation_rates_shock,0.9999997490067787,2.5099401067834664e-07,1.1847335216614399e-24,2.111346037560641e-36
2022-04-27,0,inflation_rates_shock,0.9999998769981251,1.230011047516454e-07,1.594082147421202e-26,1.3578998589531966e-37
2022-04-28,0,inflation_rates_shock,0.9999999973497324,2.6508546111717616e-09,2.5275985111019215e-21,5.0411000365826645e-40
2022-04-29,0,inflation_rates_shock,0.9999999920364644,7.964393971912034e-09,8.586259608845384e-31,1.5333377978683156e-40
2022-05-02,0,inflation_rates_shock,0.9999999999527063,4.7090000504523734e-11,5.081192314385462e-30,4.65277542946062e-40
2022-05-03,0,inflation_rates_shock,0.9999994964383763,5.035608547887853e-07,5.109365039164185e-30,2.4999671852606975e-43
2022-05-04,0,inflation_rates_shock,0.9989644222616016,0.0010355777380705747,1.7560977026305896e-22,1.0060848002683786e-44
2022-05-05,0,inflation_rates_shock,0.9900828031435639,0.009917196855841663,1.7745751321166039e-28,7.486883669689153e-47
2022-05-06,1,recovery_or_normalization,0.5099396473136579,0.4900603526868685,1.0967560861085315e-32,2.9229564959656975e-51
2022-05-09,1,recovery_or_normalization,0.11076150866561121,0.8892384913348726,4.4810121361075373e-42,2.514614366226308e-48
2022-05-10,1,recovery_or_normalization,0.0019562161941788815,0.9980437838050675,6.808597150361255e-45,1.0684240060441888e-50
2022-05-11,1,recovery_or_normalization,0.00010472594477321556,0.9998952740551257,1.642220445680104e-54,6.2103464135454595e-50
2022-05-12,1,recovery_or_normalization,1.9961312006608274e-05,0.9999800386877317,7.082752210097531e-58,1.2651644345995655e-47
2022-05-13,1,recovery_or_normalization,1.586842848596077e-06,0.9999984131567401,4.756317387053733e-51,6.6198960956274725e-46
2022-05-16,1,recovery_or_normalization,4.3048649965369454e-07,0.9999995695126035,1.581036129618747e-57,2.4106241132559786e-47
2022-05-17,1,recovery_or_normalization,7.411261604418712e-08,0.9999999258870985,7.427880592412478e-49,1.1825399297872784e-47
2022-05-18,1,recovery_or_normalization,1.1846438971424697e-08,0.999999988152922,1.3636091473327158e-62,1.3449568314570695e-41
2022-05-19,1,recovery_or_normalization,4.76955421010972e-07,0.9999995230447213,2.236202245573072e-69,8.759772590006636e-39
2022-05-20,1,recovery_or_normalization,8.561155414517747e-06,0.9999914388447848,2.140806968109437e-69,5.35532233684792e-39
2022-05-23,1,recovery_or_normalization,1.9155411943561913e-05,0.9999808445879574,9.522318987324408e-65,1.6806320484607285e-37
2022-05-24,1,recovery_or_normalization,1.5132419655704027e-05,0.9999848675796692,1.80481398868953e-66,1.4670813205431583e-34
2022-05-25,1,recovery_or_normalization,2.1225184862812505e-05,0.9999787748144383,2.58617629161475e-67,3.67252939768792e-36
2022-05-26,1,recovery_or_normalization,6.10244603027352e-07,0.9999993897547071,4.1813462319571993e-57,3.966315445043341e-37
2022-05-27,1,recovery_or_normalization,7.702532941071063e-07,0.9999992297474147,3.079776755501211e-45,1.5020533365299005e-35
2022-05-31,1,recovery_or_normalization,4.4616351258162105e-05,0.9999553836481817,3.0468423489312366e-52,3.557317471902333e-38
2022-06-01,1,recovery_or_normalization,0.00011295920744182304,0.9998870407919576,2.6010373834370945e-54,5.878999965117331e-41
2022-06-02,1,recovery_or_normalization,0.0006724512202335234,0.9993275487794898,3.1305127840696684e-47,8.307755650696911e-41
2022-06-03,1,recovery_or_normalization,0.008538201467348587,0.9914617985318298,7.357813204646067e-53,1.7082912624938803e-40
2022-06-06,0,inflation_rates_shock,0.8687830452669423,0.13121695473333672,2.8547673860625404e-55,7.410378530215095e-38
2022-06-07,0,inflation_rates_shock,0.9984532984732316,0.00154670152686155,2.019605960100053e-54,2.004165997244887e-39
2022-06-08,0,inflation_rates_shock,0.9999998208459308,1.7915478127328744e-07,1.4609056336692999e-67,2.5979044103312955e-41
2022-06-09,0,inflation_rates_shock,0.9999999806714188,1.9329074309005528e-08,1.6028094896251006e-77,2.5065366267771017e-39
2022-06-10,0,inflation_rates_shock,0.999999999479769,5.197088482679837e-10,3.691701974040263e-99,2.657468108189369e-40
2022-06-13,0,inflation_rates_shock,1.0,1.688789789901407e-14,3.934186157629412e-113,3.14432945703519e-41
2022-06-14,0,inflation_rates_shock,1.0,8.764249856639727e-16,7.4679481649307e-113,5.421772550598413e-46
2022-06-15,0,inflation_rates_shock,0.999999999996362,4.35211953104032e-12,1.2114502608407513e-106,3.0783779379092793e-46
2022-06-16,0,inflation_rates_shock,0.9999999999872671,1.3253389412820874e-11,1.1047333502334633e-116,3.457454023423224e-44
2022-06-17,0,inflation_rates_shock,1.0,1.6741403212333377e-13,4.120174031234655e-128,1.0268451938108509e-46
2022-06-21,0,inflation_rates_shock,1.0,7.697251973148212e-14,1.1952752520790527e-118,1.753159026947251e-42
2022-06-22,0,inflation_rates_shock,1.0,3.972430733730399e-13,8.82534838399593e-120,4.1283687636047304e-44
2022-06-23,0,inflation_rates_shock,0.9999999999690772,3.141598842199046e-11,1.4484233384472373e-107,2.2490910242870923e-46
2022-06-24,0,inflation_rates_shock,0.9999999999108695,8.957560552958497e-11,8.655333691905466e-95,1.4664005299772162e-43
2022-06-27,0,inflation_rates_shock,1.0,8.275912606198535e-13,6.91243646593492e-99,7.637343878365577e-46
2022-06-28,0,inflation_rates_shock,1.0,2.0534641357247708e-14,1.0111633700271085e-105,3.0287664103789144e-45
2022-06-29,0,inflation_rates_shock,1.0,1.6353364651448091e-15,4.314594705333713e-104,7.952519988641426e-46
2022-06-30,0,inflation_rates_shock,0.999999999998181,2.612923014858369e-12,5.757615718229804e-107,1.0185762232748352e-45
2022-07-01,0,inflation_rates_shock,0.9999999771571313,2.2843444833112696e-08,4.1360015019558836e-103,1.0500019795967566e-44
2022-07-05,0,inflation_rates_shock,0.9999999969313649,3.0687345161002937e-09,5.1850229794280436e-98,2.515604578733305e-47
2022-07-06,0,inflation_rates_shock,0.9999999999872671,1.289357829887802e-11,4.128785484457996e-101,1.0894945773059786e-49
2022-07-07,0,inflation_rates_shock,0.999999997087798,2.911799015436253e-09,7.497815017379227e-89,5.9134296843189e-47
2022-07-08,0,inflation_rates_shock,0.9999999820556696,1.7944429849685116e-08,5.871338094849565e-90,3.254544440604903e-47
2022-07-11,0,inflation_rates_shock,0.999999995021426,4.9787756157024555e-09,5.994882843496909e-96,4.4450088093532246e-48
2022-07-12,0,inflation_rates_shock,0.9999999992305675,7.697773706419083e-10,1.1980725972800646e-104,5.109002877229935e-48
2022-07-13,0,inflation_rates_shock,0.9999999999636202,3.643645200353419e-11,1.0094829161496877e-115,1.2204699898122245e-49
2022-07-14,0,inflation_rates_shock,1.0,1.6304069423773132e-13,5.057422766598808e-137,9.10823731462212e-53
2022-07-15,0,inflation_rates_shock,1.0,2.1781632741945616e-13,4.208341218697511e-124,6.885127256084067e-53
2022-07-18,0,inflation_rates_shock,1.0,2.0700604359492798e-13,4.339551776808653e-124,4.4391783504305943e-51
2022-07-19,0,inflation_rates_shock,1.0,2.714572470283879e-15,2.6444226763528043e-124,2.466256098643281e-47
2022-07-20,0,inflation_rates_shock,1.0,9.93247361616011e-14,3.378271929840339e-116,1.0522408104805858e-49
2022-07-21,0,inflation_rates_shock,1.0,1.4170361818900452e-14,9.193760276477807e-105,2.020179158424836e-51
2022-07-22,0,inflation_rates_shock,1.0,3.499995460431774e-14,2.8357417467662316e-112,4.6901469792140724e-48
2022-07-25,0,inflation_rates_shock,0.999999999996362,4.397008053303427e-12,9.760783201647891e-108,4.729107590570526e-44
2022-07-26,0,inflation_rates_shock,0.9999999999126885,8.788740186481424e-11,5.057542290847394e-103,4.630769990860948e-44
2022-07-27,0,inflation_rates_shock,1.0,1.3178808424771624e-13,1.6691827518499943e-92,3.748682465160966e-45
2022-07-28,0,inflation_rates_shock,1.0,1.650708992985489e-18,6.1249700742420434e-96,8.266214919609047e-45
2022-07-29,0,inflation_rates_shock,1.0,5.582690985164365e-17,5.203492324669545e-88,1.0103466648302861e-42
2022-08-01,0,inflation_rates_shock,1.0,2.583062791822534e-16,5.437830852096278e-89,2.868428120043413e-34
2022-08-02,0,inflation_rates_shock,0.999999999992724,7.61558336804962e-12,4.2070665388087274e-89,7.056766983284536e-34
2022-08-03,0,inflation_rates_shock,0.9999999999872671,1.2754600362101498e-11,4.887319014667981e-84,2.2804322608155135e-32
2022-08-04,0,inflation_rates_shock,0.999999999996362,3.5845290292113083e-12,3.684595698485974e-80,1.2589077773967675e-32
2022-08-05,0,inflation_rates_shock,0.9999999974479579,2.551759786182285e-09,1.694667888178525e-75,1.080206099280244e-27
2022-08-08,0,inflation_rates_shock,0.9999999998635758,1.3561321183213528e-10,5.0610957100967084e-76,2.4136254439261504e-26
2022-08-09,0,inflation_rates_shock,0.9999999999818101,1.903610479086053e-11,3.701980062284349e-81,1.0410455515741221e-27
2022-08-10,0,inflation_rates_shock,1.0,6.442309167854949e-13,2.95205277999865e-78,2.6980153488810306e-27
2022-08-11,0,inflation_rates_shock,1.0,3.9463138929113104e-14,1.6953330324103887e-80,2.2607709653141386e-29
2022-08-12,0,inflation_rates_shock,1.0,2.296147933187366e-16,2.7545883090430275e-73,3.463336311724137e-29
2022-08-15,0,inflation_rates_shock,1.0,9.918518637512813e-16,6.35424393539586e-62,6.821697654602501e-34
2022-08-16,0,inflation_rates_shock,1.0,3.1240859984656527e-15,3.83242605034626e-63,5.3687115295558e-32
2022-08-17,0,inflation_rates_shock,0.999999999990905,8.767613756191547e-12,1.365347123258771e-54,5.0366314160103414e-36
2022-08-18,0,inflation_rates_shock,1.0,3.292302087993418e-15,1.648771032772196e-53,7.178487947697072e-41
2022-08-19,0,inflation_rates_shock,0.999999999996362,3.2650586535611437e-12,8.887275088141019e-59,1.774640095839427e-41
2022-08-22,0,inflation_rates_shock,0.9999999999326974,6.743751413444544e-11,7.656577796337961e-68,4.826144173962614e-41
2022-08-23,0,inflation_rates_shock,0.9999999998763087,1.2369406310574616e-10,1.4557893614462613e-66,1.5388050796021669e-43
2022-08-24,0,inflation_rates_shock,0.9999999999326974,6.820201742591854e-11,1.7026250641703808e-69,7.834831559927196e-45
2022-08-25,0,inflation_rates_shock,0.9999999990704964,9.290836988754738e-10,1.6409426209724852e-56,5.514995968864034e-47
2022-08-26,0,inflation_rates_shock,0.9999999998090061,1.908770504951517e-10,3.1517711233698783e-68,5.993362704071604e-44
2022-08-29,0,inflation_rates_shock,0.999999999836291,1.6294608850807344e-10,8.32750270292473e-65,6.564619476569681e-46
2022-08-30,0,inflation_rates_shock,0.9999999999872671,1.2545759199385336e-11,9.898392533705772e-73,1.4953171479586033e-44
2022-08-31,0,inflation_rates_shock,0.9999999999345164,6.54476226564225e-11,2.9708827024079503e-78,1.920222805601274e-45
2022-09-01,0,inflation_rates_shock,0.9999999999763531,2.4465011200499097e-11,1.603914279750977e-73,1.6169600810141641e-46
2022-09-02,0,inflation_rates_shock,0.999999999994543,6.279463995030172e-12,2.671681297865966e-82,3.3883033090118135e-44
2022-09-06,0,inflation_rates_shock,0.9999999999363354,6.355744489557831e-11,5.872697227556096e-80,4.808002471662559e-45
2022-09-07,0,inflation_rates_shock,0.9999999987030606,1.2969881165908297e-09,2.081310337783948e-71,1.2463597915265034e-47
2022-09-08,0,inflation_rates_shock,0.9999999978372216,2.162536379608924e-09,5.922517827781599e-72,8.214516672031841e-45
2022-09-09,0,inflation_rates_shock,0.999999999492502,5.06670722465133e-10,4.6652165763045476e-60,3.0239026353264857e-44
2022-09-12,0,inflation_rates_shock,0.9999999998417479,1.573726183505682e-10,3.830278071863587e-53,6.143921762341478e-42
2022-09-13,0,inflation_rates_shock,1.0,6.2591625001863085e-15,2.113649431967636e-78,1.223373130363037e-30
2022-09-14,0,inflation_rates_shock,1.0,3.729972337241561e-16,2.1970139893472603e-78,5.8040430220138555e-30
2022-09-15,0,inflation_rates_shock,1.0,3.5550336264320433e-16,4.9628249208342925e-84,3.4046225879367026e-29
2022-09-16,0,inflation_rates_shock,1.0,2.268853587153202e-16,1.048055265225206e-88,9.114256399725033e-30
2022-09-19,0,inflation_rates_shock,1.0,1.7122650026314433e-17,3.4419138819795896e-85,2.348615430698986e-30
2022-09-20,0,inflation_rates_shock,1.0,1.7012746353773385e-16,2.039855400130517e-87,8.287145860867055e-35
2022-09-21,0,inflation_rates_shock,1.0,2.0262303995313338e-16,1.3820024134279808e-101,5.175513076063413e-34
2022-09-22,0,inflation_rates_shock,1.0,5.045557757024877e-19,2.7505179293109873e-108,1.222247597542309e-35
2022-09-23,0,inflation_rates_shock,1.0,8.035565060661652e-20,1.1453796513687236e-109,1.0954796926192185e-39
2022-09-26,0,inflation_rates_shock,1.0,1.8422110814053615e-26,1.106181384715237e-112,1.4896431578087462e-42
2022-09-27,0,inflation_rates_shock,1.0,1.516760853931752e-23,5.343719333381472e-119,2.9004454149516386e-42
2022-09-28,0,inflation_rates_shock,1.0,2.482935221811055e-16,2.6433997179886997e-110,1.0869182319228737e-45
2022-09-29,0,inflation_rates_shock,1.0,2.8871832857356664e-19,3.8508106351422325e-127,1.1391270200680431e-45
2022-09-30,0,inflation_rates_shock,1.0,4.6148840486926785e-20,1.1499041451232533e-135,2.9111088912059733e-47
2022-10-03,0,inflation_rates_shock,1.0,1.9805686117612087e-14,1.1840484587740563e-119,1.1097552758478439e-47
2022-10-04,0,inflation_rates_shock,1.0,6.072447637944181e-13,1.2750762954334537e-108,4.55518563574941e-46
2022-10-05,0,inflation_rates_shock,1.0,4.250817020462199e-14,1.9842665572058607e-108,3.723650719371482e-48
2022-10-06,0,inflation_rates_shock,1.0,5.491505151234218e-15,2.658173250739586e-108,1.5375885724575407e-50
2022-10-07,0,inflation_rates_shock,1.0,2.383556329366086e-17,3.2043436282121754e-125,3.06845629673577e-54
2022-10-10,0,inflation_rates_shock,1.0,4.995712650690164e-18,2.173532039672927e-135,1.3407899276191e-57
2022-10-11,0,inflation_rates_shock,1.0,1.278064444775954e-17,4.615190024670048e-130,1.6824394516863384e-55
2022-10-12,0,inflation_rates_shock,1.0,9.49260423105018e-16,9.622889717517443e-140,2.1878318942304675e-54
2022-10-13,0,inflation_rates_shock,1.0,5.4061509262132526e-14,1.69077612056584e-120,2.415760976600651e-53
2022-10-14,0,inflation_rates_shock,1.0,1.7913490198501993e-14,5.6868397725264165e-146,8.886740691457134e-56
2022-10-17,0,inflation_rates_shock,0.999999999998181,1.2527032957697571e-12,4.827666904088297e-127,2.790305532686482e-54
2022-10-18,0,inflation_rates_shock,0.9999999999727152,2.817266005351098e-11,8.766925477855754e-117,1.9416248331270229e-54
2022-10-19,0,inflation_rates_shock,0.999999999990905,9.037842363143613e-12,2.6457373757969978e-123,1.397408790472595e-54
2022-10-20,0,inflation_rates_shock,1.0,4.0948726886684814e-13,1.5722618518725622e-136,4.968068064727451e-58
2022-10-21,0,inflation_rates_shock,0.9999999999872671,1.3057236848955004e-11,2.524839760151346e-126,2.420583691666223e-54
2022-10-24,0,inflation_rates_shock,0.999999999994543,5.130048481337439e-12,5.506370295941318e-125,1.3740760345841559e-52
2022-10-25,0,inflation_rates_shock,1.0,2.0922335592448935e-14,4.9371522033838395e-118,6.926643844464887e-58
2022-10-26,0,inflation_rates_shock,1.0,9.840283162411436e-15,4.285045172970882e-122,3.670655973253576e-56
2022-10-27,0,inflation_rates_shock,0.999999999992724,7.97426362645109e-12,6.338992744452243e-116,5.41684668970178e-54
2022-10-28,0,inflation_rates_shock,1.0,1.5365677071500027e-14,5.77892075014676e-116,4.838546992253923e-53
2022-10-31,0,inflation_rates_shock,1.0,1.232416022465182e-16,2.119872654314791e-127,1.4367992753541365e-53
2022-11-01,0,inflation_rates_shock,0.999999999998181,1.0152006329613108e-12,3.406114849305272e-118,5.7352683438363565e-53
2022-11-02,0,inflation_rates_shock,0.999999999994543,4.813189250472065e-12,1.7509414802377967e-122,9.577621375818879e-54
2022-11-03,0,inflation_rates_shock,0.9999999999854481,1.4796621439974396e-11,1.0513833968049918e-132,1.539031582864738e-55
2022-11-04,0,inflation_rates_shock,0.9999999999472493,5.324505807831125e-11,5.5099713007656833e-129,2.837702301794256e-54
2022-11-07,0,inflation_rates_shock,0.999999999998181,2.106495816793852e-12,9.418870808842046e-133,2.886242029852532e-54
2022-11-08,0,inflation_rates_shock,0.999999999996362,3.782355740448554e-12,7.773768024583721e-123,1.1274451700934617e-52
2022-11-09,0,inflation_rates_shock,1.0,4.577242607327639e-13,8.421199971792484e-138,8.441136522915078e-53
2022-11-10,0,inflation_rates_shock,1.0,8.905205398307944e-21,1.0161208993995797e-117,9.029082297677222e-62
2022-11-11,0,inflation_rates_shock,1.0,7.661805022636242e-19,8.478455204374322e-105,3.67074743383299e-62
2022-11-14,0,inflation_rates_shock,1.0,6.4256643729889e-22,3.8864102120200263e-113,6.551388010958891e-66
2022-11-15,0,inflation_rates_shock,1.0,1.1351480772025289e-20,4.498416896732078e-97,8.619760606142844e-67
2022-11-16,0,inflation_rates_shock,1.0,1.851359467826477e-21,4.038597555773965e-101,1.6368614629401114e-64
2022-11-17,0,inflation_rates_shock,1.0,1.9234389401357133e-23,4.749838612204144e-106,5.331234943753084e-66
2022-11-18,0,inflation_rates_shock,1.0,4.647372570194676e-28,8.945395856055186e-111,1.8287586572525447e-66
2022-11-21,0,inflation_rates_shock,1.0,3.31878117231294e-24,7.072097532390246e-107,2.854400016218514e-63
2022-11-22,0,inflation_rates_shock,1.0,8.240107949206807e-25,2.380562853834833e-97,1.2108108794118314e-63
2022-11-23,0,inflation_rates_shock,1.0,2.4800902740921806e-22,6.423671193342751e-90,1.0649566460396864e-63
2022-11-25,0,inflation_rates_shock,1.0,8.810948694027614e-24,2.764578464173853e-93,3.1528056919517287e-66
2022-11-28,0,inflation_rates_shock,1.0,1.2474384305340669e-23,4.166579623947507e-104,1.1215019084216816e-64
2022-11-29,0,inflation_rates_shock,1.0,3.583828690821106e-21,3.4406594743187665e-99,3.874042876529969e-67
2022-11-30,0,inflation_rates_shock,1.0,2.0672910332259773e-22,6.307512415048301e-83,3.830318740594379e-64
2022-12-01,0,inflation_rates_shock,1.0,6.394545904028554e-26,7.937746407181336e-86,1.5173580291172909e-66
2022-12-02,0,inflation_rates_shock,1.0,9.007593384786847e-31,1.2387131784110059e-97,3.130910685638482e-68
2022-12-05,0,inflation_rates_shock,1.0,1.2273409517885386e-30,1.806270413337832e-111,2.351199615619708e-69
2022-12-06,0,inflation_rates_shock,1.0,2.6964011463029768e-30,5.575550767975885e-113,9.362965572970182e-67
2022-12-07,0,inflation_rates_shock,1.0,6.451284863148292e-33,1.594962664228e-110,1.705738422914935e-66
2022-12-08,0,inflation_rates_shock,1.0,1.5735906649076938e-29,1.2276966969834398e-102,4.441851681020743e-66
2022-12-09,0,inflation_rates_shock,1.0,2.4239203591113577e-30,6.665899557093468e-114,4.308633375840769e-67
2022-12-12,0,inflation_rates_shock,1.0,9.753104034662508e-23,8.932621652595208e-86,8.10467049416921e-70
2022-12-13,0,inflation_rates_shock,1.0,8.990941067169545e-25,7.405312660994494e-83,1.9817131750376448e-70
2022-12-14,0,inflation_rates_shock,1.0,5.111935921474827e-25,1.0010422020585375e-91,1.4870640833851749e-71
2022-12-15,0,inflation_rates_shock,1.0,7.785516498663279e-22,2.8896544066770865e-104,1.0008656752613768e-69
2022-12-16,0,inflation_rates_shock,1.0,1.238824726445926e-19,1.239312031903188e-111,6.1987001971632266e-71
2022-12-19,0,inflation_rates_shock,1.0,2.636083007154494e-19,1.3073792992265667e-120,1.8971361775033488e-73
2022-12-20,0,inflation_rates_shock,1.0,3.5294444869812166e-19,4.1142147839784567e-122,2.0111709511499262e-75
2022-12-21,0,inflation_rates_shock,1.0,8.437852805767162e-20,4.8846007566867525e-117,3.776387206619407e-75
2022-12-22,0,inflation_rates_shock,1.0,1.1226322540660577e-19,5.281570113111875e-122,5.260425917814136e-77
2022-12-23,0,inflation_rates_shock,1.0,1.5090267518128284e-18,1.0071394849951463e-120,9.247077693429383e-76
2022-12-27,0,inflation_rates_shock,1.0,6.349203268200383e-18,1.908537525336833e-120,2.0815556384989283e-75
2022-12-28,0,inflation_rates_shock,1.0,1.793832939241025e-15,4.25314872268829e-129,1.829061429365815e-74
2022-12-29,0,inflation_rates_shock,1.0,7.440237501775593e-18,6.356217491696555e-120,8.113602891442729e-72
2022-12-30,0,inflation_rates_shock,1.0,1.182884813244073e-18,1.725247022385596e-122,1.9314630845036604e-70
2023-01-03,0,inflation_rates_shock,1.0,1.9546937639865875e-16,6.116735725817965e-115,3.637293776316511e-66
2023-01-04,0,inflation_rates_shock,1.0,1.8133561990111434e-15,6.194947914338027e-106,9.313942040353751e-71
2023-01-05,0,inflation_rates_shock,1.0,7.429067276188874e-15,1.1371493143855898e-99,5.219438525504014e-72
2023-01-06,0,inflation_rates_shock,1.0,2.323629982406231e-16,8.7003468672359e-93,1.4171047626742435e-71
2023-01-09,0,inflation_rates_shock,1.0,1.7809077890403025e-16,8.726622076921315e-94,4.983164266177473e-69
2023-01-10,0,inflation_rates_shock,1.0,4.5223349726677e-17,1.353697985014525e-91,3.546037073197841e-68
2023-01-11,0,inflation_rates_shock,1.0,1.78775489530766e-19,3.886855220647278e-83,7.150639867890287e-69
2023-01-12,0,inflation_rates_shock,1.0,9.491501419785524e-21,8.153142982748395e-85,2.292843782235663e-70
2023-01-13,0,inflation_rates_shock,1.0,1.80433703804291e-15,9.146512731273454e-66,4.517257889750078e-71
2023-01-17,0,inflation_rates_shock,1.0,2.477353377930438e-16,1.2031193717144409e-68,8.536910296140801e-70
2023-01-18,0,inflation_rates_shock,1.0,3.4037572284374205e-16,1.4212821892625977e-71,3.116458420803327e-68
2023-01-19,0,inflation_rates_shock,1.0,7.973160851713573e-16,1.105201492266128e-77,2.1966332177773133e-68
2023-01-20,0,inflation_rates_shock,1.0,5.853376861563766e-17,9.452452420152995e-71,2.5305227252172937e-63
2023-01-23,0,inflation_rates_shock,1.0,2.1078509006581374e-18,2.76887159982988e-66,5.87501411532119e-61
2023-01-24,0,inflation_rates_shock,1.0,8.834812409584864e-18,3.603624101938809e-61,3.7638014381456503e-66
2023-01-25,0,inflation_rates_shock,1.0,5.106820462537805e-18,2.734068904259854e-62,5.1912921083819985e-67
2023-01-26,0,inflation_rates_shock,1.0,2.9821432346275604e-17,2.192160358844203e-56,5.483547263858817e-64
2023-01-27,0,inflation_rates_shock,1.0,6.776545291707173e-20,5.961098545309201e-56,9.425475203215244e-65
2023-01-30,0,inflation_rates_shock,1.0,1.2553835689001318e-20,3.7208571511985825e-65,9.8613145211737e-66
2023-01-31,0,inflation_rates_shock,1.0,1.182610494717808e-18,3.555406655372215e-51,3.3335098631220005e-68
2023-02-01,0,inflation_rates_shock,1.0,8.93731975977847e-23,3.085460090676871e-51,3.223439099071878e-69
2023-02-02,0,inflation_rates_shock,1.0,3.1941160868198833e-22,9.506814465517492e-45,3.6422686923317823e-68
2023-02-03,0,inflation_rates_shock,1.0,1.1466324521381823e-18,8.043991606163834e-49,1.6778950869949342e-66
2023-02-06,0,inflation_rates_shock,1.0,1.6242805677381507e-18,3.842054715501579e-54,1.3538811586889385e-66
2023-02-07,0,inflation_rates_shock,1.0,4.8080495264049385e-14,3.3729020667969393e-43,5.3258961602440945e-68
2023-02-08,0,inflation_rates_shock,1.0,4.626594606254233e-13,1.2742618331333894e-45,3.3708738075407566e-69
2023-02-09,0,inflation_rates_shock,1.0,6.499749621502568e-13,1.317808576880069e-47,1.3603932546085947e-70
2023-02-10,0,inflation_rates_shock,0.999999999992724,7.088844104941674e-12,1.1196416602867706e-45,1.6280509945096438e-70
2023-02-13,0,inflation_rates_shock,0.9999999902738637,9.726577638118317e-09,1.646333370917471e-32,1.5021081812031053e-56
2023-02-14,0,inflation_rates_shock,0.9999999915362423,8.463677895571818e-09,1.644370653539671e-33,1.3054477110083428e-58
2023-02-15,0,inflation_rates_shock,0.9999999890642357,1.0936125113067091e-08,9.24361922331029e-34,8.063854559563397e-58
2023-02-16,0,inflation_rates_shock,0.9999999964693416,3.5306003850324236e-09,4.171977368042211e-40,3.272104856759092e-59
2023-02-17,0,inflation_rates_shock,0.9999999963238224,3.6770137540649023e-09,5.1125873707640325e-42,7.435440446826549e-60
2023-02-21,0,inflation_rates_shock,0.9999999989431672,1.0561613938810553e-09,8.633297438751658e-47,1.7388085949205677e-64
2023-02-22,0,inflation_rates_shock,0.9999999960127752,3.9867599944231e-09,7.759124100086173e-45,4.753177386037822e-66
2023-02-23,0,inflation_rates_shock,0.9999999875944923,1.2404873187731719e-08,2.077593892074754e-45,6.756753522499889e-66
2023-02-24,0,inflation_rates_shock,0.9999999963383743,3.6620512283495808e-09,2.735388393355311e-49,2.423294810651142e-66
2023-02-27,0,inflation_rates_shock,0.9999999486444735,5.135465341270553e-08,9.728697432319768e-45,1.585740762207864e-66
2023-02-28,0,inflation_rates_shock,0.9999999474002847,5.259903465871458e-08,2.6343133349617646e-48,1.504633968974855e-65
2023-03-01,0,inflation_rates_shock,0.9999999925876182,7.4127889193185936e-09,1.5170055297664713e-53,5.777077228640722e-67
2023-03-02,0,inflation_rates_shock,0.9999999966094038,3.3904550034325662e-09,9.798297715855814e-51,2.948022321951675e-66
2023-03-03,0,inflation_rates_shock,0.9999999982392183,1.7601426730541334e-09,3.0861994140938597e-40,4.418490511560475e-70
2023-03-06,0,inflation_rates_shock,0.999999996223778,3.776294987112801e-09,4.555225461052914e-38,5.792659548865315e-73
2023-03-07,0,inflation_rates_shock,0.999999985093382,1.4906794250399198e-08,2.657293109789459e-44,3.5321352583890988e-71
2023-03-08,0,inflation_rates_shock,0.9999999582032624,4.179660896915819e-08,1.1689892814284512e-43,3.7442611946196395e-68
2023-03-09,0,inflation_rates_shock,0.9999999911924533,8.807686490231961e-09,2.1920502087043838e-45,4.28242636199513e-69
2023-03-10,0,inflation_rates_shock,0.9999999869396561,1.3059652364273273e-08,1.8942409304357218e-51,6.518217956584861e-61
2023-03-13,0,inflation_rates_shock,0.9999999568790381,4.312157234079124e-08,1.0719154759679901e-49,2.203719920954212e-61
2023-03-14,0,inflation_rates_shock,0.9999999781757654,2.182474985401987e-08,2.586054542873804e-48,1.4910090173435377e-54
2023-03-15,0,inflation_rates_shock,0.9999999555166151,4.448330251334818e-08,4.54007871649235e-44,6.743341949583426e-55
2023-03-16,0,inflation_rates_shock,0.9999999478404802,5.2158895431534766e-08,2.312495786217696e-41,6.558404012598089e-53
2023-03-17,0,inflation_rates_shock,0.9999999988885975,1.110506281012944e-09,3.795670031937591e-44,2.2500672591309177e-51
2023-03-20,0,inflation_rates_shock,0.9999999999035936,9.626441337172063e-11,1.172993854049694e-42,4.8819481637540594e-51
2023-03-21,0,inflation_rates_shock,0.9999999995288817,4.713689660178592e-10,2.142456925306795e-40,2.83275825098559e-46
2023-03-22,0,inflation_rates_shock,1.0,1.2649530499222842e-13,2.01715861626112e-50,5.001842196810794e-44
2023-03-23,0,inflation_rates_shock,1.0,8.262238749230231e-16,6.956207671641646e-50,7.322686251871462e-46
2023-03-24,0,inflation_rates_shock,1.0,1.7277145072492256e-14,4.421371880797254e-45,1.861775887648895e-47
2023-03-27,0,inflation_rates_shock,1.0,5.4075481997335035e-15,6.097872977806455e-48,6.078041126975325e-47
2023-03-28,0,inflation_rates_shock,1.0,1.33142369838291e-13,7.989525273194788e-49,2.048017663234385e-47
2023-03-29,0,inflation_rates_shock,1.0,1.2140410894426126e-14,3.9235279289765765e-44,2.3010550997422307e-45
2023-03-30,0,inflation_rates_shock,1.0,1.3487886881988252e-16,2.903900281442054e-38,1.502073395860154e-45
2023-03-31,0,inflation_rates_shock,1.0,2.3985657393867173e-17,3.775341591118287e-28,1.6699817864694621e-46
2023-04-03,0,inflation_rates_shock,1.0,1.1692580155958728e-16,2.8214884086743695e-25,7.122162860637904e-48
2023-04-04,0,inflation_rates_shock,1.0,3.954142669190591e-18,1.1903082174802895e-28,8.58305137330247e-46
2023-04-05,0,inflation_rates_shock,1.0,4.784652525160027e-18,6.214948481447087e-24,2.4268950377743834e-45
2023-04-06,0,inflation_rates_shock,1.0,8.011638895559128e-19,7.701634151912642e-21,2.3730177396623093e-45
2023-04-10,0,inflation_rates_shock,1.0,1.1117930833944809e-14,1.4045627403713916e-20,2.5387175156283144e-40
2023-04-11,0,inflation_rates_shock,0.9999999999872671,1.2954446689627482e-11,1.0670647844209879e-19,5.647981166150431e-39
2023-04-12,0,inflation_rates_shock,0.999999982157533,1.7842175686097572e-08,2.995032329343403e-17,2.7029311547903907e-37
2023-04-13,0,inflation_rates_shock,0.9999980289086451,1.9710426962004323e-06,4.896852469520427e-11,3.93821310498499e-36
2023-04-14,0,inflation_rates_shock,0.9994765245158316,0.0005234754827269128,9.817048341398923e-13,5.208058115407275e-35
2023-04-17,0,inflation_rates_shock,0.9952022046274055,0.004797782136281315,1.3236260390909287e-08,2.615177697804408e-36
2023-04-18,0,inflation_rates_shock,0.9886826039827379,0.011317395707086267,3.094971536251763e-10,1.1505420647086376e-34
2023-04-19,0,inflation_rates_shock,0.9811194842162199,0.018880514158238246,1.625057066422259e-09,2.6951965436451214e-39
2023-04-20,0,inflation_rates_shock,0.972835738186366,0.0271503782683956,1.388354552253722e-05,2.432541213581056e-39
2023-04-21,0,inflation_rates_shock,0.5249522409280862,0.07533779738158229,0.3997099616894284,2.0947265033791885e-49
2023-04-24,2,risk_on,4.1663803543142965e-05,0.0011857234079671267,0.9987726127893364,3.635166405250152e-55
2023-04-25,2,risk_on,3.7545340506062414e-08,0.0001823645237288447,0.9998175979316177,9.092372327173753e-52
2023-04-26,2,risk_on,7.99877581258462e-09,5.144667815186231e-05,0.9999485453223084,2.090584107259087e-54
2023-04-27,2,risk_on,8.478755765117181e-11,5.777085199866449e-07,0.9999994222072779,2.282140489144253e-56
2023-04-28,2,risk_on,1.6021696702412314e-11,1.6613789496038238e-08,0.999999983370799,2.844562777468334e-60
2023-05-01,2,risk_on,7.93437986327531e-12,4.524514817865985e-08,0.9999999547471826,4.112488481075295e-59
2023-05-02,2,risk_on,1.0517625394290389e-10,4.0695045594157176e-07,0.9999995929448151,9.900613166372373e-55
2023-05-03,2,risk_on,3.312301741007369e-10,1.432980684410551e-06,0.9999985666883089,1.7141908638118036e-52
2023-05-04,2,risk_on,2.0308833875783866e-10,4.354049305281083e-06,0.9999956457472063,1.1786743429107904e-54
2023-05-05,2,risk_on,2.702967629180011e-11,3.8678980182865895e-07,0.9999996131828832,1.089658328910474e-53
2023-05-08,2,risk_on,4.264374676912641e-11,2.0956507670274935e-07,0.999999790392416,2.907740639288905e-53
2023-05-09,2,risk_on,5.491100100722028e-11,3.204314835084534e-07,0.9999996795141274,8.40159099536638e-55
2023-05-10,2,risk_on,3.1419538018828374e-11,1.2840158919763323e-07,0.9999998715666234,1.1018373619794355e-55
2023-05-11,2,risk_on,4.128758446551529e-11,2.522206154731714e-07,0.9999997477389434,9.704987056019563e-54
2023-05-12,2,risk_on,8.61727989486803e-11,6.904325419686988e-07,0.999999309480938,6.802893936563615e-55
2023-05-15,2,risk_on,1.070144762637017e-10,5.492698577363188e-07,0.9999994506235143,2.0705884732657375e-53
2023-05-16,2,risk_on,7.403152359062187e-10,2.332920667844085e-06,0.9999976663393627,5.179435542016135e-52
2023-05-17,2,risk_on,8.761152043829664e-10,4.348194337251076e-06,0.9999956509294846,1.3423936062862295e-53
2023-05-18,2,risk_on,3.6368960309420623e-10,7.409470223543679e-07,0.9999992586893333,2.157295064895127e-52
2023-05-19,2,risk_on,4.954111762542997e-11,3.808582777701596e-07,0.9999996190927775,5.141828635879845e-53
2023-05-22,2,risk_on,1.047900414706966e-10,1.9121126801973698e-07,0.9999998086841698,1.0306031624207186e-47
2023-05-23,2,risk_on,1.5189571403979365e-10,2.1257266327319417e-07,0.9999997872746689,1.6634483545269307e-46
2023-05-24,2,risk_on,2.887077247234539e-10,9.658439892646742e-08,0.999999903126086,1.0864457640072266e-46
2023-05-25,2,risk_on,1.8310093107786178e-10,7.002497619424545e-09,0.9999999928149919,5.357103160712153e-45
2023-05-26,2,risk_on,1.0821555778918812e-10,6.971278027847172e-08,0.9999999301799132,5.2669463809870835e-48
2023-05-30,2,risk_on,2.0572935129006566e-10,2.3032036906978122e-07,0.9999997694740425,4.6442810677735673e-48
2023-05-31,2,risk_on,7.257379669399623e-10,1.2350392050057357e-06,0.9999987642357515,6.754107751028122e-47
2023-06-01,2,risk_on,1.7245985924119344e-11,1.3979591530666862e-07,0.9999998601870272,5.364228757789413e-49
2023-06-02,2,risk_on,7.963098812377507e-11,8.674906198537468e-07,0.9999991324297424,5.809142631049676e-45
2023-06-05,2,risk_on,3.1762140408735523e-10,1.1747588458989364e-06,0.9999988249244408,2.0793831796155755e-44
2023-06-06,2,risk_on,6.827140069542619e-11,8.736680906192437e-07,0.9999991262633736,2.800983583526289e-45
2023-06-07,2,risk_on,4.99253711657753e-11,7.327267798129383e-07,0.9999992672240252,4.159126485060654e-45
2023-06-08,2,risk_on,8.53127958976539e-11,5.332708033601995e-07,0.9999994666433453,1.6738975883469108e-43
2023-06-09,2,risk_on,3.504038396361774e-10,3.93885368367194e-06,0.9999960607952114,3.491702270534853e-45
2023-06-12,2,risk_on,4.719178642783112e-10,1.0998137329444534e-05,0.9999890013900805,5.641894200002198e-45
2023-06-13,2,risk_on,3.0050181114486206e-10,2.5976733605731606e-06,0.9999974020263022,1.938896596319696e-45
2023-06-14,2,risk_on,7.549886042926337e-10,1.677180555921446e-06,0.9999983220637185,3.7866425752423736e-46
2023-06-15,2,risk_on,2.339653081944205e-10,3.638797157057977e-06,0.9999963609691623,4.992501622524734e-49
2023-06-16,2,risk_on,8.94195482810276e-11,4.7481085830099707e-07,0.9999995251001783,2.5259670629692802e-51
2023-06-20,2,risk_on,5.701372923812426e-11,1.8255021078262533e-07,0.9999998173934894,1.3505761180174013e-51
2023-06-21,2,risk_on,1.2230019370641437e-10,2.564540976310309e-07,0.9999997434243015,4.4403216111218174e-52
2023-06-22,2,risk_on,4.3987184290731654e-10,1.316027567626242e-07,0.999999867957749,2.811845119993539e-53
2023-06-23,2,risk_on,2.106998714843297e-09,3.8209519800531514e-07,0.999999615798589,2.352349850614931e-50
2023-06-26,2,risk_on,4.903226533277796e-09,4.503452814590249e-07,0.9999995447507116,4.335099872609511e-51
2023-06-27,2,risk_on,1.046136007891344e-10,1.6614313159776913e-08,0.9999999832816685,2.1573854390081607e-54
2023-06-28,2,risk_on,1.4495592993165632e-11,5.6723123266342816e-09,0.9999999943138391,1.367111053057542e-56
2023-06-29,2,risk_on,4.463719261659425e-12,2.293820087170292e-08,0.9999999770570869,2.9097464556983518e-58
2023-06-30,2,risk_on,9.42878098433395e-12,4.829167847087709e-08,0.9999999516985566,4.7508667275830775e-59
2023-07-03,2,risk_on,2.4143460575225473e-11,4.913120925000125e-07,0.9999995086637979,1.4800505411537153e-56
2023-07-05,2,risk_on,6.354335496393799e-11,1.0927584077301678e-07,0.999999890660553,2.2896835192688885e-56
2023-07-06,2,risk_on,6.781622009047387e-11,4.742614548849109e-08,0.9999999525061878,6.690269676100126e-59
2023-07-07,2,risk_on,5.66893684102524e-12,6.19850643946418e-08,0.999999938008843,3.256068793221367e-61
2023-07-10,2,risk_on,2.356698389264725e-12,3.756207938329094e-08,0.9999999624360505,7.278476007838588e-61
2023-07-11,2,risk_on,1.5708050600562738e-12,1.0488073842157772e-07,0.9999998951170765,1.9810044971950536e-62
2023-07-12,2,risk_on,1.0962433148562226e-12,1.1250947609621589e-08,0.9999999887477315,2.0456108431417852e-63
2023-07-13,2,risk_on,9.376130638701597e-13,1.663808130296951e-09,0.9999999983356247,6.11319856781112e-64
2023-07-14,2,risk_on,8.022347742962492e-13,1.8215212806142085e-09,0.9999999981773726,8.227991395648528e-68
2023-07-17,2,risk_on,5.263933696383715e-13,6.889868901772244e-10,0.999999999310603,4.416843510077175e-68
2023-07-18,2,risk_on,3.9551754489757816e-13,2.329435604450272e-09,0.9999999976698746,1.3729978638172956e-68
2023-07-19,2,risk_on,3.2935177072473e-13,3.100354262856677e-10,0.9999999996889528,2.242361962609141e-68
2023-07-20,2,risk_on,1.7932242492685467e-12,7.2759051169587225e-09,0.9999999927222234,1.4951984455746188e-68
2023-07-21,2,risk_on,3.42595048201297e-12,6.607906372083336e-09,0.9999999933879735,1.3009525489897942e-68
2023-07-24,2,risk_on,2.4816887141024873e-12,7.0530577045173075e-09,0.9999999929441401,1.0633962578903799e-68
2023-07-25,2,risk_on,4.772140956978654e-12,5.366249842748227e-09,0.9999999946285243,7.582396172573187e-69
2023-07-26,2,risk_on,2.4817027240216046e-12,1.0517516263095567e-09,0.9999999989449861,6.3026821700979304e-74
2023-07-27,2,risk_on,1.2348558489673097e-12,2.361742882320691e-09,0.9999999976371328,9.784025144417515e-77
2023-07-28,2,risk_on,2.491943084198904e-13,2.145417639663466e-09,0.9999999978535925,1.6831001681975715e-84
2023-07-31,2,risk_on,2.9214092009191413e-13,1.3575588401764514e-10,0.9999999998635758,1.652907249508512e-82
2023-08-01,2,risk_on,2.9506354277864776e-13,8.03234802729081e-10,0.9999999991960067,3.464814694883267e-85
2023-08-02,2,risk_on,4.74945438805305e-15,4.505947297273662e-11,0.9999999999545253,3.097179482700132e-99
2023-08-03,2,risk_on,6.693998827945961e-15,7.896520361400357e-11,0.9999999999217835,2.0636137944545913e-100
2023-08-04,2,risk_on,1.4601480786193873e-13,1.2079109117323333e-12,0.999999999998181,1.7995177050804225e-93
2023-08-07,2,risk_on,8.109220957205091e-14,1.6911160712894087e-12,0.999999999998181,3.3694729903366143e-95
2023-08-08,2,risk_on,3.033975475838302e-14,7.416481637143616e-12,0.999999999992724,2.4078534431790764e-91
2023-08-09,2,risk_on,2.439329716872258e-13,7.708806360423846e-11,0.9999999999217835,3.8605471313012374e-89
2023-08-10,2,risk_on,4.5376290430371117e-14,4.576780839232339e-09,0.9999999954234227,9.54092278597075e-88
2023-08-11,2,risk_on,5.914455828487203e-13,6.638908392546744e-08,0.999999933610527,1.3949236643334312e-88
2023-08-14,2,risk_on,2.4517940847524816e-13,2.0444170097872995e-08,0.9999999795563783,1.7031094144663024e-89
2023-08-15,2,risk_on,8.895275957848834e-14,4.8139467364426924e-08,0.9999999518604465,4.9923545476455875e-89
2023-08-16,2,risk_on,1.7426074839254163e-12,5.978829207148711e-08,0.9999999402098201,7.836925167417752e-88
2023-08-17,2,risk_on,5.042078920481604e-12,1.3523739169827845e-07,0.999999864758147,1.2845489481741977e-90
2023-08-18,2,risk_on,1.678953915512023e-13,1.7609142248776946e-07,0.9999998239091084,2.2437816524195327e-94
2023-08-21,2,risk_on,1.1003756157533766e-13,6.405550976350805e-08,0.9999999359442902,7.153673165052032e-91
2023-08-22,2,risk_on,8.929576634978245e-13,3.4906939721247105e-08,0.9999999650917749,4.477491930089983e-91
2023-08-23,2,risk_on,5.42096298124077e-15,1.0368010991536737e-08,0.9999999896317604,4.518730854023844e-99
2023-08-24,2,risk_on,1.4444664435100665e-13,9.039563751384158e-08,0.9999999096035067,2.5192992138520134e-97
2023-08-25,2,risk_on,7.409848422158352e-14,1.137157370006547e-08,0.9999999886276782,2.8543195451729072e-101
2023-08-28,2,risk_on,3.423549763438671e-15,1.2136815445426854e-08,0.9999999878637027,8.887046109944534e-104
2023-08-29,2,risk_on,7.916721339960927e-17,2.2983129759540708e-09,0.9999999977007974,3.443614997275338e-109
2023-08-30,2,risk_on,2.4755264840648753e-17,2.180515193005516e-10,0.9999999997817213,2.335395814621216e-111
2023-08-31,2,risk_on,3.278110201365058e-17,5.6851314502908873e-11,0.9999999999436113,2.1152519434649895e-112
2023-09-01,2,risk_on,1.0075749843288251e-18,8.846330545698887e-12,0.999999999990905,5.939167490848114e-119
2023-09-05,2,risk_on,1.5998604035265675e-18,4.480321436649945e-10,0.9999999995525286,4.139962184732771e-119
2023-09-06,2,risk_on,1.7130221496171987e-17,8.893456744348166e-10,0.9999999991105142,7.987440689411634e-116
2023-09-07,2,risk_on,1.0101355741112795e-16,1.7262101289443475e-09,0.9999999982737791,3.7188406563737392e-112
2023-09-08,2,risk_on,5.182901797692277e-16,2.0676771800463944e-09,0.999999997931809,1.2048233967448836e-110
2023-09-11,2,risk_on,9.3936737382179e-16,9.811715137874364e-10,0.9999999990195647,5.38694115473142e-110
2023-09-12,2,risk_on,6.326264061632811e-16,2.8468037040907595e-10,0.9999999997144187,4.708369340916424e-109
2023-09-13,2,risk_on,1.4008947921281724e-16,2.083495989089046e-10,0.9999999997908162,2.6552236371490877e-112
2023-09-14,2,risk_on,7.640029562435402e-16,1.7910354187892053e-10,0.999999999821739,1.4135746339751429e-108
2023-09-15,2,risk_on,8.104368901453543e-15,2.5528734549711654e-10,0.9999999997453415,1.2329891788045437e-105
2023-09-18,2,risk_on,1.5775837232790532e-14,1.4121065525417608e-10,0.9999999998581188,1.0097192578169203e-103
2023-09-19,2,risk_on,1.927494143800929e-14,3.089377407854014e-10,0.9999999996907718,7.21112081000518e-105
2023-09-20,2,risk_on,8.355054620019281e-14,4.2613483284094687e-10,0.9999999995743565,5.702411901309104e-100
2023-09-21,2,risk_on,5.1784824658024356e-12,1.5637532226652802e-07,0.9999998436196742,6.756223423217901e-108
2023-09-22,2,risk_on,2.531152872233731e-13,2.1130896193605865e-07,0.9999997886916613,5.929917678427404e-112
2023-09-25,2,risk_on,2.1817594099844697e-12,1.152410667834825e-06,0.9999988475872034,1.614979288686262e-105
2023-09-26,2,risk_on,3.867729597227267e-11,9.93154453861603e-05,0.9999006845163525,1.0445350882854215e-104
2023-09-27,2,risk_on,5.565342914801423e-11,8.69956353804306e-05,0.9999130043096837,2.1143593240801946e-105
2023-09-28,2,risk_on,1.5779925826134533e-12,8.494213995806771e-06,0.999991505784843,2.0578913916570053e-111
2023-09-29,2,risk_on,7.349734375016544e-12,1.1578906539617118e-05,0.9999884210862611,4.69443716421252e-108
2023-10-02,2,risk_on,2.872755735017534e-11,4.381476709707327e-05,0.9999561852049892,1.6277837672141778e-105
2023-10-03,2,risk_on,6.118215827147503e-10,0.0005106434937426385,0.9994893558939281,8.341094685564068e-111
2023-10-04,2,risk_on,5.2429704734330744e-12,0.0004046965244042203,0.999595303471243,9.87463292448936e-112
2023-10-05,2,risk_on,1.4766459306259533e-11,0.0006371954833930667,0.9993628045009953,1.620617480236259e-111
2023-10-06,2,risk_on,3.0917563475628986e-12,0.0002097947769772546,0.9997902052202831,2.394743911893198e-103
2023-10-09,2,risk_on,2.1658486805761565e-08,5.180064251198332e-06,0.9999947982768165,1.0956169117411339e-100
2023-10-10,2,risk_on,1.0070786711790486e-14,1.3121519329798043e-06,0.9999986878473888,5.88457128540328e-113
2023-10-11,2,risk_on,1.431141849134914e-14,3.309319334050397e-07,0.9999996690676746,1.8098623097043192e-112
2023-10-12,2,risk_on,9.236464049337702e-14,5.379258639829956e-06,0.9999946207407521,1.8108016294004141e-112
2023-10-13,2,risk_on,6.843050358641295e-14,5.5303267588397875e-06,0.9999944696726871,6.351820527761884e-109
2023-10-16,2,risk_on,7.991898127293408e-13,4.765856985219417e-05,0.9999523414287266,6.984924662638808e-103
2023-10-17,2,risk_on,4.4023903284498666e-12,0.0023523763861458815,0.997647623608963,2.905376556713312e-100
2023-10-18,2,risk_on,9.259617871245502e-10,0.09741793270854855,0.9025820663649502,9.27641166085518e-96
2023-10-19,1,recovery_or_normalization,1.562000868361584e-08,0.7692603842124555,0.23073960016719558,2.5306443047167894e-94
2023-10-20,1,recovery_or_normalization,1.8588294781476298e-08,0.9999770910440269,2.2890368544182744e-05,2.8156910190102615e-93
2023-10-23,1,recovery_or_normalization,9.093929281722395e-09,0.9999999316405616,5.926546984516901e-08,3.800779637985492e-93
2023-10-24,1,recovery_or_normalization,1.9090618481929483e-08,0.9999986886040874,1.2923049625656656e-06,5.739602644625032e-95
2023-10-25,1,recovery_or_normalization,9.125198856367257e-08,0.999999908191971,5.555968339468341e-10,2.540015643141566e-95
2023-10-26,1,recovery_or_normalization,4.991219838044518e-07,0.9999995008730702,5.058417754813964e-12,4.5112870316062955e-89
2023-10-27,1,recovery_or_normalization,7.119929718525509e-08,0.9999999287993003,1.031064155661615e-12,1.715465930206419e-88
2023-10-30,1,recovery_or_normalization,1.081094443220422e-06,0.9999989188642235,4.108750541694092e-11,2.0688568936557738e-85
2023-10-31,1,recovery_or_normalization,3.983180484712092e-05,0.9999601677648293,4.3017166374019245e-10,1.189485075184207e-80
2023-11-01,1,recovery_or_normalization,0.0012812569027442601,0.9985482003987177,0.00017054269904100182,2.4988853516950144e-84
2023-11-02,2,risk_on,2.2739696544555836e-05,0.013107062019045296,0.9868701982845178,2.088719456663165e-96
2023-11-03,2,risk_on,2.5465027057463256e-09,4.448391191101565e-07,0.9999995526141993,1.1326954435135756e-103
2023-11-06,2,risk_on,7.979803341479911e-11,3.978087016898162e-09,0.9999999959418346,2.617771980015523e-106
2023-11-07,2,risk_on,6.68243218965259e-11,5.0945459232321196e-11,0.9999999998817657,4.91511728629508e-105
2023-11-08,2,risk_on,1.885503704047881e-13,3.600851794629685e-10,0.9999999996398401,2.0354237947635152e-112
2023-11-09,2,risk_on,7.83354567193504e-14,6.035586621487044e-08,0.9999999396441144,1.818791917348754e-115
2023-11-10,2,risk_on,3.604026385405631e-15,5.920971047582508e-11,0.9999999999399733,4.753268582372423e-118
2023-11-13,2,risk_on,4.487679153863964e-15,2.2353736654898282e-10,0.9999999997762643,2.4937111377612114e-121
2023-11-14,2,risk_on,1.7254280657061123e-19,3.0946562183029405e-16,1.0,8.400605494247022e-130
2023-11-15,2,risk_on,2.0553335492109345e-19,2.8660914918513665e-17,1.0,2.446902338429807e-127
2023-11-16,2,risk_on,2.8798107472224736e-18,2.3452871620100337e-20,1.0,1.728461217760607e-126
2023-11-17,2,risk_on,1.6476979983528433e-17,3.096477448614851e-22,1.0,2.0800669586358647e-128
2023-11-20,2,risk_on,1.1664824062749975e-17,4.101056829251531e-24,1.0,1.8845154519372097e-128
2023-11-21,2,risk_on,8.173040785622474e-17,6.93204981271821e-22,1.0,5.467976196409997e-126
2023-11-22,2,risk_on,6.669265002514949e-17,7.264187198676739e-22,1.0,5.365553243570879e-124
2023-11-24,2,risk_on,1.7423903505141356e-15,1.0657720764640043e-23,1.0,9.631514979634983e-122
2023-11-27,2,risk_on,9.549998247814408e-14,2.0795718822540985e-23,1.0,5.771319620577314e-120
2023-11-28,2,risk_on,1.6982287202279905e-13,6.092752931513298e-24,1.0,2.5225089463576613e-119
2023-11-29,2,risk_on,5.527267613749786e-14,2.982753915468752e-25,1.0,3.264433544151338e-119
2023-11-30,2,risk_on,4.586546853447309e-13,7.885791896775118e-23,1.0,7.286658503632175e-121
2023-12-01,2,risk_on,2.4614478977347774e-15,1.0707647894137747e-24,1.0,7.250118481375673e-124
2023-12-04,2,risk_on,8.099709175642187e-16,1.4340701441490021e-19,1.0,2.8299192336934963e-125
2023-12-05,2,risk_on,1.92690619821874e-15,1.0802324435427698e-18,1.0,2.6362838268749442e-123
2023-12-06,2,risk_on,6.719545198107675e-15,4.614666537333391e-21,1.0,2.450049998404986e-121
2023-12-07,2,risk_on,1.0003998868135209e-15,5.086367174972094e-19,1.0,5.8575643922618e-120
2023-12-08,2,risk_on,4.8575727042037475e-15,4.096608448006793e-16,1.0,8.042978590126001e-119
2023-12-11,2,risk_on,3.312737481022673e-14,7.204072321131374e-19,1.0,6.750189535798501e-119
2023-12-12,2,risk_on,3.1380398946778273e-14,2.6016362938734134e-18,1.0,4.597866324536137e-119
2023-12-13,2,risk_on,2.117698978678895e-13,2.11854537318044e-23,1.0,5.825856204087399e-124
2023-12-14,2,risk_on,9.689725526903974e-14,1.3251725810985412e-21,1.0,8.234447554391753e-123
2023-12-15,2,risk_on,3.4143468051772354e-13,2.028939465679814e-22,1.0,1.2102575088918404e-122
2023-12-18,2,risk_on,4.979320324415212e-14,5.9840110105590176e-21,1.0,9.242380249072965e-121
2023-12-19,2,risk_on,2.5393053872541725e-13,1.8238294899369895e-21,1.0,2.239345184127702e-119
2023-12-20,2,risk_on,2.5054335201798568e-12,7.545384085451095e-20,0.999999999998181,9.554882630202353e-107
2023-12-21,2,risk_on,1.2711065374652972e-12,7.446652335353084e-20,0.999999999998181,3.12622304747883e-106
2023-12-22,2,risk_on,2.95785654607018e-13,6.88072698126226e-20,1.0,1.2361361470844726e-109
2023-12-26,2,risk_on,2.9912681175164305e-12,9.998167947175717e-22,0.999999999996362,6.437414149615563e-108
2023-12-27,2,risk_on,7.71104674349889e-12,4.968458171853106e-22,0.999999999992724,1.5312503340245327e-107
2023-12-28,2,risk_on,1.025804892565331e-12,5.99126415423127e-20,0.999999999998181,5.7735234405543105e-108
2023-12-29,2,risk_on,7.178105137442485e-13,2.7522136193775514e-18,1.0,9.65902744910384e-109
2024-01-02,2,risk_on,3.747493960682426e-12,2.6339484246576037e-17,0.999999999996362,1.696185181504917e-107
2024-01-03,2,risk_on,2.080803934193508e-11,4.407728349355741e-14,0.9999999999799911,1.2429574183034723e-97
2024-01-04,2,risk_on,2.8761728823684248e-11,1.4525259359985742e-13,0.9999999999708962,5.667194790865787e-98
2024-01-05,2,risk_on,4.584877992040923e-11,3.994086640576245e-12,0.9999999999508873,5.115499531322672e-99
2024-01-08,2,risk_on,2.540423947924184e-12,1.6919987134417295e-13,0.999999999998181,1.8844144959289575e-107
2024-01-09,2,risk_on,3.7427381757450937e-13,6.172659555666417e-14,1.0,1.6225095206080308e-109
2024-01-10,2,risk_on,1.8290333114995872e-13,8.236274857414322e-15,1.0,2.1801744586293907e-110
2024-01-11,2,risk_on,1.5302328035988698e-13,1.383514072650884e-15,1.0,1.0526653461563204e-109
2024-01-12,2,risk_on,1.4719850018766456e-12,2.8828777288796724e-15,0.999999999998181,3.872835982209324e-107
2024-01-16,2,risk_on,2.046888252358223e-13,1.8401142370491788e-11,0.9999999999818101,5.1555039704116586e-114
2024-01-17,2,risk_on,2.306341120618406e-14,6.194656970565531e-10,0.9999999993797246,2.992931860715986e-119
2024-01-18,2,risk_on,1.5953913584260427e-13,1.1940217821600044e-09,0.999999998804924,6.681730350077976e-114
2024-01-19,2,risk_on,1.8726452490582934e-12,3.0537096613389614e-10,0.9999999996925908,1.9131346031991737e-106
2024-01-22,2,risk_on,1.1269900584582589e-11,4.67894250478764e-10,0.9999999995216058,1.2811783616366469e-101
2024-01-23,2,risk_on,1.054097018433934e-11,4.321172776698838e-10,0.9999999995579856,2.4145120401900923e-102
2024-01-24,2,risk_on,8.252024849698105e-12,8.98657879375358e-10,0.9999999990923243,5.6412445906301014e-105
2024-01-25,2,risk_on,3.687169060958446e-12,8.019571114559265e-11,0.9999999999163265,2.7409165700731457e-102
2024-01-26,2,risk_on,1.4296669342266297e-10,6.770673183925248e-10,0.9999999991796358,1.8602001001729643e-92
2024-01-29,2,risk_on,1.6019120543066873e-10,1.1179826984105854e-10,0.9999999997271516,1.1885679404013142e-97
2024-01-30,2,risk_on,3.3608878952362613e-10,3.234700359315925e-11,0.9999999996307452,1.5895126053711397e-94
2024-01-31,2,risk_on,2.134302147459529e-09,4.651011092058657e-11,0.9999999978190317,5.554184770575033e-90
2024-02-01,2,risk_on,1.2687574802315275e-11,1.3998251265616425e-13,0.9999999999872671,1.213345702092943e-97
2024-02-02,2,risk_on,1.3474549587725608e-10,6.572476095828754e-11,0.9999999997999112,7.037126784170911e-86
2024-02-05,2,risk_on,1.4266391095808572e-10,6.605911563903818e-10,0.9999999991960067,1.2397534671064744e-82
2024-02-06,2,risk_on,6.973904923397562e-11,4.961569762285669e-11,0.9999999998799467,9.124279716371861e-84
2024-02-07,2,risk_on,1.9648290439208475e-10,3.982475035019798e-10,0.9999999994051905,9.549818305211109e-83
2024-02-08,2,risk_on,6.599292885756887e-11,7.490411194846172e-10,0.9999999991850927,7.509631790248404e-83
2024-02-09,2,risk_on,1.996088111162152e-10,1.2806106712081166e-09,0.9999999985193426,9.846176426253285e-83
2024-02-12,2,risk_on,4.126616545638601e-10,6.4707605787049815e-09,0.9999999931169441,7.427554069798656e-76
2024-02-13,2,risk_on,6.209969675524851e-10,2.929405508636616e-07,0.9999997064388002,1.547048811954296e-80
2024-02-14,2,risk_on,1.1514339242784446e-10,9.636713611369934e-09,0.9999999902483978,5.87925719101433e-82
2024-02-15,2,risk_on,1.3998674032899424e-10,3.5189086943221324e-09,0.9999999963420123,5.461179748574077e-76
2024-02-16,2,risk_on,9.857793680748535e-11,7.605605085369617e-09,0.9999999922965799,2.210202601884527e-78
2024-02-20,2,risk_on,4.095378019903074e-11,1.567402943602297e-08,0.9999999842857507,2.1277783427893847e-80
2024-02-21,2,risk_on,3.8339059540297994e-11,3.794862247398747e-08,0.999999962012226,3.804702020060527e-80
2024-02-22,2,risk_on,3.132679551074181e-10,8.58694601207951e-08,0.9999999138181047,4.929571181961488e-77
2024-02-23,2,risk_on,2.994919839137498e-10,1.169046178951216e-08,0.9999999880092219,2.286148132727885e-76
2024-02-26,2,risk_on,4.540226348544666e-10,1.1264640185099885e-07,0.9999998868988833,1.2651085906105633e-76
2024-02-27,2,risk_on,5.043219668720753e-10,1.4195373361561922e-07,0.999999857542217,8.189026362246087e-77
2024-02-28,2,risk_on,1.9861749832094832e-10,1.5404071384900763e-07,0.9999998457606244,2.7899978523986224e-78
2024-02-29,2,risk_on,5.34857895666029e-10,2.7716627462341754e-07,0.9999997222985643,3.3437966972432028e-77
2024-03-01,2,risk_on,7.859203781418105e-09,4.7315033606910177e-07,0.9999995189901958,7.537670870880716e-78
2024-03-04,2,risk_on,1.321220879676466e-09,6.669917329708917e-07,0.9999993316871455,2.258311797078281e-80
2024-03-05,2,risk_on,1.2353911370421007e-09,1.5864539811913835e-07,0.9999998401199391,3.4456711013770014e-74
2024-03-06,2,risk_on,8.008287395834448e-10,4.1631320092692e-09,0.9999999950359779,6.502957217543482e-76
2024-03-07,2,risk_on,5.53862953807467e-10,5.657210936546876e-09,0.9999999937881512,1.0475489615464486e-76
2024-03-08,2,risk_on,3.9399796684300733e-10,1.3263129571778147e-09,0.999999998279236,1.1231681323040403e-79
2024-03-11,2,risk_on,5.3356893577710566e-11,7.162070631692413e-10,0.9999999992305675,2.716765589888857e-82
2024-03-12,2,risk_on,1.0385706539444841e-10,1.1321072222903847e-09,0.9999999987649062,1.4360008592159836e-80
2024-03-13,2,risk_on,7.299509870913868e-11,1.883287066818456e-09,0.9999999980445864,4.6926303880345793e-82
2024-03-14,2,risk_on,2.5820556836447513e-11,1.0132658485359114e-10,0.9999999998726707,3.4406080643559843e-85
2024-03-15,2,risk_on,3.012657026288444e-11,2.6991247692316196e-09,0.9999999972715159,4.479174430094404e-79
2024-03-18,2,risk_on,1.3091871519702574e-11,4.5374953632413255e-09,0.9999999954488885,1.7233898327427534e-79
2024-03-19,2,risk_on,1.98239627814696e-11,9.679108899327288e-10,0.9999999990122888,9.272474538234146e-80
2024-03-20,2,risk_on,6.95611852804917e-11,6.227541632383245e-10,0.999999999306965,1.3033110806282405e-78
2024-03-21,2,risk_on,9.766329710789449e-11,2.5482215054414233e-10,0.9999999996471161,1.8328187104711742e-78
2024-03-22,2,risk_on,1.1198726261517402e-10,1.0494529352125152e-10,0.9999999997835403,8.536561166619363e-84
2024-03-25,2,risk_on,3.5826058974087275e-11,5.314386449490916e-10,0.9999999994324753,7.254279139452972e-87
2024-03-26,2,risk_on,1.6984611245944767e-11,1.6653629372959687e-10,0.9999999998162821,3.373503816290848e-86
2024-03-27,2,risk_on,2.4277700154021023e-11,3.397813702359126e-11,0.9999999999417923,2.902273309107422e-88
2024-03-28,2,risk_on,6.322287323577022e-12,4.744585831750002e-11,0.9999999999454303,3.0506850272552808e-89
2024-04-01,2,risk_on,5.235335388074447e-12,8.459385753415748e-10,0.999999999148713,1.1283152713532304e-89
2024-04-02,2,risk_on,5.143594054795182e-12,4.324343502433506e-09,0.9999999956708052,6.085669229329414e-89
2024-04-03,2,risk_on,1.0441706841961982e-11,3.0250940604865954e-09,0.9999999969641067,5.185976191870012e-87
2024-04-04,2,risk_on,2.0697299130279694e-11,4.99727937267177e-09,0.9999999949814082,4.44165704022478e-82
2024-04-05,2,risk_on,4.274870052651565e-11,1.9045747444948772e-08,0.9999999809115254,6.819799498081502e-76
2024-04-08,2,risk_on,1.0630811059633564e-10,2.4214232189428283e-08,0.999999975680112,5.941386218424677e-76
2024-04-09,2,risk_on,5.854315325943232e-11,3.7118785084919835e-08,0.9999999628234952,7.910476804323388e-73
2024-04-10,2,risk_on,2.803234591315361e-10,2.7837508815743275e-08,0.9999999718820622,2.770720810420541e-76
2024-04-11,2,risk_on,1.4515197735846224e-10,5.83513384805016e-08,0.9999999415031214,1.8959162055966414e-78
2024-04-12,2,risk_on,1.277714785619742e-10,1.183736899822946e-07,0.9999998814983043,9.137317928146735e-75
2024-04-15,2,risk_on,6.347613504022936e-10,5.785212899283368e-08,0.9999999415122164,1.657821912038813e-76
2024-04-16,2,risk_on,1.7865454117778676e-09,2.541052212486216e-07,0.9999997441082414,9.367899218346033e-75
2024-04-17,2,risk_on,9.905846960682266e-09,1.8203303510021166e-06,0.9999981697636409,5.260425304751084e-71
2024-04-18,2,risk_on,3.855837094311143e-08,1.6634387942747999e-06,0.9999982980021673,1.4726783413540189e-71
2024-04-19,2,risk_on,1.7171498069118344e-07,4.955667096422589e-06,0.9999948726185295,5.890664219695506e-70
2024-04-22,2,risk_on,2.6381448748416597e-08,1.49996016802711e-06,0.9999984736580525,1.3104306992719576e-71
2024-04-23,2,risk_on,2.4316560212202088e-09,5.844327363009666e-07,0.999999413135983,1.6305415254698495e-73
2024-04-24,2,risk_on,3.1610400691106892e-09,5.114321537935433e-07,0.9999994854062112,1.4955636078204807e-72
2024-04-25,2,risk_on,1.8074799871706233e-08,2.0488002089631875e-06,0.9999979331244945,1.336136362554483e-72
2024-04-26,2,risk_on,1.8363797024214167e-09,5.401546928861555e-07,0.9999994580086072,4.3370948395612794e-75
2024-04-29,2,risk_on,3.049785936029973e-09,2.73817232706153e-07,0.9999997231334802,3.804202219920337e-73
2024-04-30,2,risk_on,1.0502984295330014e-08,3.1302786298493854e-06,0.9999968592177748,6.718839617486787e-75
2024-05-01,2,risk_on,1.1136041314199696e-08,1.1030828376131548e-05,0.9999889580349458,4.0720580560632314e-80
2024-05-02,2,risk_on,9.984302774675086e-10,4.020761805368695e-06,0.999995978238887,7.728278567935101e-79
2024-05-03,2,risk_on,1.5042788698881818e-11,1.734970156927478e-07,0.9999998264884349,1.122515462958402e-92
2024-05-06,2,risk_on,6.010186848810214e-12,2.7134119598045615e-08,0.9999999728606784,2.892070808835193e-93
2024-05-07,2,risk_on,8.13091911593929e-12,1.8681031603467684e-08,0.9999999813117031,6.693842303384032e-94
2024-05-08,2,risk_on,4.612879799674883e-12,6.180480302248906e-08,0.999999938190742,2.2695151754616032e-96
2024-05-09,2,risk_on,2.750321765791121e-12,8.796912118183971e-10,0.9999999991177901,5.825726927510792e-99
2024-05-10,2,risk_on,3.921152363778873e-12,4.280651732540991e-09,0.99999999571628,2.022711275548593e-99
2024-05-13,2,risk_on,2.9610067854692283e-12,1.4286729886603869e-09,0.9999999985684553,7.407327870854693e-99
2024-05-14,2,risk_on,8.832924924290295e-12,2.316797874191555e-11,0.9999999999672582,1.1503371342698585e-92
2024-05-15,2,risk_on,2.2655785194249427e-11,2.021409470821535e-13,0.9999999999763531,8.547246931602376e-95
2024-05-16,2,risk_on,2.0536599703783772e-11,1.8296015342019197e-12,0.9999999999781721,4.263670905786268e-93
2024-05-17,2,risk_on,4.141612915094345e-11,9.789289970513982e-13,0.9999999999581632,1.9005635454701547e-91
2024-05-20,2,risk_on,1.441085480387286e-10,1.1166496690930262e-12,0.9999999998544808,6.776853094978498e-92
2024-05-21,2,risk_on,7.834203383519139e-11,1.1278020640384264e-12,0.9999999999199645,8.011860582891628e-93
2024-05-22,2,risk_on,1.6894522221454925e-11,1.167867989566822e-11,0.9999999999708962,1.7049959386885012e-92
2024-05-23,2,risk_on,1.5576861314247938e-11,9.36621157128024e-12,0.9999999999745341,7.782311325642876e-94
2024-05-24,2,risk_on,1.804466301637517e-11,1.451682646459759e-12,0.9999999999799911,3.8156312805211994e-94
2024-05-28,2,risk_on,8.198525873644297e-12,3.229604165230362e-11,0.9999999999599822,1.4116291440757764e-95
2024-05-29,2,risk_on,3.4068427226700988e-12,2.488763248411958e-10,0.9999999997471605,1.0012916536491032e-97
2024-05-30,2,risk_on,5.373741098496506e-11,6.6278845963526e-11,0.9999999998799467,4.664997650548386e-93
2024-05-31,2,risk_on,1.1125883226786772e-10,1.0038739785773405e-10,0.9999999997889972,5.725860679398543e-94
2024-06-03,2,risk_on,2.4034740749992822e-11,3.152661994131134e-11,0.9999999999436113,4.223411375006887e-95
2024-06-04,2,risk_on,2.575701630864969e-12,2.944017961337985e-11,0.9999999999672582,1.031684330384423e-101
2024-06-05,2,risk_on,3.907393371454044e-12,3.2738206386317916e-11,0.9999999999636202,3.1589844980408724e-104
2024-06-06,2,risk_on,1.3121483006618649e-12,1.3606391198361987e-11,0.9999999999854481,1.6171828802744278e-105
2024-06-07,2,risk_on,3.3291848828090096e-12,3.005516757710992e-10,0.9999999996962288,2.1375036737336366e-104
2024-06-10,2,risk_on,2.116348450952992e-12,1.028212225726619e-09,0.999999998970452,1.6883363451248664e-104
2024-06-11,2,risk_on,1.9331081298044502e-13,3.225948625053987e-11,0.9999999999672582,6.753425034666689e-110
2024-06-12,2,risk_on,2.7812677291794106e-13,1.1418675216524807e-12,0.999999999998181,1.3134647151371603e-110
2024-06-13,2,risk_on,4.005917299408553e-13,1.5681253280192258e-12,0.999999999998181,2.536942004213241e-109
2024-06-14,2,risk_on,3.544211859788876e-13,4.008115975448882e-11,0.9999999999599822,8.10568431868224e-108
2024-06-17,2,risk_on,1.7924008684778184e-12,1.0088694254878536e-10,0.9999999998981366,4.053411659883569e-104
2024-06-18,2,risk_on,1.289789230301983e-12,1.0254987740996183e-11,0.9999999999890861,1.4007539360076365e-104
2024-06-20,2,risk_on,5.835673797234458e-13,1.7528960911626302e-11,0.9999999999818101,2.5455457008887473e-107
2024-06-21,2,risk_on,2.8325683069123877e-13,3.777152553692364e-11,0.9999999999618012,1.0334347633596773e-106
2024-06-24,2,risk_on,7.502934225840076e-13,1.2513258258589952e-11,0.9999999999872671,2.529808268634951e-107
2024-06-25,2,risk_on,3.4338747426241425e-12,2.7376482219925077e-12,0.999999999994543,2.4378379499380424e-107
2024-06-26,2,risk_on,1.7650732422350301e-12,3.7421233588827174e-11,0.9999999999599822,2.9205679885777083e-106
2024-06-27,2,risk_on,2.782600450587829e-12,7.650003269892397e-12,0.9999999999890861,1.1699433743608677e-105
2024-06-28,2,risk_on,1.1577740529371418e-12,7.814659329434844e-13,0.999999999998181,8.582280356856302e-108
2024-07-01,2,risk_on,8.727778609993544e-12,1.4073876650848053e-10,0.9999999998508429,2.1207245563534116e-104
2024-07-02,2,risk_on,1.01472278834664e-11,1.0895713993557318e-10,0.9999999998817657,1.6199665491869504e-104
2024-07-03,2,risk_on,5.9909241018804574e-12,5.97670347742908e-11,0.9999999999345164,2.1790901123086913e-105
2024-07-05,2,risk_on,1.3929501068882812e-12,4.0738433959076765e-12,0.999999999994543,1.283673391251534e-111
2024-07-08,2,risk_on,3.6715137818410826e-14,5.470329615677422e-12,0.999999999994543,6.210877585583658e-120
2024-07-09,2,risk_on,1.541273856139175e-13,1.9725956553716684e-11,0.9999999999799911,9.959202907783183e-119
2024-07-10,2,risk_on,8.865377418787469e-13,7.016407755012752e-14,0.999999999998181,8.698321798890767e-118
2024-07-11,2,risk_on,1.433781738748757e-11,3.783784350405124e-14,0.9999999999854481,1.2639878840616412e-105
2024-07-12,2,risk_on,2.3765601232555962e-12,8.576454489964263e-14,0.999999999998181,1.5704624420190255e-108
2024-07-15,2,risk_on,1.796707440600959e-12,8.389231870094429e-13,0.999999999998181,4.076102629980299e-111
2024-07-16,2,risk_on,5.7950010615321935e-12,8.55530862810406e-13,0.999999999992724,2.873146929382157e-102
2024-07-17,2,risk_on,2.239860214506602e-11,7.847986203498693e-12,0.9999999999690772,2.694860331123122e-97
2024-07-18,2,risk_on,7.19831425348875e-12,2.6352421704238547e-12,0.999999999990905,8.100169087178052e-104
2024-07-19,2,risk_on,2.8669225830903618e-11,9.443733335594838e-11,0.9999999998763087,1.727068337565967e-103
2024-07-22,2,risk_on,7.229071435218785e-12,1.0704285690926483e-11,0.9999999999818101,4.170787255913326e-103
2024-07-23,2,risk_on,2.168418648016574e-12,8.227502896444102e-12,0.9999999999890861,3.891925541895836e-105
2024-07-24,2,risk_on,3.5974215586451244e-11,5.688279621140423e-09,0.9999999942756403,5.335171482540616e-107
2024-07-25,2,risk_on,6.932091338181171e-11,1.3826904520208364e-08,0.999999986102921,3.0711186324006596e-104
2024-07-26,2,risk_on,5.3718248869925655e-12,3.576101581058667e-11,0.9999999999581632,5.536658014863258e-107
2024-07-29,2,risk_on,9.63222693127928e-13,5.239390705649205e-11,0.9999999999472493,1.9781432490925767e-106
2024-07-30,2,risk_on,4.559903542047664e-12,2.5179740763140214e-11,0.9999999999708962,7.417813175587125e-106
2024-07-31,2,risk_on,5.872596460867599e-13,1.6238002655695702e-15,1.0,4.241138122949691e-105
2024-08-01,2,risk_on,5.6174345024593756e-12,8.264094252835315e-13,0.999999999992724,1.1051990536879026e-92
2024-08-02,2,risk_on,1.475973300249263e-06,0.0003962809741387489,0.99960224305347,1.5037854311825658e-72
2024-08-05,1,recovery_or_normalization,2.4651885092031197e-12,0.999999999998181,9.821307608000612e-14,1.862093124921783e-57
2024-08-06,1,recovery_or_normalization,9.085825742106704e-09,0.9999999860701791,4.843935194591985e-09,7.479258123031846e-57
2024-08-07,1,recovery_or_normalization,6.776966421963231e-09,0.9999999928295438,3.9291655622970726e-10,1.893798036168612e-57
2024-08-08,1,recovery_or_normalization,9.928965185003827e-09,0.9999937646583696,6.225411786706137e-06,1.1484283620872208e-53
2024-08-09,1,recovery_or_normalization,1.2385989699510266e-07,0.9991919639190329,0.0008079122204584217,4.212085607087758e-53
2024-08-12,1,recovery_or_normalization,1.0448642452929592e-06,0.9711571757965591,0.028841779339344797,2.9188393326611308e-53
2024-08-13,2,risk_on,7.936474812104247e-07,0.18633047674021314,0.8136687296118569,6.144558158622646e-56
2024-08-14,2,risk_on,9.413135531671069e-08,0.041123443165179664,0.9588764627029254,1.6980118777609654e-57
2024-08-15,2,risk_on,2.986798867069169e-08,0.006098459495668986,0.9939015106364653,1.0944346258176559e-53
2024-08-16,2,risk_on,1.1116200526788957e-08,0.00010530531848964789,0.9998946835658653,1.851765734500659e-54
2024-08-19,2,risk_on,1.845039092942869e-09,1.6934140836955857e-07,0.9999998288131029,8.61372384193812e-56
2024-08-20,2,risk_on,8.190319892674259e-10,1.79849581009185e-07,0.9999998193307128,1.3968449110061108e-56
2024-08-21,2,risk_on,8.824784044085012e-10,1.2213952503995876e-07,0.9999998769781162,1.4827161255782717e-56
2024-08-22,2,risk_on,1.1018616362766802e-09,4.081043116843244e-09,0.9999999948176992,2.8256252454660166e-58
2024-08-23,2,risk_on,2.0214199161053014e-09,2.0322020176196725e-10,0.999999997775376,5.580633985035921e-59
2024-08-26,2,risk_on,4.694020820218216e-10,8.9615166647704e-09,0.9999999905685399,3.132937820923483e-59
2024-08-27,2,risk_on,3.6690334140539877e-10,1.632498385352219e-08,0.9999999833089533,2.26896804560171e-59
2024-08-28,2,risk_on,5.922683525144467e-10,2.0020195440100905e-08,0.9999999793872123,4.569586265352866e-58
2024-08-29,2,risk_on,1.3857693631346952e-10,2.178823538973269e-07,0.9999997819795918,5.7554496790743914e-58
2024-08-30,2,risk_on,5.422420208427299e-10,2.413117494392072e-07,0.9999997581453791,2.512303775487067e-52
2024-09-03,2,risk_on,1.7087165345773096e-06,9.756003553261964e-07,0.9999973156827412,1.0052965299356838e-42
2024-09-04,2,risk_on,0.0023088204307122346,0.00023913356632719105,0.9974520460028743,6.429316021195701e-38
2024-09-05,2,risk_on,0.000250766808426762,1.2405350960563655e-06,0.9997479926565527,5.066945548533364e-43
2024-09-06,2,risk_on,0.00014334339619907934,6.678680759581117e-06,0.9998499779234269,1.4440042655684716e-43
2024-09-09,2,risk_on,1.5924034755586352e-06,4.706698675767046e-07,0.9999979369261746,1.0534765656139631e-47
2024-09-10,2,risk_on,8.633028326428898e-09,1.6801506541190168e-07,0.9999998233524977,2.0433184167728863e-50
2024-09-11,2,risk_on,2.6170743285851547e-09,6.275214574684106e-08,0.9999999346309799,6.581361940048825e-51
2024-09-12,2,risk_on,5.221206485670186e-10,1.5876168589169236e-07,0.9999998407165676,1.6277063787652075e-50
2024-09-13,2,risk_on,1.5596700061535782e-09,5.444075410708428e-07,0.9999994540322985,2.0745996424812003e-50
2024-09-16,2,risk_on,1.911596234821794e-09,1.8406790029973353e-07,0.9999998140210837,2.199780934601033e-52
2024-09-17,2,risk_on,1.8592630015523967e-09,5.023996767810723e-07,0.9999994957417037,1.2491677217330162e-53
2024-09-18,2,risk_on,1.399608344634215e-09,1.0768301002347373e-06,0.9999989217709655,2.479617713157465e-54
2024-09-19,2,risk_on,1.6636968357268897e-09,7.882716530292097e-07,0.9999992100641457,1.846463951107542e-52
2024-09-20,2,risk_on,9.886653336000041e-10,7.125091268097713e-07,0.999999286501661,3.9411501164937553e-53
2024-09-23,2,risk_on,5.8074278581706e-10,1.957373591715384e-07,0.99999980368195,1.7881932179423554e-53
2024-09-24,2,risk_on,9.908451318819757e-10,1.3068612376637768e-06,0.999998692147474,1.0943284218493327e-53
2024-09-25,2,risk_on,1.0624960632897999e-09,1.7508904394868934e-06,0.9999982480473476,1.920726090546747e-53
2024-09-26,2,risk_on,1.292660583694169e-09,2.628603342861695e-06,0.9999973701031216,2.877284074532545e-53
2024-09-27,2,risk_on,8.388320671810324e-10,4.1897705135391954e-07,0.9999995801846098,5.818722398623765e-51
2024-09-30,2,risk_on,2.5321995483347418e-09,1.5496737350375e-06,0.999998447793882,1.3941427039109366e-49
2024-10-01,2,risk_on,2.5939350272490167e-09,2.3820513559293797e-06,0.999997615355029,3.568270854283558e-49
2024-10-02,2,risk_on,2.2822963405480682e-10,6.308951732662788e-08,0.9999999366827999,1.3631102760588014e-50
2024-10-03,2,risk_on,2.602068830087388e-10,8.362661247623372e-08,0.9999999161136692,9.024767125017739e-50
2024-10-04,2,risk_on,6.829207743578427e-10,1.341740710346256e-07,0.9999998651437727,7.945540775278856e-48
2024-10-07,2,risk_on,3.836045367673242e-10,4.0841242803685764e-08,0.999999958774425,4.1052336909263036e-47
2024-10-08,2,risk_on,6.6108413488329585e-09,4.6979863963793267e-07,0.9999995235904178,4.886915666003971e-46
2024-10-09,2,risk_on,1.43358782160844e-08,7.628278842437827e-07,0.9999992228370793,4.156360456377141e-46
2024-10-10,2,risk_on,2.7644805723362962e-08,6.262692122217571e-07,0.9999993460862562,4.925784473486693e-45
2024-10-11,2,risk_on,3.0600239209034274e-08,3.1099333369239553e-06,0.9999968594669756,1.1320402801578021e-45
2024-10-14,2,risk_on,4.167082711479415e-08,6.80550782158262e-06,0.9999931528216391,4.544028618749086e-46
2024-10-15,2,risk_on,1.2844780550530812e-09,9.202166223325613e-07,0.9999990784985737,3.322356562960896e-45
2024-10-16,2,risk_on,2.8761530593549175e-10,1.8372580023506758e-07,0.9999998159874108,1.3192872679087243e-44
2024-10-17,2,risk_on,1.7852626120169293e-10,3.9786570583897066e-08,0.9999999600349846,2.7439892147125145e-43
2024-10-18,2,risk_on,1.7207068925952897e-09,2.257078736176325e-07,0.9999997725717807,2.3085677022144076e-44
2024-10-21,2,risk_on,3.3059970106736886e-09,3.3197733411206896e-08,0.9999999634965213,8.681627213820518e-45
2024-10-22,2,risk_on,9.34185283097389e-10,1.318361359250048e-08,0.9999999858828232,8.819234578298723e-40
2024-10-23,2,risk_on,1.279838003167814e-09,4.68920564815621e-09,0.9999999940300768,6.9481920023920154e-40
2024-10-24,2,risk_on,5.06132507124015e-10,1.931642133219789e-08,0.9999999801766537,7.86100848150818e-40
2024-10-25,2,risk_on,3.885106751687976e-10,3.903404551685456e-09,0.999999995707185,3.2137390159428145e-39
2024-10-28,2,risk_on,4.661087845024065e-10,3.9793264998048956e-10,0.99999999913598,5.002650782624367e-40
2024-10-29,2,risk_on,1.4246956365543826e-10,2.2360168886808495e-09,0.9999999976207619,2.5611106433117876e-40
2024-10-30,2,risk_on,2.1805832453501045e-11,4.387259298324278e-11,0.9999999999345164,1.6188367018719745e-38
2024-10-31,2,risk_on,7.100261139054526e-10,1.7029195680914208e-09,0.9999999975862011,1.091506048704998e-43
2024-11-01,2,risk_on,4.1824097603285736e-10,4.694515163523293e-10,0.9999999991123332,9.770211325818506e-45
2024-11-04,2,risk_on,2.998869265304308e-10,7.686658747426177e-09,0.9999999920128175,1.0212587075977866e-47
2024-11-05,2,risk_on,1.3174996744225216e-09,5.663205845436565e-08,0.9999999420506372,3.2609941594066116e-50
2024-11-06,2,risk_on,5.749819100544793e-11,3.8725227105495334e-08,0.9999999612173277,1.504834240422481e-41
2024-11-07,2,risk_on,2.9226167670847605e-10,1.6910053901816763e-07,0.9999998306066261,7.534286512702005e-42
2024-11-08,2,risk_on,3.2162768761133483e-10,2.3832359873063896e-07,0.9999997613540756,2.0530694338989762e-42
2024-11-11,2,risk_on,1.9220160129972937e-10,2.1362500616594162e-07,0.9999997861832755,1.1953639948008118e-40
2024-11-12,2,risk_on,4.55586827852801e-10,6.241515815876501e-08,0.9999999371284523,8.316562109550584e-40
2024-11-13,2,risk_on,6.07846531063244e-10,1.115319476434293e-07,0.9999998878593096,8.270522178565954e-43
2024-11-14,2,risk_on,2.602904434879954e-10,9.807293469865393e-08,0.9999999016672567,1.4776898164359867e-42
2024-11-15,2,risk_on,4.30196511749945e-10,1.445106448226003e-07,0.9999998550592969,6.658128986714307e-42
2024-11-18,2,risk_on,2.7116319107606377e-10,1.39947660899804e-07,0.9999998597813927,3.593657311584147e-43
2024-11-19,2,risk_on,8.908679737606095e-11,1.653081362021366e-07,0.9999998346029452,6.775480190237968e-45
2024-11-20,2,risk_on,8.305814982224326e-11,1.295846735052528e-07,0.9999998703315298,6.2595597426058236e-43
2024-11-21,2,risk_on,5.158461685960346e-11,7.82629618163454e-08,0.9999999216852333,3.8442129819942765e-42
2024-11-22,2,risk_on,7.423822352219304e-11,9.130289461258781e-08,0.9999999086230715,2.722963888794846e-41
2024-11-25,2,risk_on,1.9912880272834836e-10,1.4776411538335114e-07,0.999999852036137,4.4008877608908995e-44
2024-11-26,2,risk_on,1.6660516613300397e-10,1.7167150935594336e-07,0.9999998281619048,9.468904167532394e-44
2024-11-27,2,risk_on,1.6446646036283546e-10,2.5618960597935476e-07,0.9999997436462182,1.1368299925729529e-42
2024-11-29,2,risk_on,7.307860144917779e-10,1.784661724131871e-07,0.999999820802275,8.63073541113674e-45
2024-12-02,2,risk_on,4.493492401370343e-09,9.651232254328991e-08,0.9999998989933425,1.5292924605120904e-49
2024-12-03,2,risk_on,1.6562155475430363e-09,1.986611377280781e-08,0.9999999784777176,1.177770267161771e-51
2024-12-04,2,risk_on,1.3350338079964975e-09,5.6013117819483566e-09,0.9999999930641934,6.048239804138106e-53
2024-12-05,2,risk_on,1.6928041422147254e-09,2.5367926624727184e-08,0.999999972938895,5.80491645867753e-51
2024-12-06,2,risk_on,4.1335210590380636e-09,7.43137631089834e-08,0.9999999215524471,8.030228091749104e-55
2024-12-09,2,risk_on,6.041324260003999e-10,1.5494715345840977e-07,0.9999998444491333,7.226174196987856e-55
2024-12-10,2,risk_on,6.683036271837767e-10,5.69721503884095e-07,0.9999994296105604,1.3510288026026934e-56
2024-12-11,2,risk_on,7.716001534150356e-10,3.484865592530378e-07,0.9999996507413625,1.4715160758938235e-55
2024-12-12,2,risk_on,5.137038747165214e-10,2.5135031970362887e-07,0.999999748135483,1.509248589860108e-59
2024-12-13,2,risk_on,1.4881329112682537e-10,2.359513809492302e-07,0.9999997639006603,7.7003796238139965e-59
2024-12-16,2,risk_on,1.3956434335658848e-10,1.1068481119322157e-07,0.9999998891762577,1.5256568420949246e-60
2024-12-17,2,risk_on,3.2632523959333544e-11,1.8635405591328885e-06,0.9999981364270837,2.031190474564748e-57
2024-12-18,2,risk_on,1.1253182286264463e-09,0.0024970345760007492,0.997502964298701,2.3597027553702541e-60
2024-12-19,2,risk_on,4.52299416085721e-10,0.00015013420337284096,0.999849865344881,4.2146935352479566e-63
2024-12-20,2,risk_on,1.5352795493781796e-10,5.716647814729831e-07,0.9999994281808356,5.3018135254225923e-67
2024-12-23,2,risk_on,1.446178457787985e-10,3.631883225597088e-07,0.9999996366678466,3.557126041139566e-66
2024-12-24,2,risk_on,3.285126342770301e-10,8.100467016497929e-07,0.9999991896241782,2.9766901466983544e-66
2024-12-26,2,risk_on,3.468544342296152e-10,1.4040495513271363e-06,0.9999985956029235,2.643706904809469e-66
2024-12-27,2,risk_on,2.727015495205435e-10,2.167120122713877e-06,0.9999978326073529,1.0914416993710257e-67
2024-12-30,2,risk_on,5.655422659574578e-10,5.004378054699713e-06,0.999994995055905,1.1441079044356126e-63
2024-12-31,2,risk_on,3.0521033073586476e-09,3.717487587707051e-06,0.9999962794605471,8.664097602598248e-63
2025-01-02,2,risk_on,5.672613286962301e-09,4.513769512569479e-06,0.9999954805582356,5.688837944596411e-63
2025-01-03,2,risk_on,7.330590265243899e-09,3.877896860788286e-06,0.9999961147716918,1.9024244324256227e-61
2025-01-06,2,risk_on,8.165716025367653e-09,3.797230412363752e-06,0.9999961946031918,2.530291882855702e-63
2025-01-07,2,risk_on,3.106254474096189e-08,1.5263094144886638e-06,0.9999984426279601,5.747145481063838e-62
2025-01-08,2,risk_on,5.8502081561413245e-08,1.7369587849903347e-06,0.9999982045390172,2.7310930455813967e-61
2025-01-10,2,risk_on,1.121301139569192e-07,6.805554139435348e-07,0.999999207313836,3.8643225899648996e-62
2025-01-13,2,risk_on,5.901220260263679e-07,1.1237487351114113e-06,0.9999982861296438,3.6322965150539543e-62
2025-01-14,2,risk_on,1.5161969085965066e-07,9.462358514478553e-07,0.9999989021440912,1.2336970338148438e-65
2025-01-15,2,risk_on,6.216903167075342e-09,7.547219877629189e-06,0.9999924465640707,5.711573525321433e-76
2025-01-16,2,risk_on,4.14047455470476e-10,6.781974199912124e-06,0.9999932176117812,8.166652498409967e-81
2025-01-17,2,risk_on,4.2596819575996304e-10,4.208880433958854e-06,0.9999957906927563,1.5067107674734983e-80
2025-01-21,2,risk_on,8.917182083890746e-10,6.005855564408286e-06,0.9999939932530068,5.942408643898251e-81
2025-01-22,2,risk_on,6.814116056840093e-08,2.815550186313874e-06,0.9999971163093248,9.062608187695855e-83
2025-01-23,2,risk_on,2.265334901999938e-09,5.873928506161258e-08,0.9999999389947353,4.6225455555176205e-84
2025-01-24,2,risk_on,3.693379495203145e-10,3.866097948692319e-08,0.9999999609699451,4.9264593849157744e-85
2025-01-27,2,risk_on,5.300423256695494e-11,2.127718994293219e-08,0.9999999786705305,2.2847094143511165e-79
2025-01-28,2,risk_on,2.5156146069853164e-10,1.3157291824397403e-07,0.9999998681760276,1.5457937276465027e-79
2025-01-29,2,risk_on,1.0324362840300654e-10,1.3970205788961987e-07,0.9999998601943032,1.409326542307489e-79
2025-01-30,2,risk_on,1.0262466844647305e-10,1.952355318765824e-08,0.9999999803731046,9.958964317690259e-81
2025-01-31,2,risk_on,3.742475602138298e-10,3.8902743139579464e-08,0.9999999607225626,5.46217258200044e-79
2025-02-03,2,risk_on,1.0495859456206964e-09,5.412366515064762e-08,0.999999944826415,8.640972985354514e-78
2025-02-04,2,risk_on,1.2178931234570165e-10,3.3031657586815833e-09,0.999999996574843,5.912793488260943e-80
2025-02-05,2,risk_on,8.595985728290913e-11,7.006460400778377e-10,0.9999999992141966,1.0376589268044915e-83
2025-02-06,2,risk_on,1.0670769752049493e-10,6.252488141874872e-10,0.9999999992687663,1.5455041706205034e-85
2025-02-07,2,risk_on,8.118063841183643e-11,4.101201033912571e-10,0.9999999995088729,6.654338515224566e-88
2025-02-10,2,risk_on,1.2550088444526777e-13,7.511608190383034e-13,1.0,2.4197006884617165e-116
2025-02-11,2,risk_on,7.0100447868371e-13,1.085892779706445e-13,1.0,4.822487689023695e-116
2025-02-12,2,risk_on,3.330143274164838e-13,3.577182781720511e-13,1.0,7.968797558021876e-116
2025-02-13,2,risk_on,1.4878143835413706e-13,9.478409535831146e-15,1.0,5.327435870957239e-121
2025-02-14,2,risk_on,1.0893099130222938e-13,5.700327851268654e-13,1.0,6.7426973631061315e-121
2025-02-18,2,risk_on,2.3393501627415004e-13,1.2069615908449042e-11,0.9999999999872671,3.5564110661235215e-119
2025-02-19,2,risk_on,8.20360925792915e-14,6.440891580469478e-12,0.999999999992724,1.8434947675415272e-121
2025-02-20,2,risk_on,8.260378960896922e-14,1.4514064174122408e-11,0.9999999999854481,4.4148445769849985e-118
2025-02-21,2,risk_on,5.828629316298085e-13,1.0438212792264074e-10,0.9999999998944986,1.6064972339979649e-106
2025-02-24,2,risk_on,5.550517603895497e-13,8.221426103897754e-11,0.9999999999163265,1.0615417889564644e-105
2025-02-25,2,risk_on,2.355176828501752e-12,1.591395835279497e-10,0.9999999998381099,3.730616239870712e-100
2025-02-26,2,risk_on,4.672797458283943e-12,1.0811732489326971e-10,0.9999999998872227,7.182358895538386e-100
2025-02-27,2,risk_on,1.0447635547423134e-11,3.562520886861677e-09,0.9999999964275048,9.408071159116196e-102
2025-02-28,2,risk_on,1.4560693725151776e-12,4.596199001824247e-11,0.9999999999527063,8.574960029358831e-107
2025-03-03,2,risk_on,7.545615910549598e-12,1.901575452571315e-09,0.9999999980900611,1.486021820207016e-100
2025-03-04,2,risk_on,4.473005787216017e-11,2.0505608792841794e-08,0.9999999794490579,1.0659706865880321e-103
2025-03-05,2,risk_on,6.576995308914254e-12,1.0822231397049921e-07,0.9999998917719554,1.4886780899071932e-98
2025-03-06,2,risk_on,6.346763998396072e-10,0.0021012933912460258,0.9978987059746669,2.701936073919084e-95
2025-03-07,2,risk_on,2.6232662029071534e-09,0.059367057964989534,0.9406329394118742,3.117883136031383e-95
2025-03-10,1,recovery_or_normalization,3.7427792226391e-09,0.9999650423759129,3.4953881247899e-05,5.220059573259218e-81
2025-03-11,1,recovery_or_normalization,2.5740254727341776e-09,0.9999999969677447,4.5881954393047166e-10,5.05713201096796e-83
2025-03-12,1,recovery_or_normalization,4.919420759550001e-09,0.9999999943502189,7.31173944899151e-10,1.624637298476049e-81
2025-03-13,1,recovery_or_normalization,6.895225604251437e-09,0.9999999931042112,4.853786592970851e-13,4.138784349229337e-78
2025-03-14,1,recovery_or_normalization,7.292880703807983e-09,0.9999999922310963,4.761788867812446e-10,3.023027512869651e-75
2025-03-17,1,recovery_or_normalization,4.7425812058902245e-09,0.9999999807478164,1.4508750967354258e-08,2.915247223650348e-78
2025-03-18,1,recovery_or_normalization,2.5583782107497897e-09,0.9999999973479134,9.362312478662125e-11,4.3164274937638614e-76
2025-03-19,1,recovery_or_normalization,3.472657940921323e-09,0.9999999901228875,6.404470465923994e-09,6.914120840261268e-78
2025-03-20,1,recovery_or_normalization,1.6867135188629021e-09,0.9999999963401933,1.9732222279910477e-09,3.988933155330353e-78
2025-03-21,1,recovery_or_normalization,1.6208461960058516e-09,0.9999999978208507,5.575554787445688e-10,3.5584695689790676e-77
2025-03-24,1,recovery_or_normalization,5.3787550698719705e-09,0.9999999886313162,5.990392055549692e-09,2.1364509505443406e-62
2025-03-25,1,recovery_or_normalization,8.026619759872948e-09,0.9999999869232852,5.050321996015568e-09,6.822806028443443e-63
2025-03-26,1,recovery_or_normalization,5.9407075550282e-09,0.999999993982783,7.638036248144644e-11,1.6794287969589282e-62
2025-03-27,1,recovery_or_normalization,1.0432623894780574e-08,0.9999999894898792,7.818138600550224e-11,2.447236456009388e-63
2025-03-28,1,recovery_or_normalization,1.9382492106214526e-08,0.9999999806168491,7.9854684926588e-15,8.569010678589465e-58
2025-03-31,1,recovery_or_normalization,2.0337545538311097e-08,0.9999999796473278,1.49354564373991e-11,6.381805007022279e-58
2025-04-01,1,recovery_or_normalization,7.293040506156376e-08,0.9999999270585276,1.1894963698932808e-11,2.616049315446113e-54
2025-04-02,1,recovery_or_normalization,3.6012768863762783e-07,0.9999996398165161,5.500752927418962e-11,3.7929661436292415e-57
2025-04-03,1,recovery_or_normalization,2.8955785928397377e-09,0.9999999971041689,1.5906128250048677e-22,6.626793009965455e-56
2025-04-04,1,recovery_or_normalization,1.029073799621808e-12,0.999999999998181,7.034696299611937e-43,1.4173079288590227e-44
2025-04-07,1,recovery_or_normalization,1.1589133263542183e-12,0.999999999998181,1.8737951012722813e-44,3.530524321280641e-46
2025-04-08,1,recovery_or_normalization,4.190331667493782e-14,1.0,3.3425594444792613e-47,4.890869720346511e-46
2025-04-09,1,recovery_or_normalization,4.765877181375255e-14,1.0,3.494540551882916e-48,1.8685212048563674e-52
2025-04-10,1,recovery_or_normalization,8.030489647928981e-20,1.0,1.7165292422781156e-64,4.591644437610683e-63
2025-04-11,1,recovery_or_normalization,4.013703056960939e-18,1.0,5.272940795214178e-64,1.4055658725955156e-62
2025-04-14,1,recovery_or_normalization,1.2721886750519778e-20,1.0,1.723547265599402e-64,1.49804620918615e-70
2025-04-15,1,recovery_or_normalization,1.3248596895745704e-21,1.0,2.4862587578877675e-66,2.1117683243074344e-71
2025-04-16,1,recovery_or_normalization,2.622768106149598e-21,1.0,2.021186177505162e-72,2.302948180943674e-70
2025-04-17,1,recovery_or_normalization,3.308428714854808e-22,1.0,9.088110412274082e-75,4.781539768877432e-71
2025-04-21,1,recovery_or_normalization,1.919082768674543e-22,1.0,2.9964629105859854e-81,3.314594809805212e-76
2025-04-22,1,recovery_or_normalization,9.57091835702808e-24,1.0,7.456282781746084e-78,2.5753278151188276e-77
2025-04-23,1,recovery_or_normalization,1.3859033178403113e-25,1.0,3.9759519413413546e-74,8.074445014483015e-82
2025-04-24,1,recovery_or_normalization,7.755164655753993e-27,1.0,7.865451096029382e-71,2.8867989088415135e-81
2025-04-25,1,recovery_or_normalization,1.3371220276409819e-25,1.0,5.420607528955058e-70,8.602284556881086e-82
2025-04-28,1,recovery_or_normalization,1.069207615226531e-25,1.0,4.420767687567492e-69,1.6247456929290688e-79
2025-04-29,1,recovery_or_normalization,1.3990871876412066e-22,1.0,8.733157787132625e-67,1.1216686545751113e-77
2025-04-30,1,recovery_or_normalization,7.476779670704565e-23,1.0,4.62441812227032e-64,3.790712918548354e-76
2025-05-01,1,recovery_or_normalization,1.7323411657409099e-22,1.0,5.54516945958629e-63,3.042839454783166e-75
2025-05-02,1,recovery_or_normalization,1.3990987805502158e-23,1.0,2.8663954429107695e-62,1.8186133588232986e-58
2025-05-05,1,recovery_or_normalization,2.372812956439011e-09,0.9999999976280378,1.4812105268828391e-55,1.662132909176262e-45
2025-05-06,0,inflation_rates_shock,0.9969220547657492,0.003077945234930009,9.996713588302057e-53,3.4506299988141594e-42
2025-05-07,0,inflation_rates_shock,0.999999675028501,3.249707258245369e-07,3.3563426005590726e-55,3.6257101774651444e-42
2025-05-08,0,inflation_rates_shock,1.0,1.1234659763646289e-14,4.8711667021692615e-60,6.990915512799973e-42
2025-05-09,0,inflation_rates_shock,0.999999999998181,1.4934373385159882e-12,1.4134990069323834e-39,2.9441085170515174e-62
2025-05-12,0,inflation_rates_shock,1.0,1.0237239877477824e-16,2.7734631888880506e-42,8.359803498217413e-62
2025-05-13,0,inflation_rates_shock,1.0,1.8800113898854638e-16,2.555251606019265e-37,1.5412215152406207e-64
2025-05-14,0,inflation_rates_shock,1.0,1.1002310858383885e-15,5.162770402318743e-38,1.179596394644116e-65
2025-05-15,0,inflation_rates_shock,1.0,1.936974360512087e-15,2.8521293959444644e-38,9.811996281642424e-66
2025-05-16,0,inflation_rates_shock,1.0,1.1666188554340552e-16,4.974794900739039e-41,4.987405897995021e-66
2025-05-19,0,inflation_rates_shock,1.0,2.0366655992537338e-16,8.547296062662598e-41,1.1950989706968856e-67
2025-05-20,0,inflation_rates_shock,1.0,4.8593447502852234e-18,3.4136770174419113e-44,1.1575172795325572e-68
2025-05-21,0,inflation_rates_shock,1.0,1.5424403348938073e-17,6.4923451935926366e-43,2.2932497477024814e-72
2025-05-22,0,inflation_rates_shock,1.0,1.0911112847743379e-17,2.3883209680748993e-42,7.611253793987933e-76
2025-05-23,0,inflation_rates_shock,1.0,5.662244692391788e-19,5.316800475938343e-40,2.0203075477696528e-75
2025-05-27,0,inflation_rates_shock,1.0,1.48402293278728e-18,5.837414564540819e-40,5.516039389458387e-81
2025-05-28,0,inflation_rates_shock,1.0,7.198930258152321e-19,1.2402723856143854e-40,2.7530139704150724e-79
2025-05-29,0,inflation_rates_shock,1.0,1.3444243584408478e-18,7.73433055914995e-39,4.736077242589631e-78
2025-05-30,0,inflation_rates_shock,1.0,1.9746231081538355e-19,1.897521873086456e-38,1.75111610684654e-74
2025-06-02,0,inflation_rates_shock,1.0,4.351290276268254e-19,2.0434739399144805e-36,5.897425738848727e-75
2025-06-03,0,inflation_rates_shock,1.0,6.073308016491201e-20,1.3614770961162743e-36,2.7581197398745133e-75
2025-06-04,0,inflation_rates_shock,1.0,4.897222413077364e-20,2.5745015238124878e-36,2.447159534092289e-76
2025-06-05,0,inflation_rates_shock,1.0,3.675543217212697e-20,1.9710485567267825e-36,3.881147819590993e-73
2025-06-06,0,inflation_rates_shock,1.0,3.089873824849029e-20,1.2101497489208403e-36,8.872615993400499e-71
2025-06-09,0,inflation_rates_shock,1.0,1.7196183088730943e-20,2.1318264139498554e-35,1.295879313146647e-75
2025-06-10,0,inflation_rates_shock,1.0,6.22142806982438e-21,1.0693207920349283e-35,1.225376504860797e-74
2025-06-11,0,inflation_rates_shock,1.0,9.797816629992551e-26,1.8982058300044682e-39,1.362543779557858e-81
2025-06-12,0,inflation_rates_shock,1.0,2.348175891846365e-27,2.2182045065086147e-39,3.951411280428869e-83
2025-06-13,0,inflation_rates_shock,1.0,1.963971257240181e-26,1.1770539099700108e-35,1.21724465367952e-84
2025-06-16,0,inflation_rates_shock,1.0,1.3290525866882226e-25,4.0422252771636913e-35,6.5294805623059914e-83
2025-06-17,0,inflation_rates_shock,1.0,5.4192596254868286e-27,7.442522193782875e-35,5.191200624773798e-80
2025-06-18,0,inflation_rates_shock,1.0,2.683407795825251e-26,2.8868154802386007e-35,1.2830216347640103e-79
2025-06-20,0,inflation_rates_shock,1.0,6.489326043276358e-27,2.082478176627592e-35,1.2778748605958604e-80
2025-06-23,0,inflation_rates_shock,1.0,6.883987922582637e-28,4.560625393684838e-34,7.174214714817616e-83
2025-06-24,0,inflation_rates_shock,1.0,7.23225128200668e-27,1.9466853507433537e-33,1.9677858729501836e-86
2025-06-25,0,inflation_rates_shock,1.0,4.6360389438637504e-27,5.234705096075357e-34,1.219149581424741e-85
2025-06-26,0,inflation_rates_shock,1.0,3.992615852408691e-31,4.498881345774878e-37,2.4944116653899868e-86
2025-06-27,0,inflation_rates_shock,1.0,5.126687238052713e-30,1.1933394879852531e-37,1.3199128356906233e-86
2025-06-30,0,inflation_rates_shock,1.0,1.2246581565799025e-30,2.3593064548283537e-37,2.450325466317208e-90
2025-07-01,0,inflation_rates_shock,1.0,6.578191234300816e-29,8.38761057821049e-38,5.51124708169892e-89
2025-07-02,0,inflation_rates_shock,1.0,2.4984675448898986e-29,5.299081366759842e-38,1.2457762750646609e-89
2025-07-03,0,inflation_rates_shock,1.0,6.307744649479481e-29,2.190646946380661e-38,1.2366017985665397e-88
2025-07-07,0,inflation_rates_shock,1.0,3.3751403489461277e-28,6.836863188860862e-35,9.377442959297922e-90
2025-07-08,0,inflation_rates_shock,1.0,1.3961878608568788e-29,1.1081613689259856e-31,4.495468009770823e-101
2025-07-09,0,inflation_rates_shock,1.0,3.9128207927492607e-33,9.860216840093495e-34,4.7612998084578235e-105
2025-07-10,0,inflation_rates_shock,1.0,3.6604474004664105e-31,2.930322631196756e-29,2.4859016386182905e-105
2025-07-11,2,risk_on,0.000466194410510929,4.495446286052207e-12,0.9995338055846833,1.2702301068097623e-112
2025-07-14,2,risk_on,2.807844196821123e-06,1.209431669343217e-12,0.999997192153691,3.4197157521329268e-90
2025-07-15,2,risk_on,2.5269399239508628e-09,1.1661203354796888e-11,0.9999999974606908,1.3246878384242936e-91
2025-07-16,2,risk_on,2.0042264640415872e-10,2.6450034648884983e-12,0.9999999997962732,6.87522642424199e-92
2025-07-17,2,risk_on,1.2600214690163889e-09,1.657340118370022e-12,0.9999999987376214,1.0121907877110479e-92
2025-07-18,2,risk_on,1.5504794162982463e-09,6.077422653814852e-13,0.999999998448402,4.027504715340624e-97
2025-07-21,2,risk_on,6.061638692161519e-10,1.759468024877813e-13,0.9999999993942765,1.4804382893010475e-94
2025-07-22,2,risk_on,9.775594125077975e-08,1.8765768985820782e-12,0.9999999022420573,9.050528219158269e-81
2025-07-23,2,risk_on,1.7007774013656646e-08,1.0035462398987155e-10,0.9999999828924048,1.16726298684711e-77
2025-07-24,2,risk_on,3.4087306049697762e-09,2.787748913383259e-10,0.9999999963129085,1.5548065392504794e-76
2025-07-25,2,risk_on,7.014783188460269e-10,6.868022717630665e-10,0.9999999986121111,5.836689459029316e-72
2025-07-28,2,risk_on,3.6733458934155445e-10,3.8026727396705764e-09,0.9999999958308763,5.581441797459639e-72
2025-07-29,2,risk_on,6.634595682247846e-10,1.329703248483949e-09,0.9999999980063876,1.4192697296040429e-69
2025-07-30,2,risk_on,1.1926453545208286e-09,1.2234344216632118e-08,0.9999999865722202,5.475664234550855e-69
2025-07-31,2,risk_on,4.646235894547158e-10,6.169480065279145e-09,0.9999999933661456,1.1942802104615082e-68
2025-08-01,2,risk_on,6.558443042092496e-10,1.6843046168339833e-08,0.999999982501322,1.2878645136564982e-63
2025-08-04,2,risk_on,9.877996014698047e-11,1.1680465410999438e-09,0.9999999987339834,1.2047987509459482e-70
2025-08-05,2,risk_on,2.424489234375886e-10,1.877192024059142e-09,0.9999999978808773,1.938693937334711e-67
2025-08-06,2,risk_on,3.42080642967719e-10,5.606311989964178e-10,0.9999999990977813,1.8537461596681264e-67
2025-08-07,2,risk_on,1.9016405838001742e-10,3.3032822298128462e-09,0.9999999965057214,5.4823461246259615e-67
2025-08-08,2,risk_on,1.5327599366452182e-10,2.6060804701367263e-09,0.9999999972405931,1.1714637837034871e-68
2025-08-11,2,risk_on,1.2013008627598795e-10,9.33406872616448e-10,0.9999999989468051,2.663753520198713e-71
2025-08-12,2,risk_on,1.5341301334928042e-12,2.9918713866196216e-10,0.9999999996998667,1.3410790628831476e-82
2025-08-13,2,risk_on,2.035592653849624e-12,6.039578483228187e-12,0.999999999992724,1.28527989212346e-85
2025-08-14,2,risk_on,9.72905554380993e-13,8.47573871790063e-11,0.9999999999145075,5.632408349676606e-85
2025-08-15,2,risk_on,1.099799487528096e-12,4.755984264685655e-10,0.9999999995234248,1.0803194320009267e-85
2025-08-18,2,risk_on,4.816548707159372e-13,6.871649839838907e-10,0.999999999312422,1.7911094908194776e-85
2025-08-19,2,risk_on,6.421908497639446e-13,2.7268485031612484e-09,0.9999999972733349,9.371899754833481e-83
2025-08-20,2,risk_on,8.123266391073098e-13,4.608615485882775e-09,0.9999999953906809,2.7477972911880584e-79
2025-08-21,2,risk_on,1.7863790235113588e-11,2.3543144588825678e-08,0.9999999764386306,7.713474984932443e-68
2025-08-22,2,risk_on,1.2946693600866257e-11,1.9601000234729227e-09,0.9999999980263965,2.8987120905386824e-72
2025-08-25,2,risk_on,2.120881057718055e-11,1.03099010375854e-08,0.9999999896681402,2.8116429780530747e-71
2025-08-26,2,risk_on,3.214445385441985e-11,2.636606115311001e-08,0.9999999736010071,2.75464145950454e-63
2025-08-27,2,risk_on,1.0219992485048352e-10,4.925254250498871e-08,0.9999999506453617,4.165841661408754e-60
2025-08-28,2,risk_on,1.3042913238903292e-10,2.170766073633848e-08,0.9999999781612134,1.554867396446266e-59
2025-08-29,2,risk_on,4.4438476639983465e-11,7.1376926190968835e-09,0.9999999928186298,1.0438879642903034e-62
2025-09-02,2,risk_on,1.0360023817077822e-11,3.351975681082665e-08,0.9999999664705689,1.4081644731029124e-66
2025-09-03,2,risk_on,1.91100916833905e-12,1.3456783451514016e-08,0.9999999865412974,2.307644873046749e-71
2025-09-04,2,risk_on,2.0138809300611515e-12,3.610763975587601e-09,0.999999996387487,1.4919675411209266e-74
2025-09-05,2,risk_on,2.684547308199083e-12,3.024558008055357e-09,0.9999999969732016,6.800034132035393e-73
2025-09-08,2,risk_on,7.5296699643299e-13,5.662856249605856e-10,0.9999999994324753,1.8219232191064267e-80
2025-09-09,2,risk_on,5.323033783208346e-13,7.962403417891373e-10,0.9999999992032826,1.2715364621876979e-79
2025-09-10,2,risk_on,1.238375471456898e-12,3.497239566525743e-10,0.999999999648935,6.226180079911928e-80
2025-09-11,2,risk_on,6.129538516468199e-13,3.466089863833248e-11,0.9999999999654392,2.349218685039551e-81
2025-09-12,2,risk_on,9.555621567273402e-13,4.753796915150524e-10,0.9999999995234248,1.4930557583991688e-79
2025-09-15,2,risk_on,1.1658269787885833e-11,2.740209005852622e-10,0.9999999997144187,1.2625668788592905e-73
2025-09-16,2,risk_on,4.2587873584902775e-12,4.212690754102049e-11,0.9999999999527063,4.203386949061185e-80
2025-09-17,2,risk_on,8.555763978421566e-13,7.2376763349827995e-12,0.999999999992724,8.556709726471046e-86
2025-09-18,2,risk_on,1.8599477133560995e-12,2.3433381096192782e-11,0.9999999999745341,1.433668159773265e-82
2025-09-19,2,risk_on,3.969807260421248e-12,2.8566287773931313e-11,0.9999999999672582,4.999572352298285e-80
2025-09-22,2,risk_on,1.178250895961416e-11,2.4321630946940985e-11,0.9999999999636202,4.525836258361731e-78
2025-09-23,2,risk_on,7.940531681819994e-12,1.4021411597729977e-09,0.9999999985902832,2.9699181272407614e-74
2025-09-24,2,risk_on,1.0912715908973152e-11,1.2052769445130296e-09,0.9999999987830961,4.39612199242202e-75
2025-09-25,2,risk_on,9.904553121876351e-12,5.138027795699535e-09,0.99999999485226,2.6607463155244212e-73
2025-09-26,2,risk_on,5.55706980067622e-12,4.838967654192588e-09,0.9999999951560312,1.8849226544288907e-74
2025-09-29,2,risk_on,7.958286339855585e-12,5.728654510991602e-09,0.9999999942629074,5.790321699095843e-74
2025-09-30,2,risk_on,1.0256052884617352e-11,5.6694057364774594e-09,0.9999999943211151,3.695415252908018e-74
2025-10-01,2,risk_on,9.212599243828652e-12,5.794266464584384e-10,0.9999999994106474,7.056665238370577e-77
2025-10-02,2,risk_on,4.406168730034513e-12,1.6161525789170938e-09,0.9999999983792804,1.3905573518535115e-79
2025-10-03,2,risk_on,1.2679337078413215e-11,1.8382498312009985e-08,0.9999999816045604,2.4602372246966553e-74
2025-10-06,2,risk_on,1.3572342962100153e-11,4.140692379262347e-08,0.9999999585797932,7.895719008343053e-72
2025-10-07,2,risk_on,1.922578580386182e-11,1.0278012636757875e-07,0.9999998971998192,1.0982133791040311e-68
2025-10-08,2,risk_on,1.8039963047762318e-11,4.91060837335852e-08,0.9999999508763734,3.1769633311387693e-69
2025-10-09,2,risk_on,2.316895711019834e-11,1.0026332935862133e-07,0.9999998997136622,3.668543180757014e-63
2025-10-10,2,risk_on,1.2181255407917837e-09,3.666278109227349e-06,0.9999963325039012,2.590601256791441e-45
2025-10-13,2,risk_on,5.31111477744258e-10,7.974852760176072e-07,0.9999992019842012,1.5855945629227764e-44
2025-10-14,2,risk_on,1.019530146717234e-09,1.6482164666006488e-06,0.9999983507636856,1.625650372208929e-44
2025-10-15,2,risk_on,1.389784920759269e-09,1.698558541539595e-05,0.9999830130242461,2.5548440690018488e-42
2025-10-16,2,risk_on,1.0575497510349482e-07,0.0013319772129492095,0.9986679170312067,1.1655817620003622e-39
2025-10-17,2,risk_on,5.172591490705186e-09,3.870811583596938e-05,0.9999612867122328,1.8509686893469427e-42
2025-10-20,2,risk_on,1.6609156725361676e-09,2.1683986189369986e-06,0.9999978299407202,1.8888289055911338e-44
2025-10-21,2,risk_on,1.9074078568380625e-09,2.3095213529623294e-06,0.9999976885709995,1.9039703583142797e-46
2025-10-22,2,risk_on,6.435747870527164e-10,6.76933598824362e-07,0.9999993224230388,9.144069475237009e-47
2025-10-23,2,risk_on,6.167856456413386e-10,5.008074831506695e-07,0.9999994985756877,9.375211113623427e-46
2025-10-24,2,risk_on,5.991086730989532e-10,3.0222033059109733e-07,0.9999996971801469,1.3109026237771904e-44
2025-10-27,2,risk_on,6.966897138680084e-10,1.1018190028334792e-07,0.999999889121688,1.605307554180773e-45
2025-10-28,2,risk_on,6.140272309566835e-10,1.0377382120992684e-07,0.9999998956118415,7.080591608292955e-45
2025-10-29,2,risk_on,8.56903100603639e-10,2.8652542661860816e-07,0.9999997126179054,6.992223703562052e-45
2025-10-30,2,risk_on,3.6076429570029096e-10,1.8748304528168032e-07,0.9999998121566199,7.1148208481949155e-53
2025-10-31,2,risk_on,2.2613476789164103e-10,2.3871054862825665e-07,0.9999997610630375,5.395559343594686e-52
2025-11-03,2,risk_on,2.221477627041599e-10,2.597203723447588e-07,0.999999740057353,5.44286807743305e-52
2025-11-04,2,risk_on,1.341467755839475e-10,2.4459324612496226e-07,0.9999997552731956,2.1038892966470657e-53
2025-11-05,2,risk_on,1.6647752297119532e-10,2.2686852754481887e-07,0.9999997729646823,2.4015264532339954e-52
2025-11-06,2,risk_on,1.8009366765795094e-10,1.026705908565046e-06,0.9999989731137063,1.3523816651125516e-49
2025-11-07,2,risk_on,1.6922994400011763e-10,8.263351412333037e-07,0.9999991734952123,2.1049590534741535e-49
2025-11-10,2,risk_on,5.436518251371365e-10,2.426920427688427e-07,0.9999997567647665,7.111468152016387e-52
2025-11-11,2,risk_on,7.072571347686653e-10,5.258649797422397e-07,0.9999994734281722,1.3236786484017373e-51
2025-11-12,2,risk_on,1.6263925291604323e-10,9.998565654258698e-08,0.9999998998519054,8.423521463161708e-54
2025-11-13,2,risk_on,1.0548912754483097e-10,8.755431835164781e-08,0.9999999123410855,2.0181856338336114e-57
2025-11-14,2,risk_on,1.1708506051967445e-09,3.911859905864128e-07,0.9999996076440626,4.386234385608482e-56
2025-11-17,2,risk_on,1.1890358610297914e-10,1.3855462298681585e-07,0.9999998613257145,7.261599962811497e-57
2025-11-18,2,risk_on,3.341739334885876e-10,1.05264440570183e-06,0.9999989470221494,6.770053342826344e-56
2025-11-19,2,risk_on,5.644798053571441e-10,1.3121367915190894e-06,0.9999986872980547,3.015514732949638e-53
2025-11-20,2,risk_on,1.2981361450537531e-08,5.842978857909128e-05,0.9999415572308823,1.5894013459928366e-46
2025-11-21,2,risk_on,1.2910931905383183e-09,5.016743181185291e-06,0.9999949819665228,2.296849676391274e-49
2025-11-24,2,risk_on,1.372312581096414e-10,7.426539590461397e-07,0.999999257208677,1.730483905193202e-55
2025-11-25,2,risk_on,5.188314489128057e-11,3.6751724082034394e-07,0.9999996324314218,3.5005895919009665e-57
2025-11-26,2,risk_on,4.565778778464173e-11,4.504370432516968e-07,0.9999995495164617,1.3532841757931492e-56
2025-11-28,2,risk_on,3.3225408089974895e-10,7.062855491424976e-07,0.9999992933828931,1.103621727425106e-54
2025-12-01,2,risk_on,1.096267539911426e-10,2.2277698520337463e-07,0.9999997771137963,1.0386938343898695e-54
2025-12-02,2,risk_on,6.611399409694874e-11,5.035432103500389e-07,0.9999994963910825,2.7491234637474533e-53
2025-12-03,2,risk_on,5.3226609995742625e-11,7.227128021711271e-07,0.9999992772339167,1.036837967628191e-51
2025-12-04,2,risk_on,6.077581597993496e-11,3.477018227496256e-07,0.9999996522365714,4.725326896748712e-53
2025-12-05,2,risk_on,7.288859203227937e-11,4.447202718949218e-07,0.999999555206258,3.999486838468556e-52
2025-12-08,2,risk_on,6.363681761735112e-11,1.6663558479530312e-07,0.999999833300549,7.411876782736783e-53
2025-12-09,2,risk_on,4.237379698817303e-11,1.1285869152097167e-07,0.999999887098972,5.015430052306055e-52
2025-12-10,2,risk_on,7.417493140218523e-11,3.3415212319656705e-07,0.9999996657734859,6.4757234216947985e-52
2025-12-11,2,risk_on,2.696017126380121e-10,5.775132183083788e-07,0.9999994222163727,6.429329827778858e-52
2025-12-12,2,risk_on,1.00035567451506e-11,5.300041755226995e-07,0.999999469986646,3.8555777073070326e-55
2025-12-15,2,risk_on,2.3003872580409414e-11,3.6596881426714284e-07,0.999999634008485,1.667745197968369e-55
2025-12-16,2,risk_on,2.3073580818062878e-11,4.3453129149893606e-07,0.9999995654453449,4.243604685664279e-54
2025-12-17,2,risk_on,1.218343823723879e-10,2.3365666016251498e-06,0.9999976633107523,5.312519865362978e-54
2025-12-18,2,risk_on,1.5841797230360638e-10,1.1374887410567045e-06,0.9999988623537425,5.882057553446661e-56
2025-12-19,2,risk_on,1.3476785304132838e-10,1.8254891449509846e-06,0.9999981743765896,1.523368853843408e-54
2025-12-22,2,risk_on,2.895243576716935e-09,8.999161282655127e-06,0.9999909979438151,4.986811483161779e-56
2025-12-23,2,risk_on,1.8072864860587627e-10,8.368531912400966e-07,0.9999991629669104,9.966262774527012e-58
2025-12-24,2,risk_on,4.272149457409253e-11,5.075551212349455e-07,0.9999994924020408,1.267030225696548e-59
2025-12-26,2,risk_on,1.28936036454749e-11,2.756732698263056e-07,0.999999724314004,7.296449056890447e-61
2025-12-29,2,risk_on,1.1725487717871716e-11,2.2314939508289243e-07,0.9999997768391289,7.719670591042583e-60
2025-12-30,2,risk_on,8.298757756381038e-12,2.1302879659790547e-07,0.9999997869636217,1.0326440565668473e-60
2025-12-31,2,risk_on,5.7857621650955266e-12,3.0367935387989567e-07,0.9999996963143082,6.231381122719279e-63
2026-01-02,2,risk_on,4.991820275452391e-12,1.5254519816824628e-07,0.9999998474504653,2.696033019621127e-63
2026-01-05,2,risk_on,7.275797043025998e-12,1.1996081916074227e-07,0.9999998800321991,8.388964482057652e-65
2026-01-06,2,risk_on,5.200876936406402e-12,1.3391567080965297e-07,0.9999998660787331,7.812014605626155e-66
2026-01-07,2,risk_on,6.910268351647773e-12,8.728087744207149e-08,0.9999999127121593,3.647558243433733e-66
2026-01-08,2,risk_on,9.330044079389452e-12,6.859608877538137e-08,0.999999931394998,1.3746310709963334e-66
2026-01-09,2,risk_on,9.934936320437439e-12,8.430246163021769e-08,0.9999999156880257,4.7369599382701364e-70
2026-01-12,2,risk_on,1.040387369093363e-14,2.565354940269528e-09,0.9999999974352249,9.044609215086059e-94
2026-01-13,2,risk_on,8.33747146205757e-15,2.6310534540940856e-09,0.9999999973697413,5.3256500386675296e-96
2026-01-14,2,risk_on,9.232161254562676e-15,5.832589944415112e-10,0.9999999994161044,4.90176751811696e-94
2026-01-15,2,risk_on,1.1919152617690022e-14,4.985654555154446e-10,0.9999999995015969,1.5920972065214908e-94
2026-01-16,2,risk_on,1.2664948992045206e-14,3.9651868182989387e-10,0.9999999996034603,7.766057946070406e-100
2026-01-20,2,risk_on,8.980040878016163e-16,2.098120977811354e-10,0.9999999997908162,2.399102445166365e-112
2026-01-21,2,risk_on,1.0234078080376039e-16,6.487653381024791e-11,0.9999999999345164,8.667617737496026e-116
2026-01-22,2,risk_on,1.002409617904093e-16,3.5812108879523954e-11,0.9999999999636202,6.558852989223251e-119
2026-01-23,2,risk_on,7.298215133089517e-17,3.7584226945406996e-11,0.9999999999618012,2.956133311672303e-120
2026-01-26,2,risk_on,1.2592238692164306e-17,1.6274347990710524e-11,0.9999999999836291,5.03994964488987e-126
2026-01-27,2,risk_on,2.988606744714243e-17,1.4657866313396581e-10,0.9999999998526619,1.8112313136812763e-124
2026-01-28,2,risk_on,8.994474575447998e-17,3.4048462879878206e-10,0.999999999659849,8.418781484378609e-124
2026-01-29,2,risk_on,2.195878112214987e-17,2.2491723390865173e-10,0.9999999997744453,1.1819309461332722e-123
2026-01-30,2,risk_on,1.2679188744965833e-17,1.913306492296558e-10,0.9999999998090061,5.293280963254452e-125
2026-02-02,2,risk_on,1.464367764371638e-16,2.0015992799205523e-10,0.9999999997999112,4.687082383157579e-120
2026-02-03,2,risk_on,1.6191725525078653e-16,3.734873822121059e-10,0.9999999996271072,3.185889167819543e-118
2026-02-04,2,risk_on,2.4008853591585998e-17,2.6058333770205404e-10,0.9999999997398845,3.197629747844736e-118
2026-02-05,2,risk_on,6.65637663899201e-16,2.6205327182634335e-09,0.9999999973788363,2.6900597302357698e-107
2026-02-06,2,risk_on,1.6207581300713425e-15,1.0468454790644868e-08,0.999999989531716,6.35502931870853e-111
2026-02-09,2,risk_on,2.2236845726457823e-17,3.4178990747744947e-10,0.99999999965803,3.59722840806081e-120
2026-02-10,2,risk_on,3.7150762272209174e-17,6.967394169632503e-10,0.9999999993033271,1.0928146388302834e-116
2026-02-11,2,risk_on,5.573412970342339e-18,5.666436780926809e-10,0.9999999994324753,3.999701247963777e-117
2026-02-12,2,risk_on,8.888387320580483e-16,3.704353615713111e-09,0.9999999962965376,5.283363620864833e-99
2026-02-13,2,risk_on,4.35202695714979e-16,1.5903635032031436e-09,0.9999999984102033,2.0439843313529502e-98
2026-02-17,2,risk_on,8.389514640862268e-15,1.3967434624325855e-08,0.9999999860319804,1.376849912564096e-89
2026-02-18,2,risk_on,3.2955690482676793e-14,1.2891409135354999e-08,0.9999999871088221,7.621109822606164e-89
2026-02-19,2,risk_on,4.792722367429894e-14,2.696311682269068e-10,0.9999999997307896,1.6343343696236211e-90
2026-02-20,2,risk_on,6.942806469639617e-14,1.4631841003222588e-09,0.9999999985375325,5.7030029837130365e-89
2026-02-23,2,risk_on,1.4531641024118152e-13,4.554595595082165e-09,0.9999999954452505,1.8579497587005565e-87
2026-02-24,2,risk_on,2.4930837097591158e-14,1.4345620006704194e-09,0.9999999985648174,2.9945753852147105e-91
2026-02-25,2,risk_on,3.9451163693580004e-14,4.137634061563963e-09,0.9999999958617991,2.0733998804140005e-90
2026-02-26,2,risk_on,6.88723668291883e-14,1.6335152472030543e-08,0.9999999836654753,1.2405618817549663e-85
2026-02-27,2,risk_on,8.412454391531575e-14,3.312882846674546e-08,0.9999999668707465,1.4933513118824866e-81
2026-03-02,2,risk_on,2.1674456970357114e-12,5.622814940564618e-07,0.9999994377159727,1.0566179793262889e-78
2026-03-03,2,risk_on,4.905740810639048e-12,9.343728586496029e-07,0.9999990656219597,1.4787368598901067e-80
2026-03-04,2,risk_on,4.853492342286861e-12,3.223800661169793e-07,0.999999677615103,1.5351052419417343e-76
2026-03-05,2,risk_on,1.2639603716654511e-11,2.866524388247654e-06,0.9999971334623454,1.307346934395689e-74
2026-03-06,2,risk_on,1.410127485761496e-09,0.0004117855492073665,0.9995882130414137,4.985975054674925e-75
2026-03-09,2,risk_on,3.018836853995331e-11,1.9061830512731087e-06,0.9999980937864145,2.6313443010433958e-82
2026-03-10,2,risk_on,1.2497665666400875e-12,9.222345658946479e-08,0.9999999077754225,7.074330716853962e-86
2026-03-11,2,risk_on,2.8632156329022655e-12,4.512722919867637e-07,0.9999995487252017,7.378095017670462e-83
2026-03-12,2,risk_on,5.440538912317181e-11,3.757987735922944e-06,0.9999962419585828,4.904823094995981e-81
2026-03-13,2,risk_on,2.6221677213493476e-12,1.4052272065613322e-06,0.9999985947698274,1.778692439598147e-81
2026-03-16,2,risk_on,6.084148073214982e-13,1.9051934647734616e-07,0.999999809480887,1.9021370385596085e-86
2026-03-17,2,risk_on,4.307473267746172e-13,8.467181999465197e-08,0.9999999153278658,1.315516290654389e-80
2026-03-18,2,risk_on,8.469811026685184e-12,1.3885589190143608e-07,0.9999998611365396,4.7447359716492684e-82
2026-03-19,2,risk_on,2.0395339341678057e-11,3.515764430387192e-07,0.999999648403962,4.3899823903033704e-80
2026-03-20,2,risk_on,8.426360479777739e-11,7.896247101750848e-07,0.9999992102915193,4.9374467135163616e-89
2026-03-23,2,risk_on,1.8602615682751897e-12,1.5986998704432083e-07,0.9999998401290341,4.146018007278983e-93
2026-03-24,2,risk_on,4.4555174270872365e-12,6.310170998225414e-08,0.9999999368938026,3.882825149600282e-96
2026-03-25,2,risk_on,5.319680156968328e-14,2.427878046281785e-08,0.9999999757219488,3.7347058886795536e-100
2026-03-26,2,risk_on,2.4730894918521902e-12,9.203281098166997e-08,0.9999999079645974,5.053092149149681e-99
2026-03-27,2,risk_on,1.6753206919404232e-10,1.2250600156835153e-05,0.9999877492323401,7.871826281438976e-96
2026-03-30,2,risk_on,4.215223294547351e-10,2.6493640536655206e-05,0.9999735059372141,1.775867842014891e-97
2026-03-31,2,risk_on,8.764583582070134e-15,4.9184271967870465e-08,0.9999999508163467,1.802410543301225e-96
2026-04-01,2,risk_on,4.854977400879215e-14,1.6601871039982672e-08,0.9999999833980838,5.409617575666702e-96
2026-04-02,2,risk_on,2.006046700412169e-13,3.7461071288910484e-08,0.9999999625379139,2.0032111677331732e-95
2026-04-06,2,risk_on,1.2261826037398754e-13,5.461615607326504e-09,0.9999999945375748,2.407891485475213e-94
2026-04-07,2,risk_on,2.483106499152254e-12,2.4830055284928922e-08,0.999999975167157,9.200089822505788e-95
2026-04-08,2,risk_on,1.6231567997518207e-15,1.0081653573307587e-09,0.9999999989922799,8.538513610833929e-100
2026-04-09,2,risk_on,4.600476192741212e-15,1.9387253373509982e-09,0.9999999980609573,1.6635556196292004e-100
2026-04-10,2,risk_on,2.340552075009957e-15,1.9141907917504283e-09,0.9999999980864231,3.17155689235446e-99
2026-04-13,2,risk_on,8.930641728785813e-15,2.1908628784066422e-10,0.9999999997817213,1.6490624091762146e-99
2026-04-14,2,risk_on,3.296915676209525e-14,1.1578870277588336e-10,0.9999999998835847,2.0469263310771705e-101
2026-04-15,2,risk_on,2.6585854806225345e-14,8.898244470106225e-10,0.9999999991105142,2.0943363714582356e-99
2026-04-16,2,risk_on,4.440237860254204e-14,1.371308758930901e-08,0.9999999862866389,1.267575770828024e-97
2026-04-17,2,risk_on,4.286467994828983e-13,4.272106506410828e-10,0.9999999995725375,7.45831761071493e-99
2026-04-20,2,risk_on,1.1882023484097748e-12,1.1125018948630558e-09,0.9999999988867785,1.3749525125733664e-96
2026-04-21,2,risk_on,2.6028745836409983e-11,4.8769977738505775e-12,0.9999999999690772,1.9787995248597728e-89
2026-04-22,2,risk_on,2.1947276491289533e-11,4.654494781840431e-11,0.9999999999308784,3.0397118612707246e-88
2026-04-23,2,risk_on,7.507915355055846e-11,7.050056626043897e-11,0.9999999998544808,4.3437080204036624e-88
2026-04-24,2,risk_on,4.572139138300085e-11,8.892379524584524e-11,0.9999999998653948,3.8642746174135984e-87
2026-04-27,2,risk_on,2.057998522918118e-09,8.616581558318741e-11,0.9999999978554115,1.0210356996521167e-83
2026-04-28,2,risk_on,7.237321348058165e-08,2.6362839112994504e-11,0.9999999276005864,2.1449108428978125e-82
2026-04-29,2,risk_on,8.427228172531789e-08,3.367339821024113e-10,0.9999999153915304,3.193639410202688e-83
2026-04-30,2,risk_on,4.3634274908934886e-10,3.6766913705201367e-09,0.999999995887265,8.245667076959984e-87
2026-05-01,2,risk_on,3.555604390054259e-10,5.622817505737881e-10,0.9999999990814104,1.7468464628613007e-88
2026-05-04,2,risk_on,2.4145539451902743e-10,3.0187219227777816e-09,0.999999996740371,3.385373386579723e-89
2026-05-05,2,risk_on,1.7546045354959382e-10,8.204088637721223e-10,0.9999999990050128,7.936466164881512e-91
2026-05-06,2,risk_on,8.402588081360662e-10,4.911235718446857e-11,0.9999999991105142,5.3462572683963384e-92
2026-05-07,2,risk_on,1.1414795656149136e-11,3.6913377533764025e-10,0.9999999996198312,1.4226861201850291e-102
2026-05-08,2,risk_on,6.3024156192514385e-12,3.37173253142754e-10,0.999999999656211,9.779457733428187e-105
2026-05-11,2,risk_on,1.2598228564710023e-11,6.950321837164074e-10,0.9999999992924131,4.015061626864784e-105
2026-05-12,2,risk_on,6.813407660653172e-13,2.7536197028112235e-10,0.9999999997235136,4.71830859402839e-110
2026-05-13,2,risk_on,7.184604005632897e-13,5.214199361612949e-10,0.99999999947795,1.311291970656673e-111
2026-05-14,2,risk_on,4.6377149024814386e-14,1.75106938522384e-11,0.9999999999818101,3.8955016204712505e-126
2026-05-15,2,risk_on,3.3281701832647104e-14,9.756419234498072e-11,0.9999999999017746,1.631602567603794e-129
2026-05-18,2,risk_on,2.9521205407659316e-14,1.2453620035025742e-10,0.9999999998763087,3.081622401105879e-130
2026-05-19,2,risk_on,6.200822581364673e-14,3.1539574422214963e-10,0.9999999996853148,3.5456863854288626e-128
2026-05-20,2,risk_on,1.3631974243434513e-12,2.810617325651757e-09,0.9999999971878424,6.674674868682842e-119
2026-05-21,3,defensive_risk_off,0.0,0.0,0.0,1.0
