date,regime,regime_label,prob_regime_0,prob_regime_1
2008-01-02,1,risk_on,1.475182775674795e-134,1.0
2008-01-03,1,risk_on,2.7958190408734703e-11,0.9999999999708962
2008-01-04,1,risk_on,2.0383020172189558e-11,0.9999999999781721
2008-01-07,1,risk_on,2.9041967717055526e-11,0.9999999999708962
2008-01-08,1,risk_on,8.47233553459474e-10,0.9999999991523509
2008-01-09,1,risk_on,3.9671641016010745e-09,0.9999999960346031
2008-01-10,1,risk_on,1.3306573989452657e-10,0.9999999998653948
2008-01-11,1,risk_on,6.617157051568945e-11,0.9999999999345164
2008-01-14,1,risk_on,7.526376944061352e-09,0.9999999924730218
2008-01-15,1,risk_on,1.930735463328058e-08,0.9999999806932467
2008-01-16,1,risk_on,1.6101927849423252e-07,0.999999838979433
2008-01-17,1,risk_on,7.857154328275247e-07,0.9999992142841978
2008-01-18,1,risk_on,2.3260985590629964e-08,0.9999999767387637
2008-01-22,1,risk_on,1.0632091529208218e-05,0.9999893679070243
2008-01-23,1,risk_on,3.7970527421998285e-06,0.9999962029468644
2008-01-24,1,risk_on,2.889895449604217e-07,0.9999997110099192
2008-01-25,1,risk_on,9.255306232296028e-08,0.9999999074461855
2008-01-28,1,risk_on,9.872141420596702e-06,0.999990127858454
2008-01-29,1,risk_on,5.7553351069397054e-08,0.9999999424471769
2008-01-30,1,risk_on,8.373438863007439e-10,0.9999999991632649
2008-01-31,1,risk_on,5.323007262908389e-10,0.9999999994688551
2008-02-01,1,risk_on,4.427771605449753e-11,0.9999999999563443
2008-02-04,1,risk_on,1.42321099212204e-11,0.9999999999854481
2008-02-05,1,risk_on,1.1008642956797543e-10,0.9999999998908606
2008-02-06,1,risk_on,5.703009173516588e-10,0.9999999994288373
2008-02-07,1,risk_on,5.227033927444032e-09,0.9999999947722245
2008-02-08,1,risk_on,3.5529691200953246e-10,0.9999999996434781
2008-02-11,1,risk_on,1.4728725472827387e-09,0.9999999985266186
2008-02-12,1,risk_on,8.93286715246295e-11,0.9999999999090505
2008-02-13,1,risk_on,2.4673326402789176e-10,0.9999999997526174
2008-02-14,1,risk_on,1.3089885760636735e-10,0.9999999998690328
2008-02-15,1,risk_on,6.335483659723997e-11,0.9999999999381544
2008-02-19,1,risk_on,1.6484773216479507e-10,0.999999999836291
2008-02-20,1,risk_on,5.607588496397923e-08,0.9999999439241962
2008-02-21,1,risk_on,8.073479852194117e-10,0.9999999991923687
2008-02-22,1,risk_on,3.3403052583197545e-08,0.9999999665960791
2008-02-25,1,risk_on,4.280646815806918e-09,0.9999999957180989
2008-02-26,1,risk_on,2.384460856898629e-10,0.9999999997598934
2008-02-27,1,risk_on,1.2422819040928615e-10,0.9999999998763087
2008-02-28,1,risk_on,2.630876202973004e-11,0.9999999999745341
2008-02-29,1,risk_on,7.546673478258356e-08,0.9999999245337705
2008-03-03,1,risk_on,5.920446701242905e-10,0.9999999994070095
2008-03-04,1,risk_on,2.3474215173860845e-11,0.9999999999781721
2008-03-05,1,risk_on,1.524721178380444e-10,0.9999999998472049
2008-03-06,1,risk_on,1.5034500587310158e-08,0.9999999849642337
2008-03-07,1,risk_on,3.6183352537220615e-08,0.9999999638166635
2008-03-10,1,risk_on,6.022871080250434e-07,0.9999993977146
2008-03-11,1,risk_on,1.2219129054511331e-09,0.9999999987776391
2008-03-12,1,risk_on,8.830174952154138e-09,0.9999999911706254
2008-03-13,1,risk_on,1.3293829359407654e-10,0.9999999998653948
2008-03-14,1,risk_on,3.6128093493433785e-09,0.999999996387487
2008-03-17,1,risk_on,4.620813552276536e-09,0.9999999953797669
2008-03-18,1,risk_on,2.3679351540903073e-09,0.9999999976316758
2008-03-19,1,risk_on,8.25242865571166e-09,0.9999999917490641
2008-03-20,1,risk_on,1.4841984552312153e-10,0.9999999998508429
2008-03-24,1,risk_on,3.6540788704743737e-10,0.9999999996362021
2008-03-25,1,risk_on,2.8535436040151154e-10,0.9999999997162377
2008-03-26,1,risk_on,1.2782497087240003e-11,0.9999999999854481
2008-03-27,1,risk_on,8.289806687070304e-12,0.999999999992724
2008-03-28,1,risk_on,1.0324786532914101e-11,0.9999999999890861
2008-03-31,1,risk_on,3.5551186615038168e-12,0.999999999996362
2008-04-01,1,risk_on,2.816214627148539e-09,0.9999999971842044
2008-04-02,1,risk_on,7.257110462029655e-08,0.9999999274296014
2008-04-03,1,risk_on,3.0982283754477485e-08,0.9999999690189729
2008-04-04,1,risk_on,9.203081527327176e-11,0.9999999999090505
2008-04-07,1,risk_on,1.8491210497897065e-09,0.9999999981519068
2008-04-08,1,risk_on,7.666627922517033e-08,0.9999999233332375
2008-04-09,1,risk_on,1.281470438328207e-07,0.9999998718522047
2008-04-10,1,risk_on,2.118170216846032e-10,0.9999999997889972
2008-04-11,1,risk_on,3.7402556915628117e-10,0.9999999996252882
2008-04-14,1,risk_on,1.2778299825760026e-09,0.9999999987230694
2008-04-15,1,risk_on,5.449408242138928e-09,0.9999999945503077
2008-04-16,1,risk_on,5.866554388049002e-06,0.9999941334453258
2008-04-17,1,risk_on,6.349385265743396e-10,0.9999999993633537
2008-04-18,1,risk_on,5.431555524940822e-10,0.9999999994579412
2008-04-21,1,risk_on,6.199157200013892e-10,0.9999999993815436
2008-04-22,1,risk_on,5.886322526775911e-11,0.9999999999417923
2008-04-23,1,risk_on,1.544445700772593e-11,0.9999999999854481
2008-04-24,1,risk_on,1.7720849541674937e-11,0.9999999999818101
2008-04-25,1,risk_on,6.589815055031905e-11,0.9999999999345164
2008-04-28,1,risk_on,1.758688384701186e-10,0.999999999825377
2008-04-29,1,risk_on,9.075148913515233e-11,0.9999999999090505
2008-04-30,1,risk_on,3.343152865652184e-10,0.999999999665306
2008-05-01,1,risk_on,4.5319380944387177e-10,0.9999999995452526
2008-05-02,1,risk_on,4.0138435055089406e-11,0.9999999999599822
2008-05-05,1,risk_on,8.390548920483842e-11,0.9999999999163265
2008-05-06,1,risk_on,3.771768448089539e-11,0.9999999999636202
2008-05-07,1,risk_on,1.2465176978519632e-10,0.9999999998763087
2008-05-08,1,risk_on,1.3428896270919063e-10,0.9999999998653948
2008-05-09,1,risk_on,1.5713380791211742e-10,0.9999999998435669
2008-05-12,1,risk_on,1.0324318447927023e-10,0.9999999998981366
2008-05-13,1,risk_on,4.2914696246783145e-11,0.9999999999563443
2008-05-14,1,risk_on,1.5609911116173473e-11,0.9999999999854481
2008-05-15,1,risk_on,2.379010271663437e-11,0.9999999999745341
2008-05-16,1,risk_on,3.579466770737637e-11,0.9999999999636202
2008-05-19,1,risk_on,2.91142268526746e-11,0.9999999999708962
2008-05-20,1,risk_on,7.156265997460746e-11,0.9999999999272404
2008-05-21,1,risk_on,3.344044507968878e-10,0.999999999665306
2008-05-22,1,risk_on,3.2492898983111384e-11,0.9999999999672582
2008-05-23,1,risk_on,3.951424091359536e-10,0.9999999996034603
2008-05-27,1,risk_on,5.7433042201823624e-11,0.9999999999417923
2008-05-28,1,risk_on,5.842438392365922e-12,0.999999999992724
2008-05-29,1,risk_on,1.495598000955446e-11,0.9999999999854481
2008-05-30,1,risk_on,5.028871228652549e-11,0.9999999999490683
2008-06-02,1,risk_on,2.4373234319879088e-09,0.9999999975625542
2008-06-03,1,risk_on,3.5517006831456266e-10,0.9999999996434781
2008-06-04,1,risk_on,1.297103649936403e-10,0.9999999998690328
2008-06-05,1,risk_on,1.493665223003162e-10,0.9999999998508429
2008-06-06,1,risk_on,3.807675923789654e-09,0.9999999961910362
2008-06-09,1,risk_on,1.488012674668449e-09,0.9999999985120667
2008-06-10,1,risk_on,1.037602164925327e-10,0.9999999998944986
2008-06-11,1,risk_on,1.1288510316462823e-09,0.9999999988722266
2008-06-12,1,risk_on,3.5796375606048194e-10,0.9999999996434781
2008-06-13,1,risk_on,1.9311659943260123e-10,0.9999999998071871
2008-06-16,1,risk_on,7.191253927432731e-10,0.9999999992796802
2008-06-17,1,risk_on,1.9229887194041166e-10,0.9999999998071871
2008-06-18,1,risk_on,1.6922677248921123e-10,0.999999999829015
2008-06-19,1,risk_on,2.287370647949422e-10,0.9999999997708073
2008-06-20,1,risk_on,2.391544901701096e-11,0.9999999999745341
2008-06-23,1,risk_on,2.0295883322149188e-11,0.9999999999781721
2008-06-24,1,risk_on,6.859030748436169e-11,0.9999999999308784
2008-06-25,1,risk_on,5.231279246170501e-11,0.9999999999490683
2008-06-26,1,risk_on,4.5980753761539084e-08,0.999999954019587
2008-06-27,1,risk_on,5.40471483135172e-08,0.9999999459541883
2008-06-30,1,risk_on,1.3967524000553768e-10,0.9999999998617568
2008-07-01,1,risk_on,6.675033585927136e-11,0.9999999999345164
2008-07-02,1,risk_on,5.07785166739812e-09,0.9999999949213816
2008-07-03,1,risk_on,3.890343655684179e-08,0.9999999610954554
2008-07-07,1,risk_on,2.010368570265719e-08,0.9999999798965293
2008-07-08,1,risk_on,1.2257264773195184e-09,0.9999999987740011
2008-07-09,1,risk_on,1.564397889867457e-08,0.9999999843566912
2008-07-10,1,risk_on,3.416614070134168e-09,0.9999999965839379
2008-07-11,1,risk_on,1.0727762412138833e-09,0.9999999989267963
2008-07-14,1,risk_on,5.0490736474965004e-08,0.9999999495084934
2008-07-15,1,risk_on,1.9635562151316556e-05,0.9999803644386375
2008-07-16,1,risk_on,3.6350059863581556e-08,0.9999999636493164
2008-07-17,1,risk_on,1.3799108169321488e-09,0.999999998621206
2008-07-18,1,risk_on,4.677803407839061e-11,0.9999999999527063
2008-07-21,1,risk_on,6.030814851611194e-11,0.9999999999381544
2008-07-22,1,risk_on,9.966278437696074e-11,0.9999999999017746
2008-07-23,1,risk_on,8.937844556900224e-12,0.999999999992724
2008-07-24,1,risk_on,3.2334405642288494e-11,0.9999999999672582
2008-07-25,1,risk_on,1.8704642110676467e-11,0.9999999999818101
2008-07-28,1,risk_on,2.2921991965253492e-10,0.9999999997708073
2008-07-29,1,risk_on,6.69251116400872e-11,0.9999999999345164
2008-07-30,1,risk_on,3.566075112519925e-11,0.9999999999636202
2008-07-31,1,risk_on,2.2200657101063323e-10,0.9999999997780833
2008-08-01,1,risk_on,4.751119892453189e-10,0.9999999995234248
2008-08-04,1,risk_on,4.358142305209453e-10,0.9999999995634425
2008-08-05,1,risk_on,9.639339406207018e-10,0.9999999990359356
2008-08-06,1,risk_on,3.734462510037729e-10,0.9999999996252882
2008-08-07,1,risk_on,2.068104381506571e-09,0.999999997933628
2008-08-08,1,risk_on,3.4311783071072438e-09,0.999999996569386
2008-08-11,1,risk_on,6.971333338698417e-08,0.9999999302854146
2008-08-12,1,risk_on,1.5195091540407378e-07,0.9999998480489127
2008-08-13,1,risk_on,3.9684697502955906e-07,0.9999996031547985
2008-08-14,1,risk_on,3.200038303341917e-09,0.9999999967985786
2008-08-15,1,risk_on,1.46327658339883e-09,0.9999999985375325
2008-08-18,1,risk_on,3.0090216026057617e-09,0.9999999969913915
2008-08-19,1,risk_on,5.606749387778284e-09,0.9999999943938747
2008-08-20,1,risk_on,1.2503460163877897e-08,0.9999999874962668
2008-08-21,1,risk_on,8.853817906809098e-10,0.9999999991159711
2008-08-22,1,risk_on,1.05710021267329e-08,0.9999999894280336
2008-08-25,1,risk_on,1.4020253933764977e-08,0.9999999859792297
2008-08-26,1,risk_on,7.972374364533214e-08,0.9999999202773356
2008-08-27,1,risk_on,4.932324070971929e-09,0.9999999950669007
2008-08-28,1,risk_on,1.837803372327755e-10,0.9999999998144631
2008-08-29,1,risk_on,7.479340625124604e-10,0.9999999992505764
2008-09-02,1,risk_on,5.922389465549988e-09,0.9999999940773705
2008-09-03,1,risk_on,1.3046391666538842e-08,0.999999986954208
2008-09-04,1,risk_on,1.8621643231398656e-09,0.9999999981373549
2008-09-05,1,risk_on,1.0743589078055944e-08,0.9999999892570486
2008-09-08,1,risk_on,6.060897064216413e-10,0.9999999993924575
2008-09-09,1,risk_on,2.5629506916896517e-09,0.9999999974388629
2008-09-10,1,risk_on,2.372299717720412e-09,0.9999999976280378
2008-09-11,1,risk_on,1.5123990690149208e-07,0.9999998487583185
2008-09-12,1,risk_on,0.00023166501298162794,0.9997683349876982
2008-09-15,0,defensive_risk_off,0.7631610301698026,0.2368389698308561
2008-09-16,0,defensive_risk_off,0.999952716117299,4.7283881959068184e-05
2008-09-17,0,defensive_risk_off,1.0,4.973693493573888e-20
2008-09-18,0,defensive_risk_off,0.9999999999345164,6.533838389883937e-11
2008-09-19,0,defensive_risk_off,1.0,1.4778942435595468e-12
2008-09-22,0,defensive_risk_off,1.0,1.5657115061990022e-13
2008-09-23,0,defensive_risk_off,0.9999999999818101,1.87923318295576e-11
2008-09-24,0,defensive_risk_off,0.999999999996362,3.9383297157524084e-12
2008-09-25,0,defensive_risk_off,1.0,3.2494841841772816e-16
2008-09-26,0,defensive_risk_off,1.0,4.0240332272248557e-19
2008-09-29,0,defensive_risk_off,1.0,2.60617257968754e-32
2008-09-30,0,defensive_risk_off,1.0,3.3357531276197256e-27
2008-10-01,0,defensive_risk_off,1.0,8.590909953176198e-27
2008-10-02,0,defensive_risk_off,1.0,4.566033366189659e-35
2008-10-03,0,defensive_risk_off,1.0,1.2469971234270456e-36
2008-10-06,0,defensive_risk_off,1.0,3.727020587655843e-41
2008-10-07,0,defensive_risk_off,1.0,9.9161430903998e-42
2008-10-08,0,defensive_risk_off,1.0,3.6733873706370225e-55
2008-10-09,0,defensive_risk_off,1.0,2.4231478741565948e-58
2008-10-10,0,defensive_risk_off,1.0,7.733182275430775e-94
2008-10-13,0,defensive_risk_off,1.0,1.4902161844608754e-96
2008-10-14,0,defensive_risk_off,1.0,1.7366919377443267e-76
2008-10-15,0,defensive_risk_off,1.0,2.6295225469110294e-91
2008-10-16,0,defensive_risk_off,1.0,1.7747293855709205e-91
2008-10-17,0,defensive_risk_off,1.0,4.475486153519839e-120
2008-10-20,0,defensive_risk_off,1.0,2.910033781436786e-116
2008-10-21,0,defensive_risk_off,1.0,1.2000109113326575e-107
2008-10-22,0,defensive_risk_off,1.0,3.648862006405077e-112
2008-10-23,0,defensive_risk_off,1.0,2.419876844752215e-107
2008-10-24,0,defensive_risk_off,1.0,2.0111618174454865e-113
2008-10-27,0,defensive_risk_off,1.0,6.681141069772036e-114
2008-10-28,0,defensive_risk_off,1.0,5.070765323692886e-114
2008-10-29,0,defensive_risk_off,1.0,7.683378936295906e-106
2008-10-30,0,defensive_risk_off,1.0,1.901435399322301e-101
2008-10-31,0,defensive_risk_off,1.0,5.770452325425918e-86
2008-11-03,0,defensive_risk_off,1.0,8.1964657576641705e-81
2008-11-04,0,defensive_risk_off,1.0,6.619533304269027e-79
2008-11-05,0,defensive_risk_off,1.0,7.747261791382716e-68
2008-11-06,0,defensive_risk_off,1.0,2.6490416339267275e-60
2008-11-07,0,defensive_risk_off,1.0,4.1837673936285385e-61
2008-11-10,0,defensive_risk_off,1.0,3.963197352679888e-52
2008-11-11,0,defensive_risk_off,1.0,1.6428738436628073e-38
2008-11-12,0,defensive_risk_off,1.0,7.459598763583141e-32
2008-11-13,0,defensive_risk_off,1.0,5.933805804041227e-33
2008-11-14,0,defensive_risk_off,1.0,1.8695678587525125e-27
2008-11-17,0,defensive_risk_off,1.0,1.3740826925520697e-31
2008-11-18,0,defensive_risk_off,1.0,1.2913440231936035e-40
2008-11-19,0,defensive_risk_off,1.0,1.048958317290793e-51
2008-11-20,0,defensive_risk_off,1.0,1.9709025764584347e-61
2008-11-21,0,defensive_risk_off,1.0,1.523230417945569e-55
2008-11-24,0,defensive_risk_off,1.0,3.0697730595402885e-56
2008-11-25,0,defensive_risk_off,1.0,3.533061783263291e-50
2008-11-26,0,defensive_risk_off,1.0,1.1465846097698294e-45
2008-11-28,0,defensive_risk_off,1.0,1.0161171451408663e-64
2008-12-01,0,defensive_risk_off,1.0,5.366398208967924e-70
2008-12-02,0,defensive_risk_off,1.0,2.505862551222075e-63
2008-12-03,0,defensive_risk_off,1.0,5.423074929025736e-65
2008-12-04,0,defensive_risk_off,1.0,1.097491291506913e-69
2008-12-05,0,defensive_risk_off,1.0,1.4702334256937372e-68
2008-12-08,0,defensive_risk_off,1.0,1.4671040552378067e-68
2008-12-09,0,defensive_risk_off,1.0,6.318055571976561e-72
2008-12-10,0,defensive_risk_off,1.0,8.331161835103332e-71
2008-12-11,0,defensive_risk_off,1.0,4.933820147691182e-75
2008-12-12,0,defensive_risk_off,1.0,2.174820387488838e-74
2008-12-15,0,defensive_risk_off,1.0,2.9598864103726158e-68
2008-12-16,0,defensive_risk_off,1.0,5.262024422803248e-68
2008-12-17,0,defensive_risk_off,1.0,1.0819297739743092e-67
2008-12-18,0,defensive_risk_off,1.0,1.2721032048039375e-65
2008-12-19,0,defensive_risk_off,1.0,9.234617711864362e-70
2008-12-22,0,defensive_risk_off,1.0,6.938039211721298e-88
2008-12-23,0,defensive_risk_off,1.0,1.0954847430776352e-91
2008-12-24,0,defensive_risk_off,1.0,1.1578423261372632e-88
2008-12-26,0,defensive_risk_off,1.0,1.5413938475854047e-85
2008-12-29,0,defensive_risk_off,1.0,1.608165101436607e-79
2008-12-30,0,defensive_risk_off,1.0,1.5626835198208524e-76
2008-12-31,0,defensive_risk_off,1.0,3.162703713187448e-89
2009-01-02,0,defensive_risk_off,1.0,3.7692121853369595e-84
2009-01-05,0,defensive_risk_off,1.0,1.5491350467084962e-127
2009-01-06,0,defensive_risk_off,1.0,6.785132543406344e-125
2009-01-07,0,defensive_risk_off,1.0,1.7744154694866075e-114
2009-01-08,0,defensive_risk_off,1.0,7.512793124285083e-104
2009-01-09,0,defensive_risk_off,1.0,3.0396803279129565e-121
2009-01-12,0,defensive_risk_off,1.0,9.754379265685026e-111
2009-01-13,0,defensive_risk_off,1.0,4.979534693499047e-102
2009-01-14,0,defensive_risk_off,1.0,3.221104475154402e-92
2009-01-15,0,defensive_risk_off,1.0,1.517480676002087e-87
2009-01-16,0,defensive_risk_off,1.0,2.3056710494625002e-98
2009-01-20,0,defensive_risk_off,1.0,4.259473116364849e-72
2009-01-21,0,defensive_risk_off,1.0,1.0157259116307086e-39
2009-01-22,0,defensive_risk_off,1.0,6.015225917564076e-44
2009-01-23,0,defensive_risk_off,1.0,4.768965138617958e-40
2009-01-26,0,defensive_risk_off,1.0,3.9349220884322585e-42
2009-01-27,0,defensive_risk_off,1.0,2.0148401517018945e-44
2009-01-28,0,defensive_risk_off,1.0,1.8722738928235436e-44
2009-01-29,0,defensive_risk_off,1.0,1.3140368237967988e-45
2009-01-30,0,defensive_risk_off,1.0,8.417823744147902e-51
2009-02-02,0,defensive_risk_off,1.0,4.770918967264588e-55
2009-02-03,0,defensive_risk_off,1.0,3.624764465597526e-55
2009-02-04,0,defensive_risk_off,1.0,6.988906219917368e-67
2009-02-05,0,defensive_risk_off,1.0,4.797978971494045e-60
2009-02-06,0,defensive_risk_off,1.0,1.9562189124531714e-49
2009-02-09,0,defensive_risk_off,1.0,7.009548674477374e-48
2009-02-10,0,defensive_risk_off,1.0,2.715381098870552e-49
2009-02-11,0,defensive_risk_off,1.0,2.8385391134505383e-41
2009-02-12,0,defensive_risk_off,1.0,1.0496267598271525e-43
2009-02-13,0,defensive_risk_off,1.0,2.3917432187121027e-41
2009-02-17,0,defensive_risk_off,1.0,1.113509540541301e-44
2009-02-18,0,defensive_risk_off,1.0,6.061646040798951e-44
2009-02-19,0,defensive_risk_off,1.0,5.552319336844249e-41
2009-02-20,0,defensive_risk_off,1.0,2.95672501731652e-45
2009-02-23,0,defensive_risk_off,1.0,7.7486375962213285e-50
2009-02-24,0,defensive_risk_off,1.0,4.134496860713298e-48
2009-02-25,0,defensive_risk_off,1.0,3.957299894657219e-43
2009-02-26,0,defensive_risk_off,1.0,2.5347466845084643e-39
2009-02-27,0,defensive_risk_off,1.0,1.8987388026653482e-50
2009-03-02,0,defensive_risk_off,1.0,1.4754779478702322e-46
2009-03-03,0,defensive_risk_off,1.0,6.623552423003146e-45
2009-03-04,0,defensive_risk_off,1.0,7.884982097525119e-42
2009-03-05,0,defensive_risk_off,1.0,6.139339688201556e-53
2009-03-06,0,defensive_risk_off,1.0,2.189777968025743e-56
2009-03-09,0,defensive_risk_off,1.0,8.509392703720964e-51
2009-03-10,0,defensive_risk_off,1.0,3.919412565780153e-42
2009-03-11,0,defensive_risk_off,1.0,1.0046301364503014e-38
2009-03-12,0,defensive_risk_off,1.0,3.13881619404029e-37
2009-03-13,0,defensive_risk_off,1.0,1.0862210836359048e-34
2009-03-16,0,defensive_risk_off,1.0,7.082664784774668e-33
2009-03-17,0,defensive_risk_off,1.0,2.4385600837908203e-37
2009-03-18,0,defensive_risk_off,1.0,7.103866960146846e-39
2009-03-19,0,defensive_risk_off,1.0,5.666233176602633e-39
2009-03-20,0,defensive_risk_off,1.0,6.361055782527245e-39
2009-03-23,0,defensive_risk_off,1.0,1.8978648376169666e-45
2009-03-24,0,defensive_risk_off,1.0,5.408000411169148e-47
2009-03-25,0,defensive_risk_off,1.0,1.2406987931707805e-48
2009-03-26,0,defensive_risk_off,1.0,1.1603817280731455e-53
2009-03-27,0,defensive_risk_off,1.0,1.0776176113874626e-53
2009-03-30,0,defensive_risk_off,1.0,4.580363353175087e-53
2009-03-31,0,defensive_risk_off,1.0,2.9858994216134285e-56
2009-04-01,0,defensive_risk_off,1.0,7.744862101481725e-61
2009-04-02,0,defensive_risk_off,1.0,7.503312862658746e-64
2009-04-03,0,defensive_risk_off,1.0,2.1933933651400584e-89
2009-04-06,0,defensive_risk_off,1.0,1.286719572996331e-93
2009-04-07,0,defensive_risk_off,1.0,3.825685277917195e-83
2009-04-08,0,defensive_risk_off,1.0,9.239011618472313e-61
2009-04-09,0,defensive_risk_off,1.0,1.1301345006235756e-67
2009-04-13,0,defensive_risk_off,1.0,1.621752994398747e-55
2009-04-14,0,defensive_risk_off,1.0,2.9197471196466365e-48
2009-04-15,0,defensive_risk_off,1.0,1.3701695436935229e-45
2009-04-16,0,defensive_risk_off,1.0,3.490602150678446e-50
2009-04-17,0,defensive_risk_off,1.0,8.814790446223926e-54
2009-04-20,0,defensive_risk_off,1.0,1.41911865609966e-41
2009-04-21,0,defensive_risk_off,1.0,2.128364887098688e-47
2009-04-22,0,defensive_risk_off,1.0,1.7429623834042553e-39
2009-04-23,0,defensive_risk_off,1.0,1.7934753204550437e-39
2009-04-24,0,defensive_risk_off,1.0,3.7642143494775665e-41
2009-04-27,0,defensive_risk_off,1.0,8.117226327467498e-38
2009-04-28,0,defensive_risk_off,1.0,1.6050544394948955e-39
2009-04-29,0,defensive_risk_off,1.0,1.6026392404900378e-55
2009-04-30,0,defensive_risk_off,1.0,1.1513497450717246e-54
2009-05-01,0,defensive_risk_off,1.0,1.4401945851855062e-55
2009-05-04,0,defensive_risk_off,1.0,1.6231455946330433e-44
2009-05-05,0,defensive_risk_off,1.0,9.026728506187942e-45
2009-05-06,0,defensive_risk_off,1.0,2.2664163656245164e-48
2009-05-07,0,defensive_risk_off,1.0,4.6224289230937666e-49
2009-05-08,0,defensive_risk_off,1.0,7.801187982091947e-47
2009-05-11,0,defensive_risk_off,1.0,5.2773296703193804e-45
2009-05-12,0,defensive_risk_off,1.0,4.813377878795105e-46
2009-05-13,0,defensive_risk_off,1.0,3.319107451342457e-44
2009-05-14,0,defensive_risk_off,1.0,1.2613150677406076e-42
2009-05-15,0,defensive_risk_off,1.0,5.3380098782457935e-43
2009-05-18,0,defensive_risk_off,1.0,4.1320042797599905e-48
2009-05-19,0,defensive_risk_off,1.0,1.0140978839309207e-42
2009-05-20,0,defensive_risk_off,1.0,8.189819796310211e-44
2009-05-21,0,defensive_risk_off,1.0,5.630888348860074e-45
2009-05-22,0,defensive_risk_off,1.0,1.1914347329177546e-45
2009-05-26,0,defensive_risk_off,1.0,6.648509480632693e-44
2009-05-27,0,defensive_risk_off,1.0,6.458478628544294e-45
2009-05-28,0,defensive_risk_off,1.0,4.432590087765003e-46
2009-05-29,0,defensive_risk_off,1.0,2.9037953723677e-53
2009-06-01,0,defensive_risk_off,1.0,6.223148463956079e-55
2009-06-02,0,defensive_risk_off,1.0,2.4851867603433887e-60
2009-06-03,0,defensive_risk_off,1.0,1.2591896101965787e-57
2009-06-04,0,defensive_risk_off,1.0,1.914250564170466e-62
2009-06-05,0,defensive_risk_off,1.0,1.0742267581478937e-57
2009-06-08,0,defensive_risk_off,1.0,1.4896004467693172e-60
2009-06-09,0,defensive_risk_off,1.0,1.2926734149618189e-52
2009-06-10,0,defensive_risk_off,1.0,7.294120799552515e-54
2009-06-11,0,defensive_risk_off,1.0,4.8427511154547856e-49
2009-06-12,0,defensive_risk_off,1.0,9.90390409092866e-48
2009-06-15,0,defensive_risk_off,1.0,2.0625002688341552e-51
2009-06-16,0,defensive_risk_off,1.0,1.493477660906215e-49
2009-06-17,0,defensive_risk_off,1.0,5.392223068606896e-52
2009-06-18,0,defensive_risk_off,1.0,7.077870665765839e-48
2009-06-19,0,defensive_risk_off,1.0,3.974639660142709e-49
2009-06-22,0,defensive_risk_off,1.0,4.742893397403435e-49
2009-06-23,0,defensive_risk_off,1.0,2.2440124755514555e-52
2009-06-24,0,defensive_risk_off,1.0,3.950262559265119e-45
2009-06-25,0,defensive_risk_off,1.0,8.517906850623644e-41
2009-06-26,0,defensive_risk_off,1.0,8.729735825916444e-43
2009-06-29,0,defensive_risk_off,1.0,1.0580893880208198e-33
2009-06-30,0,defensive_risk_off,1.0,4.768085166038477e-40
2009-07-01,0,defensive_risk_off,1.0,4.129120927409056e-31
2009-07-02,0,defensive_risk_off,1.0,1.205732029390114e-28
2009-07-06,0,defensive_risk_off,1.0,2.0394426285571683e-29
2009-07-07,0,defensive_risk_off,1.0,1.7804914055571556e-31
2009-07-08,0,defensive_risk_off,1.0,7.183376429098893e-32
2009-07-09,0,defensive_risk_off,1.0,2.5285230281487884e-25
2009-07-10,0,defensive_risk_off,1.0,2.995207240915223e-30
2009-07-13,0,defensive_risk_off,1.0,2.083810308149087e-26
2009-07-14,0,defensive_risk_off,1.0,1.0594741626085854e-24
2009-07-15,0,defensive_risk_off,1.0,3.8183519699119825e-23
2009-07-16,0,defensive_risk_off,1.0,9.270862900580612e-20
2009-07-17,0,defensive_risk_off,1.0,9.953407584029507e-19
2009-07-20,0,defensive_risk_off,1.0,8.633592489247033e-25
2009-07-21,0,defensive_risk_off,1.0,2.954983179052339e-21
2009-07-22,0,defensive_risk_off,1.0,1.7387379385694482e-22
2009-07-23,0,defensive_risk_off,1.0,2.593270365159376e-22
2009-07-24,0,defensive_risk_off,1.0,2.742910978006025e-21
2009-07-27,0,defensive_risk_off,1.0,1.2153397636345684e-21
2009-07-28,0,defensive_risk_off,1.0,1.4939468139550029e-22
2009-07-29,0,defensive_risk_off,1.0,9.288941184637737e-23
2009-07-30,0,defensive_risk_off,1.0,9.845205135121747e-23
2009-07-31,0,defensive_risk_off,1.0,2.200009389823204e-24
2009-08-03,0,defensive_risk_off,1.0,2.1698698083063197e-25
2009-08-04,0,defensive_risk_off,1.0,2.1262899318866556e-28
2009-08-05,0,defensive_risk_off,1.0,3.627763798062503e-30
2009-08-06,0,defensive_risk_off,1.0,2.820714283755619e-29
2009-08-07,0,defensive_risk_off,1.0,5.066568999347174e-31
2009-08-10,0,defensive_risk_off,1.0,1.5021620622206198e-33
2009-08-11,0,defensive_risk_off,1.0,7.662238817954462e-32
2009-08-12,0,defensive_risk_off,1.0,2.195956281745603e-32
2009-08-13,0,defensive_risk_off,1.0,1.6003727660818696e-25
2009-08-14,0,defensive_risk_off,1.0,1.0178622521455638e-27
2009-08-17,0,defensive_risk_off,1.0,6.3384109445955225e-24
2009-08-18,0,defensive_risk_off,1.0,1.5338158454429463e-21
2009-08-19,0,defensive_risk_off,1.0,2.0951095801876244e-22
2009-08-20,0,defensive_risk_off,1.0,6.6029730048495855e-24
2009-08-21,0,defensive_risk_off,1.0,9.27910713656381e-23
2009-08-24,0,defensive_risk_off,1.0,6.749276639491209e-21
2009-08-25,0,defensive_risk_off,1.0,1.3876024374127907e-21
2009-08-26,0,defensive_risk_off,1.0,6.254960178527065e-19
2009-08-27,0,defensive_risk_off,1.0,1.7441995125302715e-16
2009-08-28,0,defensive_risk_off,1.0,9.307277952751242e-15
2009-08-31,0,defensive_risk_off,1.0,1.2104162057028999e-14
2009-09-01,0,defensive_risk_off,1.0,1.0824396798020454e-15
2009-09-02,0,defensive_risk_off,1.0,5.148340819293641e-16
2009-09-03,0,defensive_risk_off,1.0,2.5353653412665067e-16
2009-09-04,0,defensive_risk_off,0.9999999999745341,2.5908498857966268e-11
2009-09-08,0,defensive_risk_off,0.999999999996362,3.807826437064116e-12
2009-09-09,0,defensive_risk_off,0.9999999999672582,3.291649930413029e-11
2009-09-10,0,defensive_risk_off,0.999999999992724,6.667564153163709e-12
2009-09-11,0,defensive_risk_off,0.9999999724386729,2.7560498374178843e-08
2009-09-14,0,defensive_risk_off,0.9999997143604967,2.8564099648558294e-07
2009-09-15,0,defensive_risk_off,0.999999990050128,9.95130149667892e-09
2009-09-16,0,defensive_risk_off,1.0,2.247613719021438e-13
2009-09-17,0,defensive_risk_off,0.9999999997089617,2.924967084849051e-10
2009-09-18,0,defensive_risk_off,0.9999999978244887,2.174458913893841e-09
2009-09-21,0,defensive_risk_off,0.999999998450221,1.551353636185565e-09
2009-09-22,0,defensive_risk_off,0.9999977148789828,2.28511926700575e-06
2009-09-23,0,defensive_risk_off,0.9999987502750252,1.2497235983649724e-06
2009-09-24,0,defensive_risk_off,0.9999676418116319,3.2358189786501995e-05
2009-09-25,0,defensive_risk_off,0.9907358167418879,0.009264183259410764
2009-09-28,1,risk_on,0.004554975096148847,0.9954450249043562
2009-09-29,1,risk_on,2.6617458916012372e-05,0.9999733825402499
2009-09-30,1,risk_on,2.857353607638863e-08,0.9999999714273149
2009-10-01,1,risk_on,1.504849207975567e-11,0.9999999999854481
2009-10-02,1,risk_on,1.5687125513933881e-12,1.0
2009-10-05,1,risk_on,1.995336785018509e-12,0.999999999996362
2009-10-06,1,risk_on,2.03576433527285e-14,1.0
2009-10-07,1,risk_on,1.602460087430087e-14,1.0
2009-10-08,1,risk_on,9.848846820423109e-14,1.0
2009-10-09,1,risk_on,1.6776036031138322e-16,1.0
2009-10-12,1,risk_on,2.223599093271084e-17,1.0
2009-10-13,1,risk_on,2.352095866421601e-22,1.0
2009-10-14,1,risk_on,2.5774909046273062e-20,1.0
2009-10-15,1,risk_on,9.371790167759483e-22,1.0
2009-10-16,1,risk_on,1.8928654403474726e-20,1.0
2009-10-19,1,risk_on,4.167325547369375e-20,1.0
2009-10-20,1,risk_on,5.491517917959717e-19,1.0
2009-10-21,1,risk_on,4.681935932338881e-22,1.0
2009-10-22,1,risk_on,2.292021331349647e-22,1.0
2009-10-23,1,risk_on,2.316758019371732e-22,1.0
2009-10-26,1,risk_on,1.3903977567515712e-23,1.0
2009-10-27,1,risk_on,1.2494106011322386e-23,1.0
2009-10-28,1,risk_on,2.423470705743447e-21,1.0
2009-10-29,1,risk_on,1.9028249773481872e-20,1.0
2009-10-30,1,risk_on,1.2021224862235197e-18,1.0
2009-11-02,1,risk_on,9.578376404384907e-19,1.0
2009-11-03,1,risk_on,7.249915882689985e-19,1.0
2009-11-04,1,risk_on,1.1520566152975655e-16,1.0
2009-11-05,1,risk_on,9.398918529877111e-20,1.0
2009-11-06,1,risk_on,3.8720553124156185e-20,1.0
2009-11-09,1,risk_on,8.330954175457085e-23,1.0
2009-11-10,1,risk_on,3.4069195338312076e-25,1.0
2009-11-11,1,risk_on,1.8187656830207456e-23,1.0
2009-11-12,1,risk_on,6.264050844502679e-25,1.0
2009-11-13,1,risk_on,5.848050049446118e-26,1.0
2009-11-16,1,risk_on,1.4619058263388286e-26,1.0
2009-11-17,1,risk_on,5.9734950184472e-27,1.0
2009-11-18,1,risk_on,4.857981118737881e-27,1.0
2009-11-19,1,risk_on,1.5210433653985236e-28,1.0
2009-11-20,1,risk_on,1.043256426500035e-27,1.0
2009-11-23,1,risk_on,6.748146257243874e-27,1.0
2009-11-24,1,risk_on,4.458151754438043e-26,1.0
2009-11-25,1,risk_on,6.901395212163866e-28,1.0
2009-11-27,1,risk_on,1.5061966289391638e-27,1.0
2009-11-30,1,risk_on,1.808566122774598e-27,1.0
2009-12-01,1,risk_on,4.8555887459731946e-26,1.0
2009-12-02,1,risk_on,1.734099181073911e-25,1.0
2009-12-03,1,risk_on,2.5119995754519268e-27,1.0
2009-12-04,1,risk_on,3.8448488645700775e-29,1.0
2009-12-07,1,risk_on,4.004084232724966e-30,1.0
2009-12-08,1,risk_on,7.961615860145642e-29,1.0
2009-12-09,1,risk_on,1.343991265563602e-27,1.0
2009-12-10,1,risk_on,7.483340018991262e-29,1.0
2009-12-11,1,risk_on,4.0481004816237334e-29,1.0
2009-12-14,1,risk_on,2.0367000670801647e-29,1.0
2009-12-15,1,risk_on,2.3107072668089464e-29,1.0
2009-12-16,1,risk_on,1.1143127784278513e-27,1.0
2009-12-17,1,risk_on,2.927449798890924e-25,1.0
2009-12-18,1,risk_on,1.8774094048508305e-25,1.0
2009-12-21,1,risk_on,6.910887332266579e-25,1.0
2009-12-22,1,risk_on,1.916616169108363e-23,1.0
2009-12-23,1,risk_on,4.405540678488451e-22,1.0
2009-12-24,1,risk_on,4.039929453787349e-22,1.0
2009-12-28,1,risk_on,3.718484969872349e-21,1.0
2009-12-29,1,risk_on,4.390732618892061e-20,1.0
2009-12-30,1,risk_on,4.134155012518805e-20,1.0
2009-12-31,1,risk_on,9.019104685808347e-22,1.0
2010-01-04,1,risk_on,3.6701502644978665e-21,1.0
2010-01-05,1,risk_on,9.448019368375882e-22,1.0
2010-01-06,1,risk_on,2.5060793096121415e-22,1.0
2010-01-07,1,risk_on,1.684128185432042e-21,1.0
2010-01-08,1,risk_on,2.529756478677169e-22,1.0
2010-01-11,1,risk_on,3.46233589024596e-22,1.0
2010-01-12,1,risk_on,1.502125301255352e-20,1.0
2010-01-13,1,risk_on,1.9082208651719645e-21,1.0
2010-01-14,1,risk_on,8.729148619879598e-24,1.0
2010-01-15,1,risk_on,7.790562241742563e-22,1.0
2010-01-19,1,risk_on,1.6517620856563915e-23,1.0
2010-01-20,1,risk_on,6.2879892214124e-22,1.0
2010-01-21,1,risk_on,4.41522351325622e-20,1.0
2010-01-22,1,risk_on,2.6751514527561128e-17,1.0
2010-01-25,1,risk_on,1.3432539566458449e-18,1.0
2010-01-26,1,risk_on,1.5690865290481937e-17,1.0
2010-01-27,1,risk_on,2.5543224846523798e-15,1.0
2010-01-28,1,risk_on,1.9323518331179668e-14,1.0
2010-01-29,1,risk_on,1.8478254367468804e-13,1.0
2010-02-01,1,risk_on,1.8279164448103963e-15,1.0
2010-02-02,1,risk_on,5.068841131463831e-17,1.0
2010-02-03,1,risk_on,6.611207772138601e-20,1.0
2010-02-04,1,risk_on,2.72103044339141e-14,1.0
2010-02-05,1,risk_on,2.639069807188756e-13,1.0
2010-02-08,1,risk_on,8.486614879788953e-13,1.0
2010-02-09,1,risk_on,1.4313623015766143e-13,1.0
2010-02-10,1,risk_on,7.672907374585843e-13,1.0
2010-02-11,1,risk_on,3.433170549485097e-14,1.0
2010-02-12,1,risk_on,1.0747256863175292e-13,1.0
2010-02-16,1,risk_on,4.689742214561345e-15,1.0
2010-02-17,1,risk_on,4.1295729248581875e-16,1.0
2010-02-18,1,risk_on,2.8310074501529517e-15,1.0
2010-02-19,1,risk_on,4.165236084058829e-15,1.0
2010-02-22,1,risk_on,9.599728451489953e-15,1.0
2010-02-23,1,risk_on,7.492392807193056e-13,1.0
2010-02-24,1,risk_on,1.7826385992411295e-13,1.0
2010-02-25,1,risk_on,4.608558712900683e-13,1.0
2010-02-26,1,risk_on,3.4698169781066676e-13,1.0
2010-03-01,1,risk_on,3.4711776360455426e-13,1.0
2010-03-02,1,risk_on,1.845848613281589e-12,0.999999999996362
2010-03-03,1,risk_on,9.371936088284096e-13,1.0
2010-03-04,1,risk_on,4.75578667820182e-14,1.0
2010-03-05,1,risk_on,6.796546897648394e-14,1.0
2010-03-08,1,risk_on,3.173822235296915e-12,0.999999999996362
2010-03-09,1,risk_on,2.264717490944157e-12,0.999999999996362
2010-03-10,1,risk_on,2.6576474810312794e-12,0.999999999996362
2010-03-11,1,risk_on,9.96688761630366e-13,1.0
2010-03-12,1,risk_on,1.8399091040107036e-11,0.9999999999818101
2010-03-15,1,risk_on,6.325823569241283e-13,1.0
2010-03-16,1,risk_on,5.951408631260229e-13,1.0
2010-03-17,1,risk_on,2.6584141153396226e-14,1.0
2010-03-18,1,risk_on,3.042345877176384e-14,1.0
2010-03-19,1,risk_on,4.4805532356959733e-14,1.0
2010-03-22,1,risk_on,1.727415624560446e-15,1.0
2010-03-23,1,risk_on,1.9023891476545228e-15,1.0
2010-03-24,1,risk_on,3.2087139300769457e-17,1.0
2010-03-25,1,risk_on,1.420515558101654e-17,1.0
2010-03-26,1,risk_on,8.954291490468995e-18,1.0
2010-03-29,1,risk_on,6.3375359305757596e-18,1.0
2010-03-30,1,risk_on,1.1714061412323992e-18,1.0
2010-03-31,1,risk_on,3.52694354185127e-19,1.0
2010-04-01,1,risk_on,5.234749506364778e-18,1.0
2010-04-05,1,risk_on,5.116037236169801e-16,1.0
2010-04-06,1,risk_on,6.223062983916772e-17,1.0
2010-04-07,1,risk_on,3.546640118594112e-16,1.0
2010-04-08,1,risk_on,3.2018893224260896e-16,1.0
2010-04-09,1,risk_on,2.847070110896312e-16,1.0
2010-04-12,1,risk_on,6.395652644881163e-16,1.0
2010-04-13,1,risk_on,4.944519779304467e-16,1.0
2010-04-14,1,risk_on,2.0246410871475794e-15,1.0
2010-04-15,1,risk_on,1.8551359161102878e-16,1.0
2010-04-16,1,risk_on,1.2131458162484499e-14,1.0
2010-04-19,1,risk_on,1.8239165514971114e-14,1.0
2010-04-20,1,risk_on,2.8187479155397827e-15,1.0
2010-04-21,1,risk_on,4.702962592547168e-16,1.0
2010-04-22,1,risk_on,3.2617806383092314e-16,1.0
2010-04-23,1,risk_on,8.382893078444159e-14,1.0
2010-04-26,1,risk_on,6.382061221798634e-14,1.0
2010-04-27,1,risk_on,6.879143476896278e-11,0.9999999999308784
2010-04-28,1,risk_on,5.432057524288842e-11,0.9999999999454303
2010-04-29,1,risk_on,7.503283352730157e-11,0.9999999999236024
2010-04-30,1,risk_on,6.926821143187921e-10,0.999999999308784
2010-05-03,1,risk_on,9.059888604817716e-11,0.9999999999090505
2010-05-04,1,risk_on,1.7603997521059102e-05,0.9999823960009705
2010-05-05,1,risk_on,0.02941205779997499,0.9705879422004853
2010-05-06,0,defensive_risk_off,0.9999919926915471,8.00730672933629e-06
2010-05-07,0,defensive_risk_off,0.999999999996362,2.2740123024281128e-12
2010-05-10,0,defensive_risk_off,0.9999999188912658,8.11102407045374e-08
2010-05-11,0,defensive_risk_off,0.9999995943035996,4.0569474025515673e-07
2010-05-12,0,defensive_risk_off,0.9999995687941029,4.3120455804057654e-07
2010-05-13,0,defensive_risk_off,0.9999966830528578,3.316946949887228e-06
2010-05-14,0,defensive_risk_off,0.9999999888568709,1.1143406001051765e-08
2010-05-17,0,defensive_risk_off,0.9999998421735778,1.5782480548738872e-07
2010-05-18,0,defensive_risk_off,0.9999999939791451,6.0202502709123375e-09
2010-05-19,0,defensive_risk_off,0.9999999999636202,3.612971535098183e-11
2010-05-20,0,defensive_risk_off,1.0,1.9226930278833683e-19
2010-05-21,0,defensive_risk_off,1.0,1.9052568769539054e-15
2010-05-24,0,defensive_risk_off,0.999999999996362,2.8668711522049207e-12
2010-05-25,0,defensive_risk_off,0.9999999999017746,9.97256976173746e-11
2010-05-26,0,defensive_risk_off,0.9999999931205821,6.879348820295572e-09
2010-05-27,0,defensive_risk_off,0.9999999991050572,8.944407434488562e-10
2010-05-28,0,defensive_risk_off,0.9999999903302523,9.670872153094047e-09
2010-06-01,0,defensive_risk_off,0.9999999993997335,5.985225308617521e-10
2010-06-02,0,defensive_risk_off,0.9999999994251993,5.737079784219663e-10
2010-06-03,0,defensive_risk_off,0.9999999751926228,2.4808857277618306e-08
2010-06-04,0,defensive_risk_off,0.9999999606734499,3.9327357398127386e-08
2010-06-07,0,defensive_risk_off,0.9999998382227335,1.6177730247754756e-07
2010-06-08,0,defensive_risk_off,0.9999999980682333,1.932788328953349e-09
2010-06-09,0,defensive_risk_off,0.9999965161465957,3.483852204546407e-06
2010-06-10,0,defensive_risk_off,0.9999978998807134,2.1001184598673327e-06
2010-06-11,0,defensive_risk_off,0.999997674872222,2.325128211565615e-06
2010-06-14,0,defensive_risk_off,0.9999979447696407,2.0552304142362373e-06
2010-06-15,0,defensive_risk_off,0.9999999860665412,1.3932484908904958e-08
2010-06-16,0,defensive_risk_off,0.9999999704523366,2.9548398936305156e-08
2010-06-17,0,defensive_risk_off,0.9999999752144507,2.4784773846913483e-08
2010-06-18,0,defensive_risk_off,0.9999999985811883,1.4181397602003725e-09
2010-06-21,0,defensive_risk_off,1.0,2.2551289437892313e-15
2010-06-22,0,defensive_risk_off,0.9999975538806115,2.4461208734483993e-06
2010-06-23,0,defensive_risk_off,0.950877775962698,0.04912222403617389
2010-06-24,1,risk_on,0.39657221271790866,0.6034277872830579
2010-06-25,1,risk_on,0.20499171969372626,0.7950082803048484
2010-06-28,1,risk_on,0.006840719413973641,0.9931592805867677
2010-06-29,1,risk_on,0.0028079515649609968,0.9971920484346329
2010-06-30,1,risk_on,0.0026592593191423156,0.9973407406799112
2010-07-01,1,risk_on,0.003826488147030274,0.9961735118525884
2010-07-02,1,risk_on,0.01901581219803803,0.9809841878008154
2010-07-06,1,risk_on,0.11648777985472708,0.883512220146164
2010-07-07,1,risk_on,0.11940254305372913,0.8805974569460131
2010-07-08,1,risk_on,0.08578945211389326,0.9142105478871816
2010-07-09,1,risk_on,0.019221033492854346,0.9807789665079393
2010-07-12,1,risk_on,0.0005041395253787891,0.9994958604757626
2010-07-13,1,risk_on,1.2210747027981949e-05,0.9999877892532555
2010-07-14,1,risk_on,2.1544701173933864e-06,0.9999978455294257
2010-07-15,1,risk_on,5.433261518567508e-06,0.9999945667370675
2010-07-16,1,risk_on,2.089978001998334e-06,0.9999979100233771
2010-07-19,1,risk_on,7.586176050635845e-07,0.9999992413834811
2010-07-20,1,risk_on,6.011832010113306e-07,0.9999993988169069
2010-07-21,1,risk_on,4.864841103831704e-07,0.9999995135150404
2010-07-22,1,risk_on,3.9674543331001385e-07,0.999999603253024
2010-07-23,1,risk_on,3.2738840038168823e-07,0.9999996726110648
2010-07-26,1,risk_on,5.933993704170691e-07,0.9999994066021769
2010-07-27,1,risk_on,3.01339220645134e-07,0.9999996986589849
2010-07-28,1,risk_on,7.574517345215629e-07,0.9999992425476334
2010-07-29,1,risk_on,3.781908375363111e-05,0.9999621809168514
2010-07-30,1,risk_on,8.665922627358696e-06,0.9999913340773545
2010-08-02,1,risk_on,2.3755513805047973e-06,0.9999976244499543
2010-08-03,1,risk_on,1.374404455898267e-06,0.999998625594379
2010-08-04,1,risk_on,2.345712133565797e-06,0.999997654288586
2010-08-05,1,risk_on,5.222183369390827e-07,0.9999994777828305
2010-08-06,1,risk_on,2.6735022936863557e-07,0.9999997326486112
2010-08-09,1,risk_on,8.942758397592664e-07,0.9999991057233635
2010-08-10,1,risk_on,5.468174131799498e-08,0.999999945317542
2010-08-11,1,risk_on,1.0389208600948869e-05,0.9999896107904884
2010-08-12,1,risk_on,1.6696827611211584e-06,0.9999983303182786
2010-08-13,1,risk_on,1.100044935941999e-07,0.9999998899948028
2010-08-16,1,risk_on,1.9438711130007634e-07,0.9999998056118973
2010-08-17,1,risk_on,2.526836398613245e-08,0.9999999747305995
2010-08-18,1,risk_on,4.4772672287248786e-08,0.9999999552273958
2010-08-19,1,risk_on,2.128341948539663e-07,0.9999997871673485
2010-08-20,1,risk_on,1.4644952678137833e-07,0.9999998535495359
2010-08-23,1,risk_on,4.186283475998048e-07,0.9999995813705903
2010-08-24,1,risk_on,2.49799330743565e-06,0.9999975020067999
2010-08-25,1,risk_on,3.3775216846480947e-06,0.9999966224770755
2010-08-26,1,risk_on,7.975023289935838e-07,0.9999992024971558
2010-08-27,1,risk_on,2.4570984553473086e-07,0.9999997542909416
2010-08-30,1,risk_on,1.456527579611767e-06,0.9999985434707617
2010-08-31,1,risk_on,2.976758397169537e-05,0.9999702324159019
2010-09-01,1,risk_on,9.262054249573139e-07,0.9999990737928525
2010-09-02,1,risk_on,3.367008548034333e-07,0.9999996632978422
2010-09-03,1,risk_on,5.105405930837382e-07,0.9999994894607365
2010-09-07,1,risk_on,5.408820963246743e-07,0.9999994591163712
2010-09-08,1,risk_on,1.1931377653174776e-07,0.9999998806852162
2010-09-09,1,risk_on,2.1037115479643867e-09,0.9999999978972482
2010-09-10,1,risk_on,1.3858326267863762e-08,0.9999999861429387
2010-09-13,1,risk_on,1.0821201154126186e-08,0.999999989177013
2010-09-14,1,risk_on,4.947786660296267e-10,0.9999999995052349
2010-09-15,1,risk_on,1.1744102017554394e-10,0.9999999998835847
2010-09-16,1,risk_on,8.169556877169676e-11,0.9999999999199645
2010-09-17,1,risk_on,7.129821658987267e-11,0.9999999999272404
2010-09-20,1,risk_on,7.111479420377958e-11,0.9999999999272404
2010-09-21,1,risk_on,1.8272644206083037e-10,0.9999999998181011
2010-09-22,1,risk_on,4.741924775788606e-10,0.9999999995270628
2010-09-23,1,risk_on,4.016365379107368e-09,0.9999999959836714
2010-09-24,1,risk_on,2.377713945115671e-09,0.9999999976207619
2010-09-27,1,risk_on,2.716658843025013e-09,0.9999999972824298
2010-09-28,1,risk_on,8.475640895342694e-09,0.9999999915235094
2010-09-29,1,risk_on,8.471046247654348e-09,0.9999999915271474
2010-09-30,1,risk_on,3.255702257075517e-08,0.9999999674437282
2010-10-01,1,risk_on,1.1569234861880027e-09,0.9999999988431227
2010-10-04,1,risk_on,7.779269359357729e-10,0.9999999992214725
2010-10-05,1,risk_on,5.787030199524549e-11,0.9999999999417923
2010-10-06,1,risk_on,4.003721206094865e-11,0.9999999999599822
2010-10-07,1,risk_on,1.4029491636233637e-11,0.9999999999854481
2010-10-08,1,risk_on,1.1499982074626332e-11,0.9999999999890861
2010-10-11,1,risk_on,2.692001539909693e-12,0.999999999996362
2010-10-12,1,risk_on,2.5118774286590076e-13,1.0
2010-10-13,1,risk_on,3.5810513836849617e-13,1.0
2010-10-14,1,risk_on,1.5443456387043716e-12,1.0
2010-10-15,1,risk_on,2.5180943144691234e-13,1.0
2010-10-18,1,risk_on,4.228472851162902e-14,1.0
2010-10-19,1,risk_on,9.258149513250761e-14,1.0
2010-10-20,1,risk_on,1.4376756746691196e-16,1.0
2010-10-21,1,risk_on,1.2715849784618515e-16,1.0
2010-10-22,1,risk_on,4.800235617489593e-16,1.0
2010-10-25,1,risk_on,6.06274807383383e-16,1.0
2010-10-26,1,risk_on,1.399686714543143e-16,1.0
2010-10-27,1,risk_on,1.191596508987653e-16,1.0
2010-10-28,1,risk_on,5.653971110316137e-17,1.0
2010-10-29,1,risk_on,3.2042274429391696e-18,1.0
2010-11-01,1,risk_on,1.959270523381952e-18,1.0
2010-11-02,1,risk_on,1.7984509716189798e-19,1.0
2010-11-03,1,risk_on,1.27142778075124e-17,1.0
2010-11-04,1,risk_on,5.3233316219108314e-21,1.0
2010-11-05,1,risk_on,1.002849314684024e-22,1.0
2010-11-08,1,risk_on,8.61501528124665e-22,1.0
2010-11-09,1,risk_on,1.919802570068522e-23,1.0
2010-11-10,1,risk_on,4.627241835249842e-25,1.0
2010-11-11,1,risk_on,2.4622545147314397e-26,1.0
2010-11-12,1,risk_on,8.995870729173463e-24,1.0
2010-11-15,1,risk_on,7.964627366888554e-26,1.0
2010-11-16,1,risk_on,3.1195812561454166e-20,1.0
2010-11-17,1,risk_on,8.536831463459668e-22,1.0
2010-11-18,1,risk_on,3.109842540598716e-24,1.0
2010-11-19,1,risk_on,4.3346104718253937e-23,1.0
2010-11-22,1,risk_on,1.9699430683248077e-25,1.0
2010-11-23,1,risk_on,2.7138177139542056e-23,1.0
2010-11-24,1,risk_on,1.0921944638052875e-22,1.0
2010-11-26,1,risk_on,5.277131265302967e-23,1.0
2010-11-29,1,risk_on,9.15387835490186e-25,1.0
2010-11-30,1,risk_on,2.140602231981194e-24,1.0
2010-12-01,1,risk_on,5.997060799488029e-29,1.0
2010-12-02,1,risk_on,4.052570067330049e-31,1.0
2010-12-03,1,risk_on,2.2962251729468914e-33,1.0
2010-12-06,1,risk_on,7.576099559476391e-36,1.0
2010-12-07,1,risk_on,1.6457027998958593e-36,1.0
2010-12-08,1,risk_on,1.3389333148824522e-35,1.0
2010-12-09,1,risk_on,3.5046422650495677e-34,1.0
2010-12-10,1,risk_on,1.5592071697610375e-31,1.0
2010-12-13,1,risk_on,5.59502189088509e-31,1.0
2010-12-14,1,risk_on,1.0069804370644188e-26,1.0
2010-12-15,1,risk_on,3.469300404658176e-28,1.0
2010-12-16,1,risk_on,1.5444734133881954e-30,1.0
2010-12-17,1,risk_on,2.910000518213172e-30,1.0
2010-12-20,1,risk_on,5.786950756149281e-30,1.0
2010-12-21,1,risk_on,3.0867663873612e-29,1.0
2010-12-22,1,risk_on,3.322152606732421e-29,1.0
2010-12-23,1,risk_on,2.053901007700047e-30,1.0
2010-12-27,1,risk_on,4.290088369739203e-34,1.0
2010-12-28,1,risk_on,1.771371053098373e-33,1.0
2010-12-29,1,risk_on,3.4005082977240513e-34,1.0
2010-12-30,1,risk_on,2.1412731756501104e-33,1.0
2010-12-31,1,risk_on,7.309409479884701e-35,1.0
2011-01-03,1,risk_on,3.57622953812261e-33,1.0
2011-01-04,1,risk_on,2.1025838070630387e-34,1.0
2011-01-05,1,risk_on,7.57148788619751e-33,1.0
2011-01-06,1,risk_on,2.689690068296582e-32,1.0
2011-01-07,1,risk_on,7.024437091863984e-33,1.0
2011-01-10,1,risk_on,5.598491296896632e-32,1.0
2011-01-11,1,risk_on,1.3984859659428467e-30,1.0
2011-01-12,1,risk_on,3.755956094979299e-30,1.0
2011-01-13,1,risk_on,2.5101495151973745e-28,1.0
2011-01-14,1,risk_on,3.75694893339788e-27,1.0
2011-01-18,1,risk_on,1.1468033093007881e-27,1.0
2011-01-19,1,risk_on,5.372386301585359e-26,1.0
2011-01-20,1,risk_on,1.9818278744308914e-26,1.0
2011-01-21,1,risk_on,1.3763177248948883e-26,1.0
2011-01-24,1,risk_on,5.9003192968396525e-27,1.0
2011-01-25,1,risk_on,1.1718599056302515e-26,1.0
2011-01-26,1,risk_on,3.0558172336601833e-27,1.0
2011-01-27,1,risk_on,3.399286664701809e-25,1.0
2011-01-28,1,risk_on,6.424779973470745e-25,1.0
2011-01-31,1,risk_on,5.098486931706332e-25,1.0
2011-02-01,1,risk_on,2.090737753165916e-24,1.0
2011-02-02,1,risk_on,9.437168466911018e-24,1.0
2011-02-03,1,risk_on,2.0647797017207724e-24,1.0
2011-02-04,1,risk_on,2.9683042269819106e-21,1.0
2011-02-07,1,risk_on,3.673272142138465e-21,1.0
2011-02-08,1,risk_on,2.7545432606524145e-20,1.0
2011-02-09,1,risk_on,1.5558058320695169e-18,1.0
2011-02-10,1,risk_on,1.9979161126267922e-18,1.0
2011-02-11,1,risk_on,5.699286914072021e-19,1.0
2011-02-14,1,risk_on,1.898265314764229e-17,1.0
2011-02-15,1,risk_on,4.881564968050941e-17,1.0
2011-02-16,1,risk_on,2.86129448270001e-18,1.0
2011-02-17,1,risk_on,3.855123496227518e-18,1.0
2011-02-18,1,risk_on,8.539779763492435e-19,1.0
2011-02-22,1,risk_on,2.756170769809894e-16,1.0
2011-02-23,1,risk_on,8.023111308424267e-16,1.0
2011-02-24,1,risk_on,3.053118924736178e-15,1.0
2011-02-25,1,risk_on,4.133080149190834e-18,1.0
2011-02-28,1,risk_on,2.038248591402353e-18,1.0
2011-03-01,1,risk_on,4.5019719186318775e-18,1.0
2011-03-02,1,risk_on,2.9751592483241448e-18,1.0
2011-03-03,1,risk_on,2.887396457311676e-23,1.0
2011-03-04,1,risk_on,4.684728936256946e-22,1.0
2011-03-07,1,risk_on,5.272036295092954e-22,1.0
2011-03-08,1,risk_on,1.0320795702951986e-21,1.0
2011-03-09,1,risk_on,1.0744429738618847e-20,1.0
2011-03-10,1,risk_on,3.404235890382001e-17,1.0
2011-03-11,1,risk_on,5.865323271402118e-18,1.0
2011-03-14,1,risk_on,1.199560024251512e-17,1.0
2011-03-15,1,risk_on,5.725781475841446e-17,1.0
2011-03-16,1,risk_on,3.0232446242741155e-14,1.0
2011-03-17,1,risk_on,1.2568440087158196e-13,1.0
2011-03-18,1,risk_on,5.604126409500088e-14,1.0
2011-03-21,1,risk_on,8.339915228313783e-14,1.0
2011-03-22,1,risk_on,3.5465733087483025e-14,1.0
2011-03-23,1,risk_on,1.8604283370666276e-14,1.0
2011-03-24,1,risk_on,3.117857525484453e-14,1.0
2011-03-25,1,risk_on,1.2186647292856182e-14,1.0
2011-03-28,1,risk_on,8.692049836300211e-15,1.0
2011-03-29,1,risk_on,1.384430857895003e-14,1.0
2011-03-30,1,risk_on,1.0378294493646435e-14,1.0
2011-03-31,1,risk_on,1.53757090041072e-14,1.0
2011-04-01,1,risk_on,1.286752645282236e-14,1.0
2011-04-04,1,risk_on,1.5394672761489444e-15,1.0
2011-04-05,1,risk_on,6.374122297001662e-15,1.0
2011-04-06,1,risk_on,1.0537983170674423e-15,1.0
2011-04-07,1,risk_on,2.4109816137956887e-15,1.0
2011-04-08,1,risk_on,4.067652482036464e-16,1.0
2011-04-11,1,risk_on,3.6139906086857294e-15,1.0
2011-04-12,1,risk_on,5.911281324925135e-14,1.0
2011-04-13,1,risk_on,2.6387084960613146e-14,1.0
2011-04-14,1,risk_on,1.1954127915808532e-12,1.0
2011-04-15,1,risk_on,1.9738027284040108e-14,1.0
2011-04-18,1,risk_on,9.961960676726852e-16,1.0
2011-04-19,1,risk_on,5.607557193554337e-16,1.0
2011-04-20,1,risk_on,3.1355317830558033e-16,1.0
2011-04-21,1,risk_on,1.3513558842948965e-16,1.0
2011-04-25,1,risk_on,1.0339242564155539e-16,1.0
2011-04-26,1,risk_on,4.9045528161601477e-17,1.0
2011-04-27,1,risk_on,1.2624784916037257e-16,1.0
2011-04-28,1,risk_on,1.3754967340621658e-16,1.0
2011-04-29,1,risk_on,1.8604847232735822e-16,1.0
2011-05-02,1,risk_on,1.08589348072073e-16,1.0
2011-05-03,1,risk_on,3.2263624805428733e-17,1.0
2011-05-04,1,risk_on,1.4518002869375145e-16,1.0
2011-05-05,1,risk_on,3.2535154422820564e-15,1.0
2011-05-06,1,risk_on,2.4738429753587608e-15,1.0
2011-05-09,1,risk_on,1.6318766272050412e-15,1.0
2011-05-10,1,risk_on,2.7734470145535882e-15,1.0
2011-05-11,1,risk_on,3.2770359204586116e-14,1.0
2011-05-12,1,risk_on,2.1844020553987946e-14,1.0
2011-05-13,1,risk_on,7.189500030940047e-13,1.0
2011-05-16,1,risk_on,2.436208021991737e-11,0.9999999999745341
2011-05-17,1,risk_on,1.788744853126966e-11,0.9999999999818101
2011-05-18,1,risk_on,3.2938294897290094e-12,0.999999999996362
2011-05-19,1,risk_on,4.331231128682802e-11,0.9999999999563443
2011-05-20,1,risk_on,5.8305948774167835e-12,0.999999999992724
2011-05-23,1,risk_on,2.9597811305417898e-12,0.999999999996362
2011-05-24,1,risk_on,9.509401635587892e-13,1.0
2011-05-25,1,risk_on,3.798796212967511e-13,1.0
2011-05-26,1,risk_on,4.1160293967019054e-13,1.0
2011-05-27,1,risk_on,1.2473823268059097e-13,1.0
2011-05-31,1,risk_on,1.1172019520229141e-13,1.0
2011-06-01,1,risk_on,3.1151504041553443e-11,0.9999999999672582
2011-06-02,1,risk_on,1.8366939062525132e-13,1.0
2011-06-03,1,risk_on,8.873182503079094e-13,1.0
2011-06-06,1,risk_on,1.0871180320199543e-12,1.0
2011-06-07,1,risk_on,8.072539594385719e-13,1.0
2011-06-08,1,risk_on,4.746902896882508e-12,0.999999999996362
2011-06-09,1,risk_on,1.427548736164228e-13,1.0
2011-06-10,1,risk_on,3.693381901304443e-12,0.999999999996362
2011-06-13,1,risk_on,3.0326483180593547e-12,0.999999999996362
2011-06-14,1,risk_on,5.256269118332836e-14,1.0
2011-06-15,1,risk_on,1.009540839798926e-11,0.9999999999890861
2011-06-16,1,risk_on,8.229358518374367e-11,0.9999999999163265
2011-06-17,1,risk_on,2.2086072920591246e-12,0.999999999996362
2011-06-20,1,risk_on,6.088094923632385e-14,1.0
2011-06-21,1,risk_on,9.263032223050956e-15,1.0
2011-06-22,1,risk_on,1.3457958349611528e-13,1.0
2011-06-23,1,risk_on,8.814893439890279e-15,1.0
2011-06-24,1,risk_on,1.6861923244267445e-15,1.0
2011-06-27,1,risk_on,1.3492921251394038e-16,1.0
2011-06-28,1,risk_on,1.8930808445294762e-17,1.0
2011-06-29,1,risk_on,1.237011973569692e-16,1.0
2011-06-30,1,risk_on,2.6397850261515325e-17,1.0
2011-07-01,1,risk_on,1.9598235614259287e-17,1.0
2011-07-05,1,risk_on,1.9335871049261155e-17,1.0
2011-07-06,1,risk_on,1.2854139455256714e-17,1.0
2011-07-07,1,risk_on,1.835464307532077e-17,1.0
2011-07-08,1,risk_on,7.064791140670041e-17,1.0
2011-07-11,1,risk_on,9.86714553451139e-15,1.0
2011-07-12,1,risk_on,5.0003139801076736e-14,1.0
2011-07-13,1,risk_on,9.642472531771708e-14,1.0
2011-07-14,1,risk_on,2.280105581661454e-15,1.0
2011-07-15,1,risk_on,2.9683052819940633e-16,1.0
2011-07-18,1,risk_on,1.6576351678547085e-15,1.0
2011-07-19,1,risk_on,5.656715922593615e-20,1.0
2011-07-20,1,risk_on,3.553647173613721e-21,1.0
2011-07-21,1,risk_on,1.400365481300207e-22,1.0
2011-07-22,1,risk_on,1.4087037678282433e-21,1.0
2011-07-25,1,risk_on,2.3453409325491316e-23,1.0
2011-07-26,1,risk_on,1.7491455610292367e-21,1.0
2011-07-27,1,risk_on,1.9647422753737395e-21,1.0
2011-07-28,1,risk_on,1.5199230774140638e-20,1.0
2011-07-29,1,risk_on,5.622231603474004e-19,1.0
2011-08-01,1,risk_on,1.4941451503319346e-18,1.0
2011-08-02,1,risk_on,1.0191814151358925e-12,1.0
2011-08-03,1,risk_on,3.0619215067245095e-08,0.9999999693791328
2011-08-04,0,defensive_risk_off,0.9148210629504921,0.08517893705114786
2011-08-05,0,defensive_risk_off,0.9862326529637769,0.013767347037480029
2011-08-08,0,defensive_risk_off,1.0,3.092046132706456e-18
2011-08-09,0,defensive_risk_off,1.0,6.913366462922687e-14
2011-08-10,0,defensive_risk_off,1.0,1.0534604419896302e-14
2011-08-11,0,defensive_risk_off,0.999999999992724,8.146460549345976e-12
2011-08-12,0,defensive_risk_off,1.0,6.231332561201934e-13
2011-08-15,0,defensive_risk_off,0.9999999991850927,8.147218193769211e-10
2011-08-16,0,defensive_risk_off,0.9999999998144631,1.8554932633547394e-10
2011-08-17,0,defensive_risk_off,0.9999999819847291,1.8015601954436873e-08
2011-08-18,0,defensive_risk_off,1.0,4.946954063150995e-15
2011-08-19,0,defensive_risk_off,1.0,1.287986694854905e-16
2011-08-22,0,defensive_risk_off,1.0,3.3334772772233145e-15
2011-08-23,0,defensive_risk_off,0.999999999996362,3.655975701618646e-12
2011-08-24,0,defensive_risk_off,0.999999999996362,4.019878792341926e-12
2011-08-25,0,defensive_risk_off,1.0,5.752453423057783e-13
2011-08-26,0,defensive_risk_off,0.999999999992724,6.522977497086243e-12
2011-08-29,0,defensive_risk_off,0.9999999999818101,1.693593274048529e-11
2011-08-30,0,defensive_risk_off,1.0,7.1343996841761e-13
2011-08-31,0,defensive_risk_off,0.9999999997635314,2.371504759800476e-10
2011-09-01,0,defensive_risk_off,0.9999999998544808,1.4682572520485614e-10
2011-09-02,0,defensive_risk_off,0.9999999209067059,7.909174601203059e-08
2011-09-06,0,defensive_risk_off,0.9999999999854481,1.5611090832260623e-11
2011-09-07,0,defensive_risk_off,1.0,6.105250258094455e-13
2011-09-08,0,defensive_risk_off,1.0,3.7149036710662305e-15
2011-09-09,0,defensive_risk_off,0.9999999992578523,7.409457970636124e-10
2011-09-12,0,defensive_risk_off,0.9999999996907718,3.106385536872748e-10
2011-09-13,0,defensive_risk_off,0.9999999938336259,6.167976259628226e-09
2011-09-14,0,defensive_risk_off,0.9999999997962732,2.02764978711977e-10
2011-09-15,0,defensive_risk_off,0.9999999478823169,5.21183440206381e-08
2011-09-16,0,defensive_risk_off,0.999999691946916,3.0805303312205374e-07
2011-09-19,0,defensive_risk_off,0.9999999685351217,3.146465788720459e-08
2011-09-20,0,defensive_risk_off,0.9999999981737346,1.824857350620075e-09
2011-09-21,0,defensive_risk_off,0.999999999992724,8.512468399539249e-12
2011-09-22,0,defensive_risk_off,1.0,6.688917703906366e-16
2011-09-23,0,defensive_risk_off,1.0,3.678700486165584e-17
2011-09-26,0,defensive_risk_off,1.0,6.195686914031598e-16
2011-09-27,0,defensive_risk_off,1.0,3.7138916949695674e-13
2011-09-28,0,defensive_risk_off,1.0,1.2854837309287597e-13
2011-09-29,0,defensive_risk_off,0.999999999996362,4.197939491249061e-12
2011-09-30,0,defensive_risk_off,1.0,3.9850726080660295e-20
2011-10-03,0,defensive_risk_off,1.0,7.628687058561881e-22
2011-10-04,0,defensive_risk_off,1.0,1.0115949887334771e-16
2011-10-05,0,defensive_risk_off,1.0,1.6187646879735008e-14
2011-10-06,0,defensive_risk_off,1.0,1.2487787608911263e-13
2011-10-07,0,defensive_risk_off,1.0,6.415850172450485e-14
2011-10-10,0,defensive_risk_off,1.0,1.3521053157193102e-14
2011-10-11,0,defensive_risk_off,1.0,4.0712166326909136e-13
2011-10-12,0,defensive_risk_off,1.0,3.6845648478716113e-13
2011-10-13,0,defensive_risk_off,0.9999999959582055,4.040791714196315e-09
2011-10-14,0,defensive_risk_off,0.9999999940810085,5.918958992605492e-09
2011-10-17,0,defensive_risk_off,0.9999999976898835,2.3107525639904193e-09
2011-10-18,0,defensive_risk_off,0.9999999854189809,1.4580313796109743e-08
2011-10-19,0,defensive_risk_off,0.9999999556457634,4.435393342391336e-08
2011-10-20,0,defensive_risk_off,0.999999244435743,7.555654185559018e-07
2011-10-21,0,defensive_risk_off,0.9999998769963061,1.2300259849226106e-07
2011-10-24,0,defensive_risk_off,0.9999999962492438,3.752339003029141e-09
2011-10-25,0,defensive_risk_off,0.9999987391173581,1.2608816132104002e-06
2011-10-26,0,defensive_risk_off,0.9999965481061287,3.451894501263327e-06
2011-10-27,0,defensive_risk_off,0.9999999670726544,3.292701854759578e-08
2011-10-28,0,defensive_risk_off,0.9999999774154278,2.2584458620823153e-08
2011-10-31,0,defensive_risk_off,0.9999999956817192,4.3192360129210025e-09
2011-11-01,0,defensive_risk_off,0.9999999963802111,3.619063997412734e-09
2011-11-02,0,defensive_risk_off,0.9999999999781721,2.062809267891204e-11
2011-11-03,0,defensive_risk_off,0.999999996569386,3.4295037728745774e-09
2011-11-04,0,defensive_risk_off,0.999998653981489,1.3460193385345866e-06
2011-11-07,0,defensive_risk_off,0.9999946246315494,5.375368280157302e-06
2011-11-08,0,defensive_risk_off,0.9999997627237744,2.3727539292048773e-07
2011-11-09,0,defensive_risk_off,0.9997161741076853,0.00028382589308580407
2011-11-10,0,defensive_risk_off,0.9863234086391395,0.013676591359312096
2011-11-11,0,defensive_risk_off,0.896280579086168,0.10371942091501697
2011-11-14,1,risk_on,0.09551934144808157,0.9044806585511409
2011-11-15,1,risk_on,0.004576124442963893,0.9954238755564154
2011-11-16,1,risk_on,0.0027627034170806817,0.997237296582298
2011-11-17,1,risk_on,0.0038468043716252233,0.9961531956297782
2011-11-18,1,risk_on,0.034495868076981843,0.9655041319240505
2011-11-21,1,risk_on,0.3949647763678992,0.6050352236313749
2011-11-22,0,defensive_risk_off,0.9999595672368465,4.043276180309007e-05
2011-11-23,0,defensive_risk_off,0.9999999927313183,7.267603776621249e-09
2011-11-25,0,defensive_risk_off,0.9999998641469666,1.3585228742999283e-07
2011-11-28,0,defensive_risk_off,0.9998678036320718,0.00013219636807595918
2011-11-29,0,defensive_risk_off,0.916908885475067,0.0830911145264674
2011-11-30,1,risk_on,0.20753682928253198,0.7924631707170534
2011-12-01,1,risk_on,0.02992424898760674,0.9700757510122131
2011-12-02,1,risk_on,0.007932843277843576,0.9920671567215895
2011-12-05,1,risk_on,0.002436712680259789,0.9975632873185996
2011-12-06,1,risk_on,0.00018971443827737168,0.9998102855616495
2011-12-07,1,risk_on,2.4172529012439843e-05,0.9999758274727661
2011-12-08,1,risk_on,2.72991114913906e-05,0.9999727008887096
2011-12-09,1,risk_on,5.6900980719332784e-05,0.99994309902106
2011-12-12,1,risk_on,5.5408270886745444e-05,0.9999445917309046
2011-12-13,1,risk_on,0.00016621313646900481,0.9998337868652747
2011-12-14,1,risk_on,8.637377416153125e-05,0.9999136262246342
2011-12-15,1,risk_on,0.0010242658003048444,0.9989757341992991
2011-12-16,1,risk_on,0.033567144537505714,0.9664328554621423
2011-12-19,1,risk_on,0.22435379711942452,0.7756462028811418
2011-12-20,1,risk_on,0.3121207526194769,0.6878792473816923
2011-12-21,0,defensive_risk_off,0.9640127677118913,0.03598723228780231
2011-12-22,0,defensive_risk_off,0.9989015098489229,0.0010984901522021959
2011-12-23,0,defensive_risk_off,0.9999999996762199,3.2555460891959757e-10
2011-12-27,0,defensive_risk_off,0.9999993583044,6.416950843710431e-07
2011-12-28,0,defensive_risk_off,0.6266578615546733,0.3733421384450349
2011-12-29,1,risk_on,0.18818322135602383,0.8118167786430159
2011-12-30,1,risk_on,0.02913674711213558,0.9708632528877457
2012-01-03,1,risk_on,0.0016026132052751308,0.9983973867949496
2012-01-04,1,risk_on,1.0823892034034043e-05,0.9999891761075632
2012-01-05,1,risk_on,1.3898965832212377e-08,0.999999986099283
2012-01-06,1,risk_on,3.4438372812497978e-09,0.9999999965548341
2012-01-09,1,risk_on,2.5102630315821202e-08,0.9999999748979466
2012-01-10,1,risk_on,6.809153039287074e-10,0.999999999319698
2012-01-11,1,risk_on,1.398679308137991e-10,0.9999999998617568
2012-01-12,1,risk_on,8.90734181992089e-11,0.9999999999126885
2012-01-13,1,risk_on,1.2316171453577673e-10,0.9999999998763087
2012-01-17,1,risk_on,2.763260673946994e-10,0.9999999997235136
2012-01-18,1,risk_on,9.00384998353266e-11,0.9999999999090505
2012-01-19,1,risk_on,4.749440446515988e-11,0.9999999999527063
2012-01-20,1,risk_on,2.3819228500364567e-10,0.9999999997635314
2012-01-23,1,risk_on,9.151018002128445e-11,0.9999999999090505
2012-01-24,1,risk_on,3.2016147446447176e-11,0.9999999999672582
2012-01-25,1,risk_on,7.279798047237641e-12,0.999999999992724
2012-01-26,1,risk_on,2.6575338126895787e-12,0.999999999996362
2012-01-27,1,risk_on,1.8552296944143666e-12,0.999999999996362
2012-01-30,1,risk_on,4.2785913542885856e-13,1.0
2012-01-31,1,risk_on,5.18552200933062e-13,1.0
2012-02-01,1,risk_on,6.726886247207903e-14,1.0
2012-02-02,1,risk_on,4.478171630010165e-14,1.0
2012-02-03,1,risk_on,1.615593801242028e-15,1.0
2012-02-06,1,risk_on,4.2235106914825786e-16,1.0
2012-02-07,1,risk_on,1.6544142564660775e-15,1.0
2012-02-08,1,risk_on,1.2771584665566988e-15,1.0
2012-02-09,1,risk_on,5.464278375890288e-16,1.0
2012-02-10,1,risk_on,1.7776809251179364e-16,1.0
2012-02-13,1,risk_on,1.6102806262880794e-17,1.0
2012-02-14,1,risk_on,9.332049475899593e-18,1.0
2012-02-15,1,risk_on,3.2871254692398476e-18,1.0
2012-02-16,1,risk_on,2.7839955751699234e-18,1.0
2012-02-17,1,risk_on,2.3580525650687382e-17,1.0
2012-02-21,1,risk_on,5.088399859016995e-17,1.0
2012-02-22,1,risk_on,1.0183068267890306e-16,1.0
2012-02-23,1,risk_on,3.6149251908842155e-16,1.0
2012-02-24,1,risk_on,7.043590090924653e-17,1.0
2012-02-27,1,risk_on,4.0512250090628715e-16,1.0
2012-02-28,1,risk_on,1.4881685993110283e-15,1.0
2012-02-29,1,risk_on,4.773947385375689e-16,1.0
2012-03-01,1,risk_on,3.416101816503109e-16,1.0
2012-03-02,1,risk_on,4.1920865695258505e-18,1.0
2012-03-05,1,risk_on,2.2756518359426796e-18,1.0
2012-03-06,1,risk_on,1.4358797407928028e-16,1.0
2012-03-07,1,risk_on,1.2090824259451874e-17,1.0
2012-03-08,1,risk_on,8.08177810298998e-18,1.0
2012-03-09,1,risk_on,3.649092374430071e-18,1.0
2012-03-12,1,risk_on,2.6417369781635957e-17,1.0
2012-03-13,1,risk_on,8.751828871961444e-17,1.0
2012-03-14,1,risk_on,5.05895538836007e-18,1.0
2012-03-15,1,risk_on,3.1770012419779533e-17,1.0
2012-03-16,1,risk_on,1.4444330125520814e-16,1.0
2012-03-19,1,risk_on,9.637387698422542e-17,1.0
2012-03-20,1,risk_on,1.1367940062122413e-16,1.0
2012-03-21,1,risk_on,4.151603015311809e-16,1.0
2012-03-22,1,risk_on,4.481038559374465e-19,1.0
2012-03-23,1,risk_on,3.557394969060027e-19,1.0
2012-03-26,1,risk_on,3.791623722911169e-19,1.0
2012-03-27,1,risk_on,7.775173909351467e-20,1.0
2012-03-28,1,risk_on,4.1196840142903366e-20,1.0
2012-03-29,1,risk_on,1.4303869494043369e-19,1.0
2012-03-30,1,risk_on,1.8439023244018653e-20,1.0
2012-04-02,1,risk_on,3.925033871890064e-21,1.0
2012-04-03,1,risk_on,1.5359284838565952e-24,1.0
2012-04-04,1,risk_on,1.983253030562348e-22,1.0
2012-04-05,1,risk_on,5.188926415714426e-23,1.0
2012-04-09,1,risk_on,3.666318033719187e-21,1.0
2012-04-10,1,risk_on,1.63661371626323e-19,1.0
2012-04-11,1,risk_on,4.7039470156362806e-20,1.0
2012-04-12,1,risk_on,6.218540811126715e-21,1.0
2012-04-13,1,risk_on,2.2730034904114797e-18,1.0
2012-04-16,1,risk_on,5.813826876028457e-19,1.0
2012-04-17,1,risk_on,6.590004912530483e-20,1.0
2012-04-18,1,risk_on,2.1817916332181823e-20,1.0
2012-04-19,1,risk_on,3.958854171281162e-20,1.0
2012-04-20,1,risk_on,1.4487171287688455e-20,1.0
2012-04-23,1,risk_on,2.0558303599856537e-19,1.0
2012-04-24,1,risk_on,9.137434429857504e-20,1.0
2012-04-25,1,risk_on,4.278386427605518e-21,1.0
2012-04-26,1,risk_on,1.6180007799934897e-22,1.0
2012-04-27,1,risk_on,2.1605997437495173e-22,1.0
2012-04-30,1,risk_on,1.5186564757475938e-22,1.0
2012-05-01,1,risk_on,1.2197545409697456e-22,1.0
2012-05-02,1,risk_on,2.7911291330954053e-23,1.0
2012-05-03,1,risk_on,6.3844404335751935e-22,1.0
2012-05-04,1,risk_on,1.6572638709914411e-22,1.0
2012-05-07,1,risk_on,3.5937315355902313e-22,1.0
2012-05-08,1,risk_on,4.716471179336401e-22,1.0
2012-05-09,1,risk_on,6.462811035727566e-22,1.0
2012-05-10,1,risk_on,1.9885765658451052e-22,1.0
2012-05-11,1,risk_on,1.127362819532916e-22,1.0
2012-05-14,1,risk_on,2.4956820250613775e-21,1.0
2012-05-15,1,risk_on,4.913385285102604e-21,1.0
2012-05-16,1,risk_on,1.098213752532144e-20,1.0
2012-05-17,1,risk_on,6.997904639357666e-19,1.0
2012-05-18,1,risk_on,3.391884317260376e-18,1.0
2012-05-21,1,risk_on,8.595983519765566e-20,1.0
2012-05-22,1,risk_on,1.7802914279016444e-20,1.0
2012-05-23,1,risk_on,1.7909448225607028e-20,1.0
2012-05-24,1,risk_on,1.2941814646919976e-20,1.0
2012-05-25,1,risk_on,1.009208653269636e-20,1.0
2012-05-29,1,risk_on,6.296969272511631e-22,1.0
2012-05-30,1,risk_on,2.1806460048149963e-18,1.0
2012-05-31,1,risk_on,5.980690372312424e-18,1.0
2012-06-01,1,risk_on,3.720897620051523e-13,1.0
2012-06-04,1,risk_on,1.3639773464750422e-12,1.0
2012-06-05,1,risk_on,4.8078647993854015e-14,1.0
2012-06-06,1,risk_on,1.8428422053200123e-15,1.0
2012-06-07,1,risk_on,5.170999191333325e-16,1.0
2012-06-08,1,risk_on,7.199211637511849e-17,1.0
2012-06-11,1,risk_on,3.343204071803887e-16,1.0
2012-06-12,1,risk_on,3.544991721758683e-18,1.0
2012-06-13,1,risk_on,8.871594562763234e-17,1.0
2012-06-14,1,risk_on,1.828422253863939e-17,1.0
2012-06-15,1,risk_on,7.348108855052112e-18,1.0
2012-06-18,1,risk_on,1.0348112332906721e-16,1.0
2012-06-19,1,risk_on,7.304407883439412e-18,1.0
2012-06-20,1,risk_on,1.2592627496605117e-18,1.0
2012-06-21,1,risk_on,9.608772577645556e-19,1.0
2012-06-22,1,risk_on,2.2637706012119496e-18,1.0
2012-06-25,1,risk_on,1.267389778268118e-17,1.0
2012-06-26,1,risk_on,7.06225433678913e-18,1.0
2012-06-27,1,risk_on,1.949684539837047e-18,1.0
2012-06-28,1,risk_on,4.2608710418363686e-19,1.0
2012-06-29,1,risk_on,1.756542003453832e-18,1.0
2012-07-02,1,risk_on,2.2710729344253377e-17,1.0
2012-07-03,1,risk_on,5.105793394973403e-16,1.0
2012-07-05,1,risk_on,3.421181774827438e-16,1.0
2012-07-06,1,risk_on,1.9262405646351126e-17,1.0
2012-07-09,1,risk_on,4.17914551304521e-18,1.0
2012-07-10,1,risk_on,3.077851726405639e-18,1.0
2012-07-11,1,risk_on,3.528891187251325e-17,1.0
2012-07-12,1,risk_on,7.817665502245576e-18,1.0
2012-07-13,1,risk_on,3.3510145208613523e-18,1.0
2012-07-16,1,risk_on,1.1347289419516575e-18,1.0
2012-07-17,1,risk_on,7.16925631634753e-20,1.0
2012-07-18,1,risk_on,4.069515305133642e-20,1.0
2012-07-19,1,risk_on,4.5356385816588135e-20,1.0
2012-07-20,1,risk_on,2.2912420147804823e-19,1.0
2012-07-23,1,risk_on,8.691576725834679e-18,1.0
2012-07-24,1,risk_on,3.9992478067731146e-17,1.0
2012-07-25,1,risk_on,9.424661719888347e-18,1.0
2012-07-26,1,risk_on,4.0807133204397655e-18,1.0
2012-07-27,1,risk_on,1.8039822439457957e-18,1.0
2012-07-30,1,risk_on,3.309231834433548e-18,1.0
2012-07-31,1,risk_on,1.6043488301060469e-18,1.0
2012-08-01,1,risk_on,1.6444523927309501e-18,1.0
2012-08-02,1,risk_on,4.73267665715176e-18,1.0
2012-08-03,1,risk_on,8.855203025414498e-19,1.0
2012-08-06,1,risk_on,2.0920358536557475e-18,1.0
2012-08-07,1,risk_on,9.030318325816788e-19,1.0
2012-08-08,1,risk_on,7.720957279119641e-19,1.0
2012-08-09,1,risk_on,1.254684117446253e-18,1.0
2012-08-10,1,risk_on,1.3453824303134627e-18,1.0
2012-08-13,1,risk_on,3.7932029518688216e-19,1.0
2012-08-14,1,risk_on,2.949232018363398e-19,1.0
2012-08-15,1,risk_on,1.0922069873997587e-19,1.0
2012-08-16,1,risk_on,2.8092335137339757e-19,1.0
2012-08-17,1,risk_on,7.5118677449716995e-19,1.0
2012-08-20,1,risk_on,5.763387014877386e-19,1.0
2012-08-21,1,risk_on,7.809303389438973e-19,1.0
2012-08-22,1,risk_on,7.478997049222098e-19,1.0
2012-08-23,1,risk_on,3.121656459827928e-18,1.0
2012-08-24,1,risk_on,5.806505652025178e-19,1.0
2012-08-27,1,risk_on,2.971964099361901e-19,1.0
2012-08-28,1,risk_on,2.3101570791466776e-19,1.0
2012-08-29,1,risk_on,1.8156669640459126e-19,1.0
2012-08-30,1,risk_on,1.553444417572743e-19,1.0
2012-08-31,1,risk_on,5.897998262500841e-20,1.0
2012-09-04,1,risk_on,5.286359394795295e-20,1.0
2012-09-05,1,risk_on,2.3934244097112823e-22,1.0
2012-09-06,1,risk_on,2.3453436254614906e-21,1.0
2012-09-07,1,risk_on,4.53271508232449e-21,1.0
2012-09-10,1,risk_on,1.9775641251076594e-20,1.0
2012-09-11,1,risk_on,8.574779944560576e-21,1.0
2012-09-12,1,risk_on,1.486059071349418e-20,1.0
2012-09-13,1,risk_on,7.824319600118439e-20,1.0
2012-09-14,1,risk_on,4.025027624201534e-18,1.0
2012-09-17,1,risk_on,3.5259540895208735e-18,1.0
2012-09-18,1,risk_on,1.913247882053026e-18,1.0
2012-09-19,1,risk_on,9.541167035336203e-19,1.0
2012-09-20,1,risk_on,5.4741568785158766e-18,1.0
2012-09-21,1,risk_on,3.10607818414441e-19,1.0
2012-09-24,1,risk_on,3.704133552087115e-19,1.0
2012-09-25,1,risk_on,5.2843734875458515e-18,1.0
2012-09-26,1,risk_on,4.015303705794265e-18,1.0
2012-09-27,1,risk_on,6.076838912095309e-19,1.0
2012-09-28,1,risk_on,1.7828537021574378e-20,1.0
2012-10-01,1,risk_on,1.0720237203602705e-19,1.0
2012-10-02,1,risk_on,4.198801385614928e-20,1.0
2012-10-03,1,risk_on,6.398638600390662e-20,1.0
2012-10-04,1,risk_on,3.9053083409374743e-19,1.0
2012-10-05,1,risk_on,2.061803686602814e-19,1.0
2012-10-08,1,risk_on,1.2850226073796824e-18,1.0
2012-10-09,1,risk_on,4.8124046520638464e-18,1.0
2012-10-10,1,risk_on,2.2034708536597947e-16,1.0
2012-10-11,1,risk_on,2.813252829766484e-16,1.0
2012-10-12,1,risk_on,2.256533876984132e-16,1.0
2012-10-15,1,risk_on,2.8993872843518174e-17,1.0
2012-10-16,1,risk_on,6.157909049935768e-17,1.0
2012-10-17,1,risk_on,4.933712935353281e-18,1.0
2012-10-18,1,risk_on,2.9818961406725584e-17,1.0
2012-10-19,1,risk_on,1.2167927760514695e-14,1.0
2012-10-22,1,risk_on,1.9545997163483863e-14,1.0
2012-10-23,1,risk_on,7.165722211465686e-15,1.0
2012-10-24,1,risk_on,3.767186427215175e-15,1.0
2012-10-25,1,risk_on,1.2325117239223976e-17,1.0
2012-10-26,1,risk_on,1.8202195798209102e-18,1.0
2012-10-31,1,risk_on,4.4482194221138495e-17,1.0
2012-11-01,1,risk_on,6.1102906928066114e-18,1.0
2012-11-02,1,risk_on,6.126648480590051e-18,1.0
2012-11-05,1,risk_on,1.0691888079305294e-19,1.0
2012-11-06,1,risk_on,1.3823096746318744e-20,1.0
2012-11-07,1,risk_on,1.0918445299583928e-17,1.0
2012-11-08,1,risk_on,9.197764957264298e-16,1.0
2012-11-09,1,risk_on,6.981524093545107e-17,1.0
2012-11-12,1,risk_on,5.649945477966651e-17,1.0
2012-11-13,1,risk_on,7.435956841449947e-17,1.0
2012-11-14,1,risk_on,5.865222227710803e-16,1.0
2012-11-15,1,risk_on,9.904872017120646e-16,1.0
2012-11-16,1,risk_on,1.472084884117201e-15,1.0
2012-11-19,1,risk_on,8.1196066190094e-17,1.0
2012-11-20,1,risk_on,9.269616414728329e-17,1.0
2012-11-21,1,risk_on,2.1520664983919012e-16,1.0
2012-11-23,1,risk_on,1.8939772809334722e-16,1.0
2012-11-26,1,risk_on,4.9249329677991425e-17,1.0
2012-11-27,1,risk_on,1.7895609750260853e-16,1.0
2012-11-28,1,risk_on,4.396430745356384e-17,1.0
2012-11-29,1,risk_on,7.262980444312321e-18,1.0
2012-11-30,1,risk_on,1.5412055111854076e-17,1.0
2012-12-03,1,risk_on,6.435575234595906e-17,1.0
2012-12-04,1,risk_on,6.821775520403272e-16,1.0
2012-12-05,1,risk_on,2.1330279924184016e-15,1.0
2012-12-06,1,risk_on,1.1815259095566884e-15,1.0
2012-12-07,1,risk_on,1.733006615952036e-17,1.0
2012-12-10,1,risk_on,1.778161129023454e-17,1.0
2012-12-11,1,risk_on,8.43162647812647e-18,1.0
2012-12-12,1,risk_on,1.0458418273552148e-17,1.0
2012-12-13,1,risk_on,1.3806336115715259e-17,1.0
2012-12-14,1,risk_on,1.4496439913992188e-16,1.0
2012-12-17,1,risk_on,7.38607359642772e-16,1.0
2012-12-18,1,risk_on,9.903732028755465e-16,1.0
2012-12-19,1,risk_on,4.463719356718701e-17,1.0
2012-12-20,1,risk_on,8.270793060157086e-17,1.0
2012-12-21,1,risk_on,1.5067946909469658e-16,1.0
2012-12-24,1,risk_on,3.46937132891859e-17,1.0
2012-12-26,1,risk_on,6.266984360292884e-16,1.0
2012-12-27,1,risk_on,3.157907160085282e-16,1.0
2012-12-28,1,risk_on,1.940843988832465e-14,1.0
2012-12-31,1,risk_on,4.09787622744832e-17,1.0
2013-01-02,1,risk_on,4.894768149927044e-17,1.0
2013-01-03,1,risk_on,9.336975218912199e-18,1.0
2013-01-04,1,risk_on,1.4663259162033362e-17,1.0
2013-01-07,1,risk_on,2.963766235657106e-17,1.0
2013-01-08,1,risk_on,1.5486025484662915e-17,1.0
2013-01-09,1,risk_on,1.1595724756978736e-17,1.0
2013-01-10,1,risk_on,1.46091237754223e-17,1.0
2013-01-11,1,risk_on,4.1697584267450355e-17,1.0
2013-01-14,1,risk_on,2.6715249650131765e-17,1.0
2013-01-15,1,risk_on,5.000134745147223e-17,1.0
2013-01-16,1,risk_on,2.2617174873667897e-17,1.0
2013-01-17,1,risk_on,2.2455794502954787e-17,1.0
2013-01-18,1,risk_on,7.976192657254757e-18,1.0
2013-01-22,1,risk_on,2.0382640895304394e-17,1.0
2013-01-23,1,risk_on,3.0928613962959215e-17,1.0
2013-01-24,1,risk_on,3.762337965643402e-17,1.0
2013-01-25,1,risk_on,2.348358421584886e-16,1.0
2013-01-28,1,risk_on,4.597646100344044e-17,1.0
2013-01-29,1,risk_on,1.4980296630205861e-15,1.0
2013-01-30,1,risk_on,1.0149703714798675e-15,1.0
2013-01-31,1,risk_on,1.03888605814357e-14,1.0
2013-02-01,1,risk_on,6.083847229158692e-16,1.0
2013-02-04,1,risk_on,2.8066484539101285e-14,1.0
2013-02-05,1,risk_on,5.901876995560748e-15,1.0
2013-02-06,1,risk_on,7.731408738522132e-15,1.0
2013-02-07,1,risk_on,3.344919774441765e-15,1.0
2013-02-08,1,risk_on,9.603854419383678e-16,1.0
2013-02-11,1,risk_on,1.9472446651658694e-16,1.0
2013-02-12,1,risk_on,1.439749351247673e-16,1.0
2013-02-13,1,risk_on,6.897834438867118e-17,1.0
2013-02-14,1,risk_on,4.1893695567470995e-17,1.0
2013-02-15,1,risk_on,1.128214867801402e-16,1.0
2013-02-19,1,risk_on,5.385417390368983e-16,1.0
2013-02-20,1,risk_on,1.8829246143348453e-15,1.0
2013-02-21,1,risk_on,3.760228239884941e-16,1.0
2013-02-22,1,risk_on,7.276796154285518e-17,1.0
2013-02-25,1,risk_on,2.966925198222797e-14,1.0
2013-02-26,1,risk_on,2.81303689553505e-15,1.0
2013-02-27,1,risk_on,6.208727485196885e-16,1.0
2013-02-28,1,risk_on,1.2633311825543172e-15,1.0
2013-03-01,1,risk_on,2.308670351695848e-16,1.0
2013-03-04,1,risk_on,1.9745927755586838e-16,1.0
2013-03-05,1,risk_on,3.233520553149042e-16,1.0
2013-03-06,1,risk_on,3.31621167953801e-16,1.0
2013-03-07,1,risk_on,3.1141535170678526e-16,1.0
2013-03-08,1,risk_on,5.77634113265523e-16,1.0
2013-03-11,1,risk_on,1.5649748430173334e-15,1.0
2013-03-12,1,risk_on,8.496728275873377e-16,1.0
2013-03-13,1,risk_on,1.4469749221993563e-15,1.0
2013-03-14,1,risk_on,8.42745153359006e-16,1.0
2013-03-15,1,risk_on,2.1516131179216967e-15,1.0
2013-03-18,1,risk_on,4.249366946338765e-15,1.0
2013-03-19,1,risk_on,8.25383884080866e-15,1.0
2013-03-20,1,risk_on,5.204248891290844e-16,1.0
2013-03-21,1,risk_on,6.694269176060823e-16,1.0
2013-03-22,1,risk_on,3.0450758914346033e-16,1.0
2013-03-25,1,risk_on,1.9006786554472284e-16,1.0
2013-03-26,1,risk_on,9.45922935565027e-17,1.0
2013-03-27,1,risk_on,1.6946768562844902e-16,1.0
2013-03-28,1,risk_on,4.125397543317655e-17,1.0
2013-04-01,1,risk_on,3.775819791407853e-16,1.0
2013-04-02,1,risk_on,2.1176001935293034e-16,1.0
2013-04-03,1,risk_on,8.538366706185191e-17,1.0
2013-04-04,1,risk_on,9.096653203704329e-20,1.0
2013-04-05,1,risk_on,1.9248144996122603e-17,1.0
2013-04-08,1,risk_on,1.1121774279769048e-17,1.0
2013-04-09,1,risk_on,4.134414288707208e-17,1.0
2013-04-10,1,risk_on,1.2686160094144474e-16,1.0
2013-04-11,1,risk_on,9.372364048219241e-17,1.0
2013-04-12,1,risk_on,1.9993163122307123e-16,1.0
2013-04-15,1,risk_on,1.5061456948016654e-14,1.0
2013-04-16,1,risk_on,1.349202504077961e-15,1.0
2013-04-17,1,risk_on,1.2989143574200305e-14,1.0
2013-04-18,1,risk_on,3.9649229672834404e-14,1.0
2013-04-19,1,risk_on,1.0096540662255658e-14,1.0
2013-04-22,1,risk_on,1.994222955942312e-15,1.0
2013-04-23,1,risk_on,7.138661747953445e-16,1.0
2013-04-24,1,risk_on,7.580113908240955e-16,1.0
2013-04-25,1,risk_on,2.5353933913741106e-16,1.0
2013-04-26,1,risk_on,1.5731800754374078e-16,1.0
2013-04-29,1,risk_on,2.168315058302575e-16,1.0
2013-04-30,1,risk_on,1.0784299517138025e-16,1.0
2013-05-01,1,risk_on,2.4883501208192935e-15,1.0
2013-05-02,1,risk_on,1.3275634595203377e-15,1.0
2013-05-03,1,risk_on,8.726897685485214e-16,1.0
2013-05-06,1,risk_on,3.226340669001651e-15,1.0
2013-05-07,1,risk_on,1.432385058134363e-15,1.0
2013-05-08,1,risk_on,3.725692831790967e-15,1.0
2013-05-09,1,risk_on,6.502084774438595e-16,1.0
2013-05-10,1,risk_on,2.3793813025691944e-16,1.0
2013-05-13,1,risk_on,2.657583597450354e-16,1.0
2013-05-14,1,risk_on,5.2631738675016554e-15,1.0
2013-05-15,1,risk_on,1.1331051889315045e-14,1.0
2013-05-16,1,risk_on,4.8383497321390774e-14,1.0
2013-05-17,1,risk_on,2.868590255235676e-13,1.0
2013-05-20,1,risk_on,2.579061797978174e-13,1.0
2013-05-21,1,risk_on,8.764034879627054e-13,1.0
2013-05-22,1,risk_on,7.699456368517148e-14,1.0
2013-05-23,1,risk_on,8.609740674221595e-14,1.0
2013-05-24,1,risk_on,1.55316194073936e-14,1.0
2013-05-28,1,risk_on,4.086070886524037e-15,1.0
2013-05-29,1,risk_on,1.1029607682143574e-14,1.0
2013-05-30,1,risk_on,9.383650203882747e-15,1.0
2013-05-31,1,risk_on,6.148044874399546e-15,1.0
2013-06-03,1,risk_on,2.0613218271485523e-16,1.0
2013-06-04,1,risk_on,1.3343378603157397e-18,1.0
2013-06-05,1,risk_on,2.41127804328731e-16,1.0
2013-06-06,1,risk_on,2.3137532539768496e-17,1.0
2013-06-07,1,risk_on,1.246669300528638e-17,1.0
2013-06-10,1,risk_on,3.89736889036821e-17,1.0
2013-06-11,1,risk_on,1.0084477146523364e-15,1.0
2013-06-12,1,risk_on,7.612109783872322e-17,1.0
2013-06-13,1,risk_on,4.278281559364369e-20,1.0
2013-06-14,1,risk_on,1.2430094867132603e-22,1.0
2013-06-17,1,risk_on,5.827603104477393e-22,1.0
2013-06-18,1,risk_on,2.3989578201714366e-23,1.0
2013-06-19,1,risk_on,1.7182150497017558e-24,1.0
2013-06-20,1,risk_on,3.0201432660388236e-28,1.0
2013-06-21,1,risk_on,5.270929319871552e-27,1.0
2013-06-24,1,risk_on,1.8469478205897436e-24,1.0
2013-06-25,1,risk_on,2.445056405127312e-24,1.0
2013-06-26,1,risk_on,1.8053501750577533e-25,1.0
2013-06-27,1,risk_on,8.182351253491144e-29,1.0
2013-06-28,1,risk_on,4.695204322409004e-28,1.0
2013-07-01,1,risk_on,5.567367884499975e-29,1.0
2013-07-02,1,risk_on,9.595644982150365e-31,1.0
2013-07-03,1,risk_on,3.602531449974739e-29,1.0
2013-07-05,1,risk_on,1.270086754875227e-28,1.0
2013-07-08,1,risk_on,4.637698004936474e-31,1.0
2013-07-09,1,risk_on,1.4023676583653704e-31,1.0
2013-07-10,1,risk_on,6.525902455051908e-34,1.0
2013-07-11,1,risk_on,3.730666246402032e-36,1.0
2013-07-12,1,risk_on,3.3129784201715324e-36,1.0
2013-07-15,1,risk_on,1.2131032675427453e-39,1.0
2013-07-16,1,risk_on,1.472297221456318e-40,1.0
2013-07-17,1,risk_on,9.243242853669857e-42,1.0
2013-07-18,1,risk_on,1.037797158399719e-41,1.0
2013-07-19,1,risk_on,1.558163687173437e-38,1.0
2013-07-22,1,risk_on,1.1972733851736933e-37,1.0
2013-07-23,1,risk_on,8.09326947689281e-36,1.0
2013-07-24,1,risk_on,1.790346226175994e-36,1.0
2013-07-25,1,risk_on,2.4907466013667046e-38,1.0
2013-07-26,1,risk_on,1.652732665608894e-39,1.0
2013-07-29,1,risk_on,1.3415676816223574e-41,1.0
2013-07-30,1,risk_on,1.5819801481597077e-40,1.0
2013-07-31,1,risk_on,2.543444626206777e-42,1.0
2013-08-01,1,risk_on,3.340588302704237e-39,1.0
2013-08-02,1,risk_on,4.904637198451886e-42,1.0
2013-08-05,1,risk_on,1.9098457002956766e-41,1.0
2013-08-06,1,risk_on,1.6915774931542184e-41,1.0
2013-08-07,1,risk_on,7.622602765903697e-42,1.0
2013-08-08,1,risk_on,7.936953981488915e-42,1.0
2013-08-09,1,risk_on,9.806131254032325e-44,1.0
2013-08-12,1,risk_on,3.304036066176622e-43,1.0
2013-08-13,1,risk_on,3.1369875200743004e-46,1.0
2013-08-14,1,risk_on,5.550692443238972e-45,1.0
2013-08-15,1,risk_on,9.900529406776488e-47,1.0
2013-08-16,1,risk_on,1.8671209065956977e-48,1.0
2013-08-19,1,risk_on,3.1128136578946955e-48,1.0
2013-08-20,1,risk_on,7.997954905463197e-50,1.0
2013-08-21,1,risk_on,1.0596533609059e-47,1.0
2013-08-22,1,risk_on,6.527082489904109e-50,1.0
2013-08-23,1,risk_on,1.849922429305458e-50,1.0
2013-08-26,1,risk_on,2.5255706357003245e-53,1.0
2013-08-27,1,risk_on,8.187992082813273e-48,1.0
2013-08-28,1,risk_on,7.678943746515082e-48,1.0
2013-08-29,1,risk_on,1.5025913907584514e-46,1.0
2013-08-30,1,risk_on,3.406502710552672e-43,1.0
2013-09-03,1,risk_on,3.6539737608972287e-44,1.0
2013-09-04,1,risk_on,9.57768127857774e-47,1.0
2013-09-05,1,risk_on,5.768687836871566e-47,1.0
2013-09-06,1,risk_on,1.5040560269535187e-53,1.0
2013-09-09,1,risk_on,9.185038542472107e-56,1.0
2013-09-10,1,risk_on,3.532951339065702e-59,1.0
2013-09-11,1,risk_on,2.9156263180019958e-56,1.0
2013-09-12,1,risk_on,2.084946860763887e-52,1.0
2013-09-13,1,risk_on,5.574380622668658e-53,1.0
2013-09-16,1,risk_on,5.496599962774045e-54,1.0
2013-09-17,1,risk_on,1.0063856729295668e-54,1.0
2013-09-18,1,risk_on,1.3752905398563574e-51,1.0
2013-09-19,1,risk_on,8.999395770419681e-44,1.0
2013-09-20,1,risk_on,1.842626118434369e-40,1.0
2013-09-23,1,risk_on,8.203012457470432e-41,1.0
2013-09-24,1,risk_on,7.362373526519068e-42,1.0
2013-09-25,1,risk_on,4.3362288904274957e-41,1.0
2013-09-26,1,risk_on,2.4353766919146385e-40,1.0
2013-09-27,1,risk_on,1.2688735093949817e-40,1.0
2013-09-30,1,risk_on,4.76675327909404e-40,1.0
2013-10-01,1,risk_on,9.226115895423654e-40,1.0
2013-10-02,1,risk_on,3.855449742039963e-40,1.0
2013-10-03,1,risk_on,6.393608423205531e-49,1.0
2013-10-04,1,risk_on,1.0042927027756887e-46,1.0
2013-10-07,1,risk_on,6.311798045270066e-47,1.0
2013-10-08,1,risk_on,2.997719941915062e-45,1.0
2013-10-09,1,risk_on,1.4195545089602436e-41,1.0
2013-10-10,1,risk_on,1.1076188311710902e-44,1.0
2013-10-11,1,risk_on,1.1523432679421858e-44,1.0
2013-10-14,1,risk_on,1.9512141273693723e-45,1.0
2013-10-15,1,risk_on,1.1636126462834339e-45,1.0
2013-10-16,1,risk_on,1.0433540662617315e-52,1.0
2013-10-17,1,risk_on,3.345225967907518e-54,1.0
2013-10-18,1,risk_on,3.117661553349831e-53,1.0
2013-10-21,1,risk_on,6.40691032628827e-52,1.0
2013-10-22,1,risk_on,4.285929238405556e-51,1.0
2013-10-23,1,risk_on,3.720645369848363e-50,1.0
2013-10-24,1,risk_on,7.626746930294154e-51,1.0
2013-10-25,1,risk_on,1.1976471395066813e-49,1.0
2013-10-28,1,risk_on,8.05156837844611e-50,1.0
2013-10-29,1,risk_on,9.25494598096356e-50,1.0
2013-10-30,1,risk_on,7.255494653773611e-58,1.0
2013-10-31,1,risk_on,7.501963478849653e-57,1.0
2013-11-01,1,risk_on,1.1937430496378816e-55,1.0
2013-11-04,1,risk_on,1.2906576115623284e-56,1.0
2013-11-05,1,risk_on,1.8090094882848575e-58,1.0
2013-11-06,1,risk_on,1.0454356136067015e-58,1.0
2013-11-07,1,risk_on,2.0317706100044903e-52,1.0
2013-11-08,1,risk_on,1.3431951822972884e-46,1.0
2013-11-11,1,risk_on,4.6270069062389716e-48,1.0
2013-11-12,1,risk_on,6.980846758252965e-46,1.0
2013-11-13,1,risk_on,1.337184557713758e-41,1.0
2013-11-14,1,risk_on,1.1306402624677212e-41,1.0
2013-11-15,1,risk_on,4.656902453493213e-39,1.0
2013-11-18,1,risk_on,1.6536711951573e-37,1.0
2013-11-19,1,risk_on,4.10417686248378e-36,1.0
2013-11-20,1,risk_on,3.53098997213321e-37,1.0
2013-11-21,1,risk_on,2.666989301872257e-37,1.0
2013-11-22,1,risk_on,8.162058260178693e-38,1.0
2013-11-25,1,risk_on,1.1466326600161927e-42,1.0
2013-11-26,1,risk_on,5.874391572483058e-43,1.0
2013-11-27,1,risk_on,8.143586376962054e-44,1.0
2013-11-29,1,risk_on,2.277511622369152e-42,1.0
2013-12-02,1,risk_on,4.049731326582342e-44,1.0
2013-12-03,1,risk_on,6.606372381453404e-44,1.0
2013-12-04,1,risk_on,1.9950108044747263e-45,1.0
2013-12-05,1,risk_on,1.4461783835603015e-44,1.0
2013-12-06,1,risk_on,1.8562047195222202e-47,1.0
2013-12-09,1,risk_on,5.478484039186867e-49,1.0
2013-12-10,1,risk_on,1.0536684725008733e-46,1.0
2013-12-11,1,risk_on,2.322051205210322e-47,1.0
2013-12-12,1,risk_on,2.0506244371124543e-47,1.0
2013-12-13,1,risk_on,5.0411105581532126e-49,1.0
2013-12-16,1,risk_on,1.1747520231275686e-49,1.0
2013-12-17,1,risk_on,1.3290283337570254e-45,1.0
2013-12-18,1,risk_on,5.804306606504978e-44,1.0
2013-12-19,1,risk_on,3.559061320019785e-43,1.0
2013-12-20,1,risk_on,2.847284739021445e-44,1.0
2013-12-23,1,risk_on,1.6687344137396745e-43,1.0
2013-12-24,1,risk_on,9.525648092264812e-44,1.0
2013-12-26,1,risk_on,4.69531302405269e-44,1.0
2013-12-27,1,risk_on,1.7606350771178988e-44,1.0
2013-12-30,1,risk_on,1.0510062612522684e-43,1.0
2013-12-31,1,risk_on,1.1790482049428596e-43,1.0
2014-01-02,1,risk_on,5.461272048413923e-41,1.0
2014-01-03,1,risk_on,4.843555300157578e-40,1.0
2014-01-06,1,risk_on,1.4375866708537564e-38,1.0
2014-01-07,1,risk_on,8.471015779582549e-40,1.0
2014-01-08,1,risk_on,4.193542331149886e-40,1.0
2014-01-09,1,risk_on,7.573446035697654e-40,1.0
2014-01-10,1,risk_on,2.1161955739119558e-41,1.0
2014-01-13,1,risk_on,1.4342240858488486e-37,1.0
2014-01-14,1,risk_on,7.468593504683402e-38,1.0
2014-01-15,1,risk_on,1.1379588002916085e-37,1.0
2014-01-16,1,risk_on,8.019681128039162e-34,1.0
2014-01-17,1,risk_on,1.0739538107740058e-31,1.0
2014-01-21,1,risk_on,3.93766859698003e-32,1.0
2014-01-22,1,risk_on,8.02171349922717e-32,1.0
2014-01-23,1,risk_on,2.4322748245153268e-27,1.0
2014-01-24,1,risk_on,6.487343150145846e-24,1.0
2014-01-27,1,risk_on,2.3215543327631043e-24,1.0
2014-01-28,1,risk_on,1.4562455305911414e-24,1.0
2014-01-29,1,risk_on,1.340704867474538e-22,1.0
2014-01-30,1,risk_on,1.1505820595506315e-23,1.0
2014-01-31,1,risk_on,5.781640482733545e-22,1.0
2014-02-03,1,risk_on,3.983052306583991e-17,1.0
2014-02-04,1,risk_on,3.9166995031011856e-17,1.0
2014-02-05,1,risk_on,6.022680808846111e-18,1.0
2014-02-06,1,risk_on,2.4911889408563865e-17,1.0
2014-02-07,1,risk_on,4.734905212434986e-18,1.0
2014-02-10,1,risk_on,8.6572845121780805e-19,1.0
2014-02-11,1,risk_on,1.6306125502869803e-22,1.0
2014-02-12,1,risk_on,2.3430898993613665e-22,1.0
2014-02-13,1,risk_on,1.7698585253490432e-23,1.0
2014-02-14,1,risk_on,1.4641163957657815e-23,1.0
2014-02-18,1,risk_on,9.121624828315796e-24,1.0
2014-02-19,1,risk_on,2.630554131719293e-24,1.0
2014-02-20,1,risk_on,2.425070137312459e-24,1.0
2014-02-21,1,risk_on,2.8464179057850493e-23,1.0
2014-02-24,1,risk_on,9.703661406285447e-22,1.0
2014-02-25,1,risk_on,5.894017250117967e-22,1.0
2014-02-26,1,risk_on,6.726321088058885e-21,1.0
2014-02-27,1,risk_on,6.641089025931329e-21,1.0
2014-02-28,1,risk_on,1.4239308501969768e-20,1.0
2014-03-03,1,risk_on,1.454187714786167e-20,1.0
2014-03-04,1,risk_on,2.1411055226447254e-18,1.0
2014-03-05,1,risk_on,5.099210411414978e-17,1.0
2014-03-06,1,risk_on,1.551763437693227e-17,1.0
2014-03-07,1,risk_on,3.3095344894395706e-17,1.0
2014-03-10,1,risk_on,5.205589125560356e-17,1.0
2014-03-11,1,risk_on,1.2218945852752293e-16,1.0
2014-03-12,1,risk_on,6.448009089147784e-17,1.0
2014-03-13,1,risk_on,1.5996506338738503e-15,1.0
2014-03-14,1,risk_on,2.374538512145753e-13,1.0
2014-03-17,1,risk_on,8.179679018297789e-14,1.0
2014-03-18,1,risk_on,2.2876478025620728e-14,1.0
2014-03-19,1,risk_on,3.4006394886091184e-15,1.0
2014-03-20,1,risk_on,3.026317072035931e-15,1.0
2014-03-21,1,risk_on,2.229601757894584e-15,1.0
2014-03-24,1,risk_on,1.1653787844551238e-14,1.0
2014-03-25,1,risk_on,1.0806065734353988e-13,1.0
2014-03-26,1,risk_on,1.8886765153544963e-13,1.0
2014-03-27,1,risk_on,3.0005877463313943e-13,1.0
2014-03-28,1,risk_on,1.1483618431178822e-13,1.0
2014-03-31,1,risk_on,5.2766319302655156e-14,1.0
2014-04-01,1,risk_on,7.789293893636046e-14,1.0
2014-04-02,1,risk_on,1.1891290872589572e-13,1.0
2014-04-03,1,risk_on,4.2513239774438914e-13,1.0
2014-04-04,1,risk_on,1.4713270394458304e-12,1.0
2014-04-07,1,risk_on,1.444105753235009e-11,0.9999999999854481
2014-04-08,1,risk_on,7.364259168619904e-12,0.999999999992724
2014-04-09,1,risk_on,3.007329416143094e-12,0.999999999996362
2014-04-10,1,risk_on,6.901051637326549e-11,0.9999999999308784
2014-04-11,1,risk_on,2.932025496251371e-10,0.9999999997053237
2014-04-14,1,risk_on,3.3526949820962233e-10,0.999999999665306
2014-04-15,1,risk_on,1.3534271834316353e-10,0.9999999998653948
2014-04-16,1,risk_on,4.192553598093831e-11,0.9999999999563443
2014-04-17,1,risk_on,8.007712578764448e-11,0.9999999999199645
2014-04-21,1,risk_on,3.789857027488274e-11,0.9999999999636202
2014-04-22,1,risk_on,2.0341428014129067e-11,0.9999999999781721
2014-04-23,1,risk_on,2.460051908398789e-11,0.9999999999745341
2014-04-24,1,risk_on,2.3463538051897133e-11,0.9999999999781721
2014-04-25,1,risk_on,6.727065326673031e-11,0.9999999999345164
2014-04-28,1,risk_on,9.610940378376956e-11,0.9999999999054126
2014-04-29,1,risk_on,7.378052165844392e-11,0.9999999999272404
2014-04-30,1,risk_on,5.149406946226658e-11,0.9999999999490683
2014-05-01,1,risk_on,6.131335117172975e-11,0.9999999999381544
2014-05-02,1,risk_on,1.2162605067907458e-10,0.9999999998799467
2014-05-05,1,risk_on,3.6527304139496065e-11,0.9999999999636202
2014-05-06,1,risk_on,1.570895300550666e-11,0.9999999999854481
2014-05-07,1,risk_on,5.06456151144626e-11,0.9999999999490683
2014-05-08,1,risk_on,7.906666642571393e-12,0.999999999992724
2014-05-09,1,risk_on,1.2517118354914374e-12,1.0
2014-05-12,1,risk_on,3.873656444805927e-12,0.999999999996362
2014-05-13,1,risk_on,1.1301740676138476e-12,1.0
2014-05-14,1,risk_on,2.543554519561003e-12,0.999999999996362
2014-05-15,1,risk_on,6.607394589093975e-12,0.999999999992724
2014-05-16,1,risk_on,4.075160087155693e-12,0.999999999996362
2014-05-19,1,risk_on,4.848047769878695e-12,0.999999999996362
2014-05-20,1,risk_on,2.0224910971370326e-11,0.9999999999781721
2014-05-21,1,risk_on,9.21611349700748e-12,0.9999999999890861
2014-05-22,1,risk_on,1.0035861469098843e-11,0.9999999999890861
2014-05-23,1,risk_on,8.324570744568805e-12,0.999999999992724
2014-05-27,1,risk_on,1.340703924929697e-11,0.9999999999854481
2014-05-28,1,risk_on,1.4866616851491697e-11,0.9999999999854481
2014-05-29,1,risk_on,1.9298693364578833e-11,0.9999999999818101
2014-05-30,1,risk_on,1.369550851923604e-11,0.9999999999854481
2014-06-02,1,risk_on,8.070801387332117e-12,0.999999999992724
2014-06-03,1,risk_on,1.7944237308208915e-13,1.0
2014-06-04,1,risk_on,1.0021874943432044e-13,1.0
2014-06-05,1,risk_on,4.1878346029130426e-13,1.0
2014-06-06,1,risk_on,9.925486081161878e-13,1.0
2014-06-09,1,risk_on,1.1415348213942353e-12,1.0
2014-06-10,1,risk_on,7.955126601672949e-13,1.0
2014-06-11,1,risk_on,1.0057856787814964e-12,1.0
2014-06-12,1,risk_on,8.600226096791222e-13,1.0
2014-06-13,1,risk_on,1.219230179867654e-12,1.0
2014-06-16,1,risk_on,3.411544748171757e-13,1.0
2014-06-17,1,risk_on,3.73525903419569e-13,1.0
2014-06-18,1,risk_on,8.170872008783864e-13,1.0
2014-06-19,1,risk_on,1.6356598488602625e-13,1.0
2014-06-20,1,risk_on,6.284234413793352e-14,1.0
2014-06-23,1,risk_on,2.795151529994185e-14,1.0
2014-06-24,1,risk_on,8.954640892353153e-14,1.0
2014-06-25,1,risk_on,1.4588442880479647e-14,1.0
2014-06-26,1,risk_on,9.913740992127047e-15,1.0
2014-06-27,1,risk_on,3.2314771242337277e-15,1.0
2014-06-30,1,risk_on,1.2933982840144479e-15,1.0
2014-07-01,1,risk_on,1.9074588900864894e-15,1.0
2014-07-02,1,risk_on,7.483337496923406e-16,1.0
2014-07-03,1,risk_on,1.1109803645479546e-15,1.0
2014-07-07,1,risk_on,1.6009775795481599e-15,1.0
2014-07-08,1,risk_on,1.793912843575892e-14,1.0
2014-07-09,1,risk_on,9.619021259663944e-15,1.0
2014-07-10,1,risk_on,2.9039129349654248e-15,1.0
2014-07-11,1,risk_on,4.821857183092007e-16,1.0
2014-07-14,1,risk_on,6.336920697017505e-17,1.0
2014-07-15,1,risk_on,1.6946439462915266e-17,1.0
2014-07-16,1,risk_on,4.3188094743170903e-17,1.0
2014-07-17,1,risk_on,1.4020871017651103e-14,1.0
2014-07-18,1,risk_on,7.601911902455311e-15,1.0
2014-07-21,1,risk_on,1.3809802004444882e-14,1.0
2014-07-22,1,risk_on,5.118159343290198e-15,1.0
2014-07-23,1,risk_on,7.656017608948349e-15,1.0
2014-07-24,1,risk_on,1.4866182919815653e-15,1.0
2014-07-25,1,risk_on,3.6723246337601856e-14,1.0
2014-07-28,1,risk_on,1.6364051721642123e-14,1.0
2014-07-29,1,risk_on,1.329762919023565e-14,1.0
2014-07-30,1,risk_on,2.9882954390661793e-15,1.0
2014-07-31,1,risk_on,8.378421776353221e-17,1.0
2014-08-01,1,risk_on,5.235308540087186e-16,1.0
2014-08-04,1,risk_on,1.1648885377893698e-16,1.0
2014-08-05,1,risk_on,1.9847602350527304e-16,1.0
2014-08-06,1,risk_on,3.981048649500184e-17,1.0
2014-08-07,1,risk_on,3.837895881505046e-16,1.0
2014-08-08,1,risk_on,5.3317085940120846e-17,1.0
2014-08-11,1,risk_on,6.404687953229769e-18,1.0
2014-08-12,1,risk_on,4.164716896982679e-18,1.0
2014-08-13,1,risk_on,1.8974327755656253e-19,1.0
2014-08-14,1,risk_on,7.079828455591846e-21,1.0
2014-08-15,1,risk_on,1.3318357236816909e-21,1.0
2014-08-18,1,risk_on,1.6420791907266812e-21,1.0
2014-08-19,1,risk_on,1.547005414674705e-21,1.0
2014-08-20,1,risk_on,1.5083983239009818e-22,1.0
2014-08-21,1,risk_on,7.924311154627801e-23,1.0
2014-08-22,1,risk_on,3.7068852474319977e-22,1.0
2014-08-25,1,risk_on,7.578295630826417e-22,1.0
2014-08-26,1,risk_on,1.4216196426364206e-21,1.0
2014-08-27,1,risk_on,6.464284483970695e-22,1.0
2014-08-28,1,risk_on,2.0262574096006403e-21,1.0
2014-08-29,1,risk_on,5.843814701285499e-20,1.0
2014-09-02,1,risk_on,1.7402806805867436e-21,1.0
2014-09-03,1,risk_on,2.6340038887267307e-22,1.0
2014-09-04,1,risk_on,1.0007691249627686e-23,1.0
2014-09-05,1,risk_on,9.261983618330532e-24,1.0
2014-09-08,1,risk_on,1.3187191166762892e-23,1.0
2014-09-09,1,risk_on,7.159058665004212e-24,1.0
2014-09-10,1,risk_on,1.0016110641339034e-23,1.0
2014-09-11,1,risk_on,9.1526066638409e-25,1.0
2014-09-12,1,risk_on,3.3100360708510685e-27,1.0
2014-09-15,1,risk_on,1.4564674297269718e-27,1.0
2014-09-16,1,risk_on,2.3249046200134573e-28,1.0
2014-09-17,1,risk_on,2.2499487158575242e-27,1.0
2014-09-18,1,risk_on,2.2412316945080134e-27,1.0
2014-09-19,1,risk_on,1.8590060749622925e-26,1.0
2014-09-22,1,risk_on,7.086713317218822e-26,1.0
2014-09-23,1,risk_on,6.188679606148373e-26,1.0
2014-09-24,1,risk_on,6.180489820553024e-26,1.0
2014-09-25,1,risk_on,9.207935700376283e-22,1.0
2014-09-26,1,risk_on,2.3665014325022763e-22,1.0
2014-09-29,1,risk_on,6.028119616512117e-22,1.0
2014-09-30,1,risk_on,4.586457422761431e-24,1.0
2014-10-01,1,risk_on,2.0101142749928526e-19,1.0
2014-10-02,1,risk_on,2.4359718229030912e-20,1.0
2014-10-03,1,risk_on,2.9214336470169998e-21,1.0
2014-10-06,1,risk_on,1.9764950475896014e-22,1.0
2014-10-07,1,risk_on,2.4909743355055867e-19,1.0
2014-10-08,1,risk_on,1.1025802844527574e-19,1.0
2014-10-09,1,risk_on,1.8911709458222338e-21,1.0
2014-10-10,1,risk_on,2.760153874559806e-19,1.0
2014-10-13,1,risk_on,4.004134585499666e-15,1.0
2014-10-14,1,risk_on,6.1620333269914165e-18,1.0
2014-10-15,1,risk_on,1.855463665524937e-17,1.0
2014-10-16,1,risk_on,9.573016672634187e-19,1.0
2014-10-17,1,risk_on,6.812922167474895e-19,1.0
2014-10-20,1,risk_on,4.300276816641703e-20,1.0
2014-10-21,1,risk_on,1.3010544404243593e-19,1.0
2014-10-22,1,risk_on,2.8156033238932513e-19,1.0
2014-10-23,1,risk_on,3.9128674592266307e-19,1.0
2014-10-24,1,risk_on,1.758769627748134e-19,1.0
2014-10-27,1,risk_on,9.048856530103065e-20,1.0
2014-10-28,1,risk_on,3.1305188801322966e-19,1.0
2014-10-29,1,risk_on,2.4905956589339185e-17,1.0
2014-10-30,1,risk_on,5.8324672774192695e-18,1.0
2014-10-31,1,risk_on,7.34973840678603e-18,1.0
2014-11-03,1,risk_on,5.905661581297997e-18,1.0
2014-11-04,1,risk_on,5.866220442104957e-18,1.0
2014-11-05,1,risk_on,1.131017834760662e-17,1.0
2014-11-06,1,risk_on,1.5619021051556331e-18,1.0
2014-11-07,1,risk_on,1.191441021364222e-18,1.0
2014-11-10,1,risk_on,6.096722217812143e-18,1.0
2014-11-11,1,risk_on,1.67752637468115e-15,1.0
2014-11-12,1,risk_on,6.558569376104036e-17,1.0
2014-11-13,1,risk_on,2.47553220388436e-17,1.0
2014-11-14,1,risk_on,4.521379218389861e-18,1.0
2014-11-17,1,risk_on,1.6245447711979588e-18,1.0
2014-11-18,1,risk_on,3.0895093849318538e-18,1.0
2014-11-19,1,risk_on,5.524725677210022e-19,1.0
2014-11-20,1,risk_on,4.2283818465742776e-19,1.0
2014-11-21,1,risk_on,1.8040822541086752e-19,1.0
2014-11-24,1,risk_on,8.752683757620421e-20,1.0
2014-11-25,1,risk_on,1.413065769300481e-19,1.0
2014-11-26,1,risk_on,1.3412076391599577e-19,1.0
2014-11-28,1,risk_on,1.6170712890559832e-18,1.0
2014-12-01,1,risk_on,1.3525712418221325e-18,1.0
2014-12-02,1,risk_on,5.689024918480457e-19,1.0
2014-12-03,1,risk_on,2.5697954468701867e-18,1.0
2014-12-04,1,risk_on,3.1669789117774564e-18,1.0
2014-12-05,1,risk_on,2.3184686694689526e-18,1.0
2014-12-08,1,risk_on,5.40708181290889e-17,1.0
2014-12-09,1,risk_on,7.531042862014136e-18,1.0
2014-12-10,1,risk_on,1.1320004103584834e-15,1.0
2014-12-11,1,risk_on,8.468563243456517e-14,1.0
2014-12-12,1,risk_on,4.1161131501462953e-11,0.9999999999599822
2014-12-15,1,risk_on,3.7960664299444404e-13,1.0
2014-12-16,1,risk_on,7.229343795743374e-12,0.999999999992724
2014-12-17,1,risk_on,7.199256341094025e-14,1.0
2014-12-18,1,risk_on,4.4082518536576335e-14,1.0
2014-12-19,1,risk_on,6.473536236522181e-14,1.0
2014-12-22,1,risk_on,2.6051146293461566e-14,1.0
2014-12-23,1,risk_on,9.923036029235468e-16,1.0
2014-12-24,1,risk_on,9.218293701325321e-16,1.0
2014-12-26,1,risk_on,1.531779503418793e-15,1.0
2014-12-29,1,risk_on,2.3449575012716846e-15,1.0
2014-12-30,1,risk_on,1.2162317615550524e-15,1.0
2014-12-31,1,risk_on,4.923074165811446e-16,1.0
2015-01-02,1,risk_on,1.6462285950274474e-15,1.0
2015-01-05,1,risk_on,6.233413806831062e-14,1.0
2015-01-06,1,risk_on,7.43140873578029e-13,1.0
2015-01-07,1,risk_on,3.3621796683680005e-13,1.0
2015-01-08,1,risk_on,4.073027847089736e-14,1.0
2015-01-09,1,risk_on,2.5516766896729703e-12,0.999999999996362
2015-01-12,1,risk_on,3.182357858168459e-12,0.999999999996362
2015-01-13,1,risk_on,8.590363261598876e-12,0.999999999992724
2015-01-14,1,risk_on,4.559436707244776e-11,0.9999999999527063
2015-01-15,1,risk_on,7.636046335294578e-10,0.9999999992360245
2015-01-16,1,risk_on,6.863226135374564e-11,0.9999999999308784
2015-01-20,1,risk_on,2.0986090184811236e-12,0.999999999996362
2015-01-21,1,risk_on,1.4646831119254075e-12,1.0
2015-01-22,1,risk_on,2.872937503449071e-14,1.0
2015-01-23,1,risk_on,5.901736075960254e-14,1.0
2015-01-26,1,risk_on,1.1756670031827146e-13,1.0
2015-01-27,1,risk_on,2.1345325278931255e-13,1.0
2015-01-28,1,risk_on,1.848075158974774e-12,0.999999999996362
2015-01-29,1,risk_on,2.2614609344487438e-13,1.0
2015-01-30,1,risk_on,1.6018877214011507e-11,0.9999999999854481
2015-02-02,1,risk_on,2.4336946511144003e-12,0.999999999996362
2015-02-03,1,risk_on,1.2041917822903898e-13,1.0
2015-02-04,1,risk_on,1.3058714446519712e-12,1.0
2015-02-05,1,risk_on,4.073683715404239e-13,1.0
2015-02-06,1,risk_on,1.6521281449307257e-14,1.0
2015-02-09,1,risk_on,7.296622177811822e-15,1.0
2015-02-10,1,risk_on,3.708045147550337e-15,1.0
2015-02-11,1,risk_on,3.3283892669498194e-15,1.0
2015-02-12,1,risk_on,3.935758932494023e-15,1.0
2015-02-13,1,risk_on,5.632193599844417e-15,1.0
2015-02-17,1,risk_on,1.566200081544877e-15,1.0
2015-02-18,1,risk_on,1.9860709579753457e-15,1.0
2015-02-19,1,risk_on,3.1781938424483456e-15,1.0
2015-02-20,1,risk_on,3.3015580169048083e-15,1.0
2015-02-23,1,risk_on,6.1793687322852996e-15,1.0
2015-02-24,1,risk_on,3.4698619133407115e-15,1.0
2015-02-25,1,risk_on,3.4881065004145464e-15,1.0
2015-02-26,1,risk_on,7.62984932345341e-15,1.0
2015-02-27,1,risk_on,1.4713915598951828e-14,1.0
2015-03-02,1,risk_on,3.4812059931367282e-15,1.0
2015-03-03,1,risk_on,5.9042924276974735e-15,1.0
2015-03-04,1,risk_on,1.3530387016197632e-14,1.0
2015-03-05,1,risk_on,5.6927559581770684e-15,1.0
2015-03-06,1,risk_on,5.640883961607331e-16,1.0
2015-03-09,1,risk_on,3.836499148434344e-17,1.0
2015-03-10,1,risk_on,1.6537441775217098e-15,1.0
2015-03-11,1,risk_on,1.4375846477892693e-15,1.0
2015-03-12,1,risk_on,4.337375075689294e-16,1.0
2015-03-13,1,risk_on,5.931510024194613e-16,1.0
2015-03-16,1,risk_on,3.990141205816433e-17,1.0
2015-03-17,1,risk_on,6.366655887611689e-17,1.0
2015-03-18,1,risk_on,3.4231419967987245e-18,1.0
2015-03-19,1,risk_on,8.849182800665298e-18,1.0
2015-03-20,1,risk_on,3.180822262726124e-20,1.0
2015-03-23,1,risk_on,3.3315677285285366e-24,1.0
2015-03-24,1,risk_on,1.3516031479484702e-22,1.0
2015-03-25,1,risk_on,2.7646773754100907e-24,1.0
2015-03-26,1,risk_on,6.025833989542253e-25,1.0
2015-03-27,1,risk_on,1.7893571709746507e-24,1.0
2015-03-30,1,risk_on,1.7433908027312074e-25,1.0
2015-03-31,1,risk_on,3.600123318786317e-24,1.0
2015-04-01,1,risk_on,1.677112465543892e-23,1.0
2015-04-02,1,risk_on,2.342178565571018e-23,1.0
2015-04-06,1,risk_on,2.74787258787286e-23,1.0
2015-04-07,1,risk_on,1.2313177022993915e-22,1.0
2015-04-08,1,risk_on,1.801048739752433e-23,1.0
2015-04-09,1,risk_on,2.5530841895992476e-24,1.0
2015-04-10,1,risk_on,2.0030928879176135e-27,1.0
2015-04-13,1,risk_on,2.755854287977762e-28,1.0
2015-04-14,1,risk_on,2.2842553319630427e-28,1.0
2015-04-15,1,risk_on,2.0663312787981497e-28,1.0
2015-04-16,1,risk_on,1.0492619616494498e-28,1.0
2015-04-17,1,risk_on,5.495805311826868e-29,1.0
2015-04-20,1,risk_on,7.754973226864315e-31,1.0
2015-04-21,1,risk_on,4.34183093686558e-31,1.0
2015-04-22,1,risk_on,5.699929931288828e-32,1.0
2015-04-23,1,risk_on,2.4745222985301746e-33,1.0
2015-04-24,1,risk_on,2.3423955720556808e-33,1.0
2015-04-27,1,risk_on,5.978551579712864e-33,1.0
2015-04-28,1,risk_on,9.167432096149571e-33,1.0
2015-04-29,1,risk_on,1.4434080997642378e-36,1.0
2015-04-30,1,risk_on,1.5045540788514723e-36,1.0
2015-05-01,1,risk_on,9.511431612207697e-39,1.0
2015-05-04,1,risk_on,5.412650935527654e-40,1.0
2015-05-05,1,risk_on,1.7608941998115395e-45,1.0
2015-05-06,1,risk_on,1.1259753084434257e-46,1.0
2015-05-07,1,risk_on,3.9052474772466856e-50,1.0
2015-05-08,1,risk_on,2.9882229345717043e-50,1.0
2015-05-11,1,risk_on,1.1279150872336483e-52,1.0
2015-05-12,1,risk_on,1.664454565490278e-54,1.0
2015-05-13,1,risk_on,2.469768987607998e-55,1.0
2015-05-14,1,risk_on,1.8591720960903448e-57,1.0
2015-05-15,1,risk_on,3.4251988928543316e-58,1.0
2015-05-18,1,risk_on,1.5892435789038206e-56,1.0
2015-05-19,1,risk_on,1.70411662736123e-57,1.0
2015-05-20,1,risk_on,1.8775966545077855e-57,1.0
2015-05-21,1,risk_on,2.4898091101202447e-57,1.0
2015-05-22,1,risk_on,1.7671829419065028e-57,1.0
2015-05-26,1,risk_on,2.041949492671067e-52,1.0
2015-05-27,1,risk_on,3.263614781464163e-53,1.0
2015-05-28,1,risk_on,6.080604888487417e-53,1.0
2015-05-29,1,risk_on,7.961013171511488e-52,1.0
2015-06-01,1,risk_on,2.5361161478669683e-54,1.0
2015-06-02,1,risk_on,1.4171076178381027e-54,1.0
2015-06-03,1,risk_on,2.9318850377677224e-54,1.0
2015-06-04,1,risk_on,1.9326061106110226e-50,1.0
2015-06-05,1,risk_on,8.596298922665318e-45,1.0
2015-06-08,1,risk_on,1.9037432917603037e-44,1.0
2015-06-09,1,risk_on,1.667241068349313e-48,1.0
2015-06-10,1,risk_on,8.784659213828684e-48,1.0
2015-06-11,1,risk_on,1.2845792725180818e-49,1.0
2015-06-12,1,risk_on,1.24377714660118e-48,1.0
2015-06-15,1,risk_on,1.3306840629102629e-47,1.0
2015-06-16,1,risk_on,6.103351565817941e-50,1.0
2015-06-17,1,risk_on,1.035409577846031e-45,1.0
2015-06-18,1,risk_on,1.191141353938154e-44,1.0
2015-06-19,1,risk_on,1.9224481119921396e-43,1.0
2015-06-22,1,risk_on,2.2414816708054147e-43,1.0
2015-06-23,1,risk_on,9.070716847458968e-44,1.0
2015-06-24,1,risk_on,3.5990424323921166e-39,1.0
2015-06-25,1,risk_on,3.4037663016341384e-38,1.0
2015-06-26,1,risk_on,5.366443081529893e-38,1.0
2015-06-29,1,risk_on,3.7175291715941164e-30,1.0
2015-06-30,1,risk_on,1.7629298311402375e-30,1.0
2015-07-01,1,risk_on,4.513529844359074e-30,1.0
2015-07-02,1,risk_on,1.2385657214962372e-29,1.0
2015-07-06,1,risk_on,1.9724329284300149e-29,1.0
2015-07-07,1,risk_on,4.134389186864199e-30,1.0
2015-07-08,1,risk_on,1.205302291043248e-27,1.0
2015-07-09,1,risk_on,2.425580139501401e-28,1.0
2015-07-10,1,risk_on,4.24698632829576e-28,1.0
2015-07-13,1,risk_on,1.9823717656416814e-29,1.0
2015-07-14,1,risk_on,2.6598138557157266e-29,1.0
2015-07-15,1,risk_on,1.116324930890135e-29,1.0
2015-07-16,1,risk_on,1.4976413392567383e-31,1.0
2015-07-17,1,risk_on,1.6082469996141794e-32,1.0
2015-07-20,1,risk_on,7.806670034416478e-35,1.0
2015-07-21,1,risk_on,7.886484143076796e-34,1.0
2015-07-22,1,risk_on,3.3342224332769735e-33,1.0
2015-07-23,1,risk_on,1.725451423047834e-31,1.0
2015-07-24,1,risk_on,1.792862688973847e-30,1.0
2015-07-27,1,risk_on,2.8214643758480594e-29,1.0
2015-07-28,1,risk_on,1.747484378761426e-30,1.0
2015-07-29,1,risk_on,3.0984127271214284e-30,1.0
2015-07-30,1,risk_on,1.9566611539434787e-28,1.0
2015-07-31,1,risk_on,3.570011850029825e-30,1.0
2015-08-03,1,risk_on,4.2668802059341524e-30,1.0
2015-08-04,1,risk_on,8.594528370930899e-30,1.0
2015-08-05,1,risk_on,2.919688187599803e-29,1.0
2015-08-06,1,risk_on,2.9727807728095716e-27,1.0
2015-08-07,1,risk_on,2.1418624225308164e-25,1.0
2015-08-10,1,risk_on,8.171728383564825e-24,1.0
2015-08-11,1,risk_on,4.56648359192969e-22,1.0
2015-08-12,1,risk_on,2.209859314492505e-23,1.0
2015-08-13,1,risk_on,1.4189133288701606e-23,1.0
2015-08-14,1,risk_on,2.6877666851042933e-23,1.0
2015-08-17,1,risk_on,2.3192118887383263e-24,1.0
2015-08-18,1,risk_on,1.2094675621322144e-24,1.0
2015-08-19,1,risk_on,7.638460133662102e-24,1.0
2015-08-20,1,risk_on,6.243706936637812e-21,1.0
2015-08-21,1,risk_on,1.783879033558158e-18,1.0
2015-08-24,1,risk_on,1.7556676190809344e-12,1.0
2015-08-25,1,risk_on,1.9318204248434925e-18,1.0
2015-08-26,1,risk_on,5.612817256532496e-19,1.0
2015-08-27,1,risk_on,2.2502430839481725e-21,1.0
2015-08-28,1,risk_on,2.1268237919296074e-21,1.0
2015-08-31,1,risk_on,2.4991421694704385e-21,1.0
2015-09-01,1,risk_on,6.1737478918650566e-18,1.0
2015-09-02,1,risk_on,2.670910876068795e-19,1.0
2015-09-03,1,risk_on,3.8273296475081907e-19,1.0
2015-09-04,1,risk_on,9.919113280643722e-18,1.0
2015-09-08,1,risk_on,8.795735686191119e-17,1.0
2015-09-09,1,risk_on,1.4399743377955356e-16,1.0
2015-09-10,1,risk_on,1.5740998312640637e-16,1.0
2015-09-11,1,risk_on,1.2024064533748321e-16,1.0
2015-09-14,1,risk_on,1.1102849329641716e-16,1.0
2015-09-15,1,risk_on,1.2761692810095205e-16,1.0
2015-09-16,1,risk_on,6.120391746094327e-17,1.0
2015-09-17,1,risk_on,9.456318016672874e-18,1.0
2015-09-18,1,risk_on,4.817625266161589e-17,1.0
2015-09-21,1,risk_on,4.7971895464056794e-18,1.0
2015-09-22,1,risk_on,6.645472402547219e-17,1.0
2015-09-23,1,risk_on,1.4952992068968697e-11,0.9999999999854481
2015-09-24,1,risk_on,7.5378878409997e-14,1.0
2015-09-25,1,risk_on,4.430097347750911e-16,1.0
2015-09-28,1,risk_on,2.4470830056421393e-14,1.0
2015-09-29,1,risk_on,9.884394386709884e-15,1.0
2015-09-30,1,risk_on,1.991550446782047e-15,1.0
2015-10-01,1,risk_on,9.110709587055514e-14,1.0
2015-10-02,1,risk_on,3.570028435127259e-15,1.0
2015-10-05,1,risk_on,2.4737607543140264e-16,1.0
2015-10-06,1,risk_on,1.7190859644339657e-15,1.0
2015-10-07,1,risk_on,1.1154252120194945e-16,1.0
2015-10-08,1,risk_on,7.977274493189725e-17,1.0
2015-10-09,1,risk_on,2.9963099155073876e-17,1.0
2015-10-12,1,risk_on,3.3220879194223343e-16,1.0
2015-10-13,1,risk_on,2.6893114424439587e-17,1.0
2015-10-14,1,risk_on,6.505315748790812e-17,1.0
2015-10-15,1,risk_on,1.3635367907468293e-17,1.0
2015-10-16,1,risk_on,2.0317764296193655e-18,1.0
2015-10-19,1,risk_on,6.535893474206626e-18,1.0
2015-10-20,1,risk_on,2.1393581562372816e-18,1.0
2015-10-21,1,risk_on,3.517171947085844e-17,1.0
2015-10-22,1,risk_on,1.650805638033491e-17,1.0
2015-10-23,1,risk_on,5.338138304483936e-18,1.0
2015-10-26,1,risk_on,1.6274508708403899e-18,1.0
2015-10-27,1,risk_on,1.5478644831081052e-17,1.0
2015-10-28,1,risk_on,3.701090796615002e-18,1.0
2015-10-29,1,risk_on,4.3708830122023385e-20,1.0
2015-10-30,1,risk_on,1.654341626739123e-19,1.0
2015-11-02,1,risk_on,7.258233054226022e-20,1.0
2015-11-03,1,risk_on,3.198867200833891e-21,1.0
2015-11-04,1,risk_on,3.862913671783893e-21,1.0
2015-11-05,1,risk_on,8.108202820648496e-21,1.0
2015-11-06,1,risk_on,3.088023558129671e-22,1.0
2015-11-09,1,risk_on,6.973180068323376e-22,1.0
2015-11-10,1,risk_on,3.476878576011684e-20,1.0
2015-11-11,1,risk_on,6.1410919768743205e-22,1.0
2015-11-12,1,risk_on,1.8252984092557562e-21,1.0
2015-11-13,1,risk_on,5.3684106932227093e-20,1.0
2015-11-16,1,risk_on,4.691364782762855e-21,1.0
2015-11-17,1,risk_on,9.853516542708058e-21,1.0
2015-11-18,1,risk_on,1.9234374089715514e-22,1.0
2015-11-19,1,risk_on,2.566738882543921e-21,1.0
2015-11-20,1,risk_on,2.335489784520807e-19,1.0
2015-11-23,1,risk_on,5.642019743543149e-17,1.0
2015-11-24,1,risk_on,6.810418195452131e-22,1.0
2015-11-25,1,risk_on,6.814584480658395e-23,1.0
2015-11-27,1,risk_on,1.249031907150755e-22,1.0
2015-11-30,1,risk_on,2.9615510709493074e-21,1.0
2015-12-01,1,risk_on,8.417458001069846e-23,1.0
2015-12-02,1,risk_on,8.545153007981395e-24,1.0
2015-12-03,1,risk_on,2.5421017570045066e-29,1.0
2015-12-04,1,risk_on,1.1726432781439124e-31,1.0
2015-12-07,1,risk_on,3.6730001441386347e-35,1.0
2015-12-08,1,risk_on,4.182653015908897e-34,1.0
2015-12-09,1,risk_on,6.731102576396346e-35,1.0
2015-12-10,1,risk_on,2.6497385176222373e-35,1.0
2015-12-11,1,risk_on,2.6028333235593913e-29,1.0
2015-12-14,1,risk_on,1.531693972297386e-31,1.0
2015-12-15,1,risk_on,8.15505187699766e-34,1.0
2015-12-16,1,risk_on,5.9523680337711133e-36,1.0
2015-12-17,1,risk_on,3.110385640043587e-33,1.0
2015-12-18,1,risk_on,1.797553668925185e-32,1.0
2015-12-21,1,risk_on,2.971451824663188e-34,1.0
2015-12-22,1,risk_on,2.345406943572647e-34,1.0
2015-12-23,1,risk_on,1.0835843158705811e-34,1.0
2015-12-24,1,risk_on,3.393535497785057e-34,1.0
2015-12-28,1,risk_on,1.6398149895495098e-37,1.0
2015-12-29,1,risk_on,1.9331344857688864e-37,1.0
2015-12-30,1,risk_on,3.0464291215124626e-39,1.0
2015-12-31,1,risk_on,2.7373835650328685e-38,1.0
2016-01-04,1,risk_on,1.5485447719092684e-34,1.0
2016-01-05,1,risk_on,4.983428956685212e-37,1.0
2016-01-06,1,risk_on,9.712905320174234e-35,1.0
2016-01-07,1,risk_on,1.4826187526045541e-33,1.0
2016-01-08,1,risk_on,7.2987104000268376e-34,1.0
2016-01-11,1,risk_on,7.870484672582342e-34,1.0
2016-01-12,1,risk_on,8.280779444441685e-36,1.0
2016-01-13,1,risk_on,1.1972392005823243e-30,1.0
2016-01-14,1,risk_on,6.1449534326059516e-31,1.0
2016-01-15,1,risk_on,4.614116643801434e-28,1.0
2016-01-19,1,risk_on,2.5377755089682663e-27,1.0
2016-01-20,1,risk_on,2.7881057782132258e-25,1.0
2016-01-21,1,risk_on,1.290979132442876e-26,1.0
2016-01-22,1,risk_on,1.717629594502466e-27,1.0
2016-01-25,1,risk_on,4.58980174460046e-26,1.0
2016-01-26,1,risk_on,1.584429046438149e-28,1.0
2016-01-27,1,risk_on,7.63536400009672e-27,1.0
2016-01-28,1,risk_on,5.3787407312426846e-27,1.0
2016-01-29,1,risk_on,2.999732437805716e-31,1.0
2016-02-01,1,risk_on,1.2954018914657937e-30,1.0
2016-02-02,1,risk_on,2.5197753256845273e-25,1.0
2016-02-03,1,risk_on,2.8576391566692865e-28,1.0
2016-02-04,1,risk_on,3.6377774287789327e-28,1.0
2016-02-05,1,risk_on,6.586374285849513e-27,1.0
2016-02-08,1,risk_on,3.313994497932605e-23,1.0
2016-02-09,1,risk_on,2.0234911167872538e-22,1.0
2016-02-10,1,risk_on,2.692988950211445e-20,1.0
2016-02-11,1,risk_on,5.068122536590445e-21,1.0
2016-02-12,1,risk_on,5.523622376152178e-21,1.0
2016-02-16,1,risk_on,3.213785202267276e-22,1.0
2016-02-17,1,risk_on,6.423967250452506e-23,1.0
2016-02-18,1,risk_on,2.0791089357215116e-22,1.0
2016-02-19,1,risk_on,1.5883807724093439e-22,1.0
2016-02-22,1,risk_on,2.404003217446805e-23,1.0
2016-02-23,1,risk_on,1.7357427668281704e-23,1.0
2016-02-24,1,risk_on,1.797347156321623e-23,1.0
2016-02-25,1,risk_on,5.615883249288946e-25,1.0
2016-02-26,1,risk_on,1.6066682424297168e-25,1.0
2016-02-29,1,risk_on,3.470889514753615e-25,1.0
2016-03-01,1,risk_on,4.467008628079285e-25,1.0
2016-03-02,1,risk_on,9.608560727232962e-25,1.0
2016-03-03,1,risk_on,1.9735143603922183e-23,1.0
2016-03-04,1,risk_on,4.456730742310993e-24,1.0
2016-03-07,1,risk_on,8.46855327439991e-20,1.0
2016-03-08,1,risk_on,3.4551960874136233e-17,1.0
2016-03-09,1,risk_on,1.223086118937435e-15,1.0
2016-03-10,1,risk_on,3.4254177344009636e-14,1.0
2016-03-11,1,risk_on,4.878296470172282e-13,1.0
2016-03-14,1,risk_on,1.749799101900613e-12,1.0
2016-03-15,1,risk_on,1.8767772826190273e-16,1.0
2016-03-16,1,risk_on,3.8387848132830075e-15,1.0
2016-03-17,1,risk_on,2.393730125756987e-16,1.0
2016-03-18,1,risk_on,7.207750021902936e-16,1.0
2016-03-21,1,risk_on,4.479771723023426e-16,1.0
2016-03-22,1,risk_on,6.032757158178126e-17,1.0
2016-03-23,1,risk_on,4.017034492011802e-16,1.0
2016-03-24,1,risk_on,3.309630834438573e-17,1.0
2016-03-28,1,risk_on,2.6086058226124435e-18,1.0
2016-03-29,1,risk_on,5.336657780917547e-19,1.0
2016-03-30,1,risk_on,5.708954464060439e-19,1.0
2016-03-31,1,risk_on,1.80682930023166e-18,1.0
2016-04-01,1,risk_on,4.74046408660228e-19,1.0
2016-04-04,1,risk_on,9.2803679321375e-19,1.0
2016-04-05,1,risk_on,5.0657215583616254e-17,1.0
2016-04-06,1,risk_on,2.6681541915349478e-18,1.0
2016-04-07,1,risk_on,7.564443494627018e-17,1.0
2016-04-08,1,risk_on,1.289366375575902e-16,1.0
2016-04-11,1,risk_on,1.6413210540863352e-15,1.0
2016-04-12,1,risk_on,4.713415354531763e-16,1.0
2016-04-13,1,risk_on,4.764123359922357e-17,1.0
2016-04-14,1,risk_on,3.7204218702354636e-17,1.0
2016-04-15,1,risk_on,2.3666096978832183e-18,1.0
2016-04-18,1,risk_on,3.07551521211283e-19,1.0
2016-04-19,1,risk_on,1.25840208170158e-19,1.0
2016-04-20,1,risk_on,1.7522128674336015e-19,1.0
2016-04-21,1,risk_on,1.2167102506827798e-19,1.0
2016-04-22,1,risk_on,1.694329583728616e-20,1.0
2016-04-25,1,risk_on,1.147892422366812e-19,1.0
2016-04-26,1,risk_on,1.104001024453502e-19,1.0
2016-04-27,1,risk_on,2.211012560390913e-19,1.0
2016-04-28,1,risk_on,5.872755644490373e-19,1.0
2016-04-29,1,risk_on,4.476833232274807e-17,1.0
2016-05-02,1,risk_on,2.1718385108158996e-17,1.0
2016-05-03,1,risk_on,1.5014236226288175e-16,1.0
2016-05-04,1,risk_on,2.8875339287021335e-16,1.0
2016-05-05,1,risk_on,1.6701091605416078e-16,1.0
2016-05-06,1,risk_on,4.339342733259431e-16,1.0
2016-05-09,1,risk_on,9.004798730401024e-17,1.0
2016-05-10,1,risk_on,7.236955130108992e-18,1.0
2016-05-11,1,risk_on,4.645280418679789e-17,1.0
2016-05-12,1,risk_on,6.507202367753921e-17,1.0
2016-05-13,1,risk_on,2.067792311212881e-18,1.0
2016-05-16,1,risk_on,1.5034513414263445e-20,1.0
2016-05-17,1,risk_on,3.10407025471262e-21,1.0
2016-05-18,1,risk_on,1.8145885407458165e-22,1.0
2016-05-19,1,risk_on,8.556709185145849e-22,1.0
2016-05-20,1,risk_on,1.8527282104786253e-22,1.0
2016-05-23,1,risk_on,8.991120142973506e-22,1.0
2016-05-24,1,risk_on,2.1489577985764964e-22,1.0
2016-05-25,1,risk_on,1.4006142305920887e-22,1.0
2016-05-26,1,risk_on,2.68829712382577e-22,1.0
2016-05-27,1,risk_on,3.095844338078605e-22,1.0
2016-05-31,1,risk_on,1.9037840546752998e-25,1.0
2016-06-01,1,risk_on,1.833195629514119e-25,1.0
2016-06-02,1,risk_on,2.7229694296844654e-25,1.0
2016-06-03,1,risk_on,9.491625854073459e-25,1.0
2016-06-06,1,risk_on,8.0796965756005735e-25,1.0
2016-06-07,1,risk_on,4.428024338014749e-25,1.0
2016-06-08,1,risk_on,4.869370947711845e-25,1.0
2016-06-09,1,risk_on,7.163290894043526e-26,1.0
2016-06-10,1,risk_on,4.4693558409229245e-27,1.0
2016-06-13,1,risk_on,3.5504706582620835e-25,1.0
2016-06-14,1,risk_on,1.083253186776072e-25,1.0
2016-06-15,1,risk_on,1.8543181591867546e-25,1.0
2016-06-16,1,risk_on,6.093746731792349e-25,1.0
2016-06-17,1,risk_on,5.298695318849239e-25,1.0
2016-06-20,1,risk_on,4.720970490945726e-25,1.0
2016-06-21,1,risk_on,7.172551418280607e-25,1.0
2016-06-22,1,risk_on,1.0360352741033248e-24,1.0
2016-06-23,1,risk_on,1.5824554335897713e-25,1.0
2016-06-24,1,risk_on,3.1542297733986016e-16,1.0
2016-06-27,1,risk_on,6.429767647593317e-14,1.0
2016-06-28,1,risk_on,2.443398348903644e-16,1.0
2016-06-29,1,risk_on,1.3476428289838606e-17,1.0
2016-06-30,1,risk_on,4.121876693793802e-18,1.0
2016-07-01,1,risk_on,1.0498125480665659e-17,1.0
2016-07-05,1,risk_on,3.5146164937897844e-18,1.0
2016-07-06,1,risk_on,3.220673705134753e-18,1.0
2016-07-07,1,risk_on,2.3252114682173722e-18,1.0
2016-07-08,1,risk_on,1.5171239593610821e-19,1.0
2016-07-11,1,risk_on,1.8551282270798542e-19,1.0
2016-07-12,1,risk_on,1.0490227356119762e-18,1.0
2016-07-13,1,risk_on,2.5453644541836735e-18,1.0
2016-07-14,1,risk_on,1.4410884834249373e-18,1.0
2016-07-15,1,risk_on,1.1827971193578336e-18,1.0
2016-07-18,1,risk_on,8.446952850038304e-19,1.0
2016-07-19,1,risk_on,6.843834967140833e-19,1.0
2016-07-20,1,risk_on,3.304616190814518e-18,1.0
2016-07-21,1,risk_on,5.3095358103631675e-17,1.0
2016-07-22,1,risk_on,8.024237719461902e-17,1.0
2016-07-25,1,risk_on,1.499715750584127e-17,1.0
2016-07-26,1,risk_on,1.0831064253796755e-16,1.0
2016-07-27,1,risk_on,2.7873798509015634e-16,1.0
2016-07-28,1,risk_on,1.3003321550180677e-17,1.0
2016-07-29,1,risk_on,3.091663790648877e-18,1.0
2016-08-01,1,risk_on,4.600116349704182e-20,1.0
2016-08-02,1,risk_on,2.4335736037910133e-21,1.0
2016-08-03,1,risk_on,6.228777496980379e-20,1.0
2016-08-04,1,risk_on,2.1036088650256846e-20,1.0
2016-08-05,1,risk_on,1.7209797012360184e-20,1.0
2016-08-08,1,risk_on,1.4755665919941717e-20,1.0
2016-08-09,1,risk_on,1.943770880895304e-20,1.0
2016-08-10,1,risk_on,4.029818885195114e-20,1.0
2016-08-11,1,risk_on,2.178054774106747e-20,1.0
2016-08-12,1,risk_on,3.7844912877409236e-20,1.0
2016-08-15,1,risk_on,6.364067424765641e-20,1.0
2016-08-16,1,risk_on,3.4778877008693507e-20,1.0
2016-08-17,1,risk_on,1.7530140513638e-19,1.0
2016-08-18,1,risk_on,2.9496597089739034e-19,1.0
2016-08-19,1,risk_on,4.462597053275439e-20,1.0
2016-08-22,1,risk_on,2.2588151393526756e-20,1.0
2016-08-23,1,risk_on,1.3066608319291855e-20,1.0
2016-08-24,1,risk_on,3.825338331139475e-21,1.0
2016-08-25,1,risk_on,1.1827899770986563e-21,1.0
2016-08-26,1,risk_on,1.1061977881111068e-21,1.0
2016-08-29,1,risk_on,8.97583639212409e-23,1.0
2016-08-30,1,risk_on,2.3344907154434574e-22,1.0
2016-08-31,1,risk_on,6.419931791123151e-22,1.0
2016-09-01,1,risk_on,3.050308402962817e-22,1.0
2016-09-02,1,risk_on,2.2184820937448216e-23,1.0
2016-09-06,1,risk_on,2.7386397047988034e-23,1.0
2016-09-07,1,risk_on,1.911907779113108e-23,1.0
2016-09-08,1,risk_on,1.0525783706983378e-24,1.0
2016-09-09,1,risk_on,9.020572322137789e-30,1.0
2016-09-12,1,risk_on,2.704907883442782e-31,1.0
2016-09-13,1,risk_on,1.0994203653992632e-32,1.0
2016-09-14,1,risk_on,1.9454265195917157e-32,1.0
2016-09-15,1,risk_on,1.456802284089077e-32,1.0
2016-09-16,1,risk_on,4.933661481754508e-31,1.0
2016-09-19,1,risk_on,2.1693886130778366e-32,1.0
2016-09-20,1,risk_on,4.636158938805523e-32,1.0
2016-09-21,1,risk_on,7.822935541287757e-34,1.0
2016-09-22,1,risk_on,7.3324932908785025e-37,1.0
2016-09-23,1,risk_on,7.832261696649263e-51,1.0
2016-09-26,1,risk_on,5.7130032243121436e-61,1.0
2016-09-27,1,risk_on,5.183872047923767e-63,1.0
2016-09-28,1,risk_on,3.108498254991488e-70,1.0
2016-09-29,1,risk_on,1.7448245940473076e-68,1.0
2016-09-30,1,risk_on,2.8892378110532516e-66,1.0
2016-10-03,1,risk_on,2.840885705830926e-70,1.0
2016-10-04,1,risk_on,1.701515391423864e-71,1.0
2016-10-05,1,risk_on,4.2482572623012147e-72,1.0
2016-10-06,1,risk_on,1.3324240173067931e-69,1.0
2016-10-07,1,risk_on,1.6169676253380774e-70,1.0
2016-10-10,1,risk_on,1.5032175041652925e-75,1.0
2016-10-11,1,risk_on,1.2775231357144146e-74,1.0
2016-10-12,1,risk_on,4.605695742930363e-79,1.0
2016-10-13,1,risk_on,7.985925692608995e-78,1.0
2016-10-14,1,risk_on,3.7854122807716867e-78,1.0
2016-10-17,1,risk_on,7.887213683896636e-76,1.0
2016-10-18,1,risk_on,2.8821725392689627e-78,1.0
2016-10-19,1,risk_on,1.272573013536679e-78,1.0
2016-10-20,1,risk_on,4.2167339037624665e-78,1.0
2016-10-21,1,risk_on,1.128967721953715e-78,1.0
2016-10-24,1,risk_on,1.0156993447272212e-77,1.0
2016-10-25,1,risk_on,2.562282292851554e-78,1.0
2016-10-26,1,risk_on,1.6462303487960323e-79,1.0
2016-10-27,1,risk_on,7.042404691980091e-80,1.0
2016-10-28,1,risk_on,4.3019444242158025e-79,1.0
2016-10-31,1,risk_on,3.576288451032526e-78,1.0
2016-11-01,1,risk_on,2.722314937859972e-76,1.0
2016-11-02,1,risk_on,3.027087803491192e-72,1.0
2016-11-03,1,risk_on,6.481971970323172e-79,1.0
2016-11-04,1,risk_on,3.849940361013394e-77,1.0
2016-11-07,1,risk_on,5.7193807064952764e-70,1.0
2016-11-08,1,risk_on,1.5687038002994773e-68,1.0
2016-11-09,1,risk_on,2.4949942651082406e-57,1.0
2016-11-10,1,risk_on,2.751128909447523e-56,1.0
2016-11-11,1,risk_on,2.2810546497010793e-56,1.0
2016-11-14,1,risk_on,1.2946340141770692e-57,1.0
2016-11-15,1,risk_on,1.148556813661017e-59,1.0
2016-11-16,1,risk_on,1.8138541928298724e-58,1.0
2016-11-17,1,risk_on,9.625881847609378e-56,1.0
2016-11-18,1,risk_on,1.8580572931108968e-54,1.0
2016-11-21,1,risk_on,1.657213243186379e-54,1.0
2016-11-22,1,risk_on,1.6398895940139923e-54,1.0
2016-11-23,1,risk_on,7.372160603802672e-54,1.0
2016-11-25,1,risk_on,2.327013919955434e-53,1.0
2016-11-28,1,risk_on,6.12894301145061e-50,1.0
2016-11-29,1,risk_on,3.067633119594054e-50,1.0
2016-11-30,1,risk_on,1.0682327910951919e-51,1.0
2016-12-01,1,risk_on,4.1858621474093545e-51,1.0
2016-12-02,1,risk_on,4.475608762036898e-52,1.0
2016-12-05,1,risk_on,2.248501927045567e-52,1.0
2016-12-06,1,risk_on,6.092577346730855e-53,1.0
2016-12-07,1,risk_on,3.730105846871561e-54,1.0
2016-12-08,1,risk_on,2.923894414084887e-44,1.0
2016-12-09,1,risk_on,7.283658066173189e-41,1.0
2016-12-12,1,risk_on,1.1337821154836393e-34,1.0
2016-12-13,1,risk_on,3.7297688875001036e-32,1.0
2016-12-14,1,risk_on,8.308812924429484e-37,1.0
2016-12-15,1,risk_on,8.752544495708019e-38,1.0
2016-12-16,1,risk_on,2.4688917659294396e-37,1.0
2016-12-19,1,risk_on,1.3795866852896217e-37,1.0
2016-12-20,1,risk_on,2.1550384426122498e-35,1.0
2016-12-21,1,risk_on,6.745918237524568e-34,1.0
2016-12-22,1,risk_on,3.70435856464644e-34,1.0
2016-12-23,1,risk_on,1.198682719864539e-34,1.0
2016-12-27,1,risk_on,3.1978954945474688e-34,1.0
2016-12-28,1,risk_on,7.08342174803817e-33,1.0
2016-12-29,1,risk_on,1.3008735627422047e-32,1.0
2016-12-30,1,risk_on,1.9252793156339064e-32,1.0
2017-01-03,1,risk_on,5.165832562091379e-34,1.0
2017-01-04,1,risk_on,3.53831360373362e-33,1.0
2017-01-05,1,risk_on,1.548561386372541e-32,1.0
2017-01-06,1,risk_on,1.4341251773148402e-32,1.0
2017-01-09,1,risk_on,5.519104226706664e-32,1.0
2017-01-10,1,risk_on,9.923501570228658e-33,1.0
2017-01-11,1,risk_on,4.202806815954658e-31,1.0
2017-01-12,1,risk_on,7.304169848814699e-32,1.0
2017-01-13,1,risk_on,5.163139940822918e-32,1.0
2017-01-17,1,risk_on,1.6365314514412553e-28,1.0
2017-01-18,1,risk_on,1.5088483911835642e-29,1.0
2017-01-19,1,risk_on,1.1464873565440447e-29,1.0
2017-01-20,1,risk_on,9.879165377016064e-30,1.0
2017-01-23,1,risk_on,1.0080781610223227e-28,1.0
2017-01-24,1,risk_on,9.366411126042907e-29,1.0
2017-01-25,1,risk_on,3.290168987487568e-27,1.0
2017-01-26,1,risk_on,4.7456733804555424e-27,1.0
2017-01-27,1,risk_on,1.9330010743330782e-26,1.0
2017-01-30,1,risk_on,5.201420664914633e-26,1.0
2017-01-31,1,risk_on,2.092458012973042e-25,1.0
2017-02-01,1,risk_on,8.253945786227345e-26,1.0
2017-02-02,1,risk_on,8.119006759187503e-26,1.0
2017-02-03,1,risk_on,1.2626679294907905e-26,1.0
2017-02-06,1,risk_on,2.3145714075832286e-25,1.0
2017-02-07,1,risk_on,6.175517851861404e-25,1.0
2017-02-08,1,risk_on,1.5254541754444068e-28,1.0
2017-02-09,1,risk_on,4.0841524977731e-28,1.0
2017-02-10,1,risk_on,4.797790438205113e-36,1.0
2017-02-13,1,risk_on,6.347514438126037e-36,1.0
2017-02-14,1,risk_on,8.293872227932158e-34,1.0
2017-02-15,1,risk_on,2.5188735272564005e-33,1.0
2017-02-16,1,risk_on,1.9114254194206802e-31,1.0
2017-02-17,1,risk_on,1.2519299264841024e-31,1.0
2017-02-21,1,risk_on,2.269219393690277e-32,1.0
2017-02-22,1,risk_on,4.3952387506976157e-32,1.0
2017-02-23,1,risk_on,7.548088367101309e-32,1.0
2017-02-24,1,risk_on,1.0578112925106765e-31,1.0
2017-02-27,1,risk_on,8.0479958115079e-32,1.0
2017-02-28,1,risk_on,2.1086699105347383e-31,1.0
2017-03-01,1,risk_on,8.449411798099682e-26,1.0
2017-03-02,1,risk_on,1.2964482502646074e-26,1.0
2017-03-03,1,risk_on,1.713219055038315e-24,1.0
2017-03-06,1,risk_on,5.393258681529768e-23,1.0
2017-03-07,1,risk_on,3.400255843593508e-23,1.0
2017-03-08,1,risk_on,3.2575499243233463e-24,1.0
2017-03-09,1,risk_on,6.241239539312589e-25,1.0
2017-03-10,1,risk_on,9.553757593098003e-23,1.0
2017-03-13,1,risk_on,5.917892789414834e-23,1.0
2017-03-14,1,risk_on,6.0752730237072185e-24,1.0
2017-03-15,1,risk_on,1.0108281503159171e-27,1.0
2017-03-16,1,risk_on,4.342954826203817e-28,1.0
2017-03-17,1,risk_on,5.70988883984168e-24,1.0
2017-03-20,1,risk_on,1.611350018955208e-23,1.0
2017-03-21,1,risk_on,5.773636513437402e-21,1.0
2017-03-22,1,risk_on,3.939645922634985e-21,1.0
2017-03-23,1,risk_on,5.722994205028474e-22,1.0
2017-03-24,1,risk_on,4.0758859263752867e-22,1.0
2017-03-27,1,risk_on,1.1056988215158126e-21,1.0
2017-03-28,1,risk_on,1.4527827521920997e-21,1.0
2017-03-29,1,risk_on,1.6155146981828963e-21,1.0
2017-03-30,1,risk_on,2.1704326075301226e-22,1.0
2017-03-31,1,risk_on,1.0381655008034917e-21,1.0
2017-04-03,1,risk_on,4.518613200368537e-21,1.0
2017-04-04,1,risk_on,1.4457214074891276e-20,1.0
2017-04-05,1,risk_on,1.096399688872218e-19,1.0
2017-04-06,1,risk_on,2.4081571188991075e-19,1.0
2017-04-07,1,risk_on,6.2800000650227e-20,1.0
2017-04-10,1,risk_on,1.9034932315381184e-20,1.0
2017-04-11,1,risk_on,4.525034714986469e-20,1.0
2017-04-12,1,risk_on,3.4749460713198816e-19,1.0
2017-04-13,1,risk_on,2.1123095078766803e-19,1.0
2017-04-17,1,risk_on,1.0382274919274234e-19,1.0
2017-04-18,1,risk_on,1.165908328371796e-19,1.0
2017-04-19,1,risk_on,4.060906709246652e-20,1.0
2017-04-20,1,risk_on,9.236866439224706e-19,1.0
2017-04-21,1,risk_on,4.201688333834648e-19,1.0
2017-04-24,1,risk_on,1.8585039171827306e-19,1.0
2017-04-25,1,risk_on,3.902170930335665e-20,1.0
2017-04-26,1,risk_on,1.048274048007208e-21,1.0
2017-04-27,1,risk_on,5.6305031725556955e-22,1.0
2017-04-28,1,risk_on,2.252132827298996e-22,1.0
2017-05-01,1,risk_on,5.8820758769138806e-21,1.0
2017-05-02,1,risk_on,1.8105343995473804e-21,1.0
2017-05-03,1,risk_on,2.889675315049213e-21,1.0
2017-05-04,1,risk_on,1.6450214554567992e-21,1.0
2017-05-05,1,risk_on,2.577678785039951e-21,1.0
2017-05-08,1,risk_on,2.0300522127369765e-21,1.0
2017-05-09,1,risk_on,9.212738512166728e-21,1.0
2017-05-10,1,risk_on,1.3942233093683438e-20,1.0
2017-05-11,1,risk_on,5.092758174592825e-22,1.0
2017-05-12,1,risk_on,7.8320564682110175e-22,1.0
2017-05-15,1,risk_on,4.816183512712546e-22,1.0
2017-05-16,1,risk_on,1.061952008373084e-22,1.0
2017-05-17,1,risk_on,1.3574569380665782e-19,1.0
2017-05-18,1,risk_on,9.837353169505522e-20,1.0
2017-05-19,1,risk_on,3.1049798963719713e-20,1.0
2017-05-22,1,risk_on,2.679776076144785e-20,1.0
2017-05-23,1,risk_on,1.732838368864961e-20,1.0
2017-05-24,1,risk_on,9.483171458224759e-21,1.0
2017-05-25,1,risk_on,4.0783300728749984e-20,1.0
2017-05-26,1,risk_on,3.819655496787007e-20,1.0
2017-05-30,1,risk_on,3.4961980662092915e-20,1.0
2017-05-31,1,risk_on,1.82359032145514e-23,1.0
2017-06-01,1,risk_on,2.7785478766996942e-22,1.0
2017-06-02,1,risk_on,7.371717536339813e-23,1.0
2017-06-05,1,risk_on,1.0270747726460229e-22,1.0
2017-06-06,1,risk_on,6.217651871854365e-22,1.0
2017-06-07,1,risk_on,6.888836884422968e-21,1.0
2017-06-08,1,risk_on,7.7671132501663e-21,1.0
2017-06-09,1,risk_on,6.836108932542366e-21,1.0
2017-06-12,1,risk_on,1.3518415454067599e-20,1.0
2017-06-13,1,risk_on,7.190380330944169e-21,1.0
2017-06-14,1,risk_on,8.217797528878306e-19,1.0
2017-06-15,1,risk_on,1.353230471799399e-18,1.0
2017-06-16,1,risk_on,1.201078291697731e-17,1.0
2017-06-19,1,risk_on,3.4899294211677165e-18,1.0
2017-06-20,1,risk_on,4.1667573983297915e-18,1.0
2017-06-21,1,risk_on,6.39477441590017e-18,1.0
2017-06-22,1,risk_on,1.1065240433033445e-17,1.0
2017-06-23,1,risk_on,6.5257068919114855e-18,1.0
2017-06-26,1,risk_on,4.085512928521922e-18,1.0
2017-06-27,1,risk_on,1.8216416552524396e-21,1.0
2017-06-28,1,risk_on,2.3580142959882008e-21,1.0
2017-06-29,1,risk_on,4.434820231966407e-24,1.0
2017-06-30,1,risk_on,1.1023071497361659e-23,1.0
2017-07-03,1,risk_on,2.0552606498353184e-24,1.0
2017-07-05,1,risk_on,9.629896825192692e-25,1.0
2017-07-06,1,risk_on,6.600247717256091e-27,1.0
2017-07-07,1,risk_on,7.654553493833434e-27,1.0
2017-07-10,1,risk_on,2.9545515264824886e-26,1.0
2017-07-11,1,risk_on,2.629656516421828e-26,1.0
2017-07-12,1,risk_on,2.1370082139224245e-28,1.0
2017-07-13,1,risk_on,6.847253862208871e-29,1.0
2017-07-14,1,risk_on,1.9681431842543075e-29,1.0
2017-07-17,1,risk_on,3.757608561193376e-30,1.0
2017-07-18,1,risk_on,4.939333354853315e-31,1.0
2017-07-19,1,risk_on,9.274285012305369e-30,1.0
2017-07-20,1,risk_on,1.2957887696804607e-30,1.0
2017-07-21,1,risk_on,9.185855840829774e-30,1.0
2017-07-24,1,risk_on,1.1969825938336497e-32,1.0
2017-07-25,1,risk_on,1.9826918536470105e-34,1.0
2017-07-26,1,risk_on,2.001644094059958e-34,1.0
2017-07-27,1,risk_on,3.37173404896824e-34,1.0
2017-07-28,1,risk_on,8.199228618877703e-34,1.0
2017-07-31,1,risk_on,5.561487017651972e-34,1.0
2017-08-01,1,risk_on,1.0311828457654416e-34,1.0
2017-08-02,1,risk_on,1.2223585573949593e-34,1.0
2017-08-03,1,risk_on,1.5343674098065595e-33,1.0
2017-08-04,1,risk_on,3.874721995252852e-33,1.0
2017-08-07,1,risk_on,9.676344872170486e-33,1.0
2017-08-08,1,risk_on,2.7152779740367452e-33,1.0
2017-08-09,1,risk_on,4.139017425758886e-34,1.0
2017-08-10,1,risk_on,2.7713942504172207e-30,1.0
2017-08-11,1,risk_on,2.6001697927066744e-30,1.0
2017-08-14,1,risk_on,1.73878542183977e-30,1.0
2017-08-15,1,risk_on,1.251586411694e-30,1.0
2017-08-16,1,risk_on,1.101143244878405e-39,1.0
2017-08-17,1,risk_on,3.87314123909331e-34,1.0
2017-08-18,1,risk_on,7.293860156546554e-34,1.0
2017-08-21,1,risk_on,1.1644853272756687e-34,1.0
2017-08-22,1,risk_on,8.26121552133067e-34,1.0
2017-08-23,1,risk_on,2.2149203865433653e-32,1.0
2017-08-24,1,risk_on,3.5315282375897784e-33,1.0
2017-08-25,1,risk_on,2.0248634039765953e-33,1.0
2017-08-28,1,risk_on,1.4180408586667884e-33,1.0
2017-08-29,1,risk_on,5.673265849974464e-34,1.0
2017-08-30,1,risk_on,8.40570056574914e-35,1.0
2017-08-31,1,risk_on,1.9672633242082035e-34,1.0
2017-09-01,1,risk_on,3.0091810379844494e-34,1.0
2017-09-05,1,risk_on,1.3553330835073438e-30,1.0
2017-09-06,1,risk_on,8.447053549294917e-31,1.0
2017-09-07,1,risk_on,3.960696310510879e-30,1.0
2017-09-08,1,risk_on,2.6956420594477807e-30,1.0
2017-09-11,1,risk_on,3.140041037302459e-27,1.0
2017-09-12,1,risk_on,1.7317560774080695e-27,1.0
2017-09-13,1,risk_on,2.5404757472840122e-27,1.0
2017-09-14,1,risk_on,9.160161093501408e-27,1.0
2017-09-15,1,risk_on,1.848662044967815e-26,1.0
2017-09-18,1,risk_on,9.462737339879624e-27,1.0
2017-09-19,1,risk_on,6.03472148773459e-28,1.0
2017-09-20,1,risk_on,9.19702973815915e-28,1.0
2017-09-21,1,risk_on,1.492860194261362e-28,1.0
2017-09-22,1,risk_on,1.0996672858102285e-28,1.0
2017-09-25,1,risk_on,3.7163392216190674e-28,1.0
2017-09-26,1,risk_on,8.532422950428312e-25,1.0
2017-09-27,1,risk_on,8.970459056146443e-26,1.0
2017-09-28,1,risk_on,8.436337493309284e-23,1.0
2017-09-29,1,risk_on,6.696257811556152e-23,1.0
2017-10-02,1,risk_on,5.1867322803543624e-23,1.0
2017-10-03,1,risk_on,8.991000327373658e-23,1.0
2017-10-04,1,risk_on,2.089720381322738e-20,1.0
2017-10-05,1,risk_on,3.130427872185267e-20,1.0
2017-10-06,1,risk_on,2.082454999367069e-20,1.0
2017-10-09,1,risk_on,5.822821015270934e-20,1.0
2017-10-10,1,risk_on,3.0546499092869617e-19,1.0
2017-10-11,1,risk_on,3.705472016103039e-19,1.0
2017-10-12,1,risk_on,3.9299992427353607e-19,1.0
2017-10-13,1,risk_on,1.9790870376077158e-19,1.0
2017-10-16,1,risk_on,2.275770099383119e-19,1.0
2017-10-17,1,risk_on,3.015429353879687e-19,1.0
2017-10-18,1,risk_on,2.1638659861342602e-19,1.0
2017-10-19,1,risk_on,2.2105355079801385e-19,1.0
2017-10-20,1,risk_on,2.6493475669920677e-18,1.0
2017-10-23,1,risk_on,5.825144497943036e-18,1.0
2017-10-24,1,risk_on,7.620682223822358e-18,1.0
2017-10-25,1,risk_on,1.7929803759862905e-18,1.0
2017-10-26,1,risk_on,2.4668747902744218e-18,1.0
2017-10-27,1,risk_on,1.0106002504460457e-19,1.0
2017-10-30,1,risk_on,6.4952589391391075e-19,1.0
2017-10-31,1,risk_on,4.455487395804838e-19,1.0
2017-11-01,1,risk_on,9.574340871265055e-20,1.0
2017-11-02,1,risk_on,6.691912095244052e-20,1.0
2017-11-03,1,risk_on,6.47048363818949e-20,1.0
2017-11-06,1,risk_on,1.4655790170051021e-19,1.0
2017-11-07,1,risk_on,2.464702200116604e-19,1.0
2017-11-08,1,risk_on,2.6811038146689583e-19,1.0
2017-11-09,1,risk_on,1.85200814339427e-19,1.0
2017-11-10,1,risk_on,5.774492882306943e-22,1.0
2017-11-13,1,risk_on,7.746303204909271e-22,1.0
2017-11-14,1,risk_on,3.2281013468732345e-21,1.0
2017-11-15,1,risk_on,7.25440942669262e-21,1.0
2017-11-16,1,risk_on,2.3316664374446646e-20,1.0
2017-11-17,1,risk_on,8.560274410780433e-20,1.0
2017-11-20,1,risk_on,1.412304338933175e-20,1.0
2017-11-21,1,risk_on,1.9335579861952284e-21,1.0
2017-11-22,1,risk_on,7.034285130537445e-21,1.0
2017-11-24,1,risk_on,1.3688559918152386e-20,1.0
2017-11-27,1,risk_on,1.4468587520018942e-20,1.0
2017-11-28,1,risk_on,4.3149267433339865e-21,1.0
2017-11-29,1,risk_on,3.699167372999832e-22,1.0
2017-11-30,1,risk_on,9.039088101578132e-21,1.0
2017-12-01,1,risk_on,6.6053151441310295e-21,1.0
2017-12-04,1,risk_on,9.011048777054927e-23,1.0
2017-12-05,1,risk_on,7.075079534266893e-23,1.0
2017-12-06,1,risk_on,1.0585747267255836e-22,1.0
2017-12-07,1,risk_on,1.3497142849278704e-22,1.0
2017-12-08,1,risk_on,2.4330141752003667e-25,1.0
2017-12-11,1,risk_on,1.380190009398534e-25,1.0
2017-12-12,1,risk_on,4.856291574896013e-25,1.0
2017-12-13,1,risk_on,1.1127093189141457e-24,1.0
2017-12-14,1,risk_on,1.701238064151239e-24,1.0
2017-12-15,1,risk_on,5.81616491705742e-26,1.0
2017-12-18,1,risk_on,5.382313439869132e-24,1.0
2017-12-19,1,risk_on,1.835713425822249e-26,1.0
2017-12-20,1,risk_on,5.054920100454602e-27,1.0
2017-12-21,1,risk_on,9.074824723293307e-28,1.0
2017-12-22,1,risk_on,1.9249634146826628e-28,1.0
2017-12-26,1,risk_on,1.8834605856012055e-28,1.0
2017-12-27,1,risk_on,4.1836724068615846e-29,1.0
2017-12-28,1,risk_on,2.9115345698592858e-30,1.0
2017-12-29,1,risk_on,5.724038311276022e-30,1.0
2018-01-02,1,risk_on,1.7105713820748061e-28,1.0
2018-01-03,1,risk_on,3.229737268970263e-29,1.0
2018-01-04,1,risk_on,4.382738960049429e-29,1.0
2018-01-05,1,risk_on,1.9384414856462772e-28,1.0
2018-01-08,1,risk_on,1.068724982065942e-27,1.0
2018-01-09,1,risk_on,9.999373772436014e-28,1.0
2018-01-10,1,risk_on,1.0898665720332975e-27,1.0
2018-01-11,1,risk_on,3.2034129580759382e-28,1.0
2018-01-12,1,risk_on,1.0908149312924733e-28,1.0
2018-01-16,1,risk_on,2.858875244884998e-28,1.0
2018-01-17,1,risk_on,1.6516300601137298e-27,1.0
2018-01-18,1,risk_on,1.8675471917137875e-28,1.0
2018-01-19,1,risk_on,5.605833548501208e-28,1.0
2018-01-22,1,risk_on,5.224073176272565e-27,1.0
2018-01-23,1,risk_on,2.0961137903372752e-27,1.0
2018-01-24,1,risk_on,5.588552720945751e-28,1.0
2018-01-25,1,risk_on,7.922121161057461e-28,1.0
2018-01-26,1,risk_on,7.08346870183673e-24,1.0
2018-01-29,1,risk_on,1.0823777478541868e-25,1.0
2018-01-30,1,risk_on,2.1435665320675906e-26,1.0
2018-01-31,1,risk_on,1.4987060295076e-27,1.0
2018-02-01,1,risk_on,1.327667269101493e-29,1.0
2018-02-02,1,risk_on,7.330416000734327e-33,1.0
2018-02-05,1,risk_on,1.3001833786360046e-11,0.9999999999854481
2018-02-06,1,risk_on,1.9069136514586534e-16,1.0
2018-02-07,1,risk_on,2.527141610741021e-19,1.0
2018-02-08,1,risk_on,6.784620437481634e-16,1.0
2018-02-09,1,risk_on,1.7206859980909424e-16,1.0
2018-02-12,1,risk_on,5.768550077822157e-19,1.0
2018-02-13,1,risk_on,3.955141504328144e-20,1.0
2018-02-14,1,risk_on,3.509533761854802e-20,1.0
2018-02-15,1,risk_on,4.209421761630036e-21,1.0
2018-02-16,1,risk_on,1.1533853295708431e-21,1.0
2018-02-20,1,risk_on,7.058495107032862e-23,1.0
2018-02-21,1,risk_on,9.800211961249423e-24,1.0
2018-02-22,1,risk_on,1.5235680930864615e-24,1.0
2018-02-23,1,risk_on,6.129187030036237e-26,1.0
2018-02-26,1,risk_on,4.2024157274283453e-26,1.0
2018-02-27,1,risk_on,5.931194910048032e-27,1.0
2018-02-28,1,risk_on,1.2574952385681186e-26,1.0
2018-03-01,1,risk_on,1.9250933371873648e-25,1.0
2018-03-02,1,risk_on,9.946318513557741e-24,1.0
2018-03-05,1,risk_on,7.605526981338687e-24,1.0
2018-03-06,1,risk_on,3.0117298535284516e-25,1.0
2018-03-07,1,risk_on,1.8385387874039323e-21,1.0
2018-03-08,1,risk_on,1.5396581780256597e-24,1.0
2018-03-09,1,risk_on,5.0511230652536274e-24,1.0
2018-03-12,1,risk_on,3.962523185276085e-23,1.0
2018-03-13,1,risk_on,6.677449748388338e-24,1.0
2018-03-14,1,risk_on,7.228442782116473e-25,1.0
2018-03-15,1,risk_on,2.0347900214529456e-25,1.0
2018-03-16,1,risk_on,2.471484115188416e-25,1.0
2018-03-19,1,risk_on,6.2861182570495564e-27,1.0
2018-03-20,1,risk_on,2.670265105813956e-27,1.0
2018-03-21,1,risk_on,1.5024450519281497e-26,1.0
2018-03-22,1,risk_on,5.514093702488686e-23,1.0
2018-03-23,1,risk_on,4.427975608751198e-22,1.0
2018-03-26,1,risk_on,4.248503703460187e-22,1.0
2018-03-27,1,risk_on,1.813332033924228e-20,1.0
2018-03-28,1,risk_on,7.184992526093993e-21,1.0
2018-03-29,1,risk_on,3.190206972322787e-21,1.0
2018-04-02,1,risk_on,1.2221795668529777e-20,1.0
2018-04-03,1,risk_on,3.640240718296293e-20,1.0
2018-04-04,1,risk_on,7.942692394252159e-21,1.0
2018-04-05,1,risk_on,4.7954656910998424e-21,1.0
2018-04-06,1,risk_on,1.2344784490799696e-19,1.0
2018-04-09,1,risk_on,3.815176371285074e-20,1.0
2018-04-10,1,risk_on,9.3275050085561e-20,1.0
2018-04-11,1,risk_on,8.998021862783616e-20,1.0
2018-04-12,1,risk_on,2.690262404577728e-19,1.0
2018-04-13,1,risk_on,3.040618759115197e-19,1.0
2018-04-16,1,risk_on,1.3690298323959909e-19,1.0
2018-04-17,1,risk_on,9.527242033440557e-20,1.0
2018-04-18,1,risk_on,4.09300868456341e-20,1.0
2018-04-19,1,risk_on,9.082177263811974e-20,1.0
2018-04-20,1,risk_on,3.9670496063843245e-21,1.0
2018-04-23,1,risk_on,1.086370210300942e-20,1.0
2018-04-24,1,risk_on,3.83726139133864e-21,1.0
2018-04-25,1,risk_on,2.070196460531171e-21,1.0
2018-04-26,1,risk_on,4.531925234213893e-21,1.0
2018-04-27,1,risk_on,8.068997606761115e-22,1.0
2018-04-30,1,risk_on,5.328775683438625e-21,1.0
2018-05-01,1,risk_on,6.732369702221494e-20,1.0
2018-05-02,1,risk_on,3.553643243699778e-20,1.0
2018-05-03,1,risk_on,2.775782448357965e-19,1.0
2018-05-04,1,risk_on,1.0138888597963864e-17,1.0
2018-05-07,1,risk_on,9.500033392957146e-19,1.0
2018-05-08,1,risk_on,1.395593768083595e-20,1.0
2018-05-09,1,risk_on,1.9108277463359095e-19,1.0
2018-05-10,1,risk_on,2.445997577256682e-19,1.0
2018-05-11,1,risk_on,1.479643135510405e-20,1.0
2018-05-14,1,risk_on,5.106666458717095e-21,1.0
2018-05-15,1,risk_on,8.363555138430797e-22,1.0
2018-05-16,1,risk_on,1.1976491610145982e-23,1.0
2018-05-17,1,risk_on,9.598809944699991e-24,1.0
2018-05-18,1,risk_on,1.7242317584171404e-23,1.0
2018-05-21,1,risk_on,5.755380524547767e-23,1.0
2018-05-22,1,risk_on,6.687886844840718e-22,1.0
2018-05-23,1,risk_on,2.6233305376652485e-21,1.0
2018-05-24,1,risk_on,1.1631830207728944e-20,1.0
2018-05-25,1,risk_on,2.128506875146837e-21,1.0
2018-05-29,1,risk_on,2.0501502827963093e-19,1.0
2018-05-30,1,risk_on,2.6484527130996844e-19,1.0
2018-05-31,1,risk_on,4.912121093625751e-20,1.0
2018-06-01,1,risk_on,7.048194579371398e-20,1.0
2018-06-04,1,risk_on,1.5981266980361305e-20,1.0
2018-06-05,1,risk_on,6.195765485248745e-21,1.0
2018-06-06,1,risk_on,9.031171257518587e-21,1.0
2018-06-07,1,risk_on,7.401939441612913e-21,1.0
2018-06-08,1,risk_on,5.299691583631e-22,1.0
2018-06-11,1,risk_on,1.7456867451093515e-22,1.0
2018-06-12,1,risk_on,2.217065719043963e-22,1.0
2018-06-13,1,risk_on,1.470324136250573e-22,1.0
2018-06-14,1,risk_on,5.94578237502339e-23,1.0
2018-06-15,1,risk_on,1.5158641482522778e-22,1.0
2018-06-18,1,risk_on,1.2718182600124978e-21,1.0
2018-06-19,1,risk_on,2.230384340632614e-21,1.0
2018-06-20,1,risk_on,2.6695100102273954e-21,1.0
2018-06-21,1,risk_on,5.726538129673231e-22,1.0
2018-06-22,1,risk_on,6.974361140554532e-21,1.0
2018-06-25,1,risk_on,2.293829899565619e-22,1.0
2018-06-26,1,risk_on,1.6381450119123903e-23,1.0
2018-06-27,1,risk_on,1.1009820018158707e-23,1.0
2018-06-28,1,risk_on,8.983588065681083e-24,1.0
2018-06-29,1,risk_on,1.0068347620357167e-22,1.0
2018-07-02,1,risk_on,8.91901571031778e-25,1.0
2018-07-03,1,risk_on,5.375628500134565e-25,1.0
2018-07-05,1,risk_on,1.3624127847086826e-26,1.0
2018-07-06,1,risk_on,9.489813570718628e-30,1.0
2018-07-09,1,risk_on,1.8619072198065395e-30,1.0
2018-07-10,1,risk_on,7.534625878039501e-32,1.0
2018-07-11,1,risk_on,1.8264667941094284e-31,1.0
2018-07-12,1,risk_on,2.8353834532855096e-33,1.0
2018-07-13,1,risk_on,6.915122470473754e-33,1.0
2018-07-16,1,risk_on,5.4504514218751905e-34,1.0
2018-07-17,1,risk_on,1.1874238997411056e-33,1.0
2018-07-18,1,risk_on,1.8993409087592955e-33,1.0
2018-07-19,1,risk_on,1.7418605312830833e-31,1.0
2018-07-20,1,risk_on,7.854119033884834e-30,1.0
2018-07-23,1,risk_on,2.150013036027266e-30,1.0
2018-07-24,1,risk_on,1.0023906966179724e-28,1.0
2018-07-25,1,risk_on,5.521791784064112e-29,1.0
2018-07-26,1,risk_on,4.668484066625163e-28,1.0
2018-07-27,1,risk_on,2.773982975524142e-27,1.0
2018-07-30,1,risk_on,1.1759190729849413e-27,1.0
2018-07-31,1,risk_on,2.04784540925611e-28,1.0
2018-08-01,1,risk_on,5.514068701498568e-28,1.0
2018-08-02,1,risk_on,1.0490531070694575e-28,1.0
2018-08-03,1,risk_on,4.4154126063930766e-29,1.0
2018-08-06,1,risk_on,2.5491736064730113e-29,1.0
2018-08-07,1,risk_on,2.541358093978881e-29,1.0
2018-08-08,1,risk_on,4.73655228131851e-30,1.0
2018-08-09,1,risk_on,2.0861035413101564e-28,1.0
2018-08-10,1,risk_on,5.6537678840876885e-28,1.0
2018-08-13,1,risk_on,7.983314555512705e-28,1.0
2018-08-14,1,risk_on,1.2531470657622649e-25,1.0
2018-08-15,1,risk_on,2.177005867008994e-25,1.0
2018-08-16,1,risk_on,1.7840065870608014e-25,1.0
2018-08-17,1,risk_on,6.856434990337847e-26,1.0
2018-08-20,1,risk_on,2.637854426756135e-26,1.0
2018-08-21,1,risk_on,1.358016230246494e-25,1.0
2018-08-22,1,risk_on,1.8793510945052776e-25,1.0
2018-08-23,1,risk_on,2.5670481078748843e-25,1.0
2018-08-24,1,risk_on,1.3354467105386822e-25,1.0
2018-08-27,1,risk_on,4.88067483130785e-27,1.0
2018-08-28,1,risk_on,6.329515395634763e-29,1.0
2018-08-29,1,risk_on,4.071163602071948e-28,1.0
2018-08-30,1,risk_on,2.052143258495442e-28,1.0
2018-08-31,1,risk_on,1.9506369527044637e-29,1.0
2018-09-04,1,risk_on,4.380583992783004e-30,1.0
2018-09-05,1,risk_on,1.4614918366908244e-32,1.0
2018-09-06,1,risk_on,6.078522484656411e-32,1.0
2018-09-07,1,risk_on,1.0268225846318413e-33,1.0
2018-09-10,1,risk_on,7.00700359139875e-35,1.0
2018-09-11,1,risk_on,4.883959094354109e-35,1.0
2018-09-12,1,risk_on,3.902008839127947e-35,1.0
2018-09-13,1,risk_on,3.067456820591475e-35,1.0
2018-09-14,1,risk_on,1.7043278549815055e-35,1.0
2018-09-17,1,risk_on,1.870780888547019e-35,1.0
2018-09-18,1,risk_on,6.642506696802553e-35,1.0
2018-09-19,1,risk_on,6.496935283071636e-35,1.0
2018-09-20,1,risk_on,3.071113327488449e-37,1.0
2018-09-21,1,risk_on,4.485764768267865e-37,1.0
2018-09-24,1,risk_on,6.333648051220443e-38,1.0
2018-09-25,1,risk_on,5.902458974607474e-38,1.0
2018-09-26,1,risk_on,4.247342697451692e-40,1.0
2018-09-27,1,risk_on,1.8014700952105468e-40,1.0
2018-09-28,1,risk_on,2.514298769778871e-40,1.0
2018-10-01,1,risk_on,4.42190421359184e-40,1.0
2018-10-02,1,risk_on,3.5017149804195133e-41,1.0
2018-10-03,1,risk_on,1.9447583673022691e-41,1.0
2018-10-04,1,risk_on,5.663856037925666e-43,1.0
2018-10-05,1,risk_on,3.2884911229932775e-47,1.0
2018-10-08,1,risk_on,4.647283178911631e-47,1.0
2018-10-09,1,risk_on,1.4357431616696475e-47,1.0
2018-10-10,1,risk_on,2.08344099267077e-45,1.0
2018-10-11,1,risk_on,1.61305269504555e-35,1.0
2018-10-12,1,risk_on,2.82515097262047e-35,1.0
2018-10-15,1,risk_on,7.049916968348408e-35,1.0
2018-10-16,1,risk_on,1.5522644364573532e-38,1.0
2018-10-17,1,risk_on,9.338812969042666e-39,1.0
2018-10-18,1,risk_on,1.0449700030991019e-36,1.0
2018-10-19,1,risk_on,1.134937319536776e-37,1.0
2018-10-22,1,risk_on,7.716132149416272e-37,1.0
2018-10-23,1,risk_on,9.588278052948055e-37,1.0
2018-10-24,1,risk_on,9.93017432153895e-30,1.0
2018-10-25,1,risk_on,2.116054897912174e-29,1.0
2018-10-26,1,risk_on,1.143289896129792e-26,1.0
2018-10-29,1,risk_on,3.536806375406237e-26,1.0
2018-10-30,1,risk_on,1.519437371123241e-25,1.0
2018-10-31,1,risk_on,2.623099037518639e-25,1.0
2018-11-01,1,risk_on,6.4660174597054895e-25,1.0
2018-11-02,1,risk_on,3.076273757884396e-27,1.0
2018-11-05,1,risk_on,3.0366844216641704e-28,1.0
2018-11-06,1,risk_on,2.064167883773861e-28,1.0
2018-11-07,1,risk_on,4.1693677475849007e-29,1.0
2018-11-08,1,risk_on,7.821161669038813e-30,1.0
2018-11-09,1,risk_on,6.731765352714686e-28,1.0
2018-11-12,1,risk_on,4.093595853065504e-26,1.0
2018-11-13,1,risk_on,1.5085584981197897e-26,1.0
2018-11-14,1,risk_on,2.534710829867312e-27,1.0
2018-11-15,1,risk_on,5.2050976731035184e-27,1.0
2018-11-16,1,risk_on,1.8299065634347743e-26,1.0
2018-11-19,1,risk_on,7.92233959187204e-26,1.0
2018-11-20,1,risk_on,4.261248500430446e-25,1.0
2018-11-21,1,risk_on,7.192024676196082e-26,1.0
2018-11-23,1,risk_on,8.988773387326695e-25,1.0
2018-11-26,1,risk_on,6.615513825268032e-26,1.0
2018-11-27,1,risk_on,4.3740026048853116e-26,1.0
2018-11-28,1,risk_on,1.6189650901053122e-24,1.0
2018-11-29,1,risk_on,1.0424274049720264e-25,1.0
2018-11-30,1,risk_on,4.594714428932916e-26,1.0
2018-12-03,1,risk_on,3.6314815718935475e-28,1.0
2018-12-04,1,risk_on,1.6747092275675827e-22,1.0
2018-12-06,1,risk_on,1.512492634283043e-22,1.0
2018-12-07,1,risk_on,8.291764817252494e-22,1.0
2018-12-10,1,risk_on,1.7372130079165493e-21,1.0
2018-12-11,1,risk_on,6.323609286015204e-23,1.0
2018-12-12,1,risk_on,2.1308959866082576e-23,1.0
2018-12-13,1,risk_on,7.84626188344878e-23,1.0
2018-12-14,1,risk_on,9.721969724998989e-23,1.0
2018-12-17,1,risk_on,5.963576107750756e-22,1.0
2018-12-18,1,risk_on,3.5532396335571514e-22,1.0
2018-12-19,1,risk_on,9.218351159731314e-22,1.0
2018-12-20,1,risk_on,6.558597530117196e-21,1.0
2018-12-21,1,risk_on,5.985905565721775e-20,1.0
2018-12-24,1,risk_on,8.419427984521938e-17,1.0
2018-12-26,1,risk_on,1.508425782058784e-17,1.0
2018-12-27,1,risk_on,7.448112529162382e-17,1.0
2018-12-28,1,risk_on,2.527851318727357e-17,1.0
2018-12-31,1,risk_on,7.175679931668873e-18,1.0
2019-01-02,1,risk_on,1.1712869548421255e-18,1.0
2019-01-03,1,risk_on,2.555993706449135e-17,1.0
2019-01-04,1,risk_on,6.253789370400131e-17,1.0
2019-01-07,1,risk_on,1.0261110632082374e-17,1.0
2019-01-08,1,risk_on,5.422875122566022e-17,1.0
2019-01-09,1,risk_on,3.503905052403735e-17,1.0
2019-01-10,1,risk_on,2.200425360023705e-17,1.0
2019-01-11,1,risk_on,3.075628106185784e-17,1.0
2019-01-14,1,risk_on,1.4920621080576317e-16,1.0
2019-01-15,1,risk_on,9.705533373210788e-17,1.0
2019-01-16,1,risk_on,2.075348397100074e-16,1.0
2019-01-17,1,risk_on,2.264553553874288e-16,1.0
2019-01-18,1,risk_on,1.288741205227004e-16,1.0
2019-01-22,1,risk_on,1.043028403709924e-16,1.0
2019-01-23,1,risk_on,1.875909810209199e-16,1.0
2019-01-24,1,risk_on,7.05376229535277e-16,1.0
2019-01-25,1,risk_on,9.345848525760844e-14,1.0
2019-01-28,1,risk_on,6.023118697661817e-17,1.0
2019-01-29,1,risk_on,8.835416634992273e-17,1.0
2019-01-30,1,risk_on,2.1702801858753667e-16,1.0
2019-01-31,1,risk_on,5.074044373298681e-16,1.0
2019-02-01,1,risk_on,2.0462859364310685e-16,1.0
2019-02-04,1,risk_on,1.4252764086114833e-15,1.0
2019-02-05,1,risk_on,6.208411754727115e-17,1.0
2019-02-06,1,risk_on,2.3951347181070174e-17,1.0
2019-02-07,1,risk_on,1.3525290330713689e-17,1.0
2019-02-08,1,risk_on,8.331655813434864e-17,1.0
2019-02-11,1,risk_on,1.1533868445822132e-17,1.0
2019-02-12,1,risk_on,2.1237190755334602e-17,1.0
2019-02-13,1,risk_on,1.6491067765246387e-17,1.0
2019-02-14,1,risk_on,1.3767132420158929e-17,1.0
2019-02-15,1,risk_on,1.2216022187185295e-17,1.0
2019-02-19,1,risk_on,1.505888541155349e-17,1.0
2019-02-20,1,risk_on,4.5246246365989627e-17,1.0
2019-02-21,1,risk_on,8.303696632676957e-17,1.0
2019-02-22,1,risk_on,3.350545157371273e-16,1.0
2019-02-25,1,risk_on,3.477273934284586e-16,1.0
2019-02-26,1,risk_on,4.512876714030922e-16,1.0
2019-02-27,1,risk_on,6.584981298852246e-16,1.0
2019-02-28,1,risk_on,1.5145645934605632e-16,1.0
2019-03-01,1,risk_on,1.9435746411163884e-16,1.0
2019-03-04,1,risk_on,1.348459953020068e-17,1.0
2019-03-05,1,risk_on,1.7507698463543625e-17,1.0
2019-03-06,1,risk_on,2.4139095079149356e-17,1.0
2019-03-07,1,risk_on,6.182076703527886e-17,1.0
2019-03-08,1,risk_on,1.2480439678227539e-17,1.0
2019-03-11,1,risk_on,8.676283878217461e-18,1.0
2019-03-12,1,risk_on,1.0688605815648652e-17,1.0
2019-03-13,1,risk_on,9.469547682391711e-18,1.0
2019-03-14,1,risk_on,2.1559362457592468e-17,1.0
2019-03-15,1,risk_on,1.4148257046516346e-17,1.0
2019-03-18,1,risk_on,9.406985464147122e-18,1.0
2019-03-19,1,risk_on,1.2023228009425645e-17,1.0
2019-03-20,1,risk_on,4.49071451023974e-17,1.0
2019-03-21,1,risk_on,1.412113601546627e-17,1.0
2019-03-22,1,risk_on,1.1748872559595976e-16,1.0
2019-03-25,1,risk_on,1.8263661276865e-15,1.0
2019-03-26,1,risk_on,1.3024200768245903e-14,1.0
2019-03-27,1,risk_on,1.0660879628460542e-13,1.0
2019-03-28,1,risk_on,5.159442381446563e-18,1.0
2019-03-29,1,risk_on,2.8202110183011075e-18,1.0
2019-04-01,1,risk_on,3.8122521012711755e-18,1.0
2019-04-02,1,risk_on,1.614794134823407e-18,1.0
2019-04-03,1,risk_on,6.778874700999057e-19,1.0
2019-04-04,1,risk_on,1.2386392544214288e-18,1.0
2019-04-05,1,risk_on,6.764244461415743e-23,1.0
2019-04-08,1,risk_on,1.3276990856812775e-23,1.0
2019-04-09,1,risk_on,2.8271099482330505e-24,1.0
2019-04-10,1,risk_on,1.1317389280027946e-24,1.0
2019-04-11,1,risk_on,1.755588297436415e-25,1.0
2019-04-12,1,risk_on,8.504773575671017e-25,1.0
2019-04-15,1,risk_on,1.9420891900584947e-24,1.0
2019-04-16,1,risk_on,4.909620172127666e-25,1.0
2019-04-17,1,risk_on,2.5190085073507532e-25,1.0
2019-04-18,1,risk_on,5.923932752096956e-26,1.0
2019-04-22,1,risk_on,2.086841527500585e-27,1.0
2019-04-23,1,risk_on,3.272444421608935e-27,1.0
2019-04-24,1,risk_on,6.189332631457544e-27,1.0
2019-04-25,1,risk_on,4.803850304981346e-27,1.0
2019-04-26,1,risk_on,2.5213055774361666e-27,1.0
2019-04-29,1,risk_on,9.209463854507252e-27,1.0
2019-04-30,1,risk_on,1.4786417879309587e-26,1.0
2019-05-01,1,risk_on,8.702403724177107e-27,1.0
2019-05-02,1,risk_on,7.46405249923629e-26,1.0
2019-05-03,1,risk_on,1.3842216039346243e-26,1.0
2019-05-06,1,risk_on,3.099481743818875e-27,1.0
2019-05-07,1,risk_on,1.005597303095442e-24,1.0
2019-05-08,1,risk_on,2.1169975414463575e-25,1.0
2019-05-09,1,risk_on,4.71873378055251e-25,1.0
2019-05-10,1,risk_on,1.1528309679073873e-25,1.0
2019-05-13,1,risk_on,2.9267993699057587e-22,1.0
2019-05-14,1,risk_on,4.612110031703935e-23,1.0
2019-05-15,1,risk_on,5.6532581503446115e-24,1.0
2019-05-16,1,risk_on,3.479196962500926e-24,1.0
2019-05-17,1,risk_on,5.445751587095665e-24,1.0
2019-05-20,1,risk_on,3.223292504271548e-24,1.0
2019-05-21,1,risk_on,6.239526809032025e-25,1.0
2019-05-22,1,risk_on,6.4647524911879985e-24,1.0
2019-05-23,1,risk_on,8.419288625110521e-22,1.0
2019-05-24,1,risk_on,1.9738788864753152e-22,1.0
2019-05-28,1,risk_on,1.7989693148748292e-21,1.0
2019-05-29,1,risk_on,1.785946257682737e-20,1.0
2019-05-30,1,risk_on,8.169048130000105e-21,1.0
2019-05-31,1,risk_on,3.4093729109534333e-19,1.0
2019-06-03,1,risk_on,5.648123727325433e-18,1.0
2019-06-04,1,risk_on,2.2011567553210735e-18,1.0
2019-06-05,1,risk_on,6.434060540694125e-18,1.0
2019-06-06,1,risk_on,5.929726029875301e-18,1.0
2019-06-07,1,risk_on,9.928399690711162e-19,1.0
2019-06-10,1,risk_on,1.1722384962377818e-20,1.0
2019-06-11,1,risk_on,5.271263784310583e-21,1.0
2019-06-12,1,risk_on,3.0468657091167776e-20,1.0
2019-06-13,1,risk_on,2.3029982742104667e-20,1.0
2019-06-14,1,risk_on,2.1234485310061252e-20,1.0
2019-06-17,1,risk_on,4.178762386357108e-21,1.0
2019-06-18,1,risk_on,8.553305792988051e-22,1.0
2019-06-19,1,risk_on,7.468760659225918e-21,1.0
2019-06-20,1,risk_on,3.569667375170972e-21,1.0
2019-06-21,1,risk_on,1.0522153613396699e-23,1.0
2019-06-24,1,risk_on,1.68663365010168e-23,1.0
2019-06-25,1,risk_on,4.675906146085023e-23,1.0
2019-06-26,1,risk_on,3.050136634482654e-24,1.0
2019-06-27,1,risk_on,3.444897192369971e-24,1.0
2019-06-28,1,risk_on,5.662584883233288e-25,1.0
2019-07-01,1,risk_on,7.364477276923458e-26,1.0
2019-07-02,1,risk_on,3.9222968643860255e-26,1.0
2019-07-03,1,risk_on,4.540374073538203e-27,1.0
2019-07-05,1,risk_on,2.162378575603587e-29,1.0
2019-07-08,1,risk_on,1.719126929725573e-29,1.0
2019-07-09,1,risk_on,2.4914698566858157e-30,1.0
2019-07-10,1,risk_on,2.354245035466477e-29,1.0
2019-07-11,1,risk_on,1.6829862806561089e-29,1.0
2019-07-12,1,risk_on,2.948689596199421e-29,1.0
2019-07-15,1,risk_on,7.658798272115626e-30,1.0
2019-07-16,1,risk_on,1.1692239740581108e-29,1.0
2019-07-17,1,risk_on,1.6029884059649493e-28,1.0
2019-07-18,1,risk_on,1.7927605068093238e-28,1.0
2019-07-19,1,risk_on,5.16495474367481e-29,1.0
2019-07-22,1,risk_on,1.6560411453517876e-29,1.0
2019-07-23,1,risk_on,1.8866508733178063e-29,1.0
2019-07-24,1,risk_on,3.774736495518268e-28,1.0
2019-07-25,1,risk_on,3.1048374126268945e-28,1.0
2019-07-26,1,risk_on,3.4382954103419563e-28,1.0
2019-07-29,1,risk_on,2.447942822329292e-28,1.0
2019-07-30,1,risk_on,1.1084917857039633e-28,1.0
2019-07-31,1,risk_on,2.4898445235861453e-27,1.0
2019-08-01,1,risk_on,3.1038614476639336e-24,1.0
2019-08-02,1,risk_on,8.758365885321455e-24,1.0
2019-08-05,1,risk_on,3.6706982954403175e-17,1.0
2019-08-06,1,risk_on,1.204143372050058e-19,1.0
2019-08-07,1,risk_on,5.601832627359253e-20,1.0
2019-08-08,1,risk_on,1.321462986704309e-21,1.0
2019-08-09,1,risk_on,1.7042850837170692e-21,1.0
2019-08-12,1,risk_on,6.183705897869299e-19,1.0
2019-08-13,1,risk_on,7.894510888786006e-21,1.0
2019-08-14,1,risk_on,1.0620056314036806e-15,1.0
2019-08-15,1,risk_on,1.5388722627585701e-16,1.0
2019-08-16,1,risk_on,4.105608132863416e-17,1.0
2019-08-19,1,risk_on,1.1832077130409178e-17,1.0
2019-08-20,1,risk_on,8.713013534120715e-18,1.0
2019-08-21,1,risk_on,4.248654359135767e-18,1.0
2019-08-22,1,risk_on,7.253098318988385e-18,1.0
2019-08-23,1,risk_on,3.297438643323041e-15,1.0
2019-08-26,1,risk_on,3.0176788564571456e-15,1.0
2019-08-27,1,risk_on,4.294122828946241e-14,1.0
2019-08-28,1,risk_on,1.4419547176846935e-14,1.0
2019-08-29,1,risk_on,4.8470332144207204e-14,1.0
2019-08-30,1,risk_on,1.3587571999054387e-14,1.0
2019-09-03,1,risk_on,3.657782970343016e-16,1.0
2019-09-04,1,risk_on,2.6629547352232033e-16,1.0
2019-09-05,1,risk_on,2.3860796942919408e-18,1.0
2019-09-06,1,risk_on,7.856786362304747e-18,1.0
2019-09-09,1,risk_on,1.5118280513817908e-19,1.0
2019-09-10,1,risk_on,4.055992444114619e-20,1.0
2019-09-11,1,risk_on,2.854459006319269e-20,1.0
2019-09-12,1,risk_on,1.5677296953851196e-20,1.0
2019-09-13,1,risk_on,1.0709054872864807e-20,1.0
2019-09-16,1,risk_on,3.8157896702047094e-21,1.0
2019-09-17,1,risk_on,9.970750110481248e-22,1.0
2019-09-18,1,risk_on,1.6550173908629854e-22,1.0
2019-09-19,1,risk_on,8.806603745246695e-23,1.0
2019-09-20,1,risk_on,1.4844428370469007e-21,1.0
2019-09-23,1,risk_on,2.4750232163365036e-21,1.0
2019-09-24,1,risk_on,2.6600786103246723e-20,1.0
2019-09-25,1,risk_on,2.5099477617330602e-20,1.0
2019-09-26,1,risk_on,1.433692976706085e-20,1.0
2019-09-27,1,risk_on,6.014283384619787e-20,1.0
2019-09-30,1,risk_on,2.1985626362928488e-20,1.0
2019-10-01,1,risk_on,3.625868422232904e-20,1.0
2019-10-02,1,risk_on,7.333056261802885e-19,1.0
2019-10-03,1,risk_on,1.313788151996093e-19,1.0
2019-10-04,1,risk_on,5.908981880756026e-21,1.0
2019-10-07,1,risk_on,3.8718577655659166e-21,1.0
2019-10-08,1,risk_on,1.7801180985418787e-19,1.0
2019-10-09,1,risk_on,1.458313020310926e-19,1.0
2019-10-10,1,risk_on,1.7436836109990478e-20,1.0
2019-10-11,1,risk_on,4.844881278344448e-21,1.0
2019-10-14,1,risk_on,6.647879629216133e-19,1.0
2019-10-15,1,risk_on,1.201836323338346e-20,1.0
2019-10-16,1,risk_on,1.0750348142367218e-20,1.0
2019-10-17,1,risk_on,1.6585900493495348e-20,1.0
2019-10-18,1,risk_on,2.421607789746959e-20,1.0
2019-10-21,1,risk_on,2.0753142106888754e-21,1.0
2019-10-22,1,risk_on,5.134396296123215e-21,1.0
2019-10-23,1,risk_on,7.82795651480722e-21,1.0
2019-10-24,1,risk_on,6.151011931008014e-21,1.0
2019-10-25,1,risk_on,1.9814684646121597e-20,1.0
2019-10-28,1,risk_on,3.210996174116938e-20,1.0
2019-10-29,1,risk_on,3.534092328478037e-20,1.0
2019-10-30,1,risk_on,8.284500511863114e-20,1.0
2019-10-31,1,risk_on,3.016400447791723e-19,1.0
2019-11-01,1,risk_on,7.924853326742237e-20,1.0
2019-11-04,1,risk_on,2.995684150093494e-20,1.0
2019-11-05,1,risk_on,1.822869582391697e-20,1.0
2019-11-06,1,risk_on,4.0594202055459506e-20,1.0
2019-11-07,1,risk_on,3.764206656028436e-20,1.0
2019-11-08,1,risk_on,7.072042091182719e-20,1.0
2019-11-11,1,risk_on,3.8937965942442966e-20,1.0
2019-11-12,1,risk_on,2.8973027418116917e-21,1.0
2019-11-13,1,risk_on,1.6543197046946908e-21,1.0
2019-11-14,1,risk_on,6.867796333677557e-23,1.0
2019-11-15,1,risk_on,8.041363716315955e-24,1.0
2019-11-18,1,risk_on,7.26771407703179e-24,1.0
2019-11-19,1,risk_on,1.608381080429538e-24,1.0
2019-11-20,1,risk_on,2.4830437814047848e-23,1.0
2019-11-21,1,risk_on,2.932807491648587e-26,1.0
2019-11-22,1,risk_on,3.604238001792621e-27,1.0
2019-11-25,1,risk_on,6.397515482416522e-28,1.0
2019-11-26,1,risk_on,7.522859811168962e-28,1.0
2019-11-27,1,risk_on,1.0340017214722783e-28,1.0
2019-11-29,1,risk_on,5.207504731986614e-29,1.0
2019-12-02,1,risk_on,6.374331626477739e-31,1.0
2019-12-03,1,risk_on,3.5098856416505084e-28,1.0
2019-12-04,1,risk_on,6.460493324781572e-31,1.0
2019-12-05,1,risk_on,8.074201840725333e-31,1.0
2019-12-06,1,risk_on,1.4015389603412462e-30,1.0
2019-12-09,1,risk_on,2.3260524344391226e-29,1.0
2019-12-10,1,risk_on,4.577232914052711e-29,1.0
2019-12-11,1,risk_on,9.016123307191216e-30,1.0
2019-12-12,1,risk_on,1.4906554772075214e-27,1.0
2019-12-13,1,risk_on,5.549618038578109e-28,1.0
2019-12-16,1,risk_on,3.994465964849316e-27,1.0
2019-12-17,1,risk_on,2.126094190224724e-27,1.0
2019-12-18,1,risk_on,2.2736547494339617e-27,1.0
2019-12-19,1,risk_on,1.6119367612278843e-27,1.0
2019-12-20,1,risk_on,2.6254935140332067e-27,1.0
2019-12-23,1,risk_on,4.376803762759982e-28,1.0
2019-12-24,1,risk_on,5.603907602710331e-29,1.0
2019-12-26,1,risk_on,5.192956173110318e-29,1.0
2019-12-27,1,risk_on,1.3124533443496854e-28,1.0
2019-12-30,1,risk_on,1.723270467308911e-28,1.0
2019-12-31,1,risk_on,1.9213341718774525e-28,1.0
2020-01-02,1,risk_on,3.951118946034549e-29,1.0
2020-01-03,1,risk_on,3.93039754398906e-26,1.0
2020-01-06,1,risk_on,1.1584155031806254e-24,1.0
2020-01-07,1,risk_on,4.871046627373096e-24,1.0
2020-01-08,1,risk_on,8.683784934391354e-23,1.0
2020-01-09,1,risk_on,6.418163127542524e-24,1.0
2020-01-10,1,risk_on,6.709313890873464e-24,1.0
2020-01-13,1,risk_on,1.1761477680665312e-25,1.0
2020-01-14,1,risk_on,3.4127250780441656e-25,1.0
2020-01-15,1,risk_on,1.676037265069213e-27,1.0
2020-01-16,1,risk_on,1.9317596982939577e-26,1.0
2020-01-17,1,risk_on,1.008383197167256e-25,1.0
2020-01-21,1,risk_on,2.936040285757e-24,1.0
2020-01-22,1,risk_on,1.167145713127882e-25,1.0
2020-01-23,1,risk_on,1.7219146747217928e-26,1.0
2020-01-24,1,risk_on,1.6408033296510634e-25,1.0
2020-01-27,1,risk_on,4.964824460247613e-22,1.0
2020-01-28,1,risk_on,2.8194003469863863e-22,1.0
2020-01-29,1,risk_on,9.228876035284761e-23,1.0
2020-01-30,1,risk_on,1.348355849742903e-22,1.0
2020-01-31,1,risk_on,2.0098341851306526e-19,1.0
2020-02-03,1,risk_on,6.5793217105471044e-21,1.0
2020-02-04,1,risk_on,2.4442817256217407e-21,1.0
2020-02-05,1,risk_on,3.888727964918745e-21,1.0
2020-02-06,1,risk_on,2.3110453297281207e-20,1.0
2020-02-07,1,risk_on,2.2798061510833728e-20,1.0
2020-02-10,1,risk_on,5.771990156069123e-20,1.0
2020-02-11,1,risk_on,5.676389482045152e-20,1.0
2020-02-12,1,risk_on,1.0415294543480401e-19,1.0
2020-02-13,1,risk_on,1.1885572741624056e-19,1.0
2020-02-14,1,risk_on,3.899873768268771e-20,1.0
2020-02-18,1,risk_on,4.895271664967373e-20,1.0
2020-02-19,1,risk_on,1.417835935640509e-19,1.0
2020-02-20,1,risk_on,4.085488507327644e-19,1.0
2020-02-21,1,risk_on,2.4185383961534895e-18,1.0
2020-02-24,1,risk_on,2.4532523322548492e-14,1.0
2020-02-25,1,risk_on,1.4858394302330478e-13,1.0
2020-02-26,1,risk_on,4.61511690810176e-15,1.0
2020-02-27,1,risk_on,7.261580962721586e-08,0.9999999273859457
2020-02-28,1,risk_on,3.0357251585331883e-05,0.9999696427500063
2020-03-02,1,risk_on,6.707010283510254e-07,0.9999993292988141
2020-03-03,1,risk_on,0.0005170729585552298,0.9994829270397954
2020-03-04,1,risk_on,0.05223948855523676,0.9477605114445669
2020-03-05,0,defensive_risk_off,0.9998752742512755,0.00012472574891351083
2020-03-06,0,defensive_risk_off,1.0,4.074413694753495e-14
2020-03-09,0,defensive_risk_off,1.0,2.5397786147140246e-35
2020-03-10,0,defensive_risk_off,1.0,7.758898914371996e-32
2020-03-11,0,defensive_risk_off,1.0,1.0343593045065367e-41
2020-03-12,0,defensive_risk_off,1.0,2.5191490361117764e-66
2020-03-13,0,defensive_risk_off,1.0,4.923770366495159e-61
2020-03-16,0,defensive_risk_off,1.0,2.971720578324069e-93
2020-03-17,0,defensive_risk_off,1.0,2.8496152869735674e-98
2020-03-18,0,defensive_risk_off,1.0,8.072642836128316e-100
2020-03-19,0,defensive_risk_off,1.0,3.835814091302577e-109
2020-03-20,0,defensive_risk_off,1.0,7.689934173447189e-113
2020-03-23,0,defensive_risk_off,1.0,1.3963905342161993e-114
2020-03-24,0,defensive_risk_off,1.0,4.658491131074574e-112
2020-03-25,0,defensive_risk_off,1.0,1.8396002392321955e-110
2020-03-26,0,defensive_risk_off,1.0,1.0359479170032906e-116
2020-03-27,0,defensive_risk_off,1.0,7.464990528075916e-97
2020-03-30,0,defensive_risk_off,1.0,1.9794934593781275e-82
2020-03-31,0,defensive_risk_off,1.0,1.4378322399279262e-78
2020-04-01,0,defensive_risk_off,1.0,1.331979943400686e-73
2020-04-02,0,defensive_risk_off,1.0,5.045215632615288e-81
2020-04-03,0,defensive_risk_off,1.0,1.0319196709408233e-74
2020-04-06,0,defensive_risk_off,1.0,3.984242848522868e-80
2020-04-07,0,defensive_risk_off,1.0,2.4168641150172254e-65
2020-04-08,0,defensive_risk_off,1.0,4.514500694785676e-70
2020-04-09,0,defensive_risk_off,1.0,2.846820798423181e-76
2020-04-13,0,defensive_risk_off,1.0,2.6738650581813272e-53
2020-04-14,0,defensive_risk_off,1.0,3.812502505176937e-50
2020-04-15,0,defensive_risk_off,1.0,5.483929343634608e-40
2020-04-16,0,defensive_risk_off,1.0,3.669312342723764e-46
2020-04-17,0,defensive_risk_off,1.0,1.8937862678121967e-57
2020-04-20,0,defensive_risk_off,1.0,1.5049917975213374e-54
2020-04-21,0,defensive_risk_off,1.0,2.764623440246821e-45
2020-04-22,0,defensive_risk_off,1.0,1.1474221902105335e-51
2020-04-23,0,defensive_risk_off,1.0,4.8838918342565e-38
2020-04-24,0,defensive_risk_off,1.0,3.1685241972104024e-40
2020-04-27,0,defensive_risk_off,1.0,5.730936476890885e-43
2020-04-28,0,defensive_risk_off,1.0,1.05311526242969e-42
2020-04-29,0,defensive_risk_off,1.0,2.2565987304574918e-32
2020-04-30,0,defensive_risk_off,1.0,4.949569161940028e-31
2020-05-01,0,defensive_risk_off,1.0,4.57326523386276e-30
2020-05-04,0,defensive_risk_off,1.0,6.408309312728548e-29
2020-05-05,0,defensive_risk_off,1.0,1.0136660632468062e-29
2020-05-06,0,defensive_risk_off,1.0,1.9994481465100203e-34
2020-05-07,0,defensive_risk_off,1.0,5.428321162312657e-31
2020-05-08,0,defensive_risk_off,1.0,3.1180928444698018e-30
2020-05-11,0,defensive_risk_off,1.0,4.1573996112193675e-36
2020-05-12,0,defensive_risk_off,1.0,1.5558710939105237e-30
2020-05-13,0,defensive_risk_off,1.0,8.536360995897455e-32
2020-05-14,0,defensive_risk_off,1.0,1.5184491397331339e-30
2020-05-15,0,defensive_risk_off,1.0,8.282964005270974e-30
2020-05-18,0,defensive_risk_off,1.0,9.342720666766686e-31
2020-05-19,0,defensive_risk_off,1.0,2.2596497210582004e-29
2020-05-20,0,defensive_risk_off,1.0,7.436478798946296e-30
2020-05-21,0,defensive_risk_off,1.0,8.482022399857873e-31
2020-05-22,0,defensive_risk_off,1.0,1.4183921871211952e-29
2020-05-26,0,defensive_risk_off,1.0,1.3117448501889366e-32
2020-05-27,0,defensive_risk_off,1.0,6.680631695732593e-34
2020-05-28,0,defensive_risk_off,1.0,7.537951997387719e-32
2020-05-29,0,defensive_risk_off,1.0,1.167949667798563e-34
2020-06-01,0,defensive_risk_off,1.0,1.4177232018971159e-31
2020-06-02,0,defensive_risk_off,1.0,4.394484880035371e-33
2020-06-03,0,defensive_risk_off,1.0,4.0442516089653524e-33
2020-06-04,0,defensive_risk_off,1.0,4.8284745085075055e-33
2020-06-05,0,defensive_risk_off,1.0,2.8092189312632476e-32
2020-06-08,0,defensive_risk_off,1.0,2.461038274609149e-32
2020-06-09,0,defensive_risk_off,1.0,1.5227765952620195e-32
2020-06-10,0,defensive_risk_off,1.0,1.400310187252902e-32
2020-06-11,0,defensive_risk_off,1.0,8.323836019639031e-30
2020-06-12,0,defensive_risk_off,1.0,1.4058095807173522e-21
2020-06-15,0,defensive_risk_off,1.0,1.381781309087826e-23
2020-06-16,0,defensive_risk_off,1.0,9.71597731442571e-19
2020-06-17,0,defensive_risk_off,1.0,1.0125823142750184e-22
2020-06-18,0,defensive_risk_off,1.0,4.246992698814172e-19
2020-06-19,0,defensive_risk_off,1.0,1.1123949006048268e-22
2020-06-22,0,defensive_risk_off,1.0,1.6606957275018154e-22
2020-06-23,0,defensive_risk_off,1.0,1.648079153801659e-14
2020-06-24,0,defensive_risk_off,1.0,1.2702928706666527e-12
2020-06-25,0,defensive_risk_off,0.9999999312312889,6.876850632775726e-08
2020-06-26,0,defensive_risk_off,0.9999999980136636,1.9868981614737194e-09
2020-06-29,0,defensive_risk_off,0.9999999785613911,2.1437733613427693e-08
2020-06-30,0,defensive_risk_off,0.9999999854771886,1.4523279753218683e-08
2020-07-01,0,defensive_risk_off,1.0,4.896271935724339e-13
2020-07-02,0,defensive_risk_off,0.9999999999854481,1.292276844342112e-11
2020-07-06,0,defensive_risk_off,0.999999999996362,4.393249729685582e-12
2020-07-07,0,defensive_risk_off,0.9999701657009967,2.983429795731931e-05
2020-07-08,0,defensive_risk_off,0.9863097236186358,0.013690276382965714
2020-07-09,1,risk_on,0.14710657132125005,0.8528934286790705
2020-07-10,1,risk_on,0.0009353186255645703,0.9990646813730489
2020-07-13,1,risk_on,4.856880792906879e-06,0.9999951431209123
2020-07-14,1,risk_on,1.8335485134939322e-09,0.9999999981664587
2020-07-15,1,risk_on,2.8804277438821704e-09,0.9999999971187208
2020-07-16,1,risk_on,1.3681361742738675e-08,0.9999999863175617
2020-07-17,1,risk_on,4.32877893329319e-10,0.9999999995670805
2020-07-20,1,risk_on,1.487746148324722e-10,0.9999999998508429
2020-07-21,1,risk_on,1.7447882486753982e-09,0.9999999982537702
2020-07-22,1,risk_on,1.8793429330654263e-11,0.9999999999818101
2020-07-23,1,risk_on,3.444283985174147e-10,0.999999999654392
2020-07-24,1,risk_on,1.0203389196228998e-10,0.9999999998981366
2020-07-27,1,risk_on,1.8621106951583007e-11,0.9999999999818101
2020-07-28,1,risk_on,1.4127143088620127e-10,0.9999999998581188
2020-07-29,1,risk_on,2.3531930172230773e-11,0.9999999999781721
2020-07-30,1,risk_on,2.578465028903552e-10,0.9999999997417035
2020-07-31,1,risk_on,1.3083592693528464e-10,0.9999999998690328
2020-08-03,1,risk_on,2.1960757153607118e-11,0.9999999999781721
2020-08-04,1,risk_on,2.925647979033761e-11,0.9999999999708962
2020-08-05,1,risk_on,2.1680382788104614e-11,0.9999999999781721
2020-08-06,1,risk_on,1.5211335703287523e-10,0.9999999998472049
2020-08-07,1,risk_on,2.2580165529570618e-12,0.999999999996362
2020-08-10,1,risk_on,2.411081627882092e-12,0.999999999996362
2020-08-11,1,risk_on,2.9423845213743188e-12,0.999999999996362
2020-08-12,1,risk_on,6.310129890997359e-12,0.999999999992724
2020-08-13,1,risk_on,1.0184969240484922e-11,0.9999999999890861
2020-08-14,1,risk_on,4.587238304129903e-12,0.999999999996362
2020-08-17,1,risk_on,9.293854812909563e-15,1.0
2020-08-18,1,risk_on,2.937492786060839e-14,1.0
2020-08-19,1,risk_on,6.9925318893950814e-15,1.0
2020-08-20,1,risk_on,1.6349903184127992e-14,1.0
2020-08-21,1,risk_on,1.93996721910419e-14,1.0
2020-08-24,1,risk_on,4.059324742712784e-14,1.0
2020-08-25,1,risk_on,2.21493618013159e-14,1.0
2020-08-26,1,risk_on,4.5678141248496e-13,1.0
2020-08-27,1,risk_on,3.495613646392192e-14,1.0
2020-08-28,1,risk_on,7.622887361808748e-14,1.0
2020-08-31,1,risk_on,2.6806346167162446e-13,1.0
2020-09-01,1,risk_on,1.5741148027108142e-15,1.0
2020-09-02,1,risk_on,3.378497300748721e-14,1.0
2020-09-03,1,risk_on,1.0068306396727755e-12,1.0
2020-09-04,1,risk_on,1.1716358788847323e-16,1.0
2020-09-08,1,risk_on,1.419892575184709e-15,1.0
2020-09-09,1,risk_on,2.271430677433788e-15,1.0
2020-09-10,1,risk_on,8.353184238101967e-18,1.0
2020-09-11,1,risk_on,6.752278058707934e-19,1.0
2020-09-14,1,risk_on,1.847428379374342e-19,1.0
2020-09-15,1,risk_on,1.6589418683716344e-22,1.0
2020-09-16,1,risk_on,4.009237850075105e-23,1.0
2020-09-17,1,risk_on,2.3232340051891685e-22,1.0
2020-09-18,1,risk_on,4.373081992735574e-22,1.0
2020-09-21,1,risk_on,9.100807511523735e-22,1.0
2020-09-22,1,risk_on,8.488367410745388e-23,1.0
2020-09-23,1,risk_on,8.585435179636747e-22,1.0
2020-09-24,1,risk_on,2.807885361798393e-22,1.0
2020-09-25,1,risk_on,1.0185147660648923e-24,1.0
2020-09-28,1,risk_on,1.2948347920910066e-26,1.0
2020-09-29,1,risk_on,1.061783589760039e-27,1.0
2020-09-30,1,risk_on,3.954198805777228e-29,1.0
2020-10-01,1,risk_on,8.387055782909092e-31,1.0
2020-10-02,1,risk_on,1.7246102444241107e-32,1.0
2020-10-05,1,risk_on,2.8835165645297777e-31,1.0
2020-10-06,1,risk_on,1.5012514595786825e-29,1.0
2020-10-07,1,risk_on,4.297594060757362e-30,1.0
2020-10-08,1,risk_on,4.324788148335219e-33,1.0
2020-10-09,1,risk_on,6.345380803999483e-33,1.0
2020-10-12,1,risk_on,8.12940042514439e-35,1.0
2020-10-13,1,risk_on,4.7353928739197977e-35,1.0
2020-10-14,1,risk_on,1.6055000472896137e-34,1.0
2020-10-15,1,risk_on,1.181085990792151e-34,1.0
2020-10-16,1,risk_on,3.170052834970636e-34,1.0
2020-10-19,1,risk_on,1.7752696185800846e-32,1.0
2020-10-20,1,risk_on,1.2092564855985011e-32,1.0
2020-10-21,1,risk_on,2.4700745834170323e-34,1.0
2020-10-22,1,risk_on,8.939553606633318e-33,1.0
2020-10-23,1,risk_on,4.2114658453708055e-34,1.0
2020-10-26,1,risk_on,9.337541212078741e-31,1.0
2020-10-27,1,risk_on,9.983234636805172e-32,1.0
2020-10-28,1,risk_on,9.448718443255728e-27,1.0
2020-10-29,1,risk_on,4.664818127277662e-28,1.0
2020-10-30,1,risk_on,5.350623786288789e-30,1.0
2020-11-02,1,risk_on,1.9581735569822644e-31,1.0
2020-11-03,1,risk_on,4.8156288073659355e-33,1.0
2020-11-04,1,risk_on,1.1986558634630223e-40,1.0
2020-11-05,1,risk_on,3.172613369076633e-42,1.0
2020-11-06,1,risk_on,4.3511916607170634e-42,1.0
2020-11-09,1,risk_on,3.683709990488588e-39,1.0
2020-11-10,1,risk_on,2.1300074674515057e-41,1.0
2020-11-11,1,risk_on,1.9799404398702403e-41,1.0
2020-11-12,1,risk_on,1.4673314761456387e-38,1.0
2020-11-13,1,risk_on,1.8373920761834848e-38,1.0
2020-11-16,1,risk_on,2.2926912136794114e-36,1.0
2020-11-17,1,risk_on,3.218548818096196e-34,1.0
2020-11-18,1,risk_on,1.6072239019294477e-32,1.0
2020-11-19,1,risk_on,3.4204407073405053e-31,1.0
2020-11-20,1,risk_on,2.0596587848831897e-30,1.0
2020-11-23,1,risk_on,4.133305918663706e-31,1.0
2020-11-24,1,risk_on,1.1084256249032132e-30,1.0
2020-11-25,1,risk_on,1.2219503026656246e-30,1.0
2020-11-27,1,risk_on,8.279692078073126e-29,1.0
2020-11-30,1,risk_on,2.33527513349847e-28,1.0
2020-12-01,1,risk_on,2.441669699370719e-26,1.0
2020-12-02,1,risk_on,4.375997392429519e-25,1.0
2020-12-03,1,risk_on,1.0865149779471464e-25,1.0
2020-12-04,1,risk_on,3.3755273500393994e-24,1.0
2020-12-07,1,risk_on,9.069301752217322e-25,1.0
2020-12-08,1,risk_on,7.14917932690413e-26,1.0
2020-12-09,1,risk_on,2.5790122591256342e-26,1.0
2020-12-10,1,risk_on,2.882399564540242e-25,1.0
2020-12-11,1,risk_on,6.149965363391107e-26,1.0
2020-12-14,1,risk_on,4.360258087737506e-27,1.0
2020-12-15,1,risk_on,3.369273633232436e-27,1.0
2020-12-16,1,risk_on,6.065259995607471e-28,1.0
2020-12-17,1,risk_on,3.51492764298352e-26,1.0
2020-12-18,1,risk_on,1.211641797842695e-25,1.0
2020-12-21,1,risk_on,1.4255121747665278e-26,1.0
2020-12-22,1,risk_on,1.6258813105210464e-25,1.0
2020-12-23,1,risk_on,1.4574843314267098e-25,1.0
2020-12-24,1,risk_on,4.35789711009289e-26,1.0
2020-12-28,1,risk_on,2.3021542513825052e-27,1.0
2020-12-29,1,risk_on,1.2239852369430754e-27,1.0
2020-12-30,1,risk_on,8.240951947498536e-28,1.0
2020-12-31,1,risk_on,2.1941084198842337e-27,1.0
2021-01-04,1,risk_on,2.821136475072552e-25,1.0
2021-01-05,1,risk_on,1.3592619430745566e-30,1.0
2021-01-06,1,risk_on,8.828747861575858e-32,1.0
2021-01-07,1,risk_on,2.7051992842555035e-30,1.0
2021-01-08,1,risk_on,8.206589420693444e-29,1.0
2021-01-11,1,risk_on,7.313562967898257e-29,1.0
2021-01-12,1,risk_on,6.838342726261821e-29,1.0
2021-01-13,1,risk_on,9.621906893367064e-30,1.0
2021-01-14,1,risk_on,4.253822054266391e-29,1.0
2021-01-15,1,risk_on,6.244652496946266e-29,1.0
2021-01-19,1,risk_on,2.3594108321433907e-29,1.0
2021-01-20,1,risk_on,7.323466136415475e-28,1.0
2021-01-21,1,risk_on,2.7227920562916887e-27,1.0
2021-01-22,1,risk_on,1.7751852417918684e-27,1.0
2021-01-25,1,risk_on,8.94073398273851e-29,1.0
2021-01-26,1,risk_on,1.0216471204588342e-28,1.0
2021-01-27,1,risk_on,3.985770931628788e-25,1.0
2021-01-28,1,risk_on,1.290474102144776e-28,1.0
2021-01-29,1,risk_on,1.3053489040776887e-27,1.0
2021-02-01,1,risk_on,1.6320905158704955e-30,1.0
2021-02-02,1,risk_on,1.211626710335003e-27,1.0
2021-02-03,1,risk_on,9.407799743248498e-27,1.0
2021-02-04,1,risk_on,4.05873069481591e-29,1.0
2021-02-05,1,risk_on,1.7106726617203532e-22,1.0
2021-02-08,1,risk_on,3.464148641763433e-22,1.0
2021-02-09,1,risk_on,9.698076873422863e-22,1.0
2021-02-10,1,risk_on,5.9273994855960706e-24,1.0
2021-02-11,1,risk_on,9.525710999856865e-24,1.0
2021-02-12,1,risk_on,7.052432952418966e-23,1.0
2021-02-16,1,risk_on,1.8438379365629338e-25,1.0
2021-02-17,1,risk_on,4.456359344500448e-26,1.0
2021-02-18,1,risk_on,1.4779228311469313e-26,1.0
2021-02-19,1,risk_on,5.674319206947037e-28,1.0
2021-02-22,1,risk_on,3.4260313373065867e-29,1.0
2021-02-23,1,risk_on,5.499076189086398e-29,1.0
2021-02-24,1,risk_on,2.011956773736662e-30,1.0
2021-02-25,1,risk_on,1.9491452796636693e-36,1.0
2021-02-26,1,risk_on,4.0581149369254506e-35,1.0
2021-03-01,1,risk_on,7.246934713267924e-33,1.0
2021-03-02,1,risk_on,4.3859485353912224e-31,1.0
2021-03-03,1,risk_on,1.9011067111849952e-33,1.0
2021-03-04,1,risk_on,1.0001518171284028e-35,1.0
2021-03-05,1,risk_on,1.0579616369749211e-37,1.0
2021-03-08,1,risk_on,5.456071332965043e-39,1.0
2021-03-09,1,risk_on,2.9677533700633493e-45,1.0
2021-03-10,1,risk_on,1.0743041828208393e-46,1.0
2021-03-11,1,risk_on,3.0174596505835614e-46,1.0
2021-03-12,1,risk_on,5.1822545981880073e-45,1.0
2021-03-15,1,risk_on,5.1691337995930225e-45,1.0
2021-03-16,1,risk_on,5.0142714250370405e-45,1.0
2021-03-17,1,risk_on,7.284119048594123e-44,1.0
2021-03-18,1,risk_on,2.104696713138438e-45,1.0
2021-03-19,1,risk_on,2.7524231178899746e-44,1.0
2021-03-22,1,risk_on,4.644858264852559e-45,1.0
2021-03-23,1,risk_on,6.324363112730827e-43,1.0
2021-03-24,1,risk_on,3.182195669778269e-42,1.0
2021-03-25,1,risk_on,1.882138090735835e-42,1.0
2021-03-26,1,risk_on,5.57336899674044e-41,1.0
2021-03-29,1,risk_on,1.8858137691388667e-43,1.0
2021-03-30,1,risk_on,6.484206001008803e-43,1.0
2021-03-31,1,risk_on,6.469414367275357e-43,1.0
2021-04-01,1,risk_on,3.285195467931021e-41,1.0
2021-04-05,1,risk_on,8.450458220494217e-38,1.0
2021-04-06,1,risk_on,5.223152218052734e-38,1.0
2021-04-07,1,risk_on,7.980782958599505e-38,1.0
2021-04-08,1,risk_on,1.1645916336545056e-40,1.0
2021-04-09,1,risk_on,3.426667275851224e-42,1.0
2021-04-12,1,risk_on,3.2482333855212386e-43,1.0
2021-04-13,1,risk_on,5.702053990858912e-42,1.0
2021-04-14,1,risk_on,2.1632968044848323e-42,1.0
2021-04-15,1,risk_on,7.974956827389827e-43,1.0
2021-04-16,1,risk_on,1.5374263427745705e-41,1.0
2021-04-19,1,risk_on,4.68482399249816e-41,1.0
2021-04-20,1,risk_on,1.7292203612093944e-39,1.0
2021-04-21,1,risk_on,3.5735871845007373e-41,1.0
2021-04-22,1,risk_on,7.912981378595834e-40,1.0
2021-04-23,1,risk_on,4.205732955705796e-40,1.0
2021-04-26,1,risk_on,4.975062381282608e-40,1.0
2021-04-27,1,risk_on,6.520751815101848e-41,1.0
2021-04-28,1,risk_on,3.47658267671925e-42,1.0
2021-04-29,1,risk_on,7.232882919714127e-42,1.0
2021-04-30,1,risk_on,1.9926049570466895e-38,1.0
2021-05-03,1,risk_on,5.9455520605607155e-40,1.0
2021-05-04,1,risk_on,1.0470921949977038e-41,1.0
2021-05-05,1,risk_on,3.3855368174242806e-42,1.0
2021-05-06,1,risk_on,1.4792762574741002e-43,1.0
2021-05-07,1,risk_on,2.6078991944013897e-43,1.0
2021-05-10,1,risk_on,7.908823385007091e-45,1.0
2021-05-11,1,risk_on,3.688712388703364e-45,1.0
2021-05-12,1,risk_on,1.512861350591324e-46,1.0
2021-05-13,1,risk_on,9.849848159171803e-48,1.0
2021-05-14,1,risk_on,8.579635894479769e-52,1.0
2021-05-17,1,risk_on,1.0297894997156775e-51,1.0
2021-05-18,1,risk_on,1.151058212000714e-51,1.0
2021-05-19,1,risk_on,9.2074598006316e-52,1.0
2021-05-20,1,risk_on,3.322766496844108e-53,1.0
2021-05-21,1,risk_on,3.3827153610118336e-51,1.0
2021-05-24,1,risk_on,4.815582147169796e-52,1.0
2021-05-25,1,risk_on,1.5681416892278816e-53,1.0
2021-05-26,1,risk_on,2.6736744011874896e-45,1.0
2021-05-27,1,risk_on,2.1999197183097963e-51,1.0
2021-05-28,1,risk_on,8.76921888010461e-64,1.0
2021-06-01,1,risk_on,2.7107113143976408e-64,1.0
2021-06-02,1,risk_on,3.110775097230486e-60,1.0
2021-06-03,1,risk_on,4.857639146914369e-58,1.0
2021-06-04,1,risk_on,4.501427817307812e-62,1.0
2021-06-07,1,risk_on,6.796225002776348e-61,1.0
2021-06-08,1,risk_on,3.978092258062266e-58,1.0
2021-06-09,1,risk_on,1.4117037316088818e-56,1.0
2021-06-10,1,risk_on,1.0859912441149693e-59,1.0
2021-06-11,1,risk_on,7.048593603817329e-59,1.0
2021-06-14,1,risk_on,7.1273972746391e-61,1.0
2021-06-15,1,risk_on,9.689963638726888e-62,1.0
2021-06-16,1,risk_on,1.3351587307614161e-61,1.0
2021-06-17,1,risk_on,5.902371850506586e-53,1.0
2021-06-18,1,risk_on,3.185387003167593e-43,1.0
2021-06-21,1,risk_on,3.844006212263671e-39,1.0
2021-06-22,1,risk_on,3.9364851593858023e-41,1.0
2021-06-23,1,risk_on,4.000962434833972e-42,1.0
2021-06-24,1,risk_on,2.318699732757039e-43,1.0
2021-06-25,1,risk_on,8.106339679014074e-46,1.0
2021-06-28,1,risk_on,1.0408481880722702e-44,1.0
2021-06-29,1,risk_on,5.696356574466193e-45,1.0
2021-06-30,1,risk_on,5.696669017039502e-45,1.0
2021-07-01,1,risk_on,2.895914027042656e-42,1.0
2021-07-02,1,risk_on,1.7115290846653773e-44,1.0
2021-07-06,1,risk_on,9.222375588545407e-45,1.0
2021-07-07,1,risk_on,1.8748374936255084e-44,1.0
2021-07-08,1,risk_on,1.4981158355126876e-43,1.0
2021-07-09,1,risk_on,1.2280832561483535e-41,1.0
2021-07-12,1,risk_on,1.9911180516295643e-41,1.0
2021-07-13,1,risk_on,2.927140840008159e-42,1.0
2021-07-14,1,risk_on,3.803501242099865e-41,1.0
2021-07-15,1,risk_on,5.226153924926259e-37,1.0
2021-07-16,1,risk_on,1.7366892317218794e-37,1.0
2021-07-19,1,risk_on,4.053226983304847e-29,1.0
2021-07-20,1,risk_on,3.04111178925761e-28,1.0
2021-07-21,1,risk_on,7.8912307069380485e-28,1.0
2021-07-22,1,risk_on,3.7407841234359564e-28,1.0
2021-07-23,1,risk_on,5.966254325127285e-27,1.0
2021-07-26,1,risk_on,2.7517715473283125e-27,1.0
2021-07-27,1,risk_on,8.23978417364156e-26,1.0
2021-07-28,1,risk_on,4.5633035809778584e-26,1.0
2021-07-29,1,risk_on,3.603401199722803e-27,1.0
2021-07-30,1,risk_on,3.445829482874566e-26,1.0
2021-08-02,1,risk_on,7.249236958028304e-26,1.0
2021-08-03,1,risk_on,3.4449944680888914e-27,1.0
2021-08-04,1,risk_on,1.949668980959911e-27,1.0
2021-08-05,1,risk_on,3.483556972117117e-28,1.0
2021-08-06,1,risk_on,6.769012879331507e-29,1.0
2021-08-09,1,risk_on,8.68283201204584e-27,1.0
2021-08-10,1,risk_on,1.465582190489812e-25,1.0
2021-08-11,1,risk_on,1.8054095006997813e-19,1.0
2021-08-12,1,risk_on,1.1690913342280716e-19,1.0
2021-08-13,1,risk_on,7.270198211089763e-19,1.0
2021-08-16,1,risk_on,3.2583256957103117e-18,1.0
2021-08-17,1,risk_on,1.1022841281679677e-17,1.0
2021-08-18,1,risk_on,9.840047508345377e-18,1.0
2021-08-19,1,risk_on,1.1838713739658355e-16,1.0
2021-08-20,1,risk_on,1.8503947622502478e-17,1.0
2021-08-23,1,risk_on,1.1069778644289345e-17,1.0
2021-08-24,1,risk_on,1.5047767400474693e-17,1.0
2021-08-25,1,risk_on,1.448769504126872e-17,1.0
2021-08-26,1,risk_on,4.547162431587075e-17,1.0
2021-08-27,1,risk_on,5.8748267375022086e-18,1.0
2021-08-30,1,risk_on,1.1979015417187358e-17,1.0
2021-08-31,1,risk_on,4.679455307165394e-18,1.0
2021-09-01,1,risk_on,9.017971044486627e-18,1.0
2021-09-02,1,risk_on,1.2119619093060733e-16,1.0
2021-09-03,1,risk_on,6.42271432957575e-17,1.0
2021-09-07,1,risk_on,4.8742347820485116e-17,1.0
2021-09-08,1,risk_on,4.8904050508155643e-17,1.0
2021-09-09,1,risk_on,3.7784827148738657e-16,1.0
2021-09-10,1,risk_on,3.583706825073475e-17,1.0
2021-09-13,1,risk_on,1.7578909626935573e-17,1.0
2021-09-14,1,risk_on,3.019384197472829e-17,1.0
2021-09-15,1,risk_on,5.3941362293653286e-17,1.0
2021-09-16,1,risk_on,4.585715546941698e-17,1.0
2021-09-17,1,risk_on,1.4584540263443155e-18,1.0
2021-09-20,1,risk_on,9.536194399454094e-19,1.0
2021-09-21,1,risk_on,2.228677668553038e-18,1.0
2021-09-22,1,risk_on,9.776570226458965e-20,1.0
2021-09-23,1,risk_on,9.41764795581349e-19,1.0
2021-09-24,1,risk_on,1.0104004579160223e-18,1.0
2021-09-27,1,risk_on,1.8077468062759025e-18,1.0
2021-09-28,1,risk_on,6.824758473342265e-22,1.0
2021-09-29,1,risk_on,1.9277428992041563e-22,1.0
2021-09-30,1,risk_on,2.8677236999236816e-22,1.0
2021-10-01,1,risk_on,3.951662974410463e-24,1.0
2021-10-04,1,risk_on,3.39780433890078e-24,1.0
2021-10-05,1,risk_on,4.501644899906753e-23,1.0
2021-10-06,1,risk_on,7.219099029067248e-24,1.0
2021-10-07,1,risk_on,1.6735956005207538e-25,1.0
2021-10-08,1,risk_on,1.6509601826744023e-25,1.0
2021-10-11,1,risk_on,2.1885765673484144e-24,1.0
2021-10-12,1,risk_on,6.384312936994911e-24,1.0
2021-10-13,1,risk_on,7.783858485910443e-25,1.0
2021-10-14,1,risk_on,3.603316613143035e-26,1.0
2021-10-15,1,risk_on,6.294981116083624e-29,1.0
2021-10-18,1,risk_on,2.0206478933935394e-31,1.0
2021-10-19,1,risk_on,1.1988747374231078e-31,1.0
2021-10-20,1,risk_on,3.990689943325373e-31,1.0
2021-10-21,1,risk_on,2.871727677097643e-32,1.0
2021-10-22,1,risk_on,9.27353677559214e-32,1.0
2021-10-25,1,risk_on,7.23602734479903e-32,1.0
2021-10-26,1,risk_on,5.955328335640624e-31,1.0
2021-10-27,1,risk_on,1.958038022772202e-29,1.0
2021-10-28,1,risk_on,9.219145893952618e-30,1.0
2021-10-29,1,risk_on,2.950642721630545e-29,1.0
2021-11-01,1,risk_on,9.88439539081865e-31,1.0
2021-11-02,1,risk_on,2.5071872804922326e-29,1.0
2021-11-03,1,risk_on,2.864645352802785e-29,1.0
2021-11-04,1,risk_on,3.625523073594979e-30,1.0
2021-11-05,1,risk_on,2.288428422139893e-30,1.0
2021-11-08,1,risk_on,1.9509363246469564e-29,1.0
2021-11-09,1,risk_on,1.3572266349189015e-26,1.0
2021-11-10,1,risk_on,5.5979364195252e-31,1.0
2021-11-11,1,risk_on,1.676369672900312e-30,1.0
2021-11-12,1,risk_on,3.350878851400368e-32,1.0
2021-11-15,1,risk_on,1.4818146969576968e-32,1.0
2021-11-16,1,risk_on,8.224911225050567e-33,1.0
2021-11-17,1,risk_on,1.634990747683521e-32,1.0
2021-11-18,1,risk_on,2.18162994731092e-32,1.0
2021-11-19,1,risk_on,2.2826171427585655e-32,1.0
2021-11-22,1,risk_on,1.0362942072413973e-33,1.0
2021-11-23,1,risk_on,2.66044611475317e-34,1.0
2021-11-24,1,risk_on,3.0655661186770786e-35,1.0
2021-11-26,1,risk_on,2.3933893295015163e-24,1.0
2021-11-29,1,risk_on,6.822202407394039e-26,1.0
2021-11-30,1,risk_on,7.153509222703146e-22,1.0
2021-12-01,1,risk_on,6.294174077158697e-19,1.0
2021-12-02,1,risk_on,4.200328567375212e-21,1.0
2021-12-03,1,risk_on,2.383644831861412e-18,1.0
2021-12-06,1,risk_on,8.378661046127367e-20,1.0
2021-12-07,1,risk_on,1.403893655782086e-21,1.0
2021-12-08,1,risk_on,8.649556379303209e-22,1.0
2021-12-09,1,risk_on,5.719137944061168e-20,1.0
2021-12-10,1,risk_on,2.245290355610091e-18,1.0
2021-12-13,1,risk_on,2.881955352632576e-17,1.0
2021-12-14,1,risk_on,2.520699300941149e-17,1.0
2021-12-15,1,risk_on,1.7307162466756627e-16,1.0
2021-12-16,1,risk_on,1.6118123249422772e-16,1.0
2021-12-17,1,risk_on,2.28160210969138e-16,1.0
2021-12-20,1,risk_on,1.4552276565227984e-16,1.0
2021-12-21,1,risk_on,1.2177808315670121e-17,1.0
2021-12-22,1,risk_on,2.744426916177853e-19,1.0
2021-12-23,1,risk_on,3.894560238791937e-18,1.0
2021-12-27,1,risk_on,4.634723799116203e-18,1.0
2021-12-28,1,risk_on,1.3930193239801318e-14,1.0
2021-12-29,1,risk_on,7.690110027467386e-17,1.0
2021-12-30,1,risk_on,4.995466955997618e-15,1.0
2021-12-31,1,risk_on,1.1116122667056047e-13,1.0
2022-01-03,1,risk_on,1.2570491557572565e-13,1.0
2022-01-04,1,risk_on,6.057260381808903e-14,1.0
2022-01-05,1,risk_on,3.4017605198704454e-16,1.0
2022-01-06,1,risk_on,3.5765612217865615e-18,1.0
2022-01-07,1,risk_on,1.4893767974759567e-17,1.0
2022-01-10,1,risk_on,6.032769528729209e-17,1.0
2022-01-11,1,risk_on,5.147081530570732e-18,1.0
2022-01-12,1,risk_on,3.8274367464134496e-18,1.0
2022-01-13,1,risk_on,9.392781404288981e-18,1.0
2022-01-14,1,risk_on,2.0828145171385795e-18,1.0
2022-01-18,1,risk_on,5.400902792977238e-20,1.0
2022-01-19,1,risk_on,1.3359123729598816e-19,1.0
2022-01-20,1,risk_on,2.4058776756277012e-18,1.0
2022-01-21,1,risk_on,2.2697758076775797e-16,1.0
2022-01-24,1,risk_on,2.3816271403969175e-15,1.0
2022-01-25,1,risk_on,1.3766690176235917e-15,1.0
2022-01-26,1,risk_on,1.5643482127054513e-14,1.0
2022-01-27,1,risk_on,7.9476319845249505e-16,1.0
2022-01-28,1,risk_on,5.217381123759497e-18,1.0
2022-01-31,1,risk_on,4.1416262490438574e-19,1.0
2022-02-01,1,risk_on,2.7420437295697355e-19,1.0
2022-02-02,1,risk_on,7.212260454969285e-19,1.0
2022-02-03,1,risk_on,2.389530129696553e-19,1.0
2022-02-04,1,risk_on,1.83858987701091e-19,1.0
2022-02-07,1,risk_on,2.7300361505095177e-19,1.0
2022-02-08,1,risk_on,2.2245430624623375e-19,1.0
2022-02-09,1,risk_on,3.760651354755433e-20,1.0
2022-02-10,1,risk_on,7.911652642633558e-21,1.0
2022-02-11,1,risk_on,1.2518242021490763e-18,1.0
2022-02-14,1,risk_on,6.791822172119212e-20,1.0
2022-02-15,1,risk_on,2.239542316539558e-19,1.0
2022-02-16,1,risk_on,9.076287236238847e-19,1.0
2022-02-17,1,risk_on,7.22668665862294e-17,1.0
2022-02-18,1,risk_on,7.465156575716756e-17,1.0
2022-02-22,1,risk_on,9.253273475843267e-16,1.0
2022-02-23,1,risk_on,5.684348028580351e-17,1.0
2022-02-24,1,risk_on,6.254849594783595e-18,1.0
2022-02-25,1,risk_on,7.180365388795056e-16,1.0
2022-02-28,1,risk_on,8.027974064573765e-18,1.0
2022-03-01,1,risk_on,1.923990488486191e-18,1.0
2022-03-02,1,risk_on,4.6945052644028214e-18,1.0
2022-03-03,1,risk_on,1.0595947048731583e-17,1.0
2022-03-04,1,risk_on,7.27217058000896e-17,1.0
2022-03-07,1,risk_on,2.3701809146846324e-14,1.0
2022-03-08,1,risk_on,4.3100587337715195e-13,1.0
2022-03-09,1,risk_on,4.129980521810001e-16,1.0
2022-03-10,1,risk_on,5.161400256475287e-16,1.0
2022-03-11,1,risk_on,3.3745260875748023e-14,1.0
2022-03-14,1,risk_on,2.816975647959866e-17,1.0
2022-03-15,1,risk_on,1.9354600976688944e-20,1.0
2022-03-16,1,risk_on,1.856849757430775e-21,1.0
2022-03-17,1,risk_on,5.854777958765015e-24,1.0
2022-03-18,1,risk_on,8.646660645081389e-28,1.0
2022-03-21,1,risk_on,3.542746848819789e-28,1.0
2022-03-22,1,risk_on,2.1869900634453887e-27,1.0
2022-03-23,1,risk_on,1.0620619720546274e-23,1.0
2022-03-24,1,risk_on,1.1252166478851749e-23,1.0
2022-03-25,1,risk_on,3.1166194444698777e-25,1.0
2022-03-28,1,risk_on,3.6261813882739066e-27,1.0
2022-03-29,1,risk_on,8.554347766972362e-30,1.0
2022-03-30,1,risk_on,2.9978394389181963e-30,1.0
2022-03-31,1,risk_on,7.373703946090971e-28,1.0
2022-04-01,1,risk_on,1.4864215848524557e-29,1.0
2022-04-04,1,risk_on,4.5126056778093174e-31,1.0
2022-04-05,1,risk_on,5.658213519988381e-30,1.0
2022-04-06,1,risk_on,2.5114555380246875e-26,1.0
2022-04-07,1,risk_on,7.106083721915853e-28,1.0
2022-04-08,1,risk_on,3.9961693905121086e-27,1.0
2022-04-11,1,risk_on,3.276180929611089e-27,1.0
2022-04-12,1,risk_on,5.875341894284214e-27,1.0
2022-04-13,1,risk_on,1.53244784765969e-28,1.0
2022-04-14,1,risk_on,1.1965314580373244e-31,1.0
2022-04-18,1,risk_on,5.255893316675653e-32,1.0
2022-04-19,1,risk_on,4.762266989890074e-31,1.0
2022-04-20,1,risk_on,9.678656823968619e-31,1.0
2022-04-21,1,risk_on,2.422019110300318e-31,1.0
2022-04-22,1,risk_on,4.807871561758406e-32,1.0
2022-04-25,1,risk_on,3.852661189743358e-32,1.0
2022-04-26,1,risk_on,6.995114732541991e-26,1.0
2022-04-27,1,risk_on,1.8215243932147622e-26,1.0
2022-04-28,1,risk_on,8.96250921242932e-29,1.0
2022-04-29,1,risk_on,4.6668789471425074e-30,1.0
2022-05-02,1,risk_on,1.7176758327953358e-29,1.0
2022-05-03,1,risk_on,2.46194562864832e-30,1.0
2022-05-04,1,risk_on,6.704640278066335e-31,1.0
2022-05-05,1,risk_on,3.74383692463161e-30,1.0
2022-05-06,1,risk_on,3.849429402940748e-32,1.0
2022-05-09,1,risk_on,6.885689157703739e-28,1.0
2022-05-10,1,risk_on,5.93473598079015e-28,1.0
2022-05-11,1,risk_on,4.984104753908481e-28,1.0
2022-05-12,1,risk_on,1.7203539675831602e-26,1.0
2022-05-13,1,risk_on,3.3462274464377916e-26,1.0
2022-05-16,1,risk_on,2.1835380007323344e-24,1.0
2022-05-17,1,risk_on,1.5468746459649084e-25,1.0
2022-05-18,1,risk_on,6.725177239101108e-22,1.0
2022-05-19,1,risk_on,3.559835023490651e-20,1.0
2022-05-20,1,risk_on,1.631520164535818e-19,1.0
2022-05-23,1,risk_on,1.4754466160774367e-19,1.0
2022-05-24,1,risk_on,1.6353205888709529e-18,1.0
2022-05-25,1,risk_on,6.69792343221696e-19,1.0
2022-05-26,1,risk_on,5.467296235037984e-20,1.0
2022-05-27,1,risk_on,7.461561683993296e-20,1.0
2022-05-31,1,risk_on,2.2341565891407548e-20,1.0
2022-06-01,1,risk_on,4.405700110184562e-23,1.0
2022-06-02,1,risk_on,1.4691382250989494e-23,1.0
2022-06-03,1,risk_on,5.177504090953226e-24,1.0
2022-06-06,1,risk_on,3.9335669632789564e-22,1.0
2022-06-07,1,risk_on,3.081509269467696e-22,1.0
2022-06-08,1,risk_on,7.620479894864745e-23,1.0
2022-06-09,1,risk_on,1.952154115260029e-22,1.0
2022-06-10,1,risk_on,2.922787678768776e-23,1.0
2022-06-13,1,risk_on,8.803704921103992e-22,1.0
2022-06-14,1,risk_on,3.825220981293788e-26,1.0
2022-06-15,1,risk_on,1.0177776097096977e-27,1.0
2022-06-16,1,risk_on,3.64646015122415e-24,1.0
2022-06-17,1,risk_on,9.948177929327429e-26,1.0
2022-06-21,1,risk_on,1.1510887294259042e-23,1.0
2022-06-22,1,risk_on,1.512626985241293e-24,1.0
2022-06-23,1,risk_on,1.2905613104520951e-26,1.0
2022-06-24,1,risk_on,1.0390733279362897e-26,1.0
2022-06-27,1,risk_on,3.2962735110041503e-26,1.0
2022-06-28,1,risk_on,1.5421600373396632e-24,1.0
2022-06-29,1,risk_on,5.7994214084347615e-24,1.0
2022-06-30,1,risk_on,3.9031535164807723e-23,1.0
2022-07-01,1,risk_on,8.622985561206758e-22,1.0
2022-07-05,1,risk_on,1.793925259073862e-23,1.0
2022-07-06,1,risk_on,1.0956399840282715e-23,1.0
2022-07-07,1,risk_on,7.557771980625322e-25,1.0
2022-07-08,1,risk_on,5.265650857013226e-26,1.0
2022-07-11,1,risk_on,1.076299396331126e-25,1.0
2022-07-12,1,risk_on,4.735050077894176e-24,1.0
2022-07-13,1,risk_on,4.6642869998601047e-23,1.0
2022-07-14,1,risk_on,3.1181693834506904e-19,1.0
2022-07-15,1,risk_on,2.3689274727106848e-21,1.0
2022-07-18,1,risk_on,7.516851919784307e-22,1.0
2022-07-19,1,risk_on,5.178640428363085e-19,1.0
2022-07-20,1,risk_on,2.7137216908703125e-21,1.0
2022-07-21,1,risk_on,2.2804632567754505e-21,1.0
2022-07-22,1,risk_on,1.7355087391814296e-20,1.0
2022-07-25,1,risk_on,8.495322008740024e-21,1.0
2022-07-26,1,risk_on,2.2494458701156954e-21,1.0
2022-07-27,1,risk_on,1.9578691229372633e-21,1.0
2022-07-28,1,risk_on,1.1491688860116768e-18,1.0
2022-07-29,1,risk_on,2.299850942572447e-19,1.0
2022-08-01,1,risk_on,2.7433579833590928e-17,1.0
2022-08-02,1,risk_on,9.106561160203314e-20,1.0
2022-08-03,1,risk_on,3.363080372345041e-19,1.0
2022-08-04,1,risk_on,4.616344084142159e-19,1.0
2022-08-05,1,risk_on,1.5008328917305055e-19,1.0
2022-08-08,1,risk_on,5.481138737381396e-18,1.0
2022-08-09,1,risk_on,3.8337945882175865e-19,1.0
2022-08-10,1,risk_on,1.4740887072678242e-17,1.0
2022-08-11,1,risk_on,6.603321866894429e-17,1.0
2022-08-12,1,risk_on,7.666359620225379e-16,1.0
2022-08-15,1,risk_on,8.098811745341334e-20,1.0
2022-08-16,1,risk_on,1.2596709701623424e-18,1.0
2022-08-17,1,risk_on,4.3179535287376546e-23,1.0
2022-08-18,1,risk_on,2.9760404302172366e-24,1.0
2022-08-19,1,risk_on,2.394700931273882e-25,1.0
2022-08-22,1,risk_on,3.792217958698737e-26,1.0
2022-08-23,1,risk_on,2.2081007077078636e-28,1.0
2022-08-24,1,risk_on,6.326920613609176e-29,1.0
2022-08-25,1,risk_on,2.9491689998971436e-32,1.0
2022-08-26,1,risk_on,1.7928307059618394e-31,1.0
2022-08-29,1,risk_on,1.4517069930789417e-33,1.0
2022-08-30,1,risk_on,8.121858402546852e-33,1.0
2022-08-31,1,risk_on,1.566886275034784e-31,1.0
2022-09-01,1,risk_on,7.428989721150435e-33,1.0
2022-09-02,1,risk_on,1.866837204886518e-30,1.0
2022-09-06,1,risk_on,8.127754991410412e-31,1.0
2022-09-07,1,risk_on,1.3288950514221061e-33,1.0
2022-09-08,1,risk_on,5.564446752955403e-32,1.0
2022-09-09,1,risk_on,2.475310549410261e-32,1.0
2022-09-12,1,risk_on,2.28494391502034e-31,1.0
2022-09-13,1,risk_on,6.010902626636777e-23,1.0
2022-09-14,1,risk_on,7.350304387725079e-23,1.0
2022-09-15,1,risk_on,3.023871867481253e-23,1.0
2022-09-16,1,risk_on,2.7987977463347944e-22,1.0
2022-09-19,1,risk_on,3.6265879083803876e-23,1.0
2022-09-20,1,risk_on,1.8912977025936808e-26,1.0
2022-09-21,1,risk_on,1.0652733084679712e-25,1.0
2022-09-22,1,risk_on,6.241525499522849e-26,1.0
2022-09-23,1,risk_on,2.3268944334887612e-29,1.0
2022-09-26,1,risk_on,2.899722888993846e-29,1.0
2022-09-27,1,risk_on,3.608192268713082e-28,1.0
2022-09-28,1,risk_on,9.107164497151324e-31,1.0
2022-09-29,1,risk_on,5.530518607802399e-28,1.0
2022-09-30,1,risk_on,5.45692145797711e-28,1.0
2022-10-03,1,risk_on,1.1970156670144319e-31,1.0
2022-10-04,1,risk_on,1.3952744189225678e-31,1.0
2022-10-05,1,risk_on,3.9635677864285487e-32,1.0
2022-10-06,1,risk_on,4.064036848059438e-34,1.0
2022-10-07,1,risk_on,6.004207458553799e-35,1.0
2022-10-10,1,risk_on,5.002385818856563e-35,1.0
2022-10-11,1,risk_on,5.53897009521862e-35,1.0
2022-10-12,1,risk_on,1.6129522534262846e-31,1.0
2022-10-13,1,risk_on,9.722262798950638e-35,1.0
2022-10-14,1,risk_on,4.851865882335338e-34,1.0
2022-10-17,1,risk_on,8.75580136199397e-36,1.0
2022-10-18,1,risk_on,6.060482888223521e-36,1.0
2022-10-19,1,risk_on,2.4029031195007383e-35,1.0
2022-10-20,1,risk_on,1.9243146658506838e-35,1.0
2022-10-21,1,risk_on,9.4494552650166e-31,1.0
2022-10-24,1,risk_on,7.70467323222311e-29,1.0
2022-10-25,1,risk_on,9.928600468567801e-30,1.0
2022-10-26,1,risk_on,1.7325101212401292e-29,1.0
2022-10-27,1,risk_on,2.2202710348983217e-33,1.0
2022-10-28,1,risk_on,4.5869732607737445e-31,1.0
2022-10-31,1,risk_on,1.6081870293899507e-29,1.0
2022-11-01,1,risk_on,6.932470454281368e-34,1.0
2022-11-02,1,risk_on,1.9612669762056947e-34,1.0
2022-11-03,1,risk_on,5.227051944813552e-35,1.0
2022-11-04,1,risk_on,1.263972138336109e-32,1.0
2022-11-07,1,risk_on,1.4480502549799015e-30,1.0
2022-11-08,1,risk_on,1.758307849068305e-28,1.0
2022-11-09,1,risk_on,1.588456891429404e-29,1.0
2022-11-10,1,risk_on,2.747610400693494e-33,1.0
2022-11-11,1,risk_on,7.754263606150219e-36,1.0
2022-11-14,1,risk_on,6.694520362931318e-33,1.0
2022-11-15,1,risk_on,3.913572315659891e-36,1.0
2022-11-16,1,risk_on,4.7128860027286555e-36,1.0
2022-11-17,1,risk_on,9.43238119877298e-35,1.0
2022-11-18,1,risk_on,6.609148219936192e-32,1.0
2022-11-21,1,risk_on,2.1234142959107028e-33,1.0
2022-11-22,1,risk_on,1.6290322221777212e-34,1.0
2022-11-23,1,risk_on,2.529420189745835e-37,1.0
2022-11-25,1,risk_on,2.081497044495663e-38,1.0
2022-11-28,1,risk_on,2.5584927308604937e-36,1.0
2022-11-29,1,risk_on,1.3229923148796902e-37,1.0
2022-11-30,1,risk_on,1.2906152258241263e-36,1.0
2022-12-01,1,risk_on,2.1525202375505622e-35,1.0
2022-12-02,1,risk_on,6.403991501701022e-33,1.0
2022-12-05,1,risk_on,5.230091654842925e-33,1.0
2022-12-06,1,risk_on,3.4909398695234585e-32,1.0
2022-12-07,1,risk_on,8.873694787167754e-31,1.0
2022-12-08,1,risk_on,4.5063027971024555e-34,1.0
2022-12-09,1,risk_on,2.6938232289576988e-33,1.0
2022-12-12,1,risk_on,4.808493019070164e-40,1.0
2022-12-13,1,risk_on,3.065020200440304e-38,1.0
2022-12-14,1,risk_on,1.5953202063182515e-37,1.0
2022-12-15,1,risk_on,2.2180878170239453e-37,1.0
2022-12-16,1,risk_on,7.2049548286544955e-37,1.0
2022-12-19,1,risk_on,3.980180659792525e-37,1.0
2022-12-20,1,risk_on,6.11765816246449e-36,1.0
2022-12-21,1,risk_on,9.202444475162444e-35,1.0
2022-12-22,1,risk_on,3.575766239901826e-35,1.0
2022-12-23,1,risk_on,8.132570515615711e-34,1.0
2022-12-27,1,risk_on,2.25181037477253e-34,1.0
2022-12-28,1,risk_on,3.3893110083380018e-34,1.0
2022-12-29,1,risk_on,2.4638158113556428e-33,1.0
2022-12-30,1,risk_on,6.895115996041802e-32,1.0
2023-01-03,1,risk_on,3.709117917167612e-33,1.0
2023-01-04,1,risk_on,4.482116193389654e-37,1.0
2023-01-05,1,risk_on,5.093061749414788e-39,1.0
2023-01-06,1,risk_on,1.5495227595204287e-37,1.0
2023-01-09,1,risk_on,1.797339256666768e-35,1.0
2023-01-10,1,risk_on,4.471167842644478e-33,1.0
2023-01-11,1,risk_on,7.165132652627693e-34,1.0
2023-01-12,1,risk_on,1.4832172614120086e-32,1.0
2023-01-13,1,risk_on,4.1803286425395184e-40,1.0
2023-01-17,1,risk_on,3.192028385367217e-38,1.0
2023-01-18,1,risk_on,2.1484529726678602e-38,1.0
2023-01-19,1,risk_on,6.396297149504902e-39,1.0
2023-01-20,1,risk_on,2.2184680945172757e-35,1.0
2023-01-23,1,risk_on,4.600766737413013e-34,1.0
2023-01-24,1,risk_on,9.022814699182913e-38,1.0
2023-01-25,1,risk_on,7.518290348874318e-38,1.0
2023-01-26,1,risk_on,6.7857915716566e-38,1.0
2023-01-27,1,risk_on,4.3655147366256614e-37,1.0
2023-01-30,1,risk_on,2.3372137493399462e-36,1.0
2023-01-31,1,risk_on,1.0365188044652658e-39,1.0
2023-02-01,1,risk_on,8.833337038853768e-39,1.0
2023-02-02,1,risk_on,1.3052640988249002e-39,1.0
2023-02-03,1,risk_on,2.689760823663351e-41,1.0
2023-02-06,1,risk_on,3.277544585687482e-40,1.0
2023-02-07,1,risk_on,4.7069557479562375e-45,1.0
2023-02-08,1,risk_on,2.4993081860353983e-46,1.0
2023-02-09,1,risk_on,6.051749864522232e-47,1.0
2023-02-10,1,risk_on,3.9816727905492687e-47,1.0
2023-02-13,1,risk_on,1.2517859001619239e-44,1.0
2023-02-14,1,risk_on,2.8245209688263857e-46,1.0
2023-02-15,1,risk_on,2.434330888499657e-45,1.0
2023-02-16,1,risk_on,6.8485501501849546e-46,1.0
2023-02-17,1,risk_on,1.2528225834447877e-46,1.0
2023-02-21,1,risk_on,8.924483398016925e-49,1.0
2023-02-22,1,risk_on,1.6804179190853858e-50,1.0
2023-02-23,1,risk_on,1.0407222462142599e-50,1.0
2023-02-24,1,risk_on,3.906921806768196e-52,1.0
2023-02-27,1,risk_on,1.9890546652721915e-52,1.0
2023-02-28,1,risk_on,4.461464952846067e-51,1.0
2023-03-01,1,risk_on,3.493506352458784e-51,1.0
2023-03-02,1,risk_on,4.4380070242699533e-51,1.0
2023-03-03,1,risk_on,4.449906238319317e-56,1.0
2023-03-06,1,risk_on,7.7969269040447965e-59,1.0
2023-03-07,1,risk_on,1.1428080519234976e-56,1.0
2023-03-08,1,risk_on,5.483680318411007e-54,1.0
2023-03-09,1,risk_on,9.91600068626389e-53,1.0
2023-03-10,1,risk_on,2.353807977215693e-46,1.0
2023-03-13,1,risk_on,6.460263211919734e-42,1.0
2023-03-14,1,risk_on,2.8070258996417895e-39,1.0
2023-03-15,1,risk_on,2.3916252644335286e-38,1.0
2023-03-16,1,risk_on,1.41598316999701e-38,1.0
2023-03-17,1,risk_on,9.25336898808992e-34,1.0
2023-03-20,1,risk_on,1.3414047980014407e-34,1.0
2023-03-21,1,risk_on,7.536665157524235e-35,1.0
2023-03-22,1,risk_on,9.704838845728518e-29,1.0
2023-03-23,1,risk_on,3.2187065393527598e-27,1.0
2023-03-24,1,risk_on,7.000665484597619e-30,1.0
2023-03-27,1,risk_on,1.7669822698952489e-29,1.0
2023-03-28,1,risk_on,1.6651462973183646e-31,1.0
2023-03-29,1,risk_on,5.187688034578045e-31,1.0
2023-03-30,1,risk_on,2.264780928882127e-30,1.0
2023-03-31,1,risk_on,2.2655121881550595e-32,1.0
2023-04-03,1,risk_on,9.106968279646577e-32,1.0
2023-04-04,1,risk_on,4.14448796539134e-28,1.0
2023-04-05,1,risk_on,8.054504730588242e-29,1.0
2023-04-06,1,risk_on,1.3996341459133727e-29,1.0
2023-04-10,1,risk_on,2.4264940826181925e-30,1.0
2023-04-11,1,risk_on,3.3793356172705785e-32,1.0
2023-04-12,1,risk_on,2.5292875188536546e-34,1.0
2023-04-13,1,risk_on,3.8840891013129564e-33,1.0
2023-04-14,1,risk_on,8.364200110691941e-35,1.0
2023-04-17,1,risk_on,3.1610940982124016e-35,1.0
2023-04-18,1,risk_on,2.9591332215122276e-34,1.0
2023-04-19,1,risk_on,1.0831632648561052e-38,1.0
2023-04-20,1,risk_on,1.2538330716143475e-36,1.0
2023-04-21,1,risk_on,1.3455156434080294e-43,1.0
2023-04-24,1,risk_on,1.5302310095007598e-47,1.0
2023-04-25,1,risk_on,1.202702093281661e-42,1.0
2023-04-26,1,risk_on,1.0246459677931731e-42,1.0
2023-04-27,1,risk_on,2.440599605098016e-43,1.0
2023-04-28,1,risk_on,4.5843439072080513e-45,1.0
2023-05-01,1,risk_on,4.606196729853106e-45,1.0
2023-05-02,1,risk_on,4.312779878889018e-42,1.0
2023-05-03,1,risk_on,4.342077992432166e-40,1.0
2023-05-04,1,risk_on,1.1583666292474146e-40,1.0
2023-05-05,1,risk_on,5.117382278650262e-41,1.0
2023-05-08,1,risk_on,8.765986993678706e-41,1.0
2023-05-09,1,risk_on,1.9526703773121507e-41,1.0
2023-05-10,1,risk_on,1.4534619969765906e-41,1.0
2023-05-11,1,risk_on,6.554536998787722e-41,1.0
2023-05-12,1,risk_on,2.1057251513210946e-42,1.0
2023-05-15,1,risk_on,5.792370628083679e-41,1.0
2023-05-16,1,risk_on,4.051800489262564e-40,1.0
2023-05-17,1,risk_on,1.4359792277132174e-41,1.0
2023-05-18,1,risk_on,3.78000336719011e-40,1.0
2023-05-19,1,risk_on,2.6253138289052733e-41,1.0
2023-05-22,1,risk_on,9.314057003391833e-37,1.0
2023-05-23,1,risk_on,2.2522017138369175e-36,1.0
2023-05-24,1,risk_on,1.0782660478005035e-36,1.0
2023-05-25,1,risk_on,6.915382650664295e-35,1.0
2023-05-26,1,risk_on,7.072975253640258e-38,1.0
2023-05-30,1,risk_on,1.4517882200496816e-38,1.0
2023-05-31,1,risk_on,2.9662207063761955e-36,1.0
2023-06-01,1,risk_on,2.0634742064986733e-38,1.0
2023-06-02,1,risk_on,6.807631173788326e-36,1.0
2023-06-05,1,risk_on,4.252456379706278e-35,1.0
2023-06-06,1,risk_on,1.066159014628043e-35,1.0
2023-06-07,1,risk_on,3.233254757240049e-36,1.0
2023-06-08,1,risk_on,3.7844311186297815e-35,1.0
2023-06-09,1,risk_on,3.702241225958704e-38,1.0
2023-06-12,1,risk_on,3.474062244031719e-37,1.0
2023-06-13,1,risk_on,2.0505166103143656e-38,1.0
2023-06-14,1,risk_on,7.380388254911661e-40,1.0
2023-06-15,1,risk_on,1.5910705190384827e-41,1.0
2023-06-16,1,risk_on,5.582720534324975e-44,1.0
2023-06-20,1,risk_on,4.2903428222221006e-44,1.0
2023-06-21,1,risk_on,1.8499933757090558e-45,1.0
2023-06-22,1,risk_on,2.526287672717093e-47,1.0
2023-06-23,1,risk_on,2.0510543846891905e-45,1.0
2023-06-26,1,risk_on,3.22286663084273e-44,1.0
2023-06-27,1,risk_on,6.147629343733306e-45,1.0
2023-06-28,1,risk_on,5.349177829630976e-46,1.0
2023-06-29,1,risk_on,1.5065172481857758e-48,1.0
2023-06-30,1,risk_on,4.510626757038151e-50,1.0
2023-07-03,1,risk_on,1.0762743147885211e-48,1.0
2023-07-05,1,risk_on,1.1015907412587433e-47,1.0
2023-07-06,1,risk_on,4.036657695665603e-49,1.0
2023-07-07,1,risk_on,2.281831859011265e-50,1.0
2023-07-10,1,risk_on,1.9544014376125018e-48,1.0
2023-07-11,1,risk_on,2.3250084557372144e-50,1.0
2023-07-12,1,risk_on,6.576145184248242e-50,1.0
2023-07-13,1,risk_on,3.748683083795084e-50,1.0
2023-07-14,1,risk_on,4.439500520013549e-53,1.0
2023-07-17,1,risk_on,1.877609994860123e-52,1.0
2023-07-18,1,risk_on,6.014627983902332e-54,1.0
2023-07-19,1,risk_on,1.7096952244315887e-53,1.0
2023-07-20,1,risk_on,3.1379296663164895e-54,1.0
2023-07-21,1,risk_on,3.5627890176244446e-54,1.0
2023-07-24,1,risk_on,2.868770209862515e-54,1.0
2023-07-25,1,risk_on,5.0361508502424985e-54,1.0
2023-07-26,1,risk_on,3.817231221955594e-58,1.0
2023-07-27,1,risk_on,3.3081416464572003e-59,1.0
2023-07-28,1,risk_on,3.3627297293844313e-66,1.0
2023-07-31,1,risk_on,1.2751301740225237e-63,1.0
2023-08-01,1,risk_on,6.510292464949303e-64,1.0
2023-08-02,1,risk_on,3.7719189610010824e-73,1.0
2023-08-03,1,risk_on,7.45803751300474e-74,1.0
2023-08-04,1,risk_on,3.703011285718553e-67,1.0
2023-08-07,1,risk_on,3.1217990121885384e-68,1.0
2023-08-08,1,risk_on,1.813478989650742e-67,1.0
2023-08-09,1,risk_on,4.0837320318121983e-66,1.0
2023-08-10,1,risk_on,3.635213624899117e-67,1.0
2023-08-11,1,risk_on,2.728263225397662e-69,1.0
2023-08-14,1,risk_on,2.537602356860247e-69,1.0
2023-08-15,1,risk_on,4.282245191252695e-70,1.0
2023-08-16,1,risk_on,1.1908063909001024e-69,1.0
2023-08-17,1,risk_on,9.569862483218086e-71,1.0
2023-08-18,1,risk_on,4.3269867082673177e-72,1.0
2023-08-21,1,risk_on,2.2113426826378376e-70,1.0
2023-08-22,1,risk_on,6.598093715243001e-69,1.0
2023-08-23,1,risk_on,1.0834782851674229e-75,1.0
2023-08-24,1,risk_on,5.236991071900052e-75,1.0
2023-08-25,1,risk_on,2.207101517172942e-75,1.0
2023-08-28,1,risk_on,7.018314910933713e-77,1.0
2023-08-29,1,risk_on,1.036990604664596e-79,1.0
2023-08-30,1,risk_on,8.069609383980806e-81,1.0
2023-08-31,1,risk_on,4.248460969136807e-80,1.0
2023-09-01,1,risk_on,2.8713589808643523e-84,1.0
2023-09-05,1,risk_on,7.571810535976003e-88,1.0
2023-09-06,1,risk_on,5.171490018520585e-86,1.0
2023-09-07,1,risk_on,7.487745010206304e-84,1.0
2023-09-08,1,risk_on,3.931999180271224e-83,1.0
2023-09-11,1,risk_on,2.559264966450713e-81,1.0
2023-09-12,1,risk_on,2.15841718906509e-79,1.0
2023-09-13,1,risk_on,6.676306413901202e-82,1.0
2023-09-14,1,risk_on,4.945777524471606e-80,1.0
2023-09-15,1,risk_on,1.3885843109739924e-77,1.0
2023-09-18,1,risk_on,1.488165377639883e-76,1.0
2023-09-19,1,risk_on,2.2337191802715795e-78,1.0
2023-09-20,1,risk_on,2.092282720643709e-76,1.0
2023-09-21,1,risk_on,4.5905554864041346e-79,1.0
2023-09-22,1,risk_on,4.548146367700932e-84,1.0
2023-09-25,1,risk_on,1.377404567026329e-78,1.0
2023-09-26,1,risk_on,1.3877157574560557e-77,1.0
2023-09-27,1,risk_on,2.5382749180516855e-78,1.0
2023-09-28,1,risk_on,9.83642542237724e-83,1.0
2023-09-29,1,risk_on,1.647107309297441e-80,1.0
2023-10-02,1,risk_on,1.4012923425906655e-80,1.0
2023-10-03,1,risk_on,1.9836582290730186e-82,1.0
2023-10-04,1,risk_on,3.6640154943286834e-82,1.0
2023-10-05,1,risk_on,3.745673287466148e-80,1.0
2023-10-06,1,risk_on,1.4982630826325568e-78,1.0
2023-10-09,1,risk_on,6.500870491287244e-68,1.0
2023-10-10,1,risk_on,1.8061827801119536e-79,1.0
2023-10-11,1,risk_on,2.3323826795733166e-80,1.0
2023-10-12,1,risk_on,4.863345092590424e-81,1.0
2023-10-13,1,risk_on,2.8860569228711236e-79,1.0
2023-10-16,1,risk_on,5.833269211123286e-75,1.0
2023-10-17,1,risk_on,1.0042596651408398e-75,1.0
2023-10-18,1,risk_on,2.981371999182789e-72,1.0
2023-10-19,1,risk_on,8.761969380586165e-70,1.0
2023-10-20,1,risk_on,1.7324051040490866e-65,1.0
2023-10-23,1,risk_on,3.0539651020426523e-66,1.0
2023-10-24,1,risk_on,6.462766503235597e-68,1.0
2023-10-25,1,risk_on,4.556517501031055e-68,1.0
2023-10-26,1,risk_on,6.245579711238687e-62,1.0
2023-10-27,1,risk_on,7.974080947416726e-63,1.0
2023-10-30,1,risk_on,2.3357725703578833e-62,1.0
2023-10-31,1,risk_on,9.607622145339192e-61,1.0
2023-11-01,1,risk_on,7.891377591607884e-61,1.0
2023-11-02,1,risk_on,2.803898662516689e-69,1.0
2023-11-03,1,risk_on,2.773090665811478e-71,1.0
2023-11-06,1,risk_on,1.0027643669559241e-71,1.0
2023-11-07,1,risk_on,4.973197763915287e-71,1.0
2023-11-08,1,risk_on,2.031365827375634e-76,1.0
2023-11-09,1,risk_on,5.743896488926083e-79,1.0
2023-11-10,1,risk_on,4.2294660743973053e-79,1.0
2023-11-13,1,risk_on,3.812250233508948e-79,1.0
2023-11-14,1,risk_on,2.6502636788704616e-81,1.0
2023-11-15,1,risk_on,7.992573555584646e-80,1.0
2023-11-16,1,risk_on,3.513438868114924e-77,1.0
2023-11-17,1,risk_on,2.520885491637772e-78,1.0
2023-11-20,1,risk_on,6.036217488997999e-80,1.0
2023-11-21,1,risk_on,1.3603023442245258e-78,1.0
2023-11-22,1,risk_on,1.7156315031622855e-78,1.0
2023-11-24,1,risk_on,2.295057579316969e-76,1.0
2023-11-27,1,risk_on,7.248507785516778e-75,1.0
2023-11-28,1,risk_on,1.5596003187478345e-74,1.0
2023-11-29,1,risk_on,6.112074589808695e-73,1.0
2023-11-30,1,risk_on,2.931937034610921e-73,1.0
2023-12-01,1,risk_on,8.154400445498064e-75,1.0
2023-12-04,1,risk_on,7.68115738507614e-77,1.0
2023-12-05,1,risk_on,2.0300679095104114e-76,1.0
2023-12-06,1,risk_on,8.23826335312493e-74,1.0
2023-12-07,1,risk_on,2.7336205128136217e-74,1.0
2023-12-08,1,risk_on,1.9862851617868605e-76,1.0
2023-12-11,1,risk_on,3.1303994837199585e-74,1.0
2023-12-12,1,risk_on,9.528971869996038e-75,1.0
2023-12-13,1,risk_on,7.911290386818602e-73,1.0
2023-12-14,1,risk_on,7.286603130476744e-74,1.0
2023-12-15,1,risk_on,8.566162220741627e-73,1.0
2023-12-18,1,risk_on,5.0503620568371346e-73,1.0
2023-12-19,1,risk_on,1.5395635539682633e-71,1.0
2023-12-20,1,risk_on,8.114816380871187e-64,1.0
2023-12-21,1,risk_on,2.1106059334998921e-63,1.0
2023-12-22,1,risk_on,5.035127785448908e-65,1.0
2023-12-26,1,risk_on,7.406519473198116e-63,1.0
2023-12-27,1,risk_on,2.492440675897898e-62,1.0
2023-12-28,1,risk_on,3.389902662546245e-64,1.0
2023-12-29,1,risk_on,1.2231548624245734e-64,1.0
2024-01-02,1,risk_on,5.045453731014604e-64,1.0
2024-01-03,1,risk_on,1.3157511313139315e-60,1.0
2024-01-04,1,risk_on,3.486745976480352e-60,1.0
2024-01-05,1,risk_on,9.160962403958413e-61,1.0
2024-01-08,1,risk_on,5.413637058046098e-66,1.0
2024-01-09,1,risk_on,4.701619328157341e-67,1.0
2024-01-10,1,risk_on,1.1926425364313977e-66,1.0
2024-01-11,1,risk_on,6.378328656015286e-66,1.0
2024-01-12,1,risk_on,1.8722394154727897e-62,1.0
2024-01-16,1,risk_on,1.807161040022914e-69,1.0
2024-01-17,1,risk_on,6.515494253094823e-76,1.0
2024-01-18,1,risk_on,4.228627762838142e-73,1.0
2024-01-19,1,risk_on,4.703253168657032e-68,1.0
2024-01-22,1,risk_on,4.753170074819038e-65,1.0
2024-01-23,1,risk_on,9.414644292770083e-65,1.0
2024-01-24,1,risk_on,9.562304774766013e-67,1.0
2024-01-25,1,risk_on,7.131043311644308e-65,1.0
2024-01-26,1,risk_on,1.3765057142469066e-59,1.0
2024-01-29,1,risk_on,4.6119491008872126e-63,1.0
2024-01-30,1,risk_on,1.8308788297427528e-61,1.0
2024-01-31,1,risk_on,2.5081122571781838e-55,1.0
2024-02-01,1,risk_on,5.482556423878426e-61,1.0
2024-02-02,1,risk_on,8.865959121354491e-56,1.0
2024-02-05,1,risk_on,6.464136253594693e-54,1.0
2024-02-06,1,risk_on,1.4591727610537646e-54,1.0
2024-02-07,1,risk_on,1.846613970543883e-54,1.0
2024-02-08,1,risk_on,1.6395271493488653e-54,1.0
2024-02-09,1,risk_on,5.658956759144781e-54,1.0
2024-02-12,1,risk_on,3.3984994232165796e-50,1.0
2024-02-13,1,risk_on,3.0254274403134743e-55,1.0
2024-02-14,1,risk_on,1.4657699888727072e-54,1.0
2024-02-15,1,risk_on,4.60981716058368e-51,1.0
2024-02-16,1,risk_on,1.3634915961575915e-52,1.0
2024-02-20,1,risk_on,8.215435139224589e-54,1.0
2024-02-21,1,risk_on,4.2892220623565215e-55,1.0
2024-02-22,1,risk_on,4.66003997166287e-53,1.0
2024-02-23,1,risk_on,2.9909462711686693e-52,1.0
2024-02-26,1,risk_on,2.6325807647719485e-53,1.0
2024-02-27,1,risk_on,1.0216201225248727e-52,1.0
2024-02-28,1,risk_on,1.5855951186298268e-54,1.0
2024-02-29,1,risk_on,1.0610359732485018e-54,1.0
2024-03-01,1,risk_on,9.899553308844603e-54,1.0
2024-03-04,1,risk_on,4.4933899379142165e-57,1.0
2024-03-05,1,risk_on,6.420297102226253e-51,1.0
2024-03-06,1,risk_on,1.5848300051221337e-50,1.0
2024-03-07,1,risk_on,4.180051720019547e-51,1.0
2024-03-08,1,risk_on,7.319355223571639e-52,1.0
2024-03-11,1,risk_on,4.2569849192223243e-54,1.0
2024-03-12,1,risk_on,3.4755205360488616e-53,1.0
2024-03-13,1,risk_on,2.4518605692888977e-54,1.0
2024-03-14,1,risk_on,2.081700989239519e-54,1.0
2024-03-15,1,risk_on,8.693665481731008e-52,1.0
2024-03-18,1,risk_on,5.374497950274958e-53,1.0
2024-03-19,1,risk_on,6.335594335435847e-52,1.0
2024-03-20,1,risk_on,2.8652638976059208e-50,1.0
2024-03-21,1,risk_on,6.690835811994028e-50,1.0
2024-03-22,1,risk_on,4.0642780319559346e-52,1.0
2024-03-25,1,risk_on,1.134040655927799e-53,1.0
2024-03-26,1,risk_on,1.3217982619483029e-53,1.0
2024-03-27,1,risk_on,2.6750179985614435e-54,1.0
2024-03-28,1,risk_on,4.276538989981946e-56,1.0
2024-04-01,1,risk_on,1.0198982901157594e-57,1.0
2024-04-02,1,risk_on,5.299831354079791e-58,1.0
2024-04-03,1,risk_on,3.7579070163122773e-56,1.0
2024-04-04,1,risk_on,1.8966556748949848e-53,1.0
2024-04-05,1,risk_on,6.044094775444224e-51,1.0
2024-04-08,1,risk_on,9.197419034551167e-52,1.0
2024-04-09,1,risk_on,2.4182368093284126e-50,1.0
2024-04-10,1,risk_on,2.237496393662482e-53,1.0
2024-04-11,1,risk_on,5.289330703747666e-54,1.0
2024-04-12,1,risk_on,8.726136452370859e-52,1.0
2024-04-15,1,risk_on,2.094953501520595e-51,1.0
2024-04-16,1,risk_on,2.574747824516109e-50,1.0
2024-04-17,1,risk_on,1.5307230960508972e-48,1.0
2024-04-18,1,risk_on,6.727246056182572e-50,1.0
2024-04-19,1,risk_on,1.0123406329752341e-49,1.0
2024-04-22,1,risk_on,9.328480959993295e-50,1.0
2024-04-23,1,risk_on,2.2037596119400856e-50,1.0
2024-04-24,1,risk_on,4.319865329023242e-50,1.0
2024-04-25,1,risk_on,2.5493505865469734e-50,1.0
2024-04-26,1,risk_on,9.348046119349399e-53,1.0
2024-04-29,1,risk_on,1.8569723645701837e-51,1.0
2024-04-30,1,risk_on,3.9653513174530636e-52,1.0
2024-05-01,1,risk_on,2.899326871169073e-54,1.0
2024-05-02,1,risk_on,7.265147233852985e-52,1.0
2024-05-03,1,risk_on,1.4378408343784942e-60,1.0
2024-05-06,1,risk_on,1.9401387316960935e-60,1.0
2024-05-07,1,risk_on,9.28143365081494e-60,1.0
2024-05-08,1,risk_on,2.6050411298010527e-62,1.0
2024-05-09,1,risk_on,4.263494847236207e-61,1.0
2024-05-10,1,risk_on,2.3640817258764713e-62,1.0
2024-05-13,1,risk_on,9.008105781771599e-63,1.0
2024-05-14,1,risk_on,9.452258473021426e-58,1.0
2024-05-15,1,risk_on,1.3436405444655975e-56,1.0
2024-05-16,1,risk_on,3.828823905981045e-57,1.0
2024-05-17,1,risk_on,2.1249561020957578e-56,1.0
2024-05-20,1,risk_on,8.357558649067374e-56,1.0
2024-05-21,1,risk_on,9.011802939439426e-56,1.0
2024-05-22,1,risk_on,4.3869028236051757e-57,1.0
2024-05-23,1,risk_on,4.3667966908955066e-58,1.0
2024-05-24,1,risk_on,1.7431183620691547e-57,1.0
2024-05-28,1,risk_on,1.8418001431939632e-58,1.0
2024-05-29,1,risk_on,3.287847876508912e-61,1.0
2024-05-30,1,risk_on,2.293663306350273e-56,1.0
2024-05-31,1,risk_on,2.2174386415043074e-56,1.0
2024-06-03,1,risk_on,1.4506075005302487e-57,1.0
2024-06-04,1,risk_on,2.050345863543839e-62,1.0
2024-06-05,1,risk_on,1.3016275962768752e-63,1.0
2024-06-06,1,risk_on,7.129120485538367e-65,1.0
2024-06-07,1,risk_on,5.87277016548811e-65,1.0
2024-06-10,1,risk_on,8.597625237818127e-65,1.0
2024-06-11,1,risk_on,1.2312489547440976e-67,1.0
2024-06-12,1,risk_on,2.091283022895377e-67,1.0
2024-06-13,1,risk_on,3.1148563634934664e-66,1.0
2024-06-14,1,risk_on,3.2013269920893456e-67,1.0
2024-06-17,1,risk_on,1.960391878709766e-64,1.0
2024-06-18,1,risk_on,1.8632920366405083e-63,1.0
2024-06-20,1,risk_on,2.589228044709867e-65,1.0
2024-06-21,1,risk_on,1.086227791926749e-65,1.0
2024-06-24,1,risk_on,7.471373499323371e-66,1.0
2024-06-25,1,risk_on,2.2852242790568045e-64,1.0
2024-06-26,1,risk_on,1.5175755448156334e-64,1.0
2024-06-27,1,risk_on,1.146213362653955e-63,1.0
2024-06-28,1,risk_on,1.12297234535804e-64,1.0
2024-07-01,1,risk_on,5.894494089125865e-63,1.0
2024-07-02,1,risk_on,3.678538618878517e-63,1.0
2024-07-03,1,risk_on,2.2922718033117765e-63,1.0
2024-07-05,1,risk_on,4.56167089182316e-66,1.0
2024-07-08,1,risk_on,4.4298615132984765e-73,1.0
2024-07-09,1,risk_on,2.6006694067101113e-72,1.0
2024-07-10,1,risk_on,6.187960735660203e-70,1.0
2024-07-11,1,risk_on,9.812640627914594e-61,1.0
2024-07-12,1,risk_on,3.1565406262793084e-63,1.0
2024-07-15,1,risk_on,4.834995667227454e-66,1.0
2024-07-16,1,risk_on,4.860085510130884e-62,1.0
2024-07-17,1,risk_on,4.523018682965297e-59,1.0
2024-07-18,1,risk_on,2.104918635593196e-63,1.0
2024-07-19,1,risk_on,2.1305219063992688e-63,1.0
2024-07-22,1,risk_on,7.729963260501711e-63,1.0
2024-07-23,1,risk_on,6.486133823565175e-64,1.0
2024-07-24,1,risk_on,1.2920917421848867e-65,1.0
2024-07-25,1,risk_on,2.1073300876346616e-63,1.0
2024-07-26,1,risk_on,2.3919019665775957e-63,1.0
2024-07-29,1,risk_on,2.4831159673936205e-64,1.0
2024-07-30,1,risk_on,2.2081251876828415e-62,1.0
2024-07-31,1,risk_on,1.3830553075053924e-60,1.0
2024-08-01,1,risk_on,2.250616184345437e-56,1.0
2024-08-02,1,risk_on,2.419217039437607e-40,1.0
2024-08-05,1,risk_on,9.108394531477632e-32,1.0
2024-08-06,1,risk_on,3.806224706308806e-34,1.0
2024-08-07,1,risk_on,3.718781480918456e-34,1.0
2024-08-08,1,risk_on,4.752394590778827e-34,1.0
2024-08-09,1,risk_on,2.46830578196453e-35,1.0
2024-08-12,1,risk_on,2.65061455547812e-35,1.0
2024-08-13,1,risk_on,4.716605244579514e-36,1.0
2024-08-14,1,risk_on,6.84459525537055e-37,1.0
2024-08-15,1,risk_on,6.534735563217604e-36,1.0
2024-08-16,1,risk_on,2.184237972507344e-35,1.0
2024-08-19,1,risk_on,2.0897901365728753e-35,1.0
2024-08-20,1,risk_on,1.1195900253778768e-35,1.0
2024-08-21,1,risk_on,1.8012414861099817e-35,1.0
2024-08-22,1,risk_on,2.64781673700294e-36,1.0
2024-08-23,1,risk_on,3.839946695505357e-35,1.0
2024-08-26,1,risk_on,1.3061946064047737e-36,1.0
2024-08-27,1,risk_on,2.8744597704992006e-36,1.0
2024-08-28,1,risk_on,5.048382080753339e-35,1.0
2024-08-29,1,risk_on,2.191708979318946e-36,1.0
2024-08-30,1,risk_on,3.963275442403671e-36,1.0
2024-09-03,1,risk_on,6.600574166889865e-34,1.0
2024-09-04,1,risk_on,3.1808799960565915e-28,1.0
2024-09-05,1,risk_on,3.131842273092089e-30,1.0
2024-09-06,1,risk_on,9.857330816222916e-29,1.0
2024-09-09,1,risk_on,1.1572496048917604e-29,1.0
2024-09-10,1,risk_on,1.8183777174456186e-30,1.0
2024-09-11,1,risk_on,6.242591988817396e-31,1.0
2024-09-12,1,risk_on,1.0611544144266724e-31,1.0
2024-09-13,1,risk_on,7.75072525692595e-31,1.0
2024-09-16,1,risk_on,3.026038955148499e-31,1.0
2024-09-17,1,risk_on,1.489786320912855e-32,1.0
2024-09-18,1,risk_on,3.149917850196111e-33,1.0
2024-09-19,1,risk_on,1.0015021571486232e-31,1.0
2024-09-20,1,risk_on,8.720924074682443e-32,1.0
2024-09-23,1,risk_on,1.747575632879701e-31,1.0
2024-09-24,1,risk_on,2.2666343368189483e-31,1.0
2024-09-25,1,risk_on,3.2690605227397414e-31,1.0
2024-09-26,1,risk_on,5.954456437603816e-32,1.0
2024-09-27,1,risk_on,3.17956619775759e-30,1.0
2024-09-30,1,risk_on,1.263983464423196e-29,1.0
2024-10-01,1,risk_on,1.0537876904553973e-28,1.0
2024-10-02,1,risk_on,2.097939757661953e-29,1.0
2024-10-03,1,risk_on,3.407358890805513e-30,1.0
2024-10-04,1,risk_on,2.9511419152921872e-30,1.0
2024-10-07,1,risk_on,4.614953493408523e-30,1.0
2024-10-08,1,risk_on,1.293366531564985e-29,1.0
2024-10-09,1,risk_on,1.5863203992867507e-30,1.0
2024-10-10,1,risk_on,3.304853646341287e-29,1.0
2024-10-11,1,risk_on,9.367068168360563e-30,1.0
2024-10-14,1,risk_on,3.071824005264282e-29,1.0
2024-10-15,1,risk_on,2.9750966696177717e-28,1.0
2024-10-16,1,risk_on,4.0553569815418466e-27,1.0
2024-10-17,1,risk_on,3.85545117953833e-26,1.0
2024-10-18,1,risk_on,2.1522993765782293e-27,1.0
2024-10-21,1,risk_on,6.709061691881982e-27,1.0
2024-10-22,1,risk_on,4.570020659278226e-24,1.0
2024-10-23,1,risk_on,4.6784022635881686e-24,1.0
2024-10-24,1,risk_on,5.166882846709101e-24,1.0
2024-10-25,1,risk_on,1.8403796247120014e-23,1.0
2024-10-28,1,risk_on,5.3275757458944664e-24,1.0
2024-10-29,1,risk_on,4.1756466860276734e-24,1.0
2024-10-30,1,risk_on,9.724733655849027e-24,1.0
2024-10-31,1,risk_on,1.0849579372965083e-27,1.0
2024-11-01,1,risk_on,7.132509306839976e-28,1.0
2024-11-04,1,risk_on,3.193927873250682e-29,1.0
2024-11-05,1,risk_on,2.801975598591594e-30,1.0
2024-11-06,1,risk_on,4.6459407600359856e-26,1.0
2024-11-07,1,risk_on,1.7136689720116406e-25,1.0
2024-11-08,1,risk_on,7.233342657828317e-26,1.0
2024-11-11,1,risk_on,4.536454710452018e-26,1.0
2024-11-12,1,risk_on,4.684623928284771e-25,1.0
2024-11-13,1,risk_on,1.1945767495321714e-26,1.0
2024-11-14,1,risk_on,1.1287663213547303e-27,1.0
2024-11-15,1,risk_on,5.966396392082103e-27,1.0
2024-11-18,1,risk_on,3.985593823643552e-27,1.0
2024-11-19,1,risk_on,8.802662294144584e-28,1.0
2024-11-20,1,risk_on,1.1256242672770632e-26,1.0
2024-11-21,1,risk_on,3.711939880794117e-26,1.0
2024-11-22,1,risk_on,3.243637393054373e-26,1.0
2024-11-25,1,risk_on,1.1457099283543488e-26,1.0
2024-11-26,1,risk_on,4.9236485544489685e-26,1.0
2024-11-27,1,risk_on,1.2300419956089602e-25,1.0
2024-11-29,1,risk_on,1.781899894424887e-26,1.0
2024-12-02,1,risk_on,3.174907209427712e-28,1.0
2024-12-03,1,risk_on,1.3464575940523922e-28,1.0
2024-12-04,1,risk_on,4.869824507666466e-29,1.0
2024-12-05,1,risk_on,1.729483842079272e-28,1.0
2024-12-06,1,risk_on,1.5382246687216415e-28,1.0
2024-12-09,1,risk_on,6.049852698345502e-30,1.0
2024-12-10,1,risk_on,4.397970068701481e-31,1.0
2024-12-11,1,risk_on,2.9595460051107193e-30,1.0
2024-12-12,1,risk_on,1.4254910217045193e-31,1.0
2024-12-13,1,risk_on,9.410120749083069e-32,1.0
2024-12-16,1,risk_on,3.078512214581913e-32,1.0
2024-12-17,1,risk_on,1.1421812540296153e-30,1.0
2024-12-18,1,risk_on,6.119410651958351e-35,1.0
2024-12-19,1,risk_on,1.6647211166567444e-35,1.0
2024-12-20,1,risk_on,2.5630319381394836e-37,1.0
2024-12-23,1,risk_on,9.63226751616608e-37,1.0
2024-12-24,1,risk_on,2.4451636020274526e-36,1.0
2024-12-26,1,risk_on,6.531993364442258e-38,1.0
2024-12-27,1,risk_on,1.6299082170467022e-38,1.0
2024-12-30,1,risk_on,2.0284278407345196e-36,1.0
2024-12-31,1,risk_on,7.567521450399359e-36,1.0
2025-01-02,1,risk_on,3.5087774087218824e-36,1.0
2025-01-03,1,risk_on,4.80635323286998e-35,1.0
2025-01-06,1,risk_on,2.729192359322418e-37,1.0
2025-01-07,1,risk_on,1.9021166441422764e-36,1.0
2025-01-08,1,risk_on,1.3328367503693786e-36,1.0
2025-01-10,1,risk_on,1.639307337815354e-37,1.0
2025-01-13,1,risk_on,9.007369160988328e-37,1.0
2025-01-14,1,risk_on,8.155128541530139e-38,1.0
2025-01-15,1,risk_on,1.510503039218138e-42,1.0
2025-01-16,1,risk_on,5.504386949651418e-45,1.0
2025-01-17,1,risk_on,3.848607816765567e-46,1.0
2025-01-21,1,risk_on,4.552696570113472e-48,1.0
2025-01-22,1,risk_on,1.4848959173381433e-46,1.0
2025-01-23,1,risk_on,3.3018621173686873e-45,1.0
2025-01-24,1,risk_on,5.825223623435167e-45,1.0
2025-01-27,1,risk_on,5.971529177999371e-41,1.0
2025-01-28,1,risk_on,9.946145556145248e-41,1.0
2025-01-29,1,risk_on,3.4409188210724493e-41,1.0
2025-01-30,1,risk_on,2.1667415000320055e-41,1.0
2025-01-31,1,risk_on,8.71072819562304e-41,1.0
2025-02-03,1,risk_on,1.701451563596793e-40,1.0
2025-02-04,1,risk_on,3.847040567200427e-41,1.0
2025-02-05,1,risk_on,7.568489043662495e-43,1.0
2025-02-06,1,risk_on,3.665503194880026e-44,1.0
2025-02-07,1,risk_on,2.000329957692467e-44,1.0
2025-02-10,1,risk_on,4.931754052747271e-62,1.0
2025-02-11,1,risk_on,7.47421903199097e-60,1.0
2025-02-12,1,risk_on,2.9738716693641695e-60,1.0
2025-02-13,1,risk_on,5.529335099514735e-63,1.0
2025-02-14,1,risk_on,3.550621372346977e-64,1.0
2025-02-18,1,risk_on,1.5568070731355863e-63,1.0
2025-02-19,1,risk_on,4.753511982019187e-65,1.0
2025-02-20,1,risk_on,3.349927813129507e-64,1.0
2025-02-21,1,risk_on,1.0329644578160551e-55,1.0
2025-02-24,1,risk_on,2.9291546327395725e-54,1.0
2025-02-25,1,risk_on,7.30034710319561e-51,1.0
2025-02-26,1,risk_on,5.2640934260789425e-52,1.0
2025-02-27,1,risk_on,2.1335559164430324e-52,1.0
2025-02-28,1,risk_on,9.151153073718477e-55,1.0
2025-03-03,1,risk_on,8.66927149160453e-53,1.0
2025-03-04,1,risk_on,4.137922413765295e-53,1.0
2025-03-05,1,risk_on,4.674377524401039e-52,1.0
2025-03-06,1,risk_on,6.833764712571949e-51,1.0
2025-03-07,1,risk_on,1.0325772892343779e-51,1.0
2025-03-10,1,risk_on,5.0831640372442124e-42,1.0
2025-03-11,1,risk_on,4.094149987655244e-42,1.0
2025-03-12,1,risk_on,1.3243014090684237e-41,1.0
2025-03-13,1,risk_on,2.6409861204969674e-38,1.0
2025-03-14,1,risk_on,3.0147100264637803e-37,1.0
2025-03-17,1,risk_on,5.9633005590457514e-40,1.0
2025-03-18,1,risk_on,8.730797176457828e-39,1.0
2025-03-19,1,risk_on,1.0854096898982181e-38,1.0
2025-03-20,1,risk_on,1.8027912680733812e-38,1.0
2025-03-21,1,risk_on,1.5814123165672954e-38,1.0
2025-03-24,1,risk_on,8.260175904359852e-33,1.0
2025-03-25,1,risk_on,1.7252427989409737e-32,1.0
2025-03-26,1,risk_on,2.3797009483014893e-33,1.0
2025-03-27,1,risk_on,7.994269314534264e-34,1.0
2025-03-28,1,risk_on,9.773056969272066e-31,1.0
2025-03-31,1,risk_on,4.477873708785761e-33,1.0
2025-04-01,1,risk_on,8.691897963459876e-32,1.0
2025-04-02,1,risk_on,4.1203531056150457e-32,1.0
2025-04-03,1,risk_on,7.899181452267285e-26,1.0
2025-04-04,1,risk_on,1.6448948561045723e-16,1.0
2025-04-07,1,risk_on,1.9116114310517247e-16,1.0
2025-04-08,1,risk_on,1.1550618090302483e-15,1.0
2025-04-09,1,risk_on,2.975816264586741e-12,0.999999999996362
2025-04-10,1,risk_on,2.7226258544197446e-14,1.0
2025-04-11,1,risk_on,5.379002573898014e-13,1.0
2025-04-14,1,risk_on,8.387375755779792e-15,1.0
2025-04-15,1,risk_on,5.842330626501117e-15,1.0
2025-04-16,1,risk_on,2.833760282019196e-14,1.0
2025-04-17,1,risk_on,2.6033964833742064e-14,1.0
2025-04-21,1,risk_on,2.7385261695240233e-15,1.0
2025-04-22,1,risk_on,3.4577129943839404e-14,1.0
2025-04-23,1,risk_on,1.0515274574347312e-14,1.0
2025-04-24,1,risk_on,7.70041674791325e-15,1.0
2025-04-25,1,risk_on,3.855076811088322e-14,1.0
2025-04-28,1,risk_on,8.586408629137236e-15,1.0
2025-04-29,1,risk_on,1.464478308925889e-15,1.0
2025-04-30,1,risk_on,3.2738776869930335e-16,1.0
2025-05-01,1,risk_on,5.224201051345512e-15,1.0
2025-05-02,1,risk_on,1.9820297117809416e-14,1.0
2025-05-05,1,risk_on,1.0585375656613922e-16,1.0
2025-05-06,1,risk_on,3.236898791629678e-18,1.0
2025-05-07,1,risk_on,7.85797853263717e-16,1.0
2025-05-08,1,risk_on,2.1436804077723527e-13,1.0
2025-05-09,1,risk_on,1.6978817126866726e-26,1.0
2025-05-12,1,risk_on,1.2711886340556366e-22,1.0
2025-05-13,1,risk_on,1.6076077023837498e-23,1.0
2025-05-14,1,risk_on,1.7546826967587775e-24,1.0
2025-05-15,1,risk_on,4.845181452337536e-24,1.0
2025-05-16,1,risk_on,3.043162636273078e-23,1.0
2025-05-19,1,risk_on,1.4519935942623116e-22,1.0
2025-05-20,1,risk_on,3.3538750033632554e-21,1.0
2025-05-21,1,risk_on,1.2833714111483736e-23,1.0
2025-05-22,1,risk_on,7.04228681592018e-25,1.0
2025-05-23,1,risk_on,3.15226563000494e-25,1.0
2025-05-27,1,risk_on,8.60003485305861e-28,1.0
2025-05-28,1,risk_on,8.821713232344443e-28,1.0
2025-05-29,1,risk_on,2.0727034494669112e-27,1.0
2025-05-30,1,risk_on,1.0549273009171873e-26,1.0
2025-06-02,1,risk_on,1.1551725231382298e-27,1.0
2025-06-03,1,risk_on,2.9379143323522775e-26,1.0
2025-06-04,1,risk_on,3.7912140585343204e-26,1.0
2025-06-05,1,risk_on,3.8227568554026e-25,1.0
2025-06-06,1,risk_on,3.984840786412255e-24,1.0
2025-06-09,1,risk_on,2.79132471880735e-25,1.0
2025-06-10,1,risk_on,2.2479843094059458e-24,1.0
2025-06-11,1,risk_on,1.152276074299994e-23,1.0
2025-06-12,1,risk_on,9.655469090562312e-24,1.0
2025-06-13,1,risk_on,1.5533619057700765e-26,1.0
2025-06-16,1,risk_on,5.5285597843313994e-27,1.0
2025-06-17,1,risk_on,2.782145639485049e-25,1.0
2025-06-18,1,risk_on,5.780278544820916e-26,1.0
2025-06-20,1,risk_on,2.3672435404731883e-25,1.0
2025-06-23,1,risk_on,9.15551578187383e-26,1.0
2025-06-24,1,risk_on,5.238498367313098e-28,1.0
2025-06-25,1,risk_on,8.362141655724198e-28,1.0
2025-06-26,1,risk_on,1.8004038611171333e-25,1.0
2025-06-27,1,risk_on,6.7422114193453865e-25,1.0
2025-06-30,1,risk_on,2.1308685627009842e-26,1.0
2025-07-01,1,risk_on,9.836717117516343e-27,1.0
2025-07-02,1,risk_on,3.4229604002246144e-26,1.0
2025-07-03,1,risk_on,1.0983767043423475e-25,1.0
2025-07-07,1,risk_on,3.088983582115061e-28,1.0
2025-07-08,1,risk_on,1.9040941734570593e-33,1.0
2025-07-09,1,risk_on,9.613466395668635e-33,1.0
2025-07-10,1,risk_on,5.315880839111742e-30,1.0
2025-07-11,1,risk_on,2.387883483691392e-58,1.0
2025-07-14,1,risk_on,4.016935169392771e-45,1.0
2025-07-15,1,risk_on,8.487556192687643e-47,1.0
2025-07-16,1,risk_on,6.109837094064951e-47,1.0
2025-07-17,1,risk_on,9.160668618912919e-47,1.0
2025-07-18,1,risk_on,3.1454002323800787e-49,1.0
2025-07-21,1,risk_on,3.7284136303081846e-49,1.0
2025-07-22,1,risk_on,3.632141378032967e-40,1.0
2025-07-23,1,risk_on,8.106669903606364e-40,1.0
2025-07-24,1,risk_on,7.398963186084835e-40,1.0
2025-07-25,1,risk_on,6.056267473498741e-38,1.0
2025-07-28,1,risk_on,3.797742905577869e-39,1.0
2025-07-29,1,risk_on,3.1922433420668893e-37,1.0
2025-07-30,1,risk_on,6.887200808707548e-38,1.0
2025-07-31,1,risk_on,2.6302401903808003e-37,1.0
2025-08-01,1,risk_on,3.747391458062169e-32,1.0
2025-08-04,1,risk_on,2.868573782346399e-36,1.0
2025-08-05,1,risk_on,2.137388724005486e-34,1.0
2025-08-06,1,risk_on,8.188320654504579e-34,1.0
2025-08-07,1,risk_on,8.336774527489191e-35,1.0
2025-08-08,1,risk_on,5.570969046130894e-36,1.0
2025-08-11,1,risk_on,8.017700213968922e-36,1.0
2025-08-12,1,risk_on,1.7025329854144262e-43,1.0
2025-08-13,1,risk_on,2.995382746156534e-43,1.0
2025-08-14,1,risk_on,1.753566035377472e-44,1.0
2025-08-15,1,risk_on,1.4877987451638404e-44,1.0
2025-08-18,1,risk_on,2.0488653097684588e-45,1.0
2025-08-19,1,risk_on,2.622618269674387e-44,1.0
2025-08-20,1,risk_on,3.5697844043138283e-43,1.0
2025-08-21,1,risk_on,2.4266315071769083e-36,1.0
2025-08-22,1,risk_on,1.1211221865777105e-37,1.0
2025-08-25,1,risk_on,7.105284011242791e-38,1.0
2025-08-26,1,risk_on,1.821419382789027e-33,1.0
2025-08-27,1,risk_on,2.602951965991023e-32,1.0
2025-08-28,1,risk_on,3.5300532479198846e-31,1.0
2025-08-29,1,risk_on,4.1191272770382387e-32,1.0
2025-09-02,1,risk_on,2.8221653664953986e-36,1.0
2025-09-03,1,risk_on,7.116208207811641e-39,1.0
2025-09-04,1,risk_on,1.2992446074743014e-40,1.0
2025-09-05,1,risk_on,2.4768165827261734e-38,1.0
2025-09-08,1,risk_on,9.546063151820365e-43,1.0
2025-09-09,1,risk_on,1.1697909936143111e-42,1.0
2025-09-10,1,risk_on,7.184753057580798e-43,1.0
2025-09-11,1,risk_on,1.2693712041012366e-42,1.0
2025-09-12,1,risk_on,8.697113300124165e-43,1.0
2025-09-15,1,risk_on,3.0922906290661476e-38,1.0
2025-09-16,1,risk_on,6.011867416398477e-41,1.0
2025-09-17,1,risk_on,5.938591117998284e-44,1.0
2025-09-18,1,risk_on,3.7418141854467996e-43,1.0
2025-09-19,1,risk_on,1.4990801243806072e-41,1.0
2025-09-22,1,risk_on,1.5353580755025904e-40,1.0
2025-09-23,1,risk_on,1.560699482936038e-38,1.0
2025-09-24,1,risk_on,2.3446562775016177e-38,1.0
2025-09-25,1,risk_on,7.911198103316738e-39,1.0
2025-09-26,1,risk_on,1.3983216883112425e-39,1.0
2025-09-29,1,risk_on,3.832774583463233e-40,1.0
2025-09-30,1,risk_on,3.2248538942396665e-40,1.0
2025-10-01,1,risk_on,7.681752209470097e-41,1.0
2025-10-02,1,risk_on,2.245204203999757e-43,1.0
2025-10-03,1,risk_on,3.821609023366877e-41,1.0
2025-10-06,1,risk_on,7.535886642104205e-40,1.0
2025-10-07,1,risk_on,1.3781066720380443e-38,1.0
2025-10-08,1,risk_on,6.589021866358983e-39,1.0
2025-10-09,1,risk_on,1.2101624404194594e-36,1.0
2025-10-10,1,risk_on,8.245265286648255e-26,1.0
2025-10-13,1,risk_on,5.474890244778895e-25,1.0
2025-10-14,1,risk_on,6.761194596505465e-25,1.0
2025-10-15,1,risk_on,4.033052961618921e-25,1.0
2025-10-16,1,risk_on,1.952297164234126e-22,1.0
2025-10-17,1,risk_on,2.2852598315766352e-23,1.0
2025-10-20,1,risk_on,1.1732942185718644e-24,1.0
2025-10-21,1,risk_on,1.9242698286557354e-25,1.0
2025-10-22,1,risk_on,7.308591647123982e-26,1.0
2025-10-23,1,risk_on,2.669460791600464e-25,1.0
2025-10-24,1,risk_on,6.886128069591278e-24,1.0
2025-10-27,1,risk_on,1.525257642325628e-23,1.0
2025-10-28,1,risk_on,1.952239877384842e-23,1.0
2025-10-29,1,risk_on,3.0739259120472772e-24,1.0
2025-10-30,1,risk_on,9.098520922919738e-29,1.0
2025-10-31,1,risk_on,6.320403298820882e-29,1.0
2025-11-03,1,risk_on,4.473213840133376e-28,1.0
2025-11-04,1,risk_on,7.575262019019153e-29,1.0
2025-11-05,1,risk_on,5.477545560916113e-29,1.0
2025-11-06,1,risk_on,3.6810307332066786e-27,1.0
2025-11-07,1,risk_on,3.112950934774853e-27,1.0
2025-11-10,1,risk_on,3.796108490100934e-29,1.0
2025-11-11,1,risk_on,4.59544491198047e-28,1.0
2025-11-12,1,risk_on,3.0138666952998138e-30,1.0
2025-11-13,1,risk_on,3.5964602917162985e-33,1.0
2025-11-14,1,risk_on,5.497987254993395e-33,1.0
2025-11-17,1,risk_on,5.7794478428537496e-33,1.0
2025-11-18,1,risk_on,2.391151881173969e-32,1.0
2025-11-19,1,risk_on,1.266475563416064e-31,1.0
2025-11-20,1,risk_on,1.2777545689583585e-27,1.0
2025-11-21,1,risk_on,1.9912070547219598e-27,1.0
2025-11-24,1,risk_on,1.946777746886532e-30,1.0
2025-11-25,1,risk_on,4.908544764671067e-31,1.0
2025-11-26,1,risk_on,7.223454874893712e-32,1.0
2025-11-28,1,risk_on,7.342805593891275e-30,1.0
2025-12-01,1,risk_on,8.279059453155756e-30,1.0
2025-12-02,1,risk_on,4.143463397819234e-29,1.0
2025-12-03,1,risk_on,1.577222191604035e-28,1.0
2025-12-04,1,risk_on,3.262458518925401e-29,1.0
2025-12-05,1,risk_on,2.4091034762439755e-28,1.0
2025-12-08,1,risk_on,5.362402277908173e-29,1.0
2025-12-09,1,risk_on,2.5636357663746713e-29,1.0
2025-12-10,1,risk_on,1.9903363846762542e-29,1.0
2025-12-11,1,risk_on,3.062106413708963e-28,1.0
2025-12-12,1,risk_on,3.7910837934644675e-30,1.0
2025-12-15,1,risk_on,1.1829625352381014e-29,1.0
2025-12-16,1,risk_on,1.0394883601124962e-28,1.0
2025-12-17,1,risk_on,8.426899087530004e-29,1.0
2025-12-18,1,risk_on,4.203192905827545e-30,1.0
2025-12-19,1,risk_on,6.096728923438612e-30,1.0
2025-12-22,1,risk_on,7.901238821217561e-30,1.0
2025-12-23,1,risk_on,6.639836836171394e-31,1.0
2025-12-24,1,risk_on,3.320148155684196e-31,1.0
2025-12-26,1,risk_on,4.0702935556995047e-32,1.0
2025-12-29,1,risk_on,1.897587424278105e-31,1.0
2025-12-30,1,risk_on,1.9361223055030742e-31,1.0
2025-12-31,1,risk_on,6.486510290551404e-32,1.0
2026-01-02,1,risk_on,3.1038950838664253e-32,1.0
2026-01-05,1,risk_on,2.0655282757569304e-33,1.0
2026-01-06,1,risk_on,5.499628752482525e-34,1.0
2026-01-07,1,risk_on,6.690875001297009e-34,1.0
2026-01-08,1,risk_on,4.369654674428138e-34,1.0
2026-01-09,1,risk_on,2.1587017944922527e-34,1.0
2026-01-12,1,risk_on,4.939663912936171e-49,1.0
2026-01-13,1,risk_on,1.9311514804374116e-50,1.0
2026-01-14,1,risk_on,3.824854518422807e-48,1.0
2026-01-15,1,risk_on,3.9708131986591656e-49,1.0
2026-01-16,1,risk_on,1.8035022145614514e-51,1.0
2026-01-20,1,risk_on,7.886940795807879e-58,1.0
2026-01-21,1,risk_on,3.488459701813854e-60,1.0
2026-01-22,1,risk_on,3.2459393036171564e-61,1.0
2026-01-23,1,risk_on,1.6086303981328192e-61,1.0
2026-01-26,1,risk_on,4.413871460737388e-65,1.0
2026-01-27,1,risk_on,3.6932661490296877e-65,1.0
2026-01-28,1,risk_on,2.578787744785175e-65,1.0
2026-01-29,1,risk_on,3.967182867650746e-65,1.0
2026-01-30,1,risk_on,6.271989257746299e-66,1.0
2026-02-02,1,risk_on,1.9351154642784548e-62,1.0
2026-02-03,1,risk_on,8.840435742321093e-61,1.0
2026-02-04,1,risk_on,2.1562810848537772e-62,1.0
2026-02-05,1,risk_on,2.4338277432755168e-55,1.0
2026-02-06,1,risk_on,4.574630120656345e-58,1.0
2026-02-09,1,risk_on,3.7007785109652104e-62,1.0
2026-02-10,1,risk_on,1.6457513602076684e-59,1.0
2026-02-11,1,risk_on,6.055830655877185e-63,1.0
2026-02-12,1,risk_on,2.1111129394403507e-51,1.0
2026-02-13,1,risk_on,1.489460922991636e-51,1.0
2026-02-17,1,risk_on,1.8019172362650045e-46,1.0
2026-02-18,1,risk_on,6.323944843879236e-46,1.0
2026-02-19,1,risk_on,1.4436499963063577e-45,1.0
2026-02-20,1,risk_on,2.2161445125126878e-45,1.0
2026-02-23,1,risk_on,1.0501362767892986e-43,1.0
2026-02-24,1,risk_on,2.1108922198508658e-46,1.0
2026-02-25,1,risk_on,2.344233011016782e-47,1.0
2026-02-26,1,risk_on,1.5514564747043434e-44,1.0
2026-02-27,1,risk_on,3.752939717974261e-43,1.0
2026-03-02,1,risk_on,1.6893699407035165e-43,1.0
2026-03-03,1,risk_on,6.643393765414756e-45,1.0
2026-03-04,1,risk_on,3.0250095167847655e-42,1.0
2026-03-05,1,risk_on,5.404895412009605e-43,1.0
2026-03-06,1,risk_on,6.675334904359868e-43,1.0
2026-03-09,1,risk_on,2.143661354307576e-46,1.0
2026-03-10,1,risk_on,7.2450072535702e-49,1.0
2026-03-11,1,risk_on,2.4656375188958892e-48,1.0
2026-03-12,1,risk_on,5.3407346766863307e-48,1.0
2026-03-13,1,risk_on,1.5224036477453026e-46,1.0
2026-03-16,1,risk_on,1.7588882105486446e-49,1.0
2026-03-17,1,risk_on,1.6030909384560903e-47,1.0
2026-03-18,1,risk_on,2.5377892673608905e-49,1.0
2026-03-19,1,risk_on,4.116406483711746e-48,1.0
2026-03-20,1,risk_on,1.7758491204909996e-53,1.0
2026-03-23,1,risk_on,4.498711008685174e-56,1.0
2026-03-24,1,risk_on,9.613460450946604e-58,1.0
2026-03-25,1,risk_on,1.8929932009126147e-60,1.0
2026-03-26,1,risk_on,2.4005529372099086e-61,1.0
2026-03-27,1,risk_on,1.1451591347289427e-59,1.0
2026-03-30,1,risk_on,1.523155247341313e-58,1.0
2026-03-31,1,risk_on,1.7564941576770305e-57,1.0
2026-04-01,1,risk_on,2.616914180266471e-57,1.0
2026-04-02,1,risk_on,2.4828819861732406e-55,1.0
2026-04-06,1,risk_on,4.00814314848858e-56,1.0
2026-04-07,1,risk_on,5.849570126477579e-55,1.0
2026-04-08,1,risk_on,1.1191811325205064e-58,1.0
2026-04-09,1,risk_on,5.643227646659651e-58,1.0
2026-04-10,1,risk_on,2.541614862470332e-57,1.0
2026-04-13,1,risk_on,1.337409155981193e-57,1.0
2026-04-14,1,risk_on,3.652800234934584e-58,1.0
2026-04-15,1,risk_on,3.7173441702453997e-57,1.0
2026-04-16,1,risk_on,6.209769965658582e-57,1.0
2026-04-17,1,risk_on,6.646925655171996e-55,1.0
2026-04-20,1,risk_on,7.576873611149309e-55,1.0
2026-04-21,1,risk_on,4.5670995612368274e-49,1.0
2026-04-22,1,risk_on,8.953110482587743e-50,1.0
2026-04-23,1,risk_on,9.216191345401006e-49,1.0
2026-04-24,1,risk_on,1.5150003988169785e-49,1.0
2026-04-27,1,risk_on,4.732127044911924e-46,1.0
2026-04-28,1,risk_on,4.9924662626996074e-46,1.0
2026-04-29,1,risk_on,7.124852786066671e-47,1.0
2026-04-30,1,risk_on,4.956561735659457e-47,1.0
2026-05-01,1,risk_on,1.6008244200767295e-47,1.0
2026-05-04,1,risk_on,1.1358548171910627e-48,1.0
2026-05-05,1,risk_on,1.2897709266696996e-48,1.0
2026-05-06,1,risk_on,5.464590163681672e-48,1.0
2026-05-07,1,risk_on,2.519349843729178e-53,1.0
2026-05-08,1,risk_on,8.906419451976034e-55,1.0
2026-05-11,1,risk_on,1.2743094908293665e-54,1.0
2026-05-12,1,risk_on,8.207326117464378e-59,1.0
2026-05-13,1,risk_on,4.562629212400059e-59,1.0
2026-05-14,1,risk_on,2.3683576241764305e-66,1.0
2026-05-15,1,risk_on,1.4442089518594639e-68,1.0
2026-05-18,1,risk_on,2.4037392157751426e-69,1.0
2026-05-19,1,risk_on,8.568312194795826e-69,1.0
2026-05-20,1,risk_on,2.2360778519236466e-65,1.0
2026-05-21,0,defensive_risk_off,1.0,0.0
