date,regime,regime_label,prob_regime_0,prob_regime_1,prob_regime_2
2008-01-02,1,inflation_rates_shock,3.5859987783855984e-145,1.0,0.0
2008-01-03,1,inflation_rates_shock,5.947414812755028e-09,0.9999999940519047,7.354252654340154e-16
2008-01-04,1,inflation_rates_shock,1.7408303582714218e-13,1.0,5.434758140395056e-15
2008-01-07,1,inflation_rates_shock,4.16905148647035e-12,0.999999999996362,1.3948353760585106e-15
2008-01-08,1,inflation_rates_shock,2.463681744341204e-15,1.0,7.763265051414827e-15
2008-01-09,1,inflation_rates_shock,2.6031509322909697e-17,1.0,6.32612444610224e-16
2008-01-10,1,inflation_rates_shock,3.6431286711347034e-13,1.0,7.31055685220377e-17
2008-01-11,1,inflation_rates_shock,5.879237293075251e-17,1.0,1.783952048250687e-16
2008-01-14,1,inflation_rates_shock,2.2113244647034114e-16,1.0,6.380122437487774e-16
2008-01-15,1,inflation_rates_shock,1.4936664279700042e-22,1.0,6.170013637501198e-15
2008-01-16,1,inflation_rates_shock,1.5466337163536984e-26,1.0,9.130542466717768e-14
2008-01-17,1,inflation_rates_shock,1.7535680316036334e-32,0.999999999998181,1.3875756432271994e-12
2008-01-18,1,inflation_rates_shock,1.0785827094365964e-35,1.0,3.537952702797323e-13
2008-01-22,1,inflation_rates_shock,4.407309697831308e-38,0.9999999999872671,1.2499729575587153e-11
2008-01-23,1,inflation_rates_shock,5.807353975608002e-32,0.999999999996362,4.489161088443177e-12
2008-01-24,1,inflation_rates_shock,1.1096661560064792e-28,1.0,6.955905213033329e-13
2008-01-25,1,inflation_rates_shock,7.216077745806282e-30,1.0,1.693569040160082e-13
2008-01-28,1,inflation_rates_shock,1.703299994983527e-28,0.999999999998181,1.88971533076648e-12
2008-01-29,1,inflation_rates_shock,6.290280707367415e-26,1.0,6.103268582700785e-14
2008-01-30,1,inflation_rates_shock,1.9270715937565022e-25,1.0,1.3756662313956222e-14
2008-01-31,1,inflation_rates_shock,2.423227289047782e-23,1.0,2.743635218817381e-15
2008-02-01,1,inflation_rates_shock,5.177499376882304e-21,1.0,1.8923043945613712e-16
2008-02-04,1,inflation_rates_shock,1.7481875671627643e-23,1.0,6.110390818446273e-16
2008-02-05,1,inflation_rates_shock,1.7536179212443676e-32,1.0,2.934461331147837e-14
2008-02-06,1,inflation_rates_shock,5.656992495648641e-37,1.0,1.6208617146545523e-13
2008-02-07,1,inflation_rates_shock,1.0563173455005483e-40,1.0,7.297340552917468e-13
2008-02-08,1,inflation_rates_shock,1.506521562308883e-37,1.0,5.241511159613991e-14
2008-02-11,1,inflation_rates_shock,1.188146365918285e-35,1.0,6.715467237359476e-14
2008-02-12,1,inflation_rates_shock,3.288185295598428e-34,1.0,8.919729916992576e-15
2008-02-13,1,inflation_rates_shock,5.584032737147846e-32,1.0,1.888680810105326e-14
2008-02-14,1,inflation_rates_shock,1.1348497678647187e-33,1.0,2.740786386853033e-14
2008-02-15,1,inflation_rates_shock,2.0829887832951872e-38,1.0,7.733333596152493e-15
2008-02-19,1,inflation_rates_shock,4.972830957662561e-41,1.0,2.796204672723243e-14
2008-02-20,1,inflation_rates_shock,5.021156709762332e-42,0.999999999996362,3.834171102027337e-12
2008-02-21,1,inflation_rates_shock,1.8590742010523068e-46,1.0,2.746631725051811e-14
2008-02-22,1,inflation_rates_shock,4.3957637113736173e-41,1.0,5.083127889316892e-14
2008-02-25,1,inflation_rates_shock,1.511648485533877e-35,1.0,2.1723420322291045e-14
2008-02-26,1,inflation_rates_shock,1.0358591049268167e-37,1.0,1.0810912028568933e-15
2008-02-27,1,inflation_rates_shock,1.519062716362283e-32,1.0,4.2895629371643347e-16
2008-02-28,1,inflation_rates_shock,3.281674541804518e-34,1.0,6.358300606987386e-17
2008-02-29,1,inflation_rates_shock,1.650223329940806e-43,1.0,2.5988246146997438e-14
2008-03-03,1,inflation_rates_shock,2.01598856506444e-40,1.0,3.3026803031285977e-16
2008-03-04,1,inflation_rates_shock,1.018812648249337e-37,1.0,2.346007942020206e-17
2008-03-05,1,inflation_rates_shock,5.511734457351589e-40,1.0,6.427460439961777e-18
2008-03-06,1,inflation_rates_shock,4.298791266612963e-53,1.0,2.3963678856645003e-16
2008-03-07,1,inflation_rates_shock,1.4527616301739467e-57,1.0,3.4392340627095895e-16
2008-03-10,1,inflation_rates_shock,2.2782426126471506e-58,1.0,4.771329935459482e-16
2008-03-11,1,inflation_rates_shock,1.0076423783678527e-49,1.0,2.0247649185885785e-18
2008-03-12,1,inflation_rates_shock,9.635616771915462e-50,1.0,1.3058919534659328e-17
2008-03-13,1,inflation_rates_shock,7.545043411299527e-46,1.0,8.978956433627726e-19
2008-03-14,1,inflation_rates_shock,4.899459811143215e-44,1.0,1.0003212055119023e-18
2008-03-17,1,inflation_rates_shock,8.400798091600337e-52,1.0,6.520377807402889e-18
2008-03-18,1,inflation_rates_shock,1.4966811213028003e-41,1.0,1.3223536221657617e-18
2008-03-19,1,inflation_rates_shock,3.153647522420833e-47,1.0,5.741371075514195e-17
2008-03-20,1,inflation_rates_shock,2.212153651632718e-43,1.0,3.4189805231771265e-17
2008-03-24,1,inflation_rates_shock,4.5680396226936534e-40,1.0,6.693843031845803e-17
2008-03-25,1,inflation_rates_shock,4.488505878433975e-38,1.0,8.75100848177663e-18
2008-03-26,1,inflation_rates_shock,7.851588787540978e-39,1.0,1.548024300847218e-18
2008-03-27,1,inflation_rates_shock,1.5092192744094477e-37,1.0,5.066830371912169e-19
2008-03-28,1,inflation_rates_shock,5.648487406926815e-43,1.0,3.880357457766835e-19
2008-03-31,1,inflation_rates_shock,1.283374203547474e-43,1.0,5.852677458168334e-19
2008-04-01,1,inflation_rates_shock,1.9498114782983295e-41,1.0,7.693969820009958e-18
2008-04-02,1,inflation_rates_shock,2.922321485643508e-41,1.0,1.6686002374731414e-16
2008-04-03,1,inflation_rates_shock,2.381094018364948e-42,1.0,3.8351847570774894e-16
2008-04-04,1,inflation_rates_shock,1.1627035757187531e-39,1.0,1.7736147839646885e-17
2008-04-07,1,inflation_rates_shock,4.103926829546269e-46,1.0,1.9896936513240944e-16
2008-04-08,1,inflation_rates_shock,1.49270708360223e-49,1.0,1.6234055710108439e-15
2008-04-09,1,inflation_rates_shock,1.2958236971813282e-53,1.0,2.2121573460755548e-14
2008-04-10,1,inflation_rates_shock,3.827597553397042e-44,1.0,2.469967305277744e-16
2008-04-11,1,inflation_rates_shock,1.3307508603351375e-53,1.0,3.781765094529269e-15
2008-04-14,1,inflation_rates_shock,2.2640156837082924e-55,1.0,5.577985654795689e-15
2008-04-15,1,inflation_rates_shock,5.351879746772645e-61,1.0,8.959007550113755e-16
2008-04-16,1,inflation_rates_shock,2.741964466141586e-58,1.0,1.446499914556233e-16
2008-04-17,1,inflation_rates_shock,6.868533964338664e-48,1.0,3.637392613508235e-16
2008-04-18,1,inflation_rates_shock,9.285612685103163e-50,1.0,1.992675922673107e-16
2008-04-21,1,inflation_rates_shock,2.2660282494005484e-46,1.0,4.3640386284703253e-16
2008-04-22,1,inflation_rates_shock,8.481146069202413e-42,1.0,6.477814990021965e-16
2008-04-23,1,inflation_rates_shock,7.3028721710095315e-40,1.0,6.172768481689421e-17
2008-04-24,1,inflation_rates_shock,1.6051082354850167e-41,1.0,7.106979178744794e-17
2008-04-25,1,inflation_rates_shock,4.098615473982147e-41,1.0,1.3472300719560453e-16
2008-04-28,1,inflation_rates_shock,1.0542626710519786e-41,1.0,3.182191989723554e-16
2008-04-29,1,inflation_rates_shock,2.3140497368514243e-40,1.0,2.753286810682544e-16
2008-04-30,1,inflation_rates_shock,2.378698474123974e-39,1.0,4.660994665507215e-16
2008-05-01,1,inflation_rates_shock,3.191584792961757e-33,1.0,2.364697703957393e-16
2008-05-02,1,inflation_rates_shock,7.034937759237513e-31,1.0,4.5479954008990416e-17
2008-05-05,1,inflation_rates_shock,2.1305748599317377e-31,1.0,9.596435903484364e-17
2008-05-06,1,inflation_rates_shock,5.46959231282376e-27,1.0,9.256454179823329e-17
2008-05-07,1,inflation_rates_shock,1.0325925316943027e-32,1.0,7.001026577916726e-16
2008-05-08,1,inflation_rates_shock,2.072274869953883e-34,1.0,7.506329922689858e-16
2008-05-09,1,inflation_rates_shock,1.419393827839164e-35,1.0,1.891295277461201e-15
2008-05-12,1,inflation_rates_shock,2.464101949428259e-37,1.0,2.0834360175119044e-15
2008-05-13,1,inflation_rates_shock,7.864828510110321e-37,1.0,8.918048477978898e-16
2008-05-14,1,inflation_rates_shock,2.3085712091500198e-35,1.0,1.5003154874762547e-16
2008-05-15,1,inflation_rates_shock,5.915908976553917e-31,1.0,2.0489226799791877e-17
2008-05-16,1,inflation_rates_shock,2.201162070478522e-30,1.0,6.303333360299696e-17
2008-05-19,1,inflation_rates_shock,2.0362034855647015e-27,1.0,2.3708042821476358e-17
2008-05-20,1,inflation_rates_shock,3.5938037113251944e-29,1.0,9.697042394855565e-17
2008-05-21,1,inflation_rates_shock,1.3110047597874267e-35,1.0,2.3169470248520062e-15
2008-05-22,1,inflation_rates_shock,1.358503156248412e-35,1.0,1.2924791585307973e-15
2008-05-23,1,inflation_rates_shock,2.844337043848703e-37,1.0,2.409498210268937e-14
2008-05-27,1,inflation_rates_shock,1.5194550962696504e-32,1.0,1.1409086140904176e-15
2008-05-28,1,inflation_rates_shock,1.4410336942688649e-30,1.0,3.377330877447303e-16
2008-05-29,1,inflation_rates_shock,2.769908805224946e-32,1.0,5.21394039400523e-16
2008-05-30,1,inflation_rates_shock,3.4450343654349553e-31,1.0,1.3793628929312123e-15
2008-06-02,1,inflation_rates_shock,9.15157249283885e-32,1.0,8.633534752900084e-15
2008-06-03,1,inflation_rates_shock,5.935809980165783e-32,1.0,2.4219846061663312e-14
2008-06-04,1,inflation_rates_shock,5.3773207479092895e-31,1.0,1.2162335699000838e-14
2008-06-05,1,inflation_rates_shock,1.9760606499692826e-26,1.0,4.064856231702526e-15
2008-06-06,1,inflation_rates_shock,1.2570260243951342e-35,1.0,2.655599613667737e-13
2008-06-09,1,inflation_rates_shock,3.710030138937882e-37,1.0,3.467139449861227e-13
2008-06-10,1,inflation_rates_shock,6.690713323569232e-35,1.0,4.052036986167334e-14
2008-06-11,1,inflation_rates_shock,6.228280132467644e-39,1.0,4.662730122315191e-13
2008-06-12,1,inflation_rates_shock,2.839423629786362e-37,1.0,4.542358241529406e-13
2008-06-13,1,inflation_rates_shock,1.322332216289093e-35,1.0,2.2144078168608068e-13
2008-06-16,1,inflation_rates_shock,1.8240845038863324e-34,1.0,4.059808288923924e-13
2008-06-17,1,inflation_rates_shock,3.463429470549565e-30,1.0,7.451892211568664e-14
2008-06-18,1,inflation_rates_shock,6.736755108769425e-33,1.0,3.8454009034976193e-14
2008-06-19,1,inflation_rates_shock,4.894967768465364e-33,1.0,9.705180042310848e-14
2008-06-20,1,inflation_rates_shock,8.393294143298941e-38,1.0,7.48765085970671e-14
2008-06-23,1,inflation_rates_shock,1.8929574743293363e-38,1.0,6.863901754053985e-14
2008-06-24,1,inflation_rates_shock,7.78680350939229e-43,1.0,1.0791051060161335e-13
2008-06-25,1,inflation_rates_shock,1.3597558321357847e-41,1.0,3.325458568520255e-14
2008-06-26,1,inflation_rates_shock,2.616145238644384e-50,0.999999999994543,4.905175539065005e-12
2008-06-27,1,inflation_rates_shock,7.151643718231197e-53,0.999999999998181,2.045206471727063e-12
2008-06-30,1,inflation_rates_shock,2.595616276571694e-46,1.0,8.589117031233071e-15
2008-07-01,1,inflation_rates_shock,8.821489745300933e-48,1.0,3.582443270773898e-15
2008-07-02,1,inflation_rates_shock,4.931061874619914e-55,1.0,1.2684381052394602e-13
2008-07-03,1,inflation_rates_shock,2.9556593170461295e-57,1.0,2.838813268245697e-13
2008-07-07,1,inflation_rates_shock,1.689201740333205e-56,1.0,1.9082173606755333e-13
2008-07-08,1,inflation_rates_shock,1.821716309971709e-58,1.0,2.1127851916708247e-14
2008-07-09,1,inflation_rates_shock,3.022463233208235e-64,1.0,4.688040559529127e-13
2008-07-10,1,inflation_rates_shock,1.7820898084079624e-62,1.0,1.3588214697924205e-13
2008-07-11,1,inflation_rates_shock,3.29510202587989e-69,1.0,7.486723760899933e-14
2008-07-14,1,inflation_rates_shock,2.664712637885508e-72,1.0,7.999814203470031e-13
2008-07-15,1,inflation_rates_shock,1.1511420272892511e-78,0.9999999999781721,2.149661035676029e-11
2008-07-16,1,inflation_rates_shock,6.480482527949631e-68,1.0,5.128536383864787e-13
2008-07-17,1,inflation_rates_shock,1.121473088744531e-62,1.0,1.8910345864037054e-13
2008-07-18,1,inflation_rates_shock,1.5705004125856726e-62,1.0,3.84560626981696e-14
2008-07-21,1,inflation_rates_shock,2.5063595959493293e-63,1.0,4.014437875279065e-14
2008-07-22,1,inflation_rates_shock,8.707811604431658e-65,1.0,1.5001190073337507e-13
2008-07-23,1,inflation_rates_shock,1.5088456860916043e-62,1.0,4.2428800393477607e-14
2008-07-24,1,inflation_rates_shock,9.468828477070547e-70,1.0,1.1831760666260114e-13
2008-07-25,1,inflation_rates_shock,1.6869016317407703e-69,1.0,1.1495569066288782e-13
2008-07-28,1,inflation_rates_shock,2.733503249442912e-82,1.0,8.874315998687363e-13
2008-07-29,1,inflation_rates_shock,4.377488491441599e-76,0.999999999998181,1.368413012874708e-12
2008-07-30,1,inflation_rates_shock,1.334743750776105e-68,1.0,7.095160997158504e-13
2008-07-31,1,inflation_rates_shock,1.8549698693454745e-68,1.0,8.932092673239021e-13
2008-08-01,1,inflation_rates_shock,2.3172926710378965e-76,0.999999999998181,2.497705002055976e-12
2008-08-04,1,inflation_rates_shock,4.456534171938366e-79,0.999999999994543,4.851704679535927e-12
2008-08-05,1,inflation_rates_shock,6.543752471190757e-75,0.9999999999890861,1.1384817984751915e-11
2008-08-06,1,inflation_rates_shock,4.164802101221614e-69,0.999999999992724,8.058172333847983e-12
2008-08-07,1,inflation_rates_shock,6.267787363473582e-81,0.9999999999618012,3.8982432863484263e-11
2008-08-08,1,inflation_rates_shock,1.87853410356677e-70,0.9999999999527063,4.764725127397245e-11
2008-08-11,1,inflation_rates_shock,1.3153567045231912e-69,0.9999999996289262,3.7046713827075824e-10
2008-08-12,1,inflation_rates_shock,5.400820772519237e-76,0.9999999995980033,4.0124605878697795e-10
2008-08-13,1,inflation_rates_shock,4.175985826015403e-85,0.9999999993815436,6.187441585459e-10
2008-08-14,1,inflation_rates_shock,7.73064740114217e-74,0.9999999999890861,1.0898462060570691e-11
2008-08-15,1,inflation_rates_shock,3.4656375448200784e-71,0.999999999996362,4.198266748272587e-12
2008-08-18,1,inflation_rates_shock,2.8517617718393136e-72,0.999999999994543,5.70755945136217e-12
2008-08-19,1,inflation_rates_shock,8.158091426982845e-79,0.9999999999854481,1.4238266831334592e-11
2008-08-20,1,inflation_rates_shock,1.488133308524459e-76,0.9999999999890861,1.161970577577895e-11
2008-08-21,1,inflation_rates_shock,3.942750047335192e-74,1.0,8.750929169459594e-13
2008-08-22,1,inflation_rates_shock,5.0390791533373546e-74,0.9999999999708962,2.9990233272533054e-11
2008-08-25,1,inflation_rates_shock,2.4545737179852065e-81,0.9999999999818101,1.773006031880459e-11
2008-08-26,1,inflation_rates_shock,5.856808401696345e-85,0.9999999998672138,1.3345025693302647e-10
2008-08-27,1,inflation_rates_shock,1.035289516452186e-75,0.999999999990905,8.329185394932167e-12
2008-08-28,1,inflation_rates_shock,3.7647279469161557e-65,1.0,6.047424721375486e-13
2008-08-29,1,inflation_rates_shock,2.859928313811559e-72,0.999999999994543,5.6617612910324124e-12
2008-09-02,1,inflation_rates_shock,1.8816049791929906e-75,0.9999999999618012,3.910571140952203e-11
2008-09-03,1,inflation_rates_shock,1.3856850992521315e-79,0.9999999999163265,8.325851163381581e-11
2008-09-04,1,inflation_rates_shock,2.7175207326894488e-83,0.999999999994543,6.000648736212095e-12
2008-09-05,1,inflation_rates_shock,2.813045773452024e-85,0.9999999999781721,2.1069523949564444e-11
2008-09-08,1,inflation_rates_shock,5.921308518022166e-79,0.999999999998181,2.595756146752882e-12
2008-09-09,1,inflation_rates_shock,3.61523654338492e-86,0.999999999992724,7.741032267560163e-12
2008-09-10,1,inflation_rates_shock,1.5414804568178038e-83,0.999999999994543,5.096632119923272e-12
2008-09-11,1,inflation_rates_shock,4.355350661758214e-81,0.9999999999745341,2.4561862238722757e-11
2008-09-12,1,inflation_rates_shock,7.344990082103642e-76,0.9999999999818101,1.7368849633010832e-11
2008-09-15,1,inflation_rates_shock,2.260761186038022e-90,0.9999832353210086,1.6764678912545398e-05
2008-09-16,1,inflation_rates_shock,1.4677268732825353e-83,0.9160387988523513,0.08396120114718472
2008-09-17,2,defensive_risk_off,1.245192228387416e-112,2.1001624791317872e-05,0.9999789983744297
2008-09-18,2,defensive_risk_off,2.741337002959702e-106,3.620215559992555e-05,0.999963797843998
2008-09-19,2,defensive_risk_off,1.4605346159415024e-97,4.550828923437055e-05,0.9999544917105425
2008-09-22,2,defensive_risk_off,4.0463530442774767e-109,1.767867761742228e-05,0.999982321321859
2008-09-23,2,defensive_risk_off,1.770069455557965e-110,2.0302461954981104e-05,0.9999796975376802
2008-09-24,2,defensive_risk_off,6.314886405298716e-115,3.6794974223497537e-06,0.9999963205022532
2008-09-25,2,defensive_risk_off,3.9183905887281843e-113,2.0074358512817244e-09,0.9999999979918357
2008-09-26,2,defensive_risk_off,9.162599313534501e-117,5.492147948919816e-11,0.9999999999454303
2008-09-29,2,defensive_risk_off,5.905686356318379e-158,3.1139779279356027e-18,1.0
2008-09-30,2,defensive_risk_off,3.2080531977769383e-156,2.5997218651249875e-15,1.0
2008-10-01,2,defensive_risk_off,4.604502840739986e-158,1.5603712071212862e-13,1.0
2008-10-02,2,defensive_risk_off,1.0802235164826935e-183,4.0149034371476914e-18,1.0
2008-10-03,2,defensive_risk_off,6.668253559868209e-203,1.7429260659593209e-19,1.0
2008-10-06,2,defensive_risk_off,1.827176507736769e-223,3.4929799319647404e-22,1.0
2008-10-07,2,defensive_risk_off,2.131741664679276e-246,1.2766310726321989e-23,1.0
2008-10-08,2,defensive_risk_off,7.011348621389093e-269,2.021402844547708e-32,1.0
2008-10-09,2,defensive_risk_off,2.552984e-317,5.077041769770822e-33,1.0
2008-10-10,2,defensive_risk_off,0.0,6.155862443433296e-53,1.0
2008-10-13,2,defensive_risk_off,0.0,2.3653929579418076e-59,1.0
2008-10-14,2,defensive_risk_off,0.0,1.5979305928757858e-43,1.0
2008-10-15,2,defensive_risk_off,0.0,1.620049564723757e-63,1.0
2008-10-16,2,defensive_risk_off,0.0,4.644151419282091e-59,1.0
2008-10-17,2,defensive_risk_off,0.0,1.6722905649310813e-85,1.0
2008-10-20,2,defensive_risk_off,0.0,4.439682646559241e-81,1.0
2008-10-21,2,defensive_risk_off,0.0,1.4663417939866882e-77,1.0
2008-10-22,2,defensive_risk_off,0.0,1.939354722124254e-84,1.0
2008-10-23,2,defensive_risk_off,0.0,2.141828144126416e-84,1.0
2008-10-24,2,defensive_risk_off,0.0,2.5279571709338238e-92,1.0
2008-10-27,2,defensive_risk_off,0.0,3.215400620639768e-95,1.0
2008-10-28,2,defensive_risk_off,0.0,1.3061784683890246e-92,1.0
2008-10-29,2,defensive_risk_off,0.0,6.373988587159939e-90,1.0
2008-10-30,2,defensive_risk_off,0.0,2.5648505706461244e-87,1.0
2008-10-31,2,defensive_risk_off,0.0,6.498068709687116e-75,1.0
2008-11-03,2,defensive_risk_off,0.0,4.000342551224905e-72,1.0
2008-11-04,2,defensive_risk_off,0.0,6.635159866843262e-66,1.0
2008-11-05,2,defensive_risk_off,0.0,1.0501435387397064e-60,1.0
2008-11-06,2,defensive_risk_off,0.0,7.117077901141278e-63,1.0
2008-11-07,2,defensive_risk_off,0.0,1.9506763291363057e-55,1.0
2008-11-10,2,defensive_risk_off,0.0,1.0134647158600719e-51,1.0
2008-11-11,2,defensive_risk_off,0.0,4.870842806022262e-52,1.0
2008-11-12,2,defensive_risk_off,0.0,2.243698540214689e-50,1.0
2008-11-13,2,defensive_risk_off,0.0,3.33893800685223e-47,1.0
2008-11-14,2,defensive_risk_off,0.0,5.501690807441004e-49,1.0
2008-11-17,2,defensive_risk_off,0.0,1.6459031475526794e-51,1.0
2008-11-18,2,defensive_risk_off,0.0,1.9565212421692973e-60,1.0
2008-11-19,2,defensive_risk_off,0.0,3.266833935543447e-66,1.0
2008-11-20,2,defensive_risk_off,0.0,1.748026121857585e-78,1.0
2008-11-21,2,defensive_risk_off,0.0,4.529980956358267e-70,1.0
2008-11-24,2,defensive_risk_off,0.0,1.2200314857973266e-71,1.0
2008-11-25,2,defensive_risk_off,0.0,4.975291825678735e-71,1.0
2008-11-26,2,defensive_risk_off,0.0,1.100146097854155e-72,1.0
2008-11-28,2,defensive_risk_off,0.0,2.512583546792545e-90,1.0
2008-12-01,2,defensive_risk_off,0.0,1.7610919459243655e-101,1.0
2008-12-02,2,defensive_risk_off,0.0,8.815551859560522e-92,1.0
2008-12-03,2,defensive_risk_off,0.0,9.792743274114258e-90,1.0
2008-12-04,2,defensive_risk_off,0.0,5.6690091096527075e-92,1.0
2008-12-05,2,defensive_risk_off,0.0,2.197178814075313e-87,1.0
2008-12-08,2,defensive_risk_off,0.0,1.1361074984660314e-80,1.0
2008-12-09,2,defensive_risk_off,0.0,2.244415851039016e-82,1.0
2008-12-10,2,defensive_risk_off,0.0,2.548934082237791e-74,1.0
2008-12-11,2,defensive_risk_off,0.0,5.929016801938429e-78,1.0
2008-12-12,2,defensive_risk_off,0.0,3.1487830586554613e-75,1.0
2008-12-15,2,defensive_risk_off,0.0,7.56326489029234e-75,1.0
2008-12-16,2,defensive_risk_off,0.0,1.9508743334579903e-69,1.0
2008-12-17,2,defensive_risk_off,0.0,2.626681733678943e-74,1.0
2008-12-18,2,defensive_risk_off,0.0,3.5242657705403784e-81,1.0
2008-12-19,2,defensive_risk_off,0.0,1.8149250712581236e-83,1.0
2008-12-22,2,defensive_risk_off,0.0,1.127728421104294e-93,1.0
2008-12-23,2,defensive_risk_off,0.0,9.230678163570781e-96,1.0
2008-12-24,2,defensive_risk_off,0.0,1.3494958486985119e-98,1.0
2008-12-26,2,defensive_risk_off,0.0,2.250713357247948e-92,1.0
2008-12-29,2,defensive_risk_off,0.0,4.3400350655672326e-85,1.0
2008-12-30,2,defensive_risk_off,0.0,5.064967163998256e-83,1.0
2008-12-31,2,defensive_risk_off,0.0,5.320656735712063e-82,1.0
2009-01-02,2,defensive_risk_off,0.0,6.405164838112625e-80,1.0
2009-01-05,2,defensive_risk_off,0.0,2.546980210269125e-102,1.0
2009-01-06,2,defensive_risk_off,0.0,1.2032028499426969e-97,1.0
2009-01-07,2,defensive_risk_off,0.0,1.9207367675797584e-97,1.0
2009-01-08,2,defensive_risk_off,0.0,4.60870822720078e-101,1.0
2009-01-09,2,defensive_risk_off,0.0,2.4010541800032817e-109,1.0
2009-01-12,2,defensive_risk_off,0.0,3.1592477794813945e-106,1.0
2009-01-13,2,defensive_risk_off,0.0,7.708249926112021e-98,1.0
2009-01-14,2,defensive_risk_off,0.0,2.687038562898186e-96,1.0
2009-01-15,2,defensive_risk_off,0.0,3.1203497604092093e-89,1.0
2009-01-16,2,defensive_risk_off,0.0,9.301505904788285e-99,1.0
2009-01-20,2,defensive_risk_off,0.0,3.3456365657042003e-80,1.0
2009-01-21,2,defensive_risk_off,0.0,1.5216988184365894e-53,1.0
2009-01-22,2,defensive_risk_off,0.0,4.05002471659082e-59,1.0
2009-01-23,2,defensive_risk_off,0.0,2.097993813192111e-56,1.0
2009-01-26,2,defensive_risk_off,0.0,1.792188683953167e-55,1.0
2009-01-27,2,defensive_risk_off,0.0,3.772258662278225e-54,1.0
2009-01-28,2,defensive_risk_off,0.0,2.320847643133842e-52,1.0
2009-01-29,2,defensive_risk_off,0.0,3.83335110289686e-55,1.0
2009-01-30,2,defensive_risk_off,0.0,2.275629006727518e-62,1.0
2009-02-02,2,defensive_risk_off,0.0,9.763986116879314e-63,1.0
2009-02-03,2,defensive_risk_off,0.0,7.803802472283886e-66,1.0
2009-02-04,2,defensive_risk_off,0.0,1.1974858015576653e-68,1.0
2009-02-05,2,defensive_risk_off,0.0,1.5697819605778085e-58,1.0
2009-02-06,2,defensive_risk_off,0.0,2.3457974079079134e-52,1.0
2009-02-09,2,defensive_risk_off,0.0,7.36850069095026e-51,1.0
2009-02-10,2,defensive_risk_off,0.0,1.7453156256100074e-48,1.0
2009-02-11,2,defensive_risk_off,0.0,1.5078627107736084e-42,1.0
2009-02-12,2,defensive_risk_off,0.0,1.843217640472829e-43,1.0
2009-02-13,2,defensive_risk_off,0.0,1.0906452748068947e-42,1.0
2009-02-17,2,defensive_risk_off,0.0,5.610404933199571e-46,1.0
2009-02-18,2,defensive_risk_off,0.0,1.228634014069312e-42,1.0
2009-02-19,2,defensive_risk_off,0.0,3.025763472287237e-37,1.0
2009-02-20,2,defensive_risk_off,0.0,1.6713978587584796e-44,1.0
2009-02-23,2,defensive_risk_off,0.0,7.472713492302297e-44,1.0
2009-02-24,2,defensive_risk_off,0.0,5.7659616796204945e-40,1.0
2009-02-25,2,defensive_risk_off,0.0,1.445095020800991e-36,1.0
2009-02-26,2,defensive_risk_off,0.0,9.976418135904583e-35,1.0
2009-02-27,2,defensive_risk_off,0.0,1.5704233752804523e-39,1.0
2009-03-02,2,defensive_risk_off,0.0,9.522810212961201e-36,1.0
2009-03-03,2,defensive_risk_off,0.0,6.597799764058765e-34,1.0
2009-03-04,2,defensive_risk_off,0.0,3.430077185565329e-31,1.0
2009-03-05,2,defensive_risk_off,0.0,1.3934584578241225e-35,1.0
2009-03-06,2,defensive_risk_off,0.0,5.927675164361681e-37,1.0
2009-03-09,2,defensive_risk_off,0.0,1.4134196884222888e-35,1.0
2009-03-10,2,defensive_risk_off,0.0,5.655003670145113e-33,1.0
2009-03-11,2,defensive_risk_off,0.0,4.155931239065821e-29,1.0
2009-03-12,2,defensive_risk_off,0.0,5.805993883382553e-30,1.0
2009-03-13,2,defensive_risk_off,0.0,4.9988726137781714e-30,1.0
2009-03-16,2,defensive_risk_off,0.0,1.2884738223977959e-26,1.0
2009-03-17,2,defensive_risk_off,0.0,2.8736842767383323e-28,1.0
2009-03-18,2,defensive_risk_off,0.0,9.758430732118354e-29,1.0
2009-03-19,2,defensive_risk_off,0.0,2.0501570737988255e-28,1.0
2009-03-20,2,defensive_risk_off,0.0,8.020755814851252e-29,1.0
2009-03-23,2,defensive_risk_off,0.0,1.521479631912967e-32,1.0
2009-03-24,2,defensive_risk_off,0.0,2.920046614075385e-36,1.0
2009-03-25,2,defensive_risk_off,0.0,8.398389298095234e-39,1.0
2009-03-26,2,defensive_risk_off,0.0,1.5658029782086178e-42,1.0
2009-03-27,2,defensive_risk_off,0.0,2.5315832352402524e-41,1.0
2009-03-30,2,defensive_risk_off,0.0,2.2436033173519906e-42,1.0
2009-03-31,2,defensive_risk_off,0.0,1.801034697661781e-41,1.0
2009-04-01,2,defensive_risk_off,0.0,4.677162942531469e-44,1.0
2009-04-02,2,defensive_risk_off,0.0,4.7328907656342294e-46,1.0
2009-04-03,2,defensive_risk_off,0.0,1.410859878072406e-54,1.0
2009-04-06,2,defensive_risk_off,0.0,9.041730609827093e-57,1.0
2009-04-07,2,defensive_risk_off,0.0,1.1172099665533654e-51,1.0
2009-04-08,2,defensive_risk_off,0.0,1.4752587210794929e-43,1.0
2009-04-09,2,defensive_risk_off,0.0,5.937618281564944e-49,1.0
2009-04-13,2,defensive_risk_off,0.0,3.716882715745236e-44,1.0
2009-04-14,2,defensive_risk_off,0.0,6.887492331104313e-39,1.0
2009-04-15,2,defensive_risk_off,0.0,6.98982813193977e-35,1.0
2009-04-16,2,defensive_risk_off,0.0,1.7562381705822073e-37,1.0
2009-04-17,2,defensive_risk_off,0.0,1.2345563081490852e-36,1.0
2009-04-20,2,defensive_risk_off,0.0,2.0172796805811696e-31,1.0
2009-04-21,2,defensive_risk_off,0.0,2.6046441886175664e-32,1.0
2009-04-22,2,defensive_risk_off,0.0,3.813186006271648e-30,1.0
2009-04-23,2,defensive_risk_off,0.0,2.0257176982594904e-30,1.0
2009-04-24,2,defensive_risk_off,0.0,1.2987087056862364e-31,1.0
2009-04-27,2,defensive_risk_off,0.0,1.1140635031675612e-30,1.0
2009-04-28,2,defensive_risk_off,0.0,1.9785811938433743e-30,1.0
2009-04-29,2,defensive_risk_off,0.0,5.447216510347896e-38,1.0
2009-04-30,2,defensive_risk_off,0.0,1.8980905420017482e-36,1.0
2009-05-01,2,defensive_risk_off,0.0,7.793206395630918e-35,1.0
2009-05-04,2,defensive_risk_off,0.0,1.2987587775465475e-30,1.0
2009-05-05,2,defensive_risk_off,0.0,3.3729447155291906e-31,1.0
2009-05-06,2,defensive_risk_off,0.0,2.8394850558342337e-31,1.0
2009-05-07,2,defensive_risk_off,0.0,8.444029562289077e-33,1.0
2009-05-08,2,defensive_risk_off,0.0,2.8469038113788666e-30,1.0
2009-05-11,2,defensive_risk_off,0.0,9.434336812977396e-31,1.0
2009-05-12,2,defensive_risk_off,0.0,3.109237151983977e-31,1.0
2009-05-13,2,defensive_risk_off,0.0,4.951638123803003e-30,1.0
2009-05-14,2,defensive_risk_off,0.0,1.7804314544086702e-30,1.0
2009-05-15,2,defensive_risk_off,0.0,6.394025490251887e-31,1.0
2009-05-18,2,defensive_risk_off,0.0,9.793132487008965e-34,1.0
2009-05-19,2,defensive_risk_off,0.0,1.0542428445042683e-29,1.0
2009-05-20,2,defensive_risk_off,0.0,5.22372749750782e-31,1.0
2009-05-21,2,defensive_risk_off,0.0,1.5114553779312343e-31,1.0
2009-05-22,2,defensive_risk_off,0.0,9.475055383215068e-30,1.0
2009-05-26,2,defensive_risk_off,0.0,5.619068109358997e-30,1.0
2009-05-27,2,defensive_risk_off,0.0,7.662084313272812e-30,1.0
2009-05-28,2,defensive_risk_off,0.0,6.667046484172093e-29,1.0
2009-05-29,2,defensive_risk_off,0.0,3.7284225991713906e-34,1.0
2009-06-01,2,defensive_risk_off,0.0,1.3072447007213743e-34,1.0
2009-06-02,2,defensive_risk_off,0.0,1.0283428374251881e-37,1.0
2009-06-03,2,defensive_risk_off,0.0,3.9393550275414115e-36,1.0
2009-06-04,2,defensive_risk_off,0.0,1.3440096243621755e-37,1.0
2009-06-05,2,defensive_risk_off,0.0,4.2923332954917377e-35,1.0
2009-06-08,2,defensive_risk_off,0.0,9.748119408190024e-35,1.0
2009-06-09,2,defensive_risk_off,0.0,3.1541575756878116e-32,1.0
2009-06-10,2,defensive_risk_off,0.0,7.96516722468828e-33,1.0
2009-06-11,2,defensive_risk_off,0.0,2.2933189151351414e-29,1.0
2009-06-12,2,defensive_risk_off,0.0,6.914805780596748e-28,1.0
2009-06-15,2,defensive_risk_off,0.0,5.518987028478451e-30,1.0
2009-06-16,2,defensive_risk_off,0.0,2.6661607988661516e-28,1.0
2009-06-17,2,defensive_risk_off,0.0,3.39673338204713e-29,1.0
2009-06-18,2,defensive_risk_off,0.0,1.7946946232091499e-28,1.0
2009-06-19,2,defensive_risk_off,0.0,4.041715381230236e-28,1.0
2009-06-22,2,defensive_risk_off,0.0,1.316117609395224e-27,1.0
2009-06-23,2,defensive_risk_off,0.0,8.608409069649336e-30,1.0
2009-06-24,2,defensive_risk_off,0.0,3.4249888440435784e-25,1.0
2009-06-25,2,defensive_risk_off,0.0,2.33422448334043e-24,1.0
2009-06-26,2,defensive_risk_off,0.0,3.312067097869799e-27,1.0
2009-06-29,2,defensive_risk_off,1.9337172189746445e-307,2.2859324368110313e-20,1.0
2009-06-30,2,defensive_risk_off,8.16542666393018e-302,1.5911366957762831e-24,1.0
2009-07-01,2,defensive_risk_off,5.874733517335866e-288,2.0626854273866286e-19,1.0
2009-07-02,2,defensive_risk_off,5.2590490249040055e-291,5.295736306212124e-18,1.0
2009-07-06,2,defensive_risk_off,1.6747011790433892e-278,1.5909727580406564e-17,1.0
2009-07-07,2,defensive_risk_off,1.0320995524890018e-286,1.2001011992694944e-17,1.0
2009-07-08,2,defensive_risk_off,2.635621811494958e-288,1.4952128309202996e-16,1.0
2009-07-09,2,defensive_risk_off,2.457644722268368e-279,7.338678031077595e-14,1.0
2009-07-10,2,defensive_risk_off,8.718882347077501e-282,1.3772880773463211e-17,1.0
2009-07-13,2,defensive_risk_off,1.5361632154714375e-269,7.795386787422946e-16,1.0
2009-07-14,2,defensive_risk_off,4.1630373831364e-266,3.3305916727983902e-15,1.0
2009-07-15,2,defensive_risk_off,3.17422627849828e-258,2.611407766041241e-16,1.0
2009-07-16,2,defensive_risk_off,2.3083270669384405e-258,2.446051145367138e-13,1.0
2009-07-17,2,defensive_risk_off,2.8173083350522644e-252,3.016964168283344e-13,1.0
2009-07-20,2,defensive_risk_off,5.1864561562954555e-251,5.226283841500838e-16,1.0
2009-07-21,2,defensive_risk_off,9.550156572974556e-240,2.3253092418925163e-12,0.999999999998181
2009-07-22,2,defensive_risk_off,1.9771319139660498e-260,2.074636967072693e-13,1.0
2009-07-23,2,defensive_risk_off,7.32399784211346e-245,3.537838885604073e-13,1.0
2009-07-24,2,defensive_risk_off,2.1623078828844915e-235,4.875496923290611e-13,1.0
2009-07-27,2,defensive_risk_off,4.571580469688442e-223,5.476845692801663e-14,1.0
2009-07-28,2,defensive_risk_off,2.2312641425508414e-227,2.4263583026476135e-14,1.0
2009-07-29,2,defensive_risk_off,1.4826267645577077e-220,1.313496802573666e-14,1.0
2009-07-30,2,defensive_risk_off,1.6859037336331763e-214,3.3503311363418866e-14,1.0
2009-07-31,2,defensive_risk_off,1.4144985914302462e-214,1.9152839672081252e-14,1.0
2009-08-03,2,defensive_risk_off,1.9367313272827702e-218,4.051758067043204e-16,1.0
2009-08-04,2,defensive_risk_off,5.286312743752907e-227,1.6882178761746475e-18,1.0
2009-08-05,2,defensive_risk_off,2.859084202059617e-240,1.328369551826857e-18,1.0
2009-08-06,2,defensive_risk_off,7.2534912096043874e-242,2.24692830527523e-18,1.0
2009-08-07,2,defensive_risk_off,1.4000806239640573e-235,1.4947961898239003e-20,1.0
2009-08-10,2,defensive_risk_off,1.61363530544572e-244,1.2381919390527445e-21,1.0
2009-08-11,2,defensive_risk_off,2.947377074206321e-234,2.807295221312524e-20,1.0
2009-08-12,2,defensive_risk_off,2.9430066868866207e-232,7.162727946277717e-21,1.0
2009-08-13,2,defensive_risk_off,1.9761040833976803e-199,7.68320503896553e-17,1.0
2009-08-14,2,defensive_risk_off,1.2765430883197698e-208,4.248727720446812e-19,1.0
2009-08-17,2,defensive_risk_off,8.47569848006094e-198,1.5155016894291323e-15,1.0
2009-08-18,2,defensive_risk_off,7.80428187495103e-188,7.23916181304147e-15,1.0
2009-08-19,2,defensive_risk_off,3.645507627954168e-185,8.522434996398342e-16,1.0
2009-08-20,2,defensive_risk_off,8.73454495510738e-185,8.46983992578751e-17,1.0
2009-08-21,2,defensive_risk_off,1.3180207912145967e-166,7.80753062678568e-16,1.0
2009-08-24,2,defensive_risk_off,3.0993230195735747e-156,5.308391598216773e-15,1.0
2009-08-25,2,defensive_risk_off,1.0316777488873357e-153,7.467939033744214e-15,1.0
2009-08-26,2,defensive_risk_off,1.660406707299857e-149,2.1363439400912345e-13,1.0
2009-08-27,2,defensive_risk_off,2.052686227456997e-141,5.910671329655304e-12,0.999999999994543
2009-08-28,2,defensive_risk_off,1.8570587766995452e-120,5.3073192499569564e-11,0.9999999999472493
2009-08-31,2,defensive_risk_off,1.747839245487131e-115,6.576589880834068e-11,0.9999999999345164
2009-09-01,2,defensive_risk_off,7.498304869561708e-118,1.2164186001723968e-10,0.9999999998781277
2009-09-02,2,defensive_risk_off,4.4076477465098114e-113,6.284080785031722e-11,0.9999999999363354
2009-09-03,2,defensive_risk_off,1.5571814515603903e-115,3.3484255371047203e-12,0.999999999996362
2009-09-04,2,defensive_risk_off,7.740203750442573e-108,6.76854684056975e-09,0.9999999932315404
2009-09-08,2,defensive_risk_off,6.956048326615124e-92,4.85372748169303e-09,0.9999999951469363
2009-09-09,2,defensive_risk_off,1.238418844000399e-87,7.428961896463956e-07,0.9999992571031757
2009-09-10,2,defensive_risk_off,1.443372618048345e-85,0.0001926098386300255,0.9998073901622434
2009-09-11,2,defensive_risk_off,4.912547520781871e-76,0.470792250812912,0.5292077491863829
2009-09-14,1,inflation_rates_shock,1.0078157590543677e-62,0.9903249892520855,0.009675010747284222
2009-09-15,1,inflation_rates_shock,5.411821622222825e-66,0.9982706722200064,0.0017293277808660668
2009-09-16,1,inflation_rates_shock,6.792290443311127e-75,0.9988356373898245,0.0011643626098672493
2009-09-17,1,inflation_rates_shock,2.948215699798257e-66,0.99981940685014,0.00018059315020404974
2009-09-18,1,inflation_rates_shock,1.8406113318975862e-61,0.9999923746636034,7.625337004556943e-06
2009-09-21,1,inflation_rates_shock,1.3438161590436316e-47,0.9999999953888619,4.611849533016633e-09
2009-09-22,1,inflation_rates_shock,5.301275398443412e-37,0.999999999992724,6.7714624727603735e-12
2009-09-23,1,inflation_rates_shock,6.390123401117525e-40,0.9999999999763531,2.3908512348351307e-11
2009-09-24,1,inflation_rates_shock,3.235859093997803e-41,0.9999999999345164,6.53118451968085e-11
2009-09-25,1,inflation_rates_shock,4.6865144292184015e-42,0.999999999830834,1.696116462028361e-10
2009-09-28,1,inflation_rates_shock,7.932827078544229e-17,1.0,6.275994182966643e-19
2009-09-29,1,inflation_rates_shock,1.087195168645347e-17,1.0,3.639167469894244e-18
2009-09-30,1,inflation_rates_shock,2.806960853882771e-18,1.0,4.318903894916554e-20
2009-10-01,1,inflation_rates_shock,4.150255810070112e-11,0.9999999999581632,6.842276680418541e-26
2009-10-02,1,inflation_rates_shock,2.3840094664489664e-09,0.9999999976153049,5.0375903832780583e-29
2009-10-05,1,inflation_rates_shock,2.531650827671004e-08,0.9999999746833058,1.039667753348072e-30
2009-10-06,1,inflation_rates_shock,1.2230803401340197e-05,0.9999877691973234,3.3010018489749444e-32
2009-10-07,1,inflation_rates_shock,0.00021871974313313611,0.9997812802568963,1.62925274416156e-32
2009-10-08,1,inflation_rates_shock,0.0006925453038652798,0.9993074546956753,4.849221729267928e-34
2009-10-09,1,inflation_rates_shock,0.16355808892218132,0.8364419110774103,2.1204639927695114e-37
2009-10-12,0,risk_on,0.8798462800786117,0.1201537199209312,5.095989154758611e-40
2009-10-13,0,risk_on,0.9995277416942419,0.0004722583054593042,2.8606802468122075e-47
2009-10-14,0,risk_on,0.9999973187477301,2.681252820902824e-06,3.318532960910093e-46
2009-10-15,0,risk_on,0.9999998643397795,1.356601975717007e-07,9.246940795263017e-49
2009-10-16,0,risk_on,0.9999999294668693,7.053236405083051e-08,6.015594197683833e-46
2009-10-19,0,risk_on,0.9999998154853699,1.845154380839953e-07,1.760720129301449e-46
2009-10-20,0,risk_on,0.999999864596257,1.3540333421753996e-07,3.230174661080015e-45
2009-10-21,0,risk_on,0.9999999747542464,2.5246374105283876e-08,8.353892026363441e-49
2009-10-22,0,risk_on,0.9999999829269656,1.707288952484609e-08,8.665844087778788e-50
2009-10-23,0,risk_on,0.9999999976480467,2.352666299550459e-09,1.5075823910690913e-47
2009-10-26,0,risk_on,0.9999999599949668,4.000560927246185e-08,5.2139311392667573e-48
2009-10-27,0,risk_on,0.999999990224751,9.775310262894719e-09,1.914866698787903e-47
2009-10-28,0,risk_on,0.9999998659550419,1.3404553022837157e-07,1.0139753105204336e-43
2009-10-29,0,risk_on,0.9999999679348553,3.206598407780513e-08,3.565465390812448e-42
2009-10-30,0,risk_on,0.9999640964385329,3.5903561305236155e-05,3.8376290396201366e-36
2009-11-02,0,risk_on,0.9999603961735324,3.9603826088243126e-05,5.6121106754492433e-39
2009-11-03,0,risk_on,0.9999993981493381,6.01850674917818e-07,8.114953731788788e-41
2009-11-04,0,risk_on,0.9999996100778695,3.899220910936479e-07,2.1149126311623317e-41
2009-11-05,0,risk_on,0.999999940908312,5.909160491562363e-08,1.3598236158188752e-46
2009-11-06,0,risk_on,0.9999999888041202,1.1196214278845048e-08,1.5178129215408143e-46
2009-11-09,0,risk_on,0.9999998387702492,1.6123006837019898e-07,3.7047568763289033e-51
2009-11-10,0,risk_on,0.9999999240008066,7.599884218195296e-08,4.730671259364833e-53
2009-11-11,0,risk_on,0.9999993502135405,6.497856910907731e-07,2.3807428004551216e-51
2009-11-12,0,risk_on,0.999999844983916,1.5501662125038095e-07,8.287053697118209e-52
2009-11-13,0,risk_on,0.999999395837404,6.041634107353567e-07,2.2026685209864332e-52
2009-11-16,0,risk_on,0.9999994033843865,5.966160330998119e-07,2.9992552946335894e-52
2009-11-17,0,risk_on,0.9999996621737071,3.378270326190089e-07,5.243103384248937e-53
2009-11-18,0,risk_on,0.9999998937692055,1.0623154756746657e-07,1.669782732071339e-54
2009-11-19,0,risk_on,0.9999999804804249,1.9519744804643633e-08,9.621769903977124e-56
2009-11-20,0,risk_on,0.9999999851734174,1.4826201772311996e-08,5.6580613498632164e-55
2009-11-23,0,risk_on,0.99999997534178,2.465892972053862e-08,8.969812526080251e-52
2009-11-24,0,risk_on,0.9999997839440999,2.160551664023559e-07,1.6461212795416836e-51
2009-11-25,0,risk_on,0.9999999600913733,3.990846492488658e-08,1.6113847821546856e-53
2009-11-27,0,risk_on,0.9999998897128596,1.1028682697887786e-07,3.964361445294588e-52
2009-11-30,0,risk_on,0.999999930892957,6.910739020375026e-08,4.741039445362412e-52
2009-12-01,0,risk_on,0.9999995999442836,4.000553758793932e-07,6.790332640295318e-51
2009-12-02,0,risk_on,0.9999998699331711,1.3006684273565505e-07,2.5196671333232983e-51
2009-12-03,0,risk_on,0.9999999943775038,5.6222572547691015e-09,4.556002927836549e-54
2009-12-04,0,risk_on,0.9999999973424565,2.6573710536455105e-09,6.05907091267123e-56
2009-12-07,0,risk_on,0.9999999946012395,5.399507690313581e-09,8.63317787907608e-57
2009-12-08,0,risk_on,0.9999999813135221,1.8685693261706136e-08,3.077671402383698e-53
2009-12-09,0,risk_on,0.9999997964878483,2.035119838455761e-07,3.142340696545961e-52
2009-12-10,0,risk_on,0.9999998445509967,1.5544961240659138e-07,4.927680264144906e-55
2009-12-11,0,risk_on,0.9999998851817574,1.1481803666786645e-07,8.00099928203914e-57
2009-12-14,0,risk_on,0.9999999932551873,6.743953164816623e-09,2.8680155950749678e-58
2009-12-15,0,risk_on,0.9999999924712029,7.528949305257652e-09,1.0377474329189532e-57
2009-12-16,0,risk_on,0.9999998671664886,1.3283381818563962e-07,8.28989822060955e-56
2009-12-17,0,risk_on,0.9999999406190927,5.9381615560659864e-08,5.92492037984612e-52
2009-12-18,0,risk_on,0.9999999452502394,5.474951245104167e-08,5.67428569439064e-53
2009-12-21,0,risk_on,0.9999999850497262,1.4950335589389138e-08,9.301068563469463e-53
2009-12-22,0,risk_on,0.9999999957344698,4.265287991174073e-09,3.828744918687218e-49
2009-12-23,0,risk_on,0.9999999530409707,4.6958465025908655e-08,1.015786127703189e-46
2009-12-24,0,risk_on,0.9999999404244608,5.957603263889328e-08,1.3962330716302486e-46
2009-12-28,0,risk_on,0.9999998361072492,1.6389258339390213e-07,4.4333611945799885e-46
2009-12-29,0,risk_on,0.9999998237217524,1.7627851657816058e-07,5.8270148996328455e-46
2009-12-30,0,risk_on,0.9999997838949872,2.161043327741362e-07,1.8597147428950406e-45
2009-12-31,0,risk_on,0.9999997663581144,2.336423523598467e-07,7.0275734488063e-47
2010-01-04,0,risk_on,0.9999999523370218,4.7662824129231755e-08,1.3859511576233065e-46
2010-01-05,0,risk_on,0.9999999911578925,8.842986245615691e-09,6.769314877132161e-47
2010-01-06,0,risk_on,0.9999999964256858,3.57431206079868e-09,1.269080153807023e-47
2010-01-07,0,risk_on,0.9999999968040356,3.1962353034135857e-09,2.4030245571294346e-48
2010-01-08,0,risk_on,0.9999999993524398,6.475936644070214e-10,6.275307828649199e-50
2010-01-11,0,risk_on,0.9999999993415258,6.590586229633412e-10,1.2711790222415576e-48
2010-01-12,0,risk_on,0.9999999987721822,1.2282131582718895e-09,1.4341777052533347e-47
2010-01-13,0,risk_on,0.9999999990577635,9.415008386234128e-10,4.267051919823359e-48
2010-01-14,0,risk_on,0.9999999997235136,2.7683496070526596e-10,1.0687895875314872e-48
2010-01-15,0,risk_on,0.9999999985284376,1.4722736824603755e-09,1.2334021968685527e-45
2010-01-19,0,risk_on,0.9999999994088284,5.919219516206596e-10,9.309694942841237e-49
2010-01-20,0,risk_on,0.9999999997162377,2.840992943864326e-10,3.421826848540249e-46
2010-01-21,0,risk_on,0.9999999915489752,8.451126734546169e-09,2.2840563891086593e-39
2010-01-22,0,risk_on,0.9999941723332728,5.827666797080896e-06,7.933282781196002e-35
2010-01-25,0,risk_on,0.9999995163963181,4.836040315204512e-07,2.2507492545711473e-37
2010-01-26,0,risk_on,0.9999997445411608,2.554582095200043e-07,2.368071806928824e-35
2010-01-27,0,risk_on,0.9999986570101024,1.3429898163140184e-06,8.623807504854826e-32
2010-01-28,0,risk_on,0.9999893976981165,1.0602302269500397e-05,4.1654664804758134e-29
2010-01-29,0,risk_on,0.9999615731883761,3.8426812506984803e-05,4.119352792234553e-28
2010-02-01,0,risk_on,0.9999994179217413,5.820781670722898e-07,3.220526648570012e-32
2010-02-02,0,risk_on,0.9999990817491048,9.182515327126487e-07,4.605695469817518e-32
2010-02-03,0,risk_on,0.9997929946066196,0.0002070053936957743,2.466229424304911e-32
2010-02-04,1,inflation_rates_shock,0.36478151390154046,0.6352184860983767,7.474710793219965e-23
2010-02-05,1,inflation_rates_shock,0.018772548938113098,0.9812274510617954,1.9649624710402628e-22
2010-02-08,1,inflation_rates_shock,0.0015888767137656368,0.9984111232865622,3.610655074327655e-23
2010-02-09,1,inflation_rates_shock,0.0021879589142015372,0.997812041085556,1.5340101269401162e-24
2010-02-10,1,inflation_rates_shock,0.0041969620245165045,0.9958030379754278,7.496148820181754e-25
2010-02-11,1,inflation_rates_shock,0.10916532769558186,0.8908346723042968,3.303490325637412e-25
2010-02-12,1,inflation_rates_shock,0.21741941858865102,0.7825805814120651,2.2709919835057572e-26
2010-02-16,0,risk_on,0.7442005557088144,0.25579944429204493,1.8049516575796805e-29
2010-02-17,0,risk_on,0.9940990981561145,0.005900901843329248,2.099409135111397e-31
2010-02-18,0,risk_on,0.9998862064288145,0.00011379357094995383,9.051666059672754e-34
2010-02-19,0,risk_on,0.999998743381064,1.2566186873199947e-06,5.8286118551797054e-33
2010-02-22,0,risk_on,0.9999994335213854,5.664781042007018e-07,2.800036545699206e-31
2010-02-23,0,risk_on,0.999969570398264,3.0429600864293687e-05,1.399192345537731e-28
2010-02-24,0,risk_on,0.9999982349688368,1.7650308670601026e-06,5.272527554188821e-30
2010-02-25,0,risk_on,0.9999961776630081,3.822337016353791e-06,5.649872728027674e-29
2010-02-26,0,risk_on,0.9999982520945919,1.7479056861474156e-06,3.7298656296801834e-29
2010-03-01,0,risk_on,0.9999982081824464,1.7918179300430307e-06,4.4152830660274826e-29
2010-03-02,0,risk_on,0.9999932689542291,6.731045531612715e-06,3.220522724256338e-28
2010-03-03,0,risk_on,0.9999982477181111,1.752282733631797e-06,1.9240534869267008e-29
2010-03-04,0,risk_on,0.9999989517697068,1.048231061795854e-06,2.0786951610274172e-31
2010-03-05,0,risk_on,0.9999991994685409,8.005313478335705e-07,8.22000539336236e-31
2010-03-08,0,risk_on,0.9999901171665398,9.882833232084817e-06,7.232436323822714e-28
2010-03-09,0,risk_on,0.9999337346381603,6.626536217557816e-05,1.0183976582374646e-28
2010-03-10,0,risk_on,0.9999027238377359,9.727616191381284e-05,3.1671161542285855e-29
2010-03-11,0,risk_on,0.9999801044865431,1.989551341411216e-05,2.5369042943169437e-29
2010-03-12,0,risk_on,0.9999016327582003,9.836724144358828e-05,6.776824820850551e-29
2010-03-15,0,risk_on,0.9999904073652834,9.592635380274133e-06,5.291828196101705e-32
2010-03-16,0,risk_on,0.9999949316844523,5.068315786773425e-06,1.728315003913963e-32
2010-03-17,0,risk_on,0.9999997447976382,2.55201947106492e-07,3.577033040101211e-35
2010-03-18,0,risk_on,0.9999998929870402,1.0701227332495523e-07,5.975190783828942e-35
2010-03-19,0,risk_on,0.999999901618144,9.83817261449503e-08,2.2819907976114014e-34
2010-03-22,0,risk_on,0.9999999825868146,1.7412276394308755e-08,1.819518118377025e-36
2010-03-23,0,risk_on,0.9999999916599336,8.339947033469673e-09,2.1395545522595102e-36
2010-03-24,0,risk_on,0.9999999928204488,7.179172898980451e-09,4.0353908100140747e-38
2010-03-25,0,risk_on,0.9999999940428097,5.9577428838739885e-09,7.247476167489519e-39
2010-03-26,0,risk_on,0.9999999921492417,7.850229632243558e-09,6.073235721348217e-39
2010-03-29,0,risk_on,0.9999999932879291,6.712846961311978e-09,2.333209608136338e-39
2010-03-30,0,risk_on,0.9999999961146386,3.885810159169534e-09,1.5300377808460571e-41
2010-03-31,0,risk_on,0.999999999150532,8.494457607200719e-10,1.876637183183754e-42
2010-04-01,0,risk_on,0.999999999314241,6.865014984034977e-10,4.168131264901615e-41
2010-04-05,0,risk_on,0.9999999991669029,8.329819322650349e-10,1.0747830261005938e-37
2010-04-06,0,risk_on,0.9999999979208951,2.079975040724357e-09,2.4917781311680464e-39
2010-04-07,0,risk_on,0.9999999984793249,1.5202496819566573e-09,1.5742202459489675e-38
2010-04-08,0,risk_on,0.9999999987721822,1.228501330793133e-09,4.469508475362469e-39
2010-04-09,0,risk_on,0.9999999985739123,1.4268405742458201e-09,4.305970683734796e-39
2010-04-12,0,risk_on,0.9999999978572305,2.1422992855559993e-09,7.909393555084364e-38
2010-04-13,0,risk_on,0.999999997256964,2.7430753929860934e-09,6.932278959518341e-38
2010-04-14,0,risk_on,0.9999999989904609,1.0094974377483958e-09,1.4246133572413829e-36
2010-04-15,0,risk_on,0.9999999986794137,1.3206046139796985e-09,5.945039545128385e-38
2010-04-16,0,risk_on,0.9999999966494215,3.3496734682050413e-09,3.0752552660665266e-35
2010-04-19,0,risk_on,0.9999999983192538,1.681403324908434e-09,8.167976837129185e-35
2010-04-20,0,risk_on,0.9999999966075848,3.39161414570171e-09,2.3772462399995398e-36
2010-04-21,0,risk_on,0.9999999993033271,6.967764662918977e-10,4.670475871419102e-38
2010-04-22,0,risk_on,0.999999999659849,3.3980528834888804e-10,7.011886258479383e-39
2010-04-23,0,risk_on,0.9999999996343831,3.6524452421072827e-10,1.8304251915486426e-36
2010-04-26,0,risk_on,0.9999999996380211,3.6288783038163945e-10,6.096886982487373e-35
2010-04-27,0,risk_on,0.9999999791598386,2.0840201997965058e-08,3.4277828580302884e-31
2010-04-28,0,risk_on,0.9999999982228474,1.7772341036771654e-09,4.7737551761640185e-33
2010-04-29,0,risk_on,0.9999999982082954,1.7921054244407075e-09,7.806361862341836e-32
2010-04-30,0,risk_on,0.9999999736537578,2.6345555395099352e-08,7.517827305514591e-29
2010-05-03,0,risk_on,0.9999999525789474,4.742032313127468e-08,7.379049188432816e-27
2010-05-04,0,risk_on,0.9995249928703505,0.0004750071291840982,1.0768059464040932e-20
2010-05-05,0,risk_on,0.8793104445868354,0.12068955541326641,1.4739690548588992e-17
2010-05-06,1,inflation_rates_shock,5.315262386481222e-08,0.9999999468400361,7.919159185291998e-12
2010-05-07,1,inflation_rates_shock,9.12435785548705e-19,1.0,1.803081985337901e-14
2010-05-10,1,inflation_rates_shock,1.3854254423800964e-09,0.9999999986139301,1.1272595208854025e-15
2010-05-11,1,inflation_rates_shock,1.6847738766008906e-09,0.9999999983156158,4.60326830819726e-16
2010-05-12,1,inflation_rates_shock,3.5130450913457784e-09,0.9999999964875315,9.760998049248222e-17
2010-05-13,1,inflation_rates_shock,1.639322197471167e-08,0.9999999836072676,2.0054225806313384e-17
2010-05-14,1,inflation_rates_shock,8.320923924688912e-12,0.999999999990905,1.9498406064113424e-15
2010-05-17,1,inflation_rates_shock,4.2973217475126244e-10,0.9999999995707185,1.0340319737765828e-15
2010-05-18,1,inflation_rates_shock,8.21302051611779e-13,1.0,6.229204242432202e-15
2010-05-19,1,inflation_rates_shock,1.3794112799535225e-15,1.0,9.897008865379246e-14
2010-05-20,1,inflation_rates_shock,5.774865694315567e-28,0.9999999986775947,1.3216838351421013e-09
2010-05-21,1,inflation_rates_shock,1.345116899333861e-22,0.9999999999563443,4.393616575425613e-11
2010-05-24,1,inflation_rates_shock,1.4964475126954634e-20,0.999999999996362,3.4356917172221383e-12
2010-05-25,1,inflation_rates_shock,6.4349989945372755e-19,0.999999999998181,1.6938766203295893e-12
2010-05-26,1,inflation_rates_shock,4.525886240162582e-19,1.0,1.867735232397315e-13
2010-05-27,1,inflation_rates_shock,1.242042509112459e-16,1.0,1.2499548753811606e-13
2010-05-28,1,inflation_rates_shock,3.808404995035691e-17,1.0,1.47570946914703e-14
2010-06-01,1,inflation_rates_shock,9.984181182153635e-20,1.0,3.924236741263233e-13
2010-06-02,1,inflation_rates_shock,1.6975591717463654e-17,1.0,1.7051561384606232e-13
2010-06-03,1,inflation_rates_shock,4.641879341738048e-17,1.0,1.2878656464115916e-14
2010-06-04,1,inflation_rates_shock,5.537757158233002e-23,1.0,2.135544535122683e-14
2010-06-07,1,inflation_rates_shock,2.105677411989126e-28,1.0,7.962785492198303e-16
2010-06-08,1,inflation_rates_shock,6.249332245308098e-29,1.0,8.864365169230456e-16
2010-06-09,1,inflation_rates_shock,7.64621744617972e-23,1.0,7.834644128583395e-16
2010-06-10,1,inflation_rates_shock,5.536384246885167e-19,1.0,1.3788614989307038e-16
2010-06-11,1,inflation_rates_shock,1.1589047548927728e-16,1.0,2.4782841264428504e-16
2010-06-14,1,inflation_rates_shock,5.927295271385585e-19,1.0,1.9651062289526213e-16
2010-06-15,1,inflation_rates_shock,3.2853457439197753e-20,1.0,6.170584147669689e-17
2010-06-16,1,inflation_rates_shock,2.4381631947210824e-20,1.0,2.1875530146596898e-17
2010-06-17,1,inflation_rates_shock,1.786891634523542e-21,1.0,3.84661423295004e-17
2010-06-18,1,inflation_rates_shock,4.075404965270734e-24,1.0,4.129277268939859e-17
2010-06-21,1,inflation_rates_shock,3.1946597989400483e-37,1.0,4.6970973814608016e-17
2010-06-22,1,inflation_rates_shock,1.462794357220708e-28,1.0,2.4443929027765318e-17
2010-06-23,1,inflation_rates_shock,6.551011464305004e-29,1.0,9.952650344846527e-19
2010-06-24,1,inflation_rates_shock,1.492926063804136e-29,1.0,1.2252977791603392e-17
2010-06-25,1,inflation_rates_shock,1.29272040408339e-30,1.0,1.114917041734381e-17
2010-06-28,1,inflation_rates_shock,1.2756742907359035e-23,1.0,2.711533307875281e-18
2010-06-29,1,inflation_rates_shock,1.8541300347966933e-31,1.0,3.1418391615511945e-16
2010-06-30,1,inflation_rates_shock,1.810884658595721e-35,1.0,7.662075653165937e-16
2010-07-01,1,inflation_rates_shock,2.849853037471726e-35,1.0,2.8145831573804997e-15
2010-07-02,1,inflation_rates_shock,1.3569153850124202e-40,1.0,2.931570331174162e-15
2010-07-06,1,inflation_rates_shock,5.838008534344534e-48,1.0,2.1177082504066006e-14
2010-07-07,1,inflation_rates_shock,1.3507665926855025e-43,1.0,4.636538305898737e-15
2010-07-08,1,inflation_rates_shock,2.4493438957719055e-38,1.0,1.8344097299577325e-16
2010-07-09,1,inflation_rates_shock,7.535206619143931e-37,1.0,9.297983038124059e-17
2010-07-12,1,inflation_rates_shock,6.96154114475319e-31,1.0,1.942225810258896e-17
2010-07-13,1,inflation_rates_shock,6.551751478626278e-26,1.0,4.747839030052747e-18
2010-07-14,1,inflation_rates_shock,8.143202693721476e-26,1.0,4.650131872925898e-17
2010-07-15,1,inflation_rates_shock,1.2046056391677272e-23,1.0,1.595519312134915e-16
2010-07-16,1,inflation_rates_shock,6.367747665718209e-30,1.0,4.397581324586416e-16
2010-07-19,1,inflation_rates_shock,2.545111128691252e-28,1.0,4.249009149423479e-16
2010-07-20,1,inflation_rates_shock,9.109368691693417e-28,1.0,1.2367776591061168e-16
2010-07-21,1,inflation_rates_shock,5.7805994382711615e-30,1.0,2.7258793973391996e-16
2010-07-22,1,inflation_rates_shock,2.6741225770004833e-27,1.0,6.38965926011244e-17
2010-07-23,1,inflation_rates_shock,2.879870072132796e-26,1.0,1.9107539570844864e-17
2010-07-26,1,inflation_rates_shock,5.8721622277322e-26,1.0,1.1634493628104474e-17
2010-07-27,1,inflation_rates_shock,6.55431722230555e-25,1.0,1.9960355890334255e-17
2010-07-28,1,inflation_rates_shock,6.721174027145727e-26,1.0,4.5244936179288636e-17
2010-07-29,1,inflation_rates_shock,5.621688953102818e-31,1.0,2.419491268719306e-16
2010-07-30,1,inflation_rates_shock,5.351490301626101e-34,1.0,6.470809753977304e-16
2010-08-02,1,inflation_rates_shock,6.1948467312721356e-30,1.0,6.66280663897883e-17
2010-08-03,1,inflation_rates_shock,1.45850628879434e-32,1.0,2.991635477832472e-16
2010-08-04,1,inflation_rates_shock,6.562386368189545e-30,1.0,5.381422124056529e-16
2010-08-05,1,inflation_rates_shock,4.782952976751636e-24,1.0,6.504446636754635e-17
2010-08-06,1,inflation_rates_shock,6.791010701963321e-25,1.0,2.0681179225296095e-17
2010-08-09,1,inflation_rates_shock,5.846605609276125e-20,1.0,3.9424006869318055e-18
2010-08-10,1,inflation_rates_shock,5.379235086930612e-21,1.0,3.367720037434057e-19
2010-08-11,1,inflation_rates_shock,1.740084680015085e-25,1.0,4.4158353140433293e-17
2010-08-12,1,inflation_rates_shock,1.6702813655551834e-25,1.0,1.5785204363842476e-16
2010-08-13,1,inflation_rates_shock,1.3202196187566537e-24,1.0,8.984233278268528e-17
2010-08-16,1,inflation_rates_shock,9.000542325954762e-30,1.0,5.601971847921796e-15
2010-08-17,1,inflation_rates_shock,8.501406159963984e-27,1.0,4.454992045076201e-16
2010-08-18,1,inflation_rates_shock,9.678837670393128e-26,1.0,1.925505192802828e-15
2010-08-19,1,inflation_rates_shock,3.3494532444600016e-31,1.0,1.2009918591493073e-13
2010-08-20,1,inflation_rates_shock,1.921084617574325e-29,1.0,2.683802280534902e-14
2010-08-23,1,inflation_rates_shock,6.608426385631808e-31,1.0,4.322962286929967e-14
2010-08-24,1,inflation_rates_shock,6.785657930701695e-34,1.0,1.7578470483629946e-13
2010-08-25,1,inflation_rates_shock,2.479440973853212e-34,1.0,2.47076473699737e-13
2010-08-26,1,inflation_rates_shock,1.106539977730713e-32,1.0,3.632178405506199e-14
2010-08-27,1,inflation_rates_shock,2.1356218445352514e-31,1.0,5.701034221020906e-14
2010-08-30,1,inflation_rates_shock,4.100902241148804e-35,1.0,2.862955289367103e-13
2010-08-31,1,inflation_rates_shock,4.0825545459319546e-34,1.0,4.781093957168428e-13
2010-09-01,1,inflation_rates_shock,2.5624460879914933e-25,1.0,8.283260052545833e-15
2010-09-02,1,inflation_rates_shock,2.3570729008724142e-22,1.0,1.7615081017238301e-15
2010-09-03,1,inflation_rates_shock,7.386844015638046e-21,1.0,3.4943985013620062e-15
2010-09-07,1,inflation_rates_shock,1.308012161787846e-22,1.0,3.970870268785738e-15
2010-09-08,1,inflation_rates_shock,3.624992260045428e-20,1.0,2.0895688692598525e-16
2010-09-09,1,inflation_rates_shock,4.573119244243854e-17,1.0,5.616133923104576e-19
2010-09-10,1,inflation_rates_shock,1.6327271691086735e-21,1.0,1.120392232431245e-18
2010-09-13,1,inflation_rates_shock,4.05951385995637e-20,1.0,1.024992789071213e-19
2010-09-14,1,inflation_rates_shock,2.207286840930484e-17,1.0,8.811216500649873e-21
2010-09-15,1,inflation_rates_shock,1.5447631313750029e-16,1.0,2.7701677162698852e-21
2010-09-16,1,inflation_rates_shock,1.2689566008318527e-15,1.0,2.7461475943518393e-21
2010-09-17,1,inflation_rates_shock,4.548413994264786e-15,1.0,1.5655272256398985e-21
2010-09-20,1,inflation_rates_shock,1.2088033801711178e-14,1.0,5.149171965231149e-22
2010-09-21,1,inflation_rates_shock,2.6628908508076342e-15,1.0,9.73268412133393e-22
2010-09-22,1,inflation_rates_shock,4.9602609196970376e-17,1.0,6.1696549728380156e-21
2010-09-23,1,inflation_rates_shock,1.3706872734613046e-20,1.0,6.821967524594164e-20
2010-09-24,1,inflation_rates_shock,1.0489476327714143e-16,1.0,7.211326477415519e-21
2010-09-27,1,inflation_rates_shock,1.779316488447645e-17,1.0,7.869683718893097e-20
2010-09-28,1,inflation_rates_shock,6.028820983535565e-16,1.0,1.173939044483901e-20
2010-09-29,1,inflation_rates_shock,2.335721851545455e-17,1.0,1.2805608500806809e-20
2010-09-30,1,inflation_rates_shock,1.066716385568328e-18,1.0,4.5248972431176094e-20
2010-10-01,1,inflation_rates_shock,4.145689681101616e-14,1.0,2.626190483206996e-22
2010-10-04,1,inflation_rates_shock,3.10629002729923e-13,1.0,6.273768505775478e-23
2010-10-05,1,inflation_rates_shock,6.7055825914344644e-09,0.9999999932952051,3.425794199958884e-26
2010-10-06,1,inflation_rates_shock,6.832262668023799e-10,0.99999999931606,2.3552440661697777e-26
2010-10-07,1,inflation_rates_shock,1.0598643267802838e-09,0.9999999989395292,1.9663589744153408e-27
2010-10-08,1,inflation_rates_shock,2.905369281958869e-09,0.9999999970950739,6.525649735034328e-29
2010-10-11,1,inflation_rates_shock,4.067604931604286e-08,0.9999999593237597,6.093735670732871e-29
2010-10-12,1,inflation_rates_shock,2.5362023648493255e-06,0.9999974637972048,2.7723658922794036e-30
2010-10-13,1,inflation_rates_shock,1.2884721662385961e-06,0.9999987115269621,3.475744491043742e-32
2010-10-14,1,inflation_rates_shock,4.714889395674886e-07,0.9999995285107818,6.50574708516274e-33
2010-10-15,1,inflation_rates_shock,6.561361711023235e-05,0.9999343863827408,2.5237522533098978e-34
2010-10-18,1,inflation_rates_shock,0.004899654310432202,0.9951003456894323,1.5989199424157165e-35
2010-10-19,1,inflation_rates_shock,0.0813794062405274,0.9186205937589232,1.00787693753222e-35
2010-10-20,0,risk_on,0.9547868148279997,0.045213185171817945,5.229643987745856e-40
2010-10-21,0,risk_on,0.9977299084821557,0.002270091518648621,8.54197328794844e-40
2010-10-22,0,risk_on,0.9992951160955518,0.0007048839041249029,6.88259740486086e-41
2010-10-25,0,risk_on,0.9999472555877761,5.274441158072913e-05,4.0027127412888725e-43
2010-10-26,0,risk_on,0.9999636049999227,3.639500055208127e-05,7.402992602835435e-44
2010-10-27,0,risk_on,0.999997707464799,2.2925358641110326e-06,2.3067468717489502e-43
2010-10-28,0,risk_on,0.9999955876180168,4.412382454528142e-06,2.021707538591274e-44
2010-10-29,0,risk_on,0.9999961398972952,3.8601019032552165e-06,7.522435832393945e-47
2010-11-01,0,risk_on,0.9999977529248789,2.2470757069628607e-06,1.271341312994257e-47
2010-11-02,0,risk_on,0.9999978540950284,2.1459054562895162e-06,3.3756612637122853e-48
2010-11-03,0,risk_on,0.9999837822711883,1.621772965743933e-05,2.256983106838958e-48
2010-11-04,0,risk_on,0.9999982020942999,1.7979049795097238e-06,8.921914978629838e-51
2010-11-05,0,risk_on,0.9999990706569177,9.293424689273463e-07,6.23868178225451e-53
2010-11-08,0,risk_on,0.9999998051353222,1.948640252434229e-07,2.9733879028854883e-53
2010-11-09,0,risk_on,0.9999999566825872,4.3317402951043894e-08,1.8205134512238793e-54
2010-11-10,0,risk_on,0.9999999748342819,2.516634380283149e-08,1.541452210681038e-57
2010-11-11,0,risk_on,0.9999999900610419,9.938470856982938e-09,5.722868420653204e-58
2010-11-12,0,risk_on,0.9999999790470613,2.095293768097386e-08,1.2166445057550496e-53
2010-11-15,0,risk_on,0.9999999949104676,5.088812677115787e-09,6.389617032228825e-55
2010-11-16,0,risk_on,0.9999998890271006,1.1097257715724182e-07,6.297911387664982e-48
2010-11-17,0,risk_on,0.9999999028495997,9.715052381136371e-08,1.6547902228985453e-49
2010-11-18,0,risk_on,0.9999999909268809,9.073557378790777e-09,1.3083767860858376e-53
2010-11-19,0,risk_on,0.9999999807914721,1.9208319874823375e-08,1.1204304886988996e-52
2010-11-22,0,risk_on,0.9999999856627255,1.4338136743504975e-08,2.668764155331696e-52
2010-11-23,0,risk_on,0.9999995459839859,4.540157700981258e-07,2.4379113374513235e-48
2010-11-24,0,risk_on,0.9999999440078697,5.599225169591768e-08,1.8449494041339408e-49
2010-11-26,0,risk_on,0.9999997733612219,2.2663867283892874e-07,1.6595430875763583e-48
2010-11-29,0,risk_on,0.9999992866744649,7.133255199574662e-07,8.926620769082379e-51
2010-11-30,0,risk_on,0.9999985434689427,1.456531944303769e-06,4.540474265485032e-51
2010-12-01,0,risk_on,0.9999999701394704,2.986036081189289e-08,3.7359307051952378e-59
2010-12-02,0,risk_on,0.9999999868960003,1.3103383674555066e-08,6.595282688233779e-63
2010-12-03,0,risk_on,0.9999999974897946,2.509693207408675e-09,1.28125605602393e-66
2010-12-06,0,risk_on,0.999999966103133,3.3896846847178716e-08,9.747720816250665e-72
2010-12-07,0,risk_on,0.999999775674976,2.2432470332291509e-07,4.864113675724299e-75
2010-12-08,0,risk_on,0.9999998905077578,1.0949204318416899e-07,5.662193363600315e-70
2010-12-09,0,risk_on,0.9999999346473508,6.535350781248724e-08,3.4041032703321447e-66
2010-12-10,0,risk_on,0.999998211915006,1.7880856477669924e-06,2.1741084065174983e-64
2010-12-13,0,risk_on,0.9999993105359511,6.894634880773664e-07,1.493673249476545e-63
2010-12-14,0,risk_on,0.9999986201064955,1.3798942619114303e-06,4.0504847827709815e-61
2010-12-15,0,risk_on,0.9999999914343789,8.565861969707423e-09,3.4793400125051836e-63
2010-12-16,0,risk_on,0.9999999981591827,1.840783781070086e-09,5.797853225175661e-66
2010-12-17,0,risk_on,0.9999999998581188,1.4122210541057815e-10,4.302010954211337e-64
2010-12-20,0,risk_on,0.9999999998708518,1.2937697396502897e-10,1.6131243454994395e-63
2010-12-21,0,risk_on,0.9999999997962732,2.0431759367326497e-10,4.154650871277105e-61
2010-12-22,0,risk_on,0.9999999996198312,3.79586628351917e-10,1.0088789363952753e-59
2010-12-23,0,risk_on,0.999999991254299,8.745784408461558e-09,7.627711596798163e-63
2010-12-27,0,risk_on,0.9999999998035491,1.956744882685764e-10,1.5253063844980974e-66
2010-12-28,0,risk_on,0.9999999981992005,1.801361266314988e-09,1.0737010731060413e-65
2010-12-29,0,risk_on,0.9999999998108251,1.8932006025075275e-10,7.203101178831661e-65
2010-12-30,0,risk_on,0.999999998795829,1.2041704989576612e-09,6.406091790495225e-65
2010-12-31,0,risk_on,0.9999999998617568,1.3778991348166855e-10,2.5138201520458258e-67
2011-01-03,0,risk_on,0.9999999999090505,9.150212504382685e-11,2.413833061996911e-64
2011-01-04,0,risk_on,0.9999999998417479,1.5743484740819417e-10,9.805782736341085e-68
2011-01-05,0,risk_on,0.9999999997307896,2.692343947010082e-10,7.986433826435905e-66
2011-01-06,0,risk_on,0.9999999999599822,3.926284579129031e-11,1.8829332814450052e-64
2011-01-07,0,risk_on,0.9999999999745341,2.61128777450225e-11,3.8132137914444855e-64
2011-01-10,0,risk_on,0.9999999999072315,9.231035218566414e-11,1.0210247760689304e-62
2011-01-11,0,risk_on,0.9999999997453415,2.5470579375695576e-10,1.8578091846872562e-60
2011-01-12,0,risk_on,0.9999999998908606,1.0931350868441903e-10,8.546135145197178e-59
2011-01-13,0,risk_on,0.9999999992705852,7.28510787710353e-10,2.3165614119896772e-55
2011-01-14,0,risk_on,0.9999999985211616,1.478532067601559e-09,1.4951507869212656e-53
2011-01-18,0,risk_on,0.999999999654392,3.452390101100859e-10,5.9068164060139316e-55
2011-01-19,0,risk_on,0.9999999996125553,3.870742815125448e-10,1.7909446873587543e-51
2011-01-20,0,risk_on,0.999999998792191,1.2077241328671664e-09,1.8544023325095377e-50
2011-01-21,0,risk_on,0.9999999957235559,4.277080195479492e-09,1.5694867301831468e-50
2011-01-24,0,risk_on,0.9999999966148607,3.3846973342512915e-09,1.2211921236491359e-50
2011-01-25,0,risk_on,0.9999999897663656,1.0233024357717215e-08,9.848845698369794e-51
2011-01-26,0,risk_on,0.9999999985775503,1.4220514063426262e-09,7.090466418662248e-52
2011-01-27,0,risk_on,0.9999999923147698,7.68559177585003e-09,1.5447193102106057e-49
2011-01-28,0,risk_on,0.9999999983319867,1.6677041985100606e-09,7.500163582336171e-50
2011-01-31,0,risk_on,0.999999998623025,1.376527827325209e-09,7.933231992320655e-51
2011-02-01,0,risk_on,0.999999999488864,5.104854689283685e-10,5.160530009947309e-50
2011-02-02,0,risk_on,0.9999999995234248,4.766292091419589e-10,5.575411253401285e-50
2011-02-03,0,risk_on,0.9999999996925908,3.0737343372155255e-10,1.941294940236704e-49
2011-02-04,0,risk_on,0.9999999990050128,9.953245459283404e-10,1.89484297332283e-46
2011-02-07,0,risk_on,0.9999999997489795,2.50135725791065e-10,3.030251944678245e-46
2011-02-08,0,risk_on,0.9999999996871338,3.1375308209359826e-10,4.289772058160541e-45
2011-02-09,0,risk_on,0.9999999994306563,5.701958452339215e-10,1.7858001889354268e-42
2011-02-10,0,risk_on,0.9999999990304786,9.699570406482104e-10,5.520512312137956e-42
2011-02-11,0,risk_on,0.9999999994415703,5.58803324434837e-10,1.8672753969507758e-42
2011-02-14,0,risk_on,0.999999997593477,2.4068495429587413e-09,2.5450476108953297e-41
2011-02-15,0,risk_on,0.9999999998108251,1.8830681834341916e-10,4.1924108094014066e-42
2011-02-16,0,risk_on,0.9999999990377546,9.623167553387226e-10,1.7684132227240537e-42
2011-02-17,0,risk_on,0.9999999994342943,5.662965763099936e-10,3.088414155664434e-43
2011-02-18,0,risk_on,0.9999999999399733,6.055133777783566e-11,8.158543260392271e-45
2011-02-22,0,risk_on,0.9999999944666342,5.5326204274640255e-09,3.535897076140821e-40
2011-02-23,0,risk_on,0.9999999877800292,1.2219656917341115e-08,8.179178239311224e-40
2011-02-24,0,risk_on,0.9999999894207576,1.058009879052198e-08,2.817024782177036e-40
2011-02-25,0,risk_on,0.9999999996216502,3.7779437592438007e-10,4.575863068072466e-45
2011-02-28,0,risk_on,0.9999999994706741,5.288442164467338e-10,5.469020983388278e-44
2011-03-01,0,risk_on,0.9999999902447598,9.756012585457694e-09,5.290784747356925e-42
2011-03-02,0,risk_on,0.9999999875435606,1.2456933716901777e-08,5.909903518593939e-44
2011-03-03,0,risk_on,0.9999999999017746,9.902377831407338e-11,2.1999317145509344e-51
2011-03-04,0,risk_on,0.9999999997962732,2.0360312197533397e-10,3.433855305297017e-49
2011-03-07,0,risk_on,0.9999999989468051,1.0531576793670976e-09,2.574992617690777e-48
2011-03-08,0,risk_on,0.9999999990286597,9.707737984558735e-10,1.1743693781993788e-47
2011-03-09,0,risk_on,0.9999999943702278,5.629528908681588e-09,3.6644956482494986e-45
2011-03-10,0,risk_on,0.9999999439987748,5.600150307761822e-08,7.723030605507258e-42
2011-03-11,0,risk_on,0.9999999964420567,3.5586120307349588e-09,1.3227959470009438e-42
2011-03-14,0,risk_on,0.9999999838946679,1.6104892598311542e-08,2.1341079441404857e-40
2011-03-15,0,risk_on,0.9999978258025283,2.1741981602774117e-06,1.0015388814266021e-36
2011-03-16,0,risk_on,0.9992997770076737,0.0007002229921760164,7.12374025898811e-33
2011-03-17,0,risk_on,0.9997722915484638,0.00022770845075038834,1.3078058735598594e-34
2011-03-18,0,risk_on,0.9999980160265877,1.9839726466655287e-06,1.5355239789241828e-38
2011-03-21,0,risk_on,0.9999999757910704,2.4209008931094268e-08,8.129026547643975e-40
2011-03-22,0,risk_on,0.999999991583536,8.41673080339899e-09,4.6132843914935e-40
2011-03-23,0,risk_on,0.9999999968786142,3.121426970932124e-09,2.9081851712812353e-40
2011-03-24,0,risk_on,0.9999999961364665,3.863957789258079e-09,5.992551601200776e-40
2011-03-25,0,risk_on,0.99999999794818,2.0511097840283764e-09,1.189005325786032e-39
2011-03-28,0,risk_on,0.9999999975389073,2.4616379819228586e-09,1.1218037521181968e-39
2011-03-29,0,risk_on,0.9999999956089596,4.391116985901069e-09,3.208704840179888e-40
2011-03-30,0,risk_on,0.9999999977972038,2.2025139582391917e-09,4.27197539228926e-41
2011-03-31,0,risk_on,0.9999999987030606,1.2970985306886536e-09,1.5448093087845711e-40
2011-04-01,0,risk_on,0.9999999942338036,5.765771378231808e-09,3.7489767877985607e-41
2011-04-04,0,risk_on,0.9999999982355803,1.7652111708507327e-09,4.879069874816354e-43
2011-04-05,0,risk_on,0.9999999982555892,1.745006150843771e-09,4.440619525759418e-42
2011-04-06,0,risk_on,0.9999999982192094,1.7816343538449858e-09,2.1079499341313012e-42
2011-04-07,0,risk_on,0.9999999947722245,5.227052013648638e-09,9.040496170831116e-43
2011-04-08,0,risk_on,0.9999999983301677,1.6691848590667585e-09,2.811094729927718e-43
2011-04-11,0,risk_on,0.9999999980063876,1.9941499841807103e-09,7.439930914451619e-41
2011-04-12,0,risk_on,0.9999999887677404,1.1231921652763026e-08,2.866136283989149e-38
2011-04-13,0,risk_on,0.9999996548122595,3.451875483096523e-07,4.7893217806675093e-35
2011-04-14,0,risk_on,0.999406179979716,0.0005938200193817664,4.463415300267169e-33
2011-04-15,0,risk_on,0.9999621958865681,3.780411311614968e-05,8.182000734775547e-39
2011-04-18,0,risk_on,0.9999999691535781,3.0846302895597046e-08,1.2389939361568933e-41
2011-04-19,0,risk_on,0.999999996056431,3.943346624462995e-09,3.5313435777442884e-43
2011-04-20,0,risk_on,0.9999999996125553,3.880350427593712e-10,9.804003400314512e-45
2011-04-21,0,risk_on,0.9999999997708073,2.288409227071824e-10,2.2508588525745268e-45
2011-04-25,0,risk_on,0.9999999995343387,4.657395656836859e-10,2.1982747723937832e-45
2011-04-26,0,risk_on,0.9999999996034603,3.9722903252447743e-10,8.151042556036499e-46
2011-04-27,0,risk_on,0.9999999998162821,1.8345048522046862e-10,1.7300559961839965e-44
2011-04-28,0,risk_on,0.999999999652573,3.4671678379909683e-10,1.1238457426897223e-44
2011-04-29,0,risk_on,0.9999999998181011,1.8162838558883882e-10,1.5502419413891957e-44
2011-05-02,0,risk_on,0.999999999823558,1.7673649943548953e-10,1.2363450892541902e-44
2011-05-03,0,risk_on,0.9999999996107363,3.892742043689186e-10,7.130070011261658e-45
2011-05-04,0,risk_on,0.9999999996998667,3.00498394465036e-10,1.1990091737247294e-42
2011-05-05,0,risk_on,0.9999999971296347,2.870111354225618e-09,1.595380215583859e-39
2011-05-06,0,risk_on,0.9999999964493327,3.5509540913218944e-09,1.3842948875472847e-40
2011-05-09,0,risk_on,0.9999999953215593,4.678230267015899e-09,8.39923969741086e-41
2011-05-10,0,risk_on,0.9999999931806087,6.819342023557444e-09,1.9827649779711078e-40
2011-05-11,0,risk_on,0.999999995368853,4.631157667102828e-09,1.9310755192277435e-38
2011-05-12,0,risk_on,0.9999999983538146,1.645400657151816e-09,1.8555707990531295e-38
2011-05-13,0,risk_on,0.999999995185135,4.814991990938082e-09,5.836426344263599e-35
2011-05-16,0,risk_on,0.9999999277224587,7.227788766169677e-08,8.190017946440489e-32
2011-05-17,0,risk_on,0.9999999506471807,4.935369332738475e-08,6.544974266054949e-32
2011-05-18,0,risk_on,0.999999987980118,1.2019068367320177e-08,6.108758897593234e-33
2011-05-19,0,risk_on,0.9999999619940362,3.800536773102124e-08,5.897443614961727e-31
2011-05-20,0,risk_on,0.9999999761821531,2.381845935235619e-08,1.4399928589984865e-33
2011-05-23,0,risk_on,0.9999999880437827,1.1956363362990523e-08,2.662394787351494e-34
2011-05-24,0,risk_on,0.9999999981973815,1.8028805841093375e-09,2.5635216136071087e-35
2011-05-25,0,risk_on,0.9999999973933882,2.6058067314718627e-09,9.594818835112467e-36
2011-05-26,0,risk_on,0.9999999949068297,5.093477594253432e-09,2.9469793765462337e-37
2011-05-27,0,risk_on,0.99999999845204,1.5477043418354096e-09,1.2351684822895193e-38
2011-05-31,0,risk_on,0.9999999984756869,1.525030279313733e-09,2.221682395375065e-38
2011-06-01,0,risk_on,0.9999999938645487,6.135546460450307e-09,2.1999169443088087e-35
2011-06-02,0,risk_on,0.9999999976625986,2.3374763516025286e-09,4.3537222566101685e-38
2011-06-03,0,risk_on,0.9999999981300789,1.870637674683264e-09,1.2722444904082937e-35
2011-06-06,0,risk_on,0.999999994684913,5.3155553120824725e-09,2.2236068338166854e-34
2011-06-07,0,risk_on,0.9999999936808308,6.319451393025071e-09,9.754261115064882e-35
2011-06-08,0,risk_on,0.999999967649274,3.235056711561398e-08,6.213785704447209e-34
2011-06-09,0,risk_on,0.9999999929768819,7.0226847684838395e-09,2.189634894534929e-34
2011-06-10,0,risk_on,0.9999998065977893,1.93401476753611e-07,3.2833204207272883e-31
2011-06-13,0,risk_on,0.9999998924631712,1.0753772994811785e-07,3.0246433809535915e-34
2011-06-14,0,risk_on,0.9999999986812327,1.317947604675185e-09,3.834438174749496e-35
2011-06-15,0,risk_on,0.9999995611270659,4.388724634829875e-07,4.23949319164379e-28
2011-06-16,0,risk_on,0.999924966451816,7.503354887083942e-05,1.2573585890357708e-28
2011-06-17,0,risk_on,0.9999994590326977,5.409676075846749e-07,1.0606466452102643e-33
2011-06-20,0,risk_on,0.9999999888605089,1.1139701359220346e-08,1.0065213171611038e-38
2011-06-21,0,risk_on,0.9999999992942321,7.051101146127452e-10,5.4388746294472326e-40
2011-06-22,0,risk_on,0.9999999946157914,5.384452322482865e-09,1.233705350391709e-36
2011-06-23,0,risk_on,0.999999995197868,4.801722467633334e-09,3.300520122935253e-36
2011-06-24,0,risk_on,0.9999998081984998,1.918012307626791e-07,1.279610629929214e-37
2011-06-27,0,risk_on,0.9999999939100235,6.090162964200915e-09,1.228905592048829e-41
2011-06-28,0,risk_on,0.9999999992360245,7.637619387839598e-10,7.760622303430521e-45
2011-06-29,0,risk_on,0.9999999997853593,2.139736760628981e-10,1.5171794182968588e-46
2011-06-30,0,risk_on,0.9999999999290594,7.176057305045752e-11,1.169233174545958e-47
2011-07-01,0,risk_on,0.9999999999618012,3.814878620057353e-11,1.16600574841582e-49
2011-07-05,0,risk_on,0.9999999999399733,6.020247274690417e-11,4.857190425061827e-49
2011-07-06,0,risk_on,0.9999999999508873,4.843217128057846e-11,9.458084797537181e-48
2011-07-07,0,risk_on,0.9999999993015081,6.993054544190477e-10,4.172067824854656e-47
2011-07-08,0,risk_on,0.9999999996452971,3.5457669627681825e-10,2.2619202918290666e-44
2011-07-11,0,risk_on,0.9999999964165909,3.582678704802126e-09,1.5589134664690047e-39
2011-07-12,0,risk_on,0.999999882731579,1.1726882288305292e-07,5.469655010824133e-37
2011-07-13,0,risk_on,0.9999999599003794,4.0099968298916324e-08,8.79740685477133e-39
2011-07-14,0,risk_on,0.999999987134288,1.2866174526627743e-08,1.8407239238149732e-39
2011-07-15,0,risk_on,0.9999999854680937,1.4532029863993055e-08,2.407624933812714e-38
2011-07-18,0,risk_on,0.9999976154459782,2.3845531879756347e-06,1.4278623043154246e-39
2011-07-19,0,risk_on,0.9999999917363311,8.26340428642891e-09,1.915482276219311e-47
2011-07-20,0,risk_on,0.9999999936280801,6.372012725130525e-09,1.967399764937411e-48
2011-07-21,0,risk_on,0.9999999990322976,9.672314448944963e-10,7.458936870924326e-51
2011-07-22,0,risk_on,0.9999999850970199,1.4902326254619763e-08,1.880307754141391e-48
2011-07-25,0,risk_on,0.9999999828960427,1.710388062145037e-08,4.146635439400473e-50
2011-07-26,0,risk_on,0.9999999541105363,4.58897348750156e-08,6.417866530691493e-48
2011-07-27,0,risk_on,0.9999997981685941,2.018305758220702e-07,1.783000769672369e-45
2011-07-28,0,risk_on,0.9999902882299033,9.711769804786938e-06,1.8467116200551276e-41
2011-07-29,0,risk_on,0.9939678801023704,0.006032119897481611,2.0780544165493137e-36
2011-08-01,0,risk_on,0.952864087114576,0.04713591288467876,7.198454867936362e-34
2011-08-02,1,inflation_rates_shock,0.04333170169579331,0.9566682983041223,1.3033427171196103e-25
2011-08-03,1,inflation_rates_shock,0.0030663604442544828,0.9969336395559407,8.513377303724328e-27
2011-08-04,1,inflation_rates_shock,6.148067903893783e-14,1.0,1.730968396087797e-20
2011-08-05,1,inflation_rates_shock,3.951922156878608e-17,1.0,4.623023919079064e-20
2011-08-08,1,inflation_rates_shock,1.3210503546067769e-42,1.0,2.1434498609625663e-13
2011-08-09,1,inflation_rates_shock,4.528775879932309e-34,1.0,8.089184824657201e-14
2011-08-10,1,inflation_rates_shock,4.008204599213256e-40,1.0,1.569363985003723e-15
2011-08-11,1,inflation_rates_shock,5.308207479268694e-36,1.0,1.416175530603499e-17
2011-08-12,1,inflation_rates_shock,5.517154802778522e-35,1.0,1.2861381413729523e-17
2011-08-15,1,inflation_rates_shock,6.141949395957664e-31,1.0,2.1934020168853355e-19
2011-08-16,1,inflation_rates_shock,3.2477322912800273e-31,1.0,5.753061106158382e-19
2011-08-17,1,inflation_rates_shock,6.687054260707032e-29,1.0,7.508992293211407e-21
2011-08-18,1,inflation_rates_shock,6.284246539792457e-41,1.0,2.2931868040441818e-17
2011-08-19,1,inflation_rates_shock,3.5742741451317187e-44,1.0,2.4265169844504876e-16
2011-08-22,1,inflation_rates_shock,2.2786969058122314e-43,1.0,8.178727842280472e-16
2011-08-23,1,inflation_rates_shock,1.4504750057001147e-36,1.0,7.595890000845708e-18
2011-08-24,1,inflation_rates_shock,8.473066758717987e-36,1.0,1.1124402886838107e-17
2011-08-25,1,inflation_rates_shock,2.3905034978613636e-38,1.0,2.5814667515523373e-17
2011-08-26,1,inflation_rates_shock,3.172571776211969e-35,1.0,1.8203074854870415e-17
2011-08-29,1,inflation_rates_shock,6.252053976951225e-33,1.0,7.8940626460065e-19
2011-08-30,1,inflation_rates_shock,4.983394136019793e-34,1.0,8.878330140873862e-17
2011-08-31,1,inflation_rates_shock,1.934318434621668e-37,1.0,9.718015840759152e-16
2011-09-01,1,inflation_rates_shock,1.2142659234251657e-39,1.0,1.766068252875542e-16
2011-09-02,1,inflation_rates_shock,9.245362057264693e-46,1.0,6.263311740952473e-14
2011-09-06,1,inflation_rates_shock,1.1257631025385306e-45,1.0,6.451088759371691e-13
2011-09-07,1,inflation_rates_shock,1.1911703197781113e-55,1.0,1.6077523973300612e-13
2011-09-08,1,inflation_rates_shock,2.415929384633563e-44,0.999999999996362,3.5056407778787736e-12
2011-09-09,1,inflation_rates_shock,6.430681304725162e-60,0.999999999996362,3.7332125144551745e-12
2011-09-12,1,inflation_rates_shock,1.6063691008774116e-48,1.0,6.273960783419853e-16
2011-09-13,1,inflation_rates_shock,1.7919514231891442e-44,1.0,7.870616303019446e-16
2011-09-14,1,inflation_rates_shock,6.606188503698238e-40,1.0,2.6164044989725133e-16
2011-09-15,1,inflation_rates_shock,3.317613138911659e-40,1.0,4.110911466669305e-17
2011-09-16,1,inflation_rates_shock,5.569893350218807e-39,1.0,4.2567738734364735e-17
2011-09-19,1,inflation_rates_shock,5.4395294689622256e-48,1.0,1.6309302798234072e-17
2011-09-20,1,inflation_rates_shock,7.265740564951308e-53,1.0,1.9464566471934102e-16
2011-09-21,1,inflation_rates_shock,1.2496146465713274e-60,1.0,3.808984484865185e-15
2011-09-22,1,inflation_rates_shock,5.210101968553766e-68,1.0,1.86828348499074e-13
2011-09-23,1,inflation_rates_shock,4.1462891664465356e-65,1.0,2.179797840685617e-14
2011-09-26,1,inflation_rates_shock,4.321084459951445e-61,1.0,2.227736620599558e-16
2011-09-27,1,inflation_rates_shock,6.4677714479530815e-55,1.0,3.04268639416283e-18
2011-09-28,1,inflation_rates_shock,3.3607435482635996e-51,1.0,7.080044817696352e-17
2011-09-29,1,inflation_rates_shock,1.1803887780497503e-49,1.0,2.0439846456378285e-16
2011-09-30,1,inflation_rates_shock,2.4688817166794504e-58,1.0,1.0421137756472568e-15
2011-10-03,1,inflation_rates_shock,6.479649591279922e-70,0.999999999998181,2.7277877401256723e-12
2011-10-04,1,inflation_rates_shock,5.197439293674714e-69,0.9999999999308784,6.9005536069926e-11
2011-10-05,1,inflation_rates_shock,4.105594931902389e-63,1.0,2.303705916215301e-14
2011-10-06,1,inflation_rates_shock,3.91695206257247e-55,1.0,5.220943930417625e-16
2011-10-07,1,inflation_rates_shock,7.540703717228241e-60,1.0,2.876052303533587e-15
2011-10-10,1,inflation_rates_shock,6.627822308078786e-65,1.0,1.8970734119994946e-14
2011-10-11,1,inflation_rates_shock,1.1534548502809226e-53,1.0,2.1218229886461633e-15
2011-10-12,1,inflation_rates_shock,2.316826034520095e-53,1.0,4.146262683743358e-16
2011-10-13,1,inflation_rates_shock,3.123604489310958e-48,1.0,7.656616307081523e-16
2011-10-14,1,inflation_rates_shock,3.5349233695142004e-42,1.0,7.515151407863049e-17
2011-10-17,1,inflation_rates_shock,3.0354220214596408e-40,1.0,5.1193783564931404e-15
2011-10-18,1,inflation_rates_shock,1.064837126462616e-36,1.0,5.527018932778615e-15
2011-10-19,1,inflation_rates_shock,2.1308072562603208e-35,1.0,6.963335344444169e-15
2011-10-20,1,inflation_rates_shock,9.305692243157521e-37,1.0,7.790303092696758e-14
2011-10-21,1,inflation_rates_shock,1.599906141249915e-39,1.0,2.650596197528847e-13
2011-10-24,1,inflation_rates_shock,1.1359038183918522e-40,1.0,4.7782952744561674e-14
2011-10-25,1,inflation_rates_shock,2.077234997658495e-35,1.0,5.35016404371849e-14
2011-10-26,1,inflation_rates_shock,8.996146376645252e-34,1.0,1.4107373543487214e-14
2011-10-27,1,inflation_rates_shock,7.165447835646816e-36,1.0,1.0892028465539055e-14
2011-10-28,1,inflation_rates_shock,3.792588693834582e-35,1.0,8.364910261818281e-14
2011-10-31,1,inflation_rates_shock,9.194005310208904e-43,1.0,2.8391077968415134e-13
2011-11-01,1,inflation_rates_shock,2.206919445811015e-52,0.9999999999890861,1.0915415253145648e-11
2011-11-02,1,inflation_rates_shock,8.186178407617217e-48,0.999999999990905,8.621555604098092e-12
2011-11-03,1,inflation_rates_shock,1.2062779777281132e-43,1.0,1.354112867425659e-13
2011-11-04,1,inflation_rates_shock,1.5334491905244625e-37,1.0,1.4118963535789878e-15
2011-11-07,1,inflation_rates_shock,2.8726223962131637e-33,1.0,3.0921757647607444e-16
2011-11-08,1,inflation_rates_shock,3.557829044856418e-24,1.0,1.9782244967245643e-16
2011-11-09,1,inflation_rates_shock,4.674862766914753e-27,1.0,4.968644950208567e-16
2011-11-10,1,inflation_rates_shock,1.1366420867334899e-26,1.0,1.4713204246519407e-17
2011-11-11,1,inflation_rates_shock,3.59492094596774e-26,1.0,2.386503676840601e-17
2011-11-14,1,inflation_rates_shock,7.740972302837679e-22,1.0,1.2697572166694526e-18
2011-11-15,1,inflation_rates_shock,4.9460662890907335e-21,1.0,2.151193719269242e-19
2011-11-16,1,inflation_rates_shock,5.74969205372218e-21,1.0,2.188186079189381e-19
2011-11-17,1,inflation_rates_shock,1.6867543816797467e-26,1.0,3.0386856329479995e-18
2011-11-18,1,inflation_rates_shock,1.1768958142616025e-28,1.0,1.001815618421947e-18
2011-11-21,1,inflation_rates_shock,1.3499811234446663e-29,1.0,2.260761844169907e-17
2011-11-22,1,inflation_rates_shock,1.6200159262730302e-33,1.0,3.8374643838045955e-15
2011-11-23,1,inflation_rates_shock,1.8891621281841926e-41,1.0,3.0632624041053663e-13
2011-11-25,1,inflation_rates_shock,4.979389755680304e-39,1.0,4.4535803344443294e-14
2011-11-28,1,inflation_rates_shock,1.8710053492526656e-29,1.0,2.0107047171710396e-16
2011-11-29,1,inflation_rates_shock,1.8991453898917304e-29,1.0,2.5433486889996735e-17
2011-11-30,1,inflation_rates_shock,3.977364005238865e-23,1.0,1.6056040709025005e-19
2011-12-01,1,inflation_rates_shock,1.4492137237043563e-26,1.0,1.0997758949044378e-19
2011-12-02,1,inflation_rates_shock,1.0811722243564929e-24,1.0,2.9677943158278276e-19
2011-12-05,1,inflation_rates_shock,4.717579254864969e-22,1.0,1.0068626521923608e-20
2011-12-06,1,inflation_rates_shock,2.365416078719093e-20,1.0,2.4949829275486647e-21
2011-12-07,1,inflation_rates_shock,3.363143924274329e-18,1.0,1.8745243192979842e-20
2011-12-08,1,inflation_rates_shock,3.83845576180132e-20,1.0,2.963192687702728e-19
2011-12-09,1,inflation_rates_shock,5.148084889568225e-26,1.0,4.044776271729353e-21
2011-12-12,1,inflation_rates_shock,3.577314367222887e-27,1.0,1.4626588048445383e-20
2011-12-13,1,inflation_rates_shock,1.420209322241458e-26,1.0,9.27356406876143e-20
2011-12-14,1,inflation_rates_shock,7.124370099533961e-29,1.0,2.8401079761557933e-19
2011-12-15,1,inflation_rates_shock,1.2173936417266415e-28,1.0,1.6510540835824803e-19
2011-12-16,1,inflation_rates_shock,4.0859994399011523e-32,1.0,3.4960268732695345e-19
2011-12-19,1,inflation_rates_shock,1.6367330226222852e-38,1.0,2.1084091846272905e-18
2011-12-20,1,inflation_rates_shock,5.011830569363219e-31,1.0,2.5909663653117273e-19
2011-12-21,1,inflation_rates_shock,7.679250816562157e-39,1.0,5.842334413227245e-18
2011-12-22,1,inflation_rates_shock,2.004833687227703e-37,1.0,7.734929074856618e-18
2011-12-23,1,inflation_rates_shock,1.2736239578635809e-45,1.0,6.724083056256181e-17
2011-12-27,1,inflation_rates_shock,7.507352186121974e-42,1.0,2.869328699823555e-17
2011-12-28,1,inflation_rates_shock,1.2731615378427728e-31,1.0,1.6253785205557368e-18
2011-12-29,1,inflation_rates_shock,1.1885622993959485e-28,1.0,3.755763702368237e-19
2011-12-30,1,inflation_rates_shock,2.1673565410664554e-24,1.0,8.937026074410152e-20
2012-01-03,1,inflation_rates_shock,4.5117895367914635e-21,1.0,5.702723971860049e-21
2012-01-04,1,inflation_rates_shock,3.7060163847545733e-19,1.0,3.596791183902857e-21
2012-01-05,1,inflation_rates_shock,3.089749890984152e-15,1.0,4.7920789107920174e-23
2012-01-06,1,inflation_rates_shock,8.737958220978281e-15,1.0,2.7370708888129705e-23
2012-01-09,1,inflation_rates_shock,3.492355230009945e-15,1.0,5.747216196199973e-24
2012-01-10,1,inflation_rates_shock,1.0771929546941047e-13,1.0,3.9496510074051627e-25
2012-01-11,1,inflation_rates_shock,1.1660917912487201e-11,0.9999999999890861,1.2137555225540275e-25
2012-01-12,1,inflation_rates_shock,1.7735351808372534e-13,1.0,1.7854546509471808e-25
2012-01-13,1,inflation_rates_shock,2.0590866210777868e-14,1.0,4.019804383962174e-24
2012-01-17,1,inflation_rates_shock,1.349262967817353e-14,1.0,8.354305933513957e-24
2012-01-18,1,inflation_rates_shock,3.854033039056687e-12,0.999999999996362,2.810080926579172e-24
2012-01-19,1,inflation_rates_shock,1.21851669947862e-10,0.9999999998781277,4.0646925426722415e-24
2012-01-20,1,inflation_rates_shock,7.347428524279545e-12,0.999999999992724,2.325168992215256e-22
2012-01-23,1,inflation_rates_shock,1.7380557914477559e-10,0.999999999825377,7.333251049587658e-24
2012-01-24,1,inflation_rates_shock,5.797035498357394e-10,0.9999999994197424,5.350355132157805e-25
2012-01-25,1,inflation_rates_shock,1.1656781832350736e-09,0.9999999988340278,2.409107514951846e-27
2012-01-26,1,inflation_rates_shock,6.093319632592571e-09,0.9999999939063855,7.713797592271136e-28
2012-01-27,1,inflation_rates_shock,1.6988265544781662e-08,0.9999999830124581,3.331770811481105e-28
2012-01-30,1,inflation_rates_shock,4.1775400337345585e-08,0.9999999582250902,1.6007023734647065e-28
2012-01-31,1,inflation_rates_shock,5.115669040629721e-08,0.9999999488427433,1.7753015375705892e-29
2012-02-01,1,inflation_rates_shock,8.843617960677813e-08,0.9999999115643771,7.306516738690165e-31
2012-02-02,1,inflation_rates_shock,4.247215182922939e-08,0.9999999575284173,3.0874422907185796e-32
2012-02-03,1,inflation_rates_shock,5.164812786799778e-06,0.9999948351875582,2.664159586729677e-34
2012-02-06,1,inflation_rates_shock,5.486378184942235e-05,0.9999451362189979,1.18087462181944e-34
2012-02-07,1,inflation_rates_shock,0.0006346885985300044,0.9993653114012644,3.530144060737231e-33
2012-02-08,1,inflation_rates_shock,0.013075228477251318,0.9869247715226216,1.9316237486675183e-33
2012-02-09,1,inflation_rates_shock,0.11716892339049885,0.8828310766091922,2.83790912358284e-34
2012-02-10,0,risk_on,0.6259239206784445,0.37407607932141057,1.457453161072247e-35
2012-02-13,0,risk_on,0.948310440747595,0.051689559252081574,1.1142213642252155e-37
2012-02-14,0,risk_on,0.9817286700298187,0.018271329971023185,4.1301589136776527e-38
2012-02-15,0,risk_on,0.9966451839191242,0.0033548160815871884,1.463114417341578e-39
2012-02-16,0,risk_on,0.9994433926367875,0.0005566073625998608,1.4995804628337868e-40
2012-02-17,0,risk_on,0.999817256524175,0.00018274347535560232,1.4446404304054043e-39
2012-02-21,0,risk_on,0.9998793140656651,0.00012068593395074599,1.1590187410904726e-38
2012-02-22,0,risk_on,0.9997637952175789,0.00023620478215865493,6.785345277105704e-38
2012-02-23,0,risk_on,0.999334710026059,0.000665289974628142,1.368011519318521e-36
2012-02-24,0,risk_on,0.9986448767304396,0.0013551232693605807,8.796732483274148e-38
2012-02-27,0,risk_on,0.9973450107480706,0.002654989252256515,1.3086754995228745e-36
2012-02-28,0,risk_on,0.9977725350942794,0.002227464905152599,2.9799791981069815e-37
2012-02-29,0,risk_on,0.9997391600541089,0.00026083994580375705,8.673638466677084e-39
2012-03-01,0,risk_on,0.9999815634517907,1.843654800484875e-05,3.719679537259553e-40
2012-03-02,0,risk_on,0.9999996235656707,3.7643395828999857e-07,1.7413296320100056e-44
2012-03-05,0,risk_on,0.9999993353796915,6.646210279827319e-07,1.966169065426963e-42
2012-03-06,0,risk_on,0.9999854113712032,1.4588628774039813e-05,2.532487615394391e-41
2012-03-07,0,risk_on,0.9999987016644143,1.2983348841704125e-06,1.086987351498335e-43
2012-03-08,0,risk_on,0.9999996180595919,3.8194088322220296e-07,7.984038004911192e-45
2012-03-09,0,risk_on,0.9999994329265762,5.670732357086675e-07,1.5016167608407153e-45
2012-03-12,0,risk_on,0.9999983489065004,1.6510926926006854e-06,4.201612218905622e-45
2012-03-13,0,risk_on,0.9999995912640696,4.0873666404987633e-07,3.7158017476115197e-44
2012-03-14,0,risk_on,0.9999998292314703,1.707691378058705e-07,4.667174797834578e-45
2012-03-15,0,risk_on,0.9999998160547134,1.8394454619451086e-07,2.8129501744987058e-43
2012-03-16,0,risk_on,0.9999986684169696,1.3315838471019026e-06,7.502681757042706e-43
2012-03-19,0,risk_on,0.9999997200048193,2.7999492233292717e-07,2.4097347880708368e-43
2012-03-20,0,risk_on,0.9999998542698556,1.4573027570454661e-07,2.043043896386238e-42
2012-03-21,0,risk_on,0.9999996519855509,3.480149519364379e-07,4.831125989575175e-41
2012-03-22,0,risk_on,0.9999997527393439,2.4725989721325934e-07,6.025803879772818e-44
2012-03-23,0,risk_on,0.9999999044248443,9.557514069299961e-08,2.669776794591985e-44
2012-03-26,0,risk_on,0.9999999063657058,9.363518047790705e-08,5.322481763120792e-44
2012-03-27,0,risk_on,0.9999998061830598,1.9381656290442795e-07,2.4844037236698098e-45
2012-03-28,0,risk_on,0.9999998255316466,1.7446892819104754e-07,8.955217161081263e-45
2012-03-29,0,risk_on,0.9999995147501335,4.852504862498063e-07,1.3075608783227075e-43
2012-03-30,0,risk_on,0.9999995586787073,4.413211112314626e-07,1.849011853574141e-45
2012-04-02,0,risk_on,0.9999995557392217,4.442609332377278e-07,6.536163718733944e-47
2012-04-03,0,risk_on,0.9999997006489587,2.9935067192067165e-07,1.4304722283143043e-49
2012-04-04,0,risk_on,0.9999978309884558,2.169010784252205e-06,1.0763242691121369e-46
2012-04-05,0,risk_on,0.9999996093939297,3.9060654994909084e-07,4.216448820854496e-47
2012-04-09,0,risk_on,0.9999988943024365,1.1056984435211879e-06,2.0555346242840646e-44
2012-04-10,0,risk_on,0.9999956601953764,4.3398046634139865e-06,7.32079540405143e-42
2012-04-11,0,risk_on,0.9999990251440272,9.748552785639136e-07,5.613665369169299e-45
2012-04-12,0,risk_on,0.9999999178635368,8.213632300445113e-08,1.1795155375545631e-46
2012-04-13,0,risk_on,0.9999991628668661,8.371323301974872e-07,6.14338448943337e-44
2012-04-16,0,risk_on,0.9999991333064945,8.666930771832678e-07,2.1827073396322115e-44
2012-04-17,0,risk_on,0.9999996505667397,3.494340876210972e-07,6.269449971329311e-46
2012-04-18,0,risk_on,0.9999991772441464,8.227556908898235e-07,1.2381571199102906e-46
2012-04-19,0,risk_on,0.9999995706803941,4.293187901350656e-07,1.123081227343539e-45
2012-04-20,0,risk_on,0.9999998092735223,1.9072714714705698e-07,2.315355717761027e-46
2012-04-23,0,risk_on,0.9999997457489694,2.5425016977716636e-07,7.193884804892286e-45
2012-04-24,0,risk_on,0.999999869298344,1.3070131547179704e-07,5.5492502985639695e-45
2012-04-25,0,risk_on,0.9999997946779542,2.0532134183978196e-07,2.4902215158140986e-48
2012-04-26,0,risk_on,0.9999996967308566,3.0326973495381927e-07,4.692176003263263e-51
2012-04-27,0,risk_on,0.999999672076282,3.2792396431798836e-07,1.2947529888075864e-50
2012-04-30,0,risk_on,0.999999733168842,2.668317061421983e-07,1.1142842574182272e-49
2012-05-01,0,risk_on,0.9999990899854814,9.100136815212947e-07,8.089000150076947e-52
2012-05-02,0,risk_on,0.9999992854793897,7.145203954863039e-07,6.568556156484178e-52
2012-05-03,0,risk_on,0.9999993151107064,6.848885047957164e-07,1.521396630952054e-50
2012-05-04,0,risk_on,0.9999995751532872,4.248473552440604e-07,1.522709886790672e-49
2012-05-07,0,risk_on,0.9999989689591389,1.031041192267603e-06,1.254547919579738e-47
2012-05-08,0,risk_on,0.9999798086065623,2.0191392764709787e-05,1.296774234070203e-44
2012-05-09,0,risk_on,0.9996517221147632,0.00034827788535589225,3.800079694571368e-42
2012-05-10,0,risk_on,0.9992084605355323,0.0007915394642155715,1.3208313865696102e-42
2012-05-11,0,risk_on,0.9875359732370687,0.012464026763038658,1.8875597109833006e-41
2012-05-14,1,inflation_rates_shock,0.48822690076448966,0.5117730992358202,5.468866956496343e-38
2012-05-15,1,inflation_rates_shock,0.08885248491873377,0.9111475150810964,6.872030652859286e-38
2012-05-16,1,inflation_rates_shock,0.0037382154883805188,0.9962617845117206,7.385063937883403e-38
2012-05-17,1,inflation_rates_shock,8.32010650965522e-07,0.999999167989136,9.747814648660285e-37
2012-05-18,1,inflation_rates_shock,6.161959246360754e-10,0.9999999993833626,9.323484677058793e-38
2012-05-21,1,inflation_rates_shock,1.0317338437105012e-06,0.9999989682661046,6.662996755738538e-39
2012-05-22,1,inflation_rates_shock,1.4253176173311536e-07,0.9999998574676384,4.0762551442740054e-40
2012-05-23,1,inflation_rates_shock,2.024530427283067e-07,0.9999997975464999,3.435889647599474e-39
2012-05-24,1,inflation_rates_shock,1.7900240930723175e-07,0.9999998209969068,5.728998282063485e-41
2012-05-25,1,inflation_rates_shock,2.538840856882619e-07,0.9999997461164052,5.185655951454832e-41
2012-05-29,1,inflation_rates_shock,4.477798502586097e-06,0.9999955222019916,1.3656634297079864e-42
2012-05-30,1,inflation_rates_shock,1.7181141214931433e-08,0.9999999828196452,7.985132616796049e-41
2012-05-31,1,inflation_rates_shock,1.888602026638482e-09,0.999999998111889,4.644287030194805e-42
2012-06-01,1,inflation_rates_shock,1.3078267002986954e-13,1.0,2.5155433162601366e-36
2012-06-04,1,inflation_rates_shock,9.365368969811515e-15,1.0,3.2775394018090593e-35
2012-06-05,1,inflation_rates_shock,7.734811496613012e-14,1.0,7.605534176592498e-35
2012-06-06,1,inflation_rates_shock,1.128718871713222e-09,0.9999999988704076,7.28070560640704e-36
2012-06-07,1,inflation_rates_shock,1.0957251251433475e-09,0.9999999989049684,8.560133996380908e-37
2012-06-08,1,inflation_rates_shock,5.117348153030029e-09,0.9999999948831828,1.586063243901704e-38
2012-06-11,1,inflation_rates_shock,3.633006111415713e-10,0.9999999996362021,6.4282037197921345e-37
2012-06-12,1,inflation_rates_shock,7.066199318395998e-09,0.9999999929332262,1.1019808009150735e-39
2012-06-13,1,inflation_rates_shock,1.2733641970019982e-09,0.9999999987267074,2.860237271003805e-37
2012-06-14,1,inflation_rates_shock,2.6981592672866303e-08,0.9999999730189305,4.149374434104911e-37
2012-06-15,1,inflation_rates_shock,1.987331953274105e-08,0.999999980127541,4.820179678033748e-39
2012-06-18,1,inflation_rates_shock,1.963483165960207e-11,0.9999999999799911,2.3949304310002643e-37
2012-06-19,1,inflation_rates_shock,1.2416483472280136e-09,0.9999999987576302,8.76230993321113e-38
2012-06-20,1,inflation_rates_shock,1.611326163366592e-07,0.9999998388666557,1.665744620718213e-36
2012-06-21,1,inflation_rates_shock,1.2904489527071548e-07,0.9999998709554431,6.141141983236299e-35
2012-06-22,1,inflation_rates_shock,1.4673998522766446e-07,0.9999998532603166,5.520883450885986e-35
2012-06-25,1,inflation_rates_shock,8.999569609445979e-09,0.9999999909996404,6.210694089454741e-34
2012-06-26,1,inflation_rates_shock,8.810990066283882e-09,0.9999999911888153,8.973172092395866e-34
2012-06-27,1,inflation_rates_shock,1.7431898782947524e-06,0.9999982568094042,5.8317946593863425e-36
2012-06-28,1,inflation_rates_shock,6.807346077744618e-08,0.9999999319261429,1.656739886922047e-35
2012-06-29,1,inflation_rates_shock,4.65879261643458e-08,0.9999999534120445,9.297314114170075e-37
2012-07-02,1,inflation_rates_shock,5.768325483907794e-11,0.9999999999417923,1.7996443259493168e-35
2012-07-03,1,inflation_rates_shock,1.8412576829300867e-10,0.9999999998162821,1.0163652618186476e-34
2012-07-05,1,inflation_rates_shock,2.9213781753965313e-09,0.999999997078703,1.0434456364201173e-34
2012-07-06,1,inflation_rates_shock,1.6316333334520866e-06,0.9999983683660172,5.759257190532987e-35
2012-07-09,1,inflation_rates_shock,3.272047227750901e-06,0.9999967279526444,6.890023344468677e-35
2012-07-10,1,inflation_rates_shock,8.35816772961153e-06,0.9999916418313711,2.2780014149797807e-34
2012-07-11,1,inflation_rates_shock,1.3123367576424337e-07,0.9999998687671992,4.7372265798814944e-34
2012-07-12,1,inflation_rates_shock,3.501000654937914e-05,0.9999649899926697,1.7919730577933538e-34
2012-07-13,1,inflation_rates_shock,0.004337202888162317,0.9956627971110341,1.5029406585753888e-36
2012-07-16,1,inflation_rates_shock,0.332871100083096,0.6671288999160235,1.8319889579690203e-36
2012-07-17,0,risk_on,0.8416980096116568,0.15830199038864967,1.2468993315750862e-39
2012-07-18,0,risk_on,0.9899409627645281,0.010059037235655823,7.96074057716054e-40
2012-07-19,0,risk_on,0.99948968831181,0.0005103116880781613,4.873908395968369e-41
2012-07-20,0,risk_on,0.9995817174297164,0.0004182825699943322,1.235640064896147e-37
2012-07-23,0,risk_on,0.9957286787676674,0.004271321232668315,8.786538625592175e-34
2012-07-24,0,risk_on,0.9913447932306798,0.008655206769999793,4.498219241856353e-33
2012-07-25,0,risk_on,0.9878654838126881,0.012134516186418328,2.7299486009074104e-33
2012-07-26,0,risk_on,0.99280889346281,0.007191106537093438,3.324483563814871e-36
2012-07-27,0,risk_on,0.9994082548198713,0.000591745180035524,1.9659206252136654e-39
2012-07-30,0,risk_on,0.9999367071690404,6.329283068847934e-05,5.89251821849421e-40
2012-07-31,0,risk_on,0.999989470020371,1.0529979931428391e-05,8.346308151348467e-42
2012-08-01,0,risk_on,0.9999956084126121,4.391587660100104e-06,1.8276513297852037e-41
2012-08-02,0,risk_on,0.9999882164687143,1.1783531931727887e-05,9.76665557787836e-41
2012-08-03,0,risk_on,0.9999979102816731,2.0897174769674407e-06,2.244669674407442e-43
2012-08-06,0,risk_on,0.9999964616535025,3.5383462477494546e-06,3.233068261204943e-42
2012-08-07,0,risk_on,0.9999970220277422,2.977972624710591e-06,3.4844051243508773e-43
2012-08-08,0,risk_on,0.9999983739885042,1.626010946664341e-06,4.248228535097614e-42
2012-08-09,0,risk_on,0.9999979845344871,2.015464854513761e-06,3.556709656067178e-41
2012-08-10,0,risk_on,0.9999970285069633,2.9714932220352324e-06,2.471570427201468e-41
2012-08-13,0,risk_on,0.9999988627266349,1.1372735394031897e-06,1.5729550345279648e-42
2012-08-14,0,risk_on,0.9999995066847385,4.933145423502176e-07,3.0461696827322805e-43
2012-08-15,0,risk_on,0.9999997253471897,2.746534902400557e-07,2.6780001887307327e-44
2012-08-16,0,risk_on,0.9999997823506656,2.1764906088171632e-07,2.5972948453909117e-43
2012-08-17,0,risk_on,0.9999996884508194,3.115485661909143e-07,1.4520884378905475e-42
2012-08-20,0,risk_on,0.9999998595958558,1.404039598924205e-07,2.5977443292114427e-42
2012-08-21,0,risk_on,0.9999998249150093,1.7508553354899486e-07,6.387972019146034e-42
2012-08-22,0,risk_on,0.9999996907027277,3.092976502021256e-07,1.66155685664593e-41
2012-08-23,0,risk_on,0.9999992087690263,7.912309186280467e-07,1.2826907657196819e-40
2012-08-24,0,risk_on,0.9999998374496631,1.6255105960291433e-07,8.051128565844085e-42
2012-08-27,0,risk_on,0.9999986955471608,1.3044529420068143e-06,1.186281931425946e-42
2012-08-28,0,risk_on,0.9999992606156416,7.39383502635363e-07,1.3902818302604161e-43
2012-08-29,0,risk_on,0.9999996154820849,3.845185328767425e-07,7.519273766015155e-43
2012-08-30,0,risk_on,0.9999990096808135,9.903193002027373e-07,5.6461712545289174e-43
2012-08-31,0,risk_on,0.9999998430066749,1.5699281460039887e-07,4.40049982252593e-42
2012-09-04,0,risk_on,0.9999946169027051,5.383097317388195e-06,1.5547408982981754e-42
2012-09-05,0,risk_on,0.9999970148936871,2.9851071417200394e-06,2.548785550835834e-46
2012-09-06,0,risk_on,0.9999996583156319,3.4168359718143377e-07,2.843349708807438e-45
2012-09-07,0,risk_on,0.9999996937804567,3.062192595544773e-07,3.031436764713972e-45
2012-09-10,0,risk_on,0.9999997646609976,2.3533979443228317e-07,1.0647074302222541e-44
2012-09-11,0,risk_on,0.9999995164436118,4.835569715647009e-07,9.5105388122404e-45
2012-09-12,0,risk_on,0.9999992334017617,7.665989746891495e-07,2.4189183480395975e-44
2012-09-13,0,risk_on,0.9999989087870332,1.0912124474467908e-06,6.5580085097722045e-43
2012-09-14,0,risk_on,0.9999914097775834,8.590221958195608e-06,4.0413676333964616e-42
2012-09-17,0,risk_on,0.9999979318348337,2.0681644926101232e-06,2.2343524786749165e-42
2012-09-18,0,risk_on,0.9999971890450469,2.8109547676055902e-06,3.3333890333650115e-42
2012-09-19,0,risk_on,0.9999979049374934,2.095062532837858e-06,2.5644208238868198e-42
2012-09-20,0,risk_on,0.9999985911846044,1.4088145458628086e-06,3.49227530526908e-41
2012-09-21,0,risk_on,0.9999992369778921,7.630225592164947e-07,3.711057103524446e-42
2012-09-24,0,risk_on,0.9999992723935893,7.276069791855278e-07,3.114741071373026e-40
2012-09-25,0,risk_on,0.9999967644832897,3.235516556376688e-06,2.4518084627968366e-38
2012-09-26,0,risk_on,0.9999957529634377,4.2470371626772326e-06,1.1896001405120895e-38
2012-09-27,0,risk_on,0.9999991676598992,8.323405785009168e-07,3.2340069902812085e-39
2012-09-28,0,risk_on,0.9999908575773143,9.142422717611935e-06,2.7417443591765525e-40
2012-10-01,0,risk_on,0.9996635119838364,0.0003364880163467039,1.8560761509149694e-38
2012-10-02,0,risk_on,0.9957697926548832,0.004230207345396032,3.4130330047067167e-38
2012-10-03,0,risk_on,0.9808516060669916,0.019148393932363655,1.9121206505371714e-37
2012-10-04,0,risk_on,0.9121509004849512,0.08784909951434378,7.426983748403339e-37
2012-10-05,0,risk_on,0.7048859112338606,0.29511408876551476,1.1921030171079173e-37
2012-10-08,0,risk_on,0.5711727178708188,0.428827282129119,8.607921955950074e-37
2012-10-09,1,inflation_rates_shock,0.07705548796997341,0.9229445120309292,8.531010267054857e-35
2012-10-10,1,inflation_rates_shock,0.0009596641496488102,0.9990403358503244,3.3258691028875004e-33
2012-10-11,1,inflation_rates_shock,4.366390820663674e-06,0.999995633609143,3.3197357967648357e-34
2012-10-12,1,inflation_rates_shock,5.5181058657247025e-08,0.999999944819139,1.9950262085419495e-34
2012-10-15,1,inflation_rates_shock,2.242740660568938e-07,0.9999997757259077,1.0864661031902572e-34
2012-10-16,1,inflation_rates_shock,6.946217881614941e-08,0.9999999305382541,2.5870999545836973e-34
2012-10-17,1,inflation_rates_shock,7.123349769005969e-06,0.9999928766500451,6.057966814388399e-35
2012-10-18,1,inflation_rates_shock,2.8231895659117595e-06,0.9999971768105587,1.4050605902032126e-33
2012-10-19,1,inflation_rates_shock,2.1355186221222084e-06,0.9999978644814356,3.9693506203904646e-30
2012-10-22,1,inflation_rates_shock,1.1085201161320325e-05,0.9999889147980461,5.787735257278122e-30
2012-10-23,1,inflation_rates_shock,0.0008582254389101507,0.9991417745613649,7.251984383934609e-29
2012-10-24,1,inflation_rates_shock,0.0011805490139810122,0.9988194509860637,8.703949505290188e-29
2012-10-25,1,inflation_rates_shock,0.0038574876594823977,0.9961425123410568,1.7767021069942668e-31
2012-10-26,1,inflation_rates_shock,0.005334425056795652,0.9946655749435881,1.1942146603577637e-32
2012-10-31,1,inflation_rates_shock,0.004961635113055257,0.9950383648875262,3.9478079210126e-32
2012-11-01,1,inflation_rates_shock,0.011041638713525889,0.9889583612865739,2.435078309379252e-33
2012-11-02,1,inflation_rates_shock,0.021277852949143167,0.9787221470507285,9.740902372532468e-32
2012-11-05,1,inflation_rates_shock,0.027625247620244143,0.9723747523791626,7.671605883680662e-35
2012-11-06,1,inflation_rates_shock,0.20666005141228588,0.7933399485870487,1.5961500409798693e-35
2012-11-07,1,inflation_rates_shock,0.5008000346210398,0.49919996537833394,1.1631978355352932e-31
2012-11-08,1,inflation_rates_shock,0.6533802253846069,0.34661977461539084,3.609237324862022e-30
2012-11-09,0,risk_on,0.9775063914790459,0.022493608520619497,7.556145077647812e-32
2012-11-12,0,risk_on,0.9992802952732851,0.0007197047274895949,1.2221626107261963e-31
2012-11-13,0,risk_on,0.9999134518968498,8.654810251100775e-05,8.305490170349173e-31
2012-11-14,0,risk_on,0.999780124100714,0.00021987589951754616,4.89251844555392e-28
2012-11-15,0,risk_on,0.9998214945513714,0.00017850544835527427,2.4455088572525565e-28
2012-11-16,0,risk_on,0.9999102597045064,8.974029516291958e-05,1.8505357539048583e-32
2012-11-19,0,risk_on,0.9999997997820375,2.002179615252303e-07,3.7386010536252697e-37
2012-11-20,0,risk_on,0.9999998921757709,1.0782447406848055e-07,6.443698651077078e-36
2012-11-21,0,risk_on,0.9999998510848056,1.4891603682828232e-07,1.4296009498349032e-35
2012-11-23,0,risk_on,0.999999969351848,3.0648647614395794e-08,5.163850180219092e-37
2012-11-26,0,risk_on,0.999999959612979,4.0387096324634966e-08,2.507129028927948e-36
2012-11-27,0,risk_on,0.9999999286028495,7.139672520134308e-08,1.8681996850394023e-36
2012-11-28,0,risk_on,0.999999981502697,1.849726436844079e-08,4.852314251882309e-38
2012-11-29,0,risk_on,0.9999999837818906,1.6218685761161915e-08,2.0148791579182733e-39
2012-11-30,0,risk_on,0.9999999794563339,2.05444754985148e-08,1.2603384416900013e-38
2012-12-03,0,risk_on,0.9999999394440257,6.055540892703264e-08,1.4330079349792027e-37
2012-12-04,0,risk_on,0.9999996829192744,3.170804769568663e-07,3.245193342957797e-35
2012-12-05,0,risk_on,0.9999929129586347,7.087042256114914e-06,8.466141416389323e-35
2012-12-06,0,risk_on,0.9999988174393082,1.182561445576307e-06,7.008916676930433e-36
2012-12-07,0,risk_on,0.9999968279003331,3.172100327950312e-06,4.673659039140839e-37
2012-12-10,0,risk_on,0.9999967402398777,3.2597608293340264e-06,1.429148234006306e-36
2012-12-11,0,risk_on,0.9999992111191588,7.88879950400703e-07,1.150159798583906e-37
2012-12-12,0,risk_on,0.9999980890788788,1.9109213515069952e-06,6.457254839392744e-37
2012-12-13,0,risk_on,0.9999987327199805,1.2672801494885047e-06,5.186810259225656e-35
2012-12-14,0,risk_on,0.9999855463382571,1.4453661550057147e-05,2.470701072635732e-33
2012-12-17,0,risk_on,0.999980421630181,1.9578369822743804e-05,8.305093505133664e-34
2012-12-18,0,risk_on,0.9999821855876406,1.78144116213166e-05,1.5460889582953996e-36
2012-12-19,0,risk_on,0.9999997461309571,2.53868549748261e-07,1.530410512502e-38
2012-12-20,0,risk_on,0.9999988020361242,1.1979631895589987e-06,2.7303931891764853e-39
2012-12-21,0,risk_on,0.999999699284717,3.0071459416820326e-07,3.4878191695710065e-39
2012-12-24,0,risk_on,0.9999999640240282,3.597524952460472e-08,2.4654408910080223e-40
2012-12-26,0,risk_on,0.9999998795028732,1.2049653030590657e-07,2.299298741033449e-39
2012-12-27,0,risk_on,0.9999998745770505,1.2542208243215558e-07,2.8178535425470763e-37
2012-12-28,0,risk_on,0.9999974756824515,2.5243167975637758e-06,2.4707846187485895e-37
2012-12-31,0,risk_on,0.9999999724695957,2.7530888687940583e-08,3.17681024435418e-41
2013-01-02,0,risk_on,0.9999999870597094,1.2940811014602376e-08,3.977340247158196e-42
2013-01-03,0,risk_on,0.9999999870906322,1.2909190011227979e-08,2.0195416428774792e-41
2013-01-04,0,risk_on,0.9999999913234205,8.676424735144513e-09,8.921693942678843e-41
2013-01-07,0,risk_on,0.9999999845422282,1.545704584521081e-08,6.884075792956346e-41
2013-01-08,0,risk_on,0.9999999905121513,9.488322667166707e-09,1.0065972148958794e-40
2013-01-09,0,risk_on,0.9999999762949304,2.370510612427131e-08,5.101385025619554e-41
2013-01-10,0,risk_on,0.9999999827577996,1.7242114383291742e-08,2.1815166330999354e-41
2013-01-11,0,risk_on,0.9999999974625098,2.536718424553434e-09,2.3008624289983907e-42
2013-01-14,0,risk_on,0.9999999973606464,2.6385754466884114e-09,6.9736841882965476e-43
2013-01-15,0,risk_on,0.9999999975225364,2.4780308331129054e-09,9.436934503207468e-43
2013-01-16,0,risk_on,0.9999999986466719,1.3528664997458624e-09,1.071832138961632e-42
2013-01-17,0,risk_on,0.9999999987794581,1.2205123773419819e-09,1.5602616983981078e-43
2013-01-18,0,risk_on,0.9999999985921022,1.407089628558597e-09,1.611494561834976e-44
2013-01-22,0,risk_on,0.9999999987594492,1.2407951883423598e-09,4.358662881102318e-44
2013-01-23,0,risk_on,0.9999999991723598,8.280720913491045e-10,2.367510888919931e-44
2013-01-24,0,risk_on,0.9999999996107363,3.8889952037161984e-10,9.474135307609395e-43
2013-01-25,0,risk_on,0.9999999990450306,9.545664042685709e-10,2.6081178090453104e-41
2013-01-28,0,risk_on,0.9999999990486685,9.514364853576017e-10,2.9693301903610025e-42
2013-01-29,0,risk_on,0.9999999993433448,6.558671606608942e-10,2.121131308510412e-39
2013-01-30,0,risk_on,0.9999999925894372,7.409859339785776e-09,3.888262237462298e-40
2013-01-31,0,risk_on,0.9999999989213393,1.0792557064010689e-09,5.459328364834599e-40
2013-02-01,0,risk_on,0.9999999982283043,1.7713585545107004e-09,8.517469889108477e-41
2013-02-04,0,risk_on,0.9999999955362,4.4642591100066985e-09,4.639567457618821e-40
2013-02-05,0,risk_on,0.9999999982283043,1.7710940431527616e-09,1.1317707577592109e-40
2013-02-06,0,risk_on,0.9999999983974703,1.6018407047124251e-09,4.493715245077537e-40
2013-02-07,0,risk_on,0.999999998286512,1.7129179817279847e-09,1.3771470131276697e-40
2013-02-08,0,risk_on,0.9999999996034603,3.964317015156922e-10,2.2484717768040338e-41
2013-02-11,0,risk_on,0.9999999994306563,5.698245150048505e-10,8.04103724358768e-42
2013-02-12,0,risk_on,0.9999999994070095,5.925102760579723e-10,4.275710497648535e-42
2013-02-13,0,risk_on,0.9999999997235136,2.7587770818201337e-10,2.937214562013306e-42
2013-02-14,0,risk_on,0.9999999997380655,2.627008885879602e-10,1.0747178307255089e-42
2013-02-15,0,risk_on,0.9999999997999112,2.0026457677331908e-10,2.301909832273563e-42
2013-02-19,0,risk_on,0.9999999998544808,1.4479581986867536e-10,1.116159538453653e-41
2013-02-20,0,risk_on,0.9999999997871782,2.1212219426984332e-10,3.531045359966997e-40
2013-02-21,0,risk_on,0.999999999825377,1.754801247910831e-10,2.369342301214057e-41
2013-02-22,0,risk_on,0.9999999998708518,1.2995551498148574e-10,5.94385975695351e-42
2013-02-25,0,risk_on,0.999999997775376,2.2249853746114244e-09,9.140560224043655e-39
2013-02-26,0,risk_on,0.999999998288331,1.7120621078507092e-09,6.179885568198019e-41
2013-02-27,0,risk_on,0.9999999996434781,3.556496007615607e-10,1.0494152382707043e-42
2013-02-28,0,risk_on,0.9999999995161488,4.830313180936589e-10,6.0543128117294985e-43
2013-03-01,0,risk_on,0.9999999997762643,2.2386506319165563e-10,6.168129236393461e-45
2013-03-04,0,risk_on,0.999999999834472,1.662985898537545e-10,1.4514999176146587e-44
2013-03-05,0,risk_on,0.9999999998799467,1.193226684852533e-10,3.024294940019661e-45
2013-03-06,0,risk_on,0.9999999998908606,1.090218805678363e-10,3.5963803590860525e-44
2013-03-07,0,risk_on,0.9999999999090505,9.056687971960529e-11,1.2525841262543957e-44
2013-03-08,0,risk_on,0.9999999999054126,9.493670365771979e-11,1.219496864916924e-43
2013-03-11,0,risk_on,0.9999999999381544,6.205859284629791e-11,6.0503112550778725e-43
2013-03-12,0,risk_on,0.9999999999236024,7.568475485117122e-11,1.886302708746286e-43
2013-03-13,0,risk_on,0.9999999999508873,4.821566578414551e-11,4.0642285419996934e-43
2013-03-14,0,risk_on,0.9999999999563443,4.453296187220995e-11,1.3373493172496545e-43
2013-03-15,0,risk_on,0.9999999999799911,1.9903459661561987e-11,2.802534752335107e-43
2013-03-18,0,risk_on,0.9999999999017746,9.756093715026172e-11,1.524093841291163e-42
2013-03-19,0,risk_on,0.9999999998508429,1.4878556918275352e-10,2.3018809318063887e-42
2013-03-20,0,risk_on,0.9999999999290594,7.021092648728e-11,9.049138584315497e-45
2013-03-21,0,risk_on,0.9999999999672582,3.348708508745312e-11,1.201847960441502e-44
2013-03-22,0,risk_on,0.9999999999563443,4.344619426050435e-11,2.7487195640410716e-45
2013-03-25,0,risk_on,0.9999999999763531,2.3857998684217123e-11,4.336349328653221e-45
2013-03-26,0,risk_on,0.9999999998435669,1.5670911224698075e-10,4.223507623339902e-45
2013-03-27,0,risk_on,0.9999999999272404,7.249443912624419e-11,1.3664958990487331e-45
2013-03-28,0,risk_on,0.9999999999363354,6.307109036179031e-11,1.3574138626525327e-46
2013-04-01,0,risk_on,0.9999999999872671,1.2344801674108667e-11,6.784083684111294e-46
2013-04-02,0,risk_on,0.9999999999854481,1.3890004979371852e-11,2.451606022030242e-46
2013-04-03,0,risk_on,0.999999999994543,5.557016934683551e-12,8.6459693517259825e-47
2013-04-04,0,risk_on,0.999999999990905,9.31116649041717e-12,2.8938740628109716e-51
2013-04-05,0,risk_on,0.9999999999872671,1.2216184121360505e-11,1.531959067366772e-48
2013-04-08,0,risk_on,0.999999999990905,9.283149948366373e-12,7.400491749873944e-49
2013-04-09,0,risk_on,0.9999999999763531,2.4554089006702238e-11,2.3344286641507957e-49
2013-04-10,0,risk_on,0.999999999994543,5.8082614681886145e-12,3.6242325819918804e-47
2013-04-11,0,risk_on,0.999999999994543,4.68995883174469e-12,1.0047503524620654e-47
2013-04-12,0,risk_on,0.999999999996362,2.747558108414959e-12,5.2240357885136e-45
2013-04-15,0,risk_on,0.9999999997271516,2.724618862633033e-10,1.062374215741833e-42
2013-04-16,0,risk_on,0.9999999999745341,2.4926413693418394e-11,3.5245278359845036e-43
2013-04-17,0,risk_on,0.9999999998890416,1.1056924944442296e-10,2.0671384036432125e-40
2013-04-18,0,risk_on,0.9999999995816324,4.1927005348423483e-10,1.1439728098884209e-39
2013-04-19,0,risk_on,0.9999999999890861,1.1682370626547936e-11,4.4813372960826416e-43
2013-04-22,0,risk_on,0.999999999990905,8.61240350727214e-12,1.4335984234986465e-43
2013-04-23,0,risk_on,0.999999999990905,9.927140143688194e-12,2.00319351235623e-45
2013-04-24,0,risk_on,0.999999999992724,6.469205251964498e-12,1.9422897777992042e-45
2013-04-25,0,risk_on,0.9999999999890861,1.154905439050606e-11,2.0575819226424253e-46
2013-04-26,0,risk_on,0.9999999999854481,1.5231492407187292e-11,3.717834846915483e-46
2013-04-29,0,risk_on,0.9999999999508873,4.873973709522937e-11,1.1424316964975615e-47
2013-04-30,0,risk_on,0.999999999992724,7.152665337609135e-12,5.767377265188244e-47
2013-05-01,0,risk_on,0.9999999999890861,1.0123793104513821e-11,5.0869112325965297e-45
2013-05-02,0,risk_on,0.9999999999890861,1.0630270478873785e-11,7.707858519718903e-45
2013-05-03,0,risk_on,0.9999999999890861,1.1230042794377513e-11,6.408382043453285e-43
2013-05-06,0,risk_on,0.9999999999672582,3.2400751490872724e-11,3.15692860400244e-40
2013-05-07,0,risk_on,0.9999999999545253,4.501215175416198e-11,7.736298997836438e-41
2013-05-08,0,risk_on,0.9999999999581632,4.171586038483169e-11,2.890052325986501e-40
2013-05-09,0,risk_on,0.9999999999890861,1.1437415149626057e-11,1.809476706676264e-43
2013-05-10,0,risk_on,0.999999999996362,3.5925197933568168e-12,2.5877587843184976e-44
2013-05-13,0,risk_on,0.999999999990905,8.469288736459127e-12,1.2791273157515132e-42
2013-05-14,0,risk_on,0.9999999999872671,1.335485376579689e-11,1.3869927478390592e-40
2013-05-15,0,risk_on,0.999999999998181,1.897015947613992e-12,3.814571952495215e-40
2013-05-16,0,risk_on,0.999999999992724,7.649314285861749e-12,8.366111916826955e-38
2013-05-17,0,risk_on,0.9999999999836291,1.6202687978701182e-11,5.370125767850453e-37
2013-05-20,0,risk_on,0.9999999999818101,1.7582532197262284e-11,2.162961422559311e-37
2013-05-21,0,risk_on,0.999999999990905,8.22862418568641e-12,7.198833469626132e-37
2013-05-22,0,risk_on,0.9999999999799911,1.9910028045428907e-11,4.872914529444237e-37
2013-05-23,0,risk_on,0.999999999994543,5.119146355020129e-12,2.6593627027821636e-37
2013-05-24,0,risk_on,0.999999999994543,5.775490029232013e-12,2.8726002797082343e-37
2013-05-28,0,risk_on,0.9999999999636202,3.563304233845773e-11,1.434860748640945e-38
2013-05-29,0,risk_on,0.999999999996362,3.3151319930839924e-12,1.5693362062953307e-39
2013-05-30,0,risk_on,0.999999999998181,2.420862001611198e-12,1.7918008268131858e-38
2013-05-31,0,risk_on,0.9999999999399733,6.023891389932624e-11,7.813170121741921e-37
2013-06-03,0,risk_on,0.9999999998981366,1.0258746373930012e-10,2.0107732226444205e-39
2013-06-04,0,risk_on,0.9999999998090061,1.9159369280642876e-10,2.8867725817404836e-41
2013-06-05,0,risk_on,0.999999998790372,1.2098920679701062e-09,7.376547521416788e-40
2013-06-06,0,risk_on,0.9999999999763531,2.2739554382508363e-11,1.575359099842324e-42
2013-06-07,0,risk_on,0.9999999999763531,2.303114811192161e-11,4.033729324511516e-44
2013-06-10,0,risk_on,0.999999999992724,8.157086367723727e-12,1.1299084492464377e-43
2013-06-11,0,risk_on,0.9999999999836291,1.6117016379213408e-11,8.642866511020427e-41
2013-06-12,0,risk_on,0.9999999998472049,1.5288153925439188e-10,2.99262089277044e-41
2013-06-13,0,risk_on,0.9999999999563443,4.415616477135722e-11,4.9110236859965624e-48
2013-06-14,0,risk_on,0.9999999999581632,4.225214184580458e-11,5.905408875930902e-50
2013-06-17,0,risk_on,0.9999999999563443,4.2827963048318214e-11,7.083234238334022e-49
2013-06-18,0,risk_on,0.9999999997307896,2.6954102424075314e-10,5.837841903359852e-51
2013-06-19,0,risk_on,0.9999999991559889,8.435350245608823e-10,1.220105238163558e-48
2013-06-20,0,risk_on,0.9999999663905333,3.3609013164524173e-08,5.575905939887278e-49
2013-06-21,0,risk_on,0.999999818630402,1.8137045098883776e-07,5.453315742418578e-44
2013-06-24,0,risk_on,0.9999958570674026,4.142932986838316e-06,4.595943460526929e-40
2013-06-25,0,risk_on,0.9999979297430002,2.070257040905717e-06,9.80565839923603e-41
2013-06-26,0,risk_on,0.9999997168397786,2.831598569153518e-07,1.770580871546066e-44
2013-06-27,0,risk_on,0.9999998594303278,1.4056987717240416e-07,2.6159148163631406e-49
2013-06-28,0,risk_on,0.9999999272840823,7.271564731442503e-08,5.254449497506831e-49
2013-07-01,0,risk_on,0.9999999645297073,3.547060046211514e-08,5.283806032870038e-51
2013-07-02,0,risk_on,0.9999999935498636,6.449459215094146e-09,6.73086631527683e-53
2013-07-03,0,risk_on,0.9999999851625034,1.483840238231442e-08,1.6441835637371213e-51
2013-07-05,0,risk_on,0.9999999859737727,1.4025544884872782e-08,1.0584572696425706e-49
2013-07-08,0,risk_on,0.9999999906267476,9.372643316269825e-09,5.893832013580592e-54
2013-07-09,0,risk_on,0.9999999940082489,5.991946981773803e-09,1.4944212402341942e-56
2013-07-10,0,risk_on,0.9999999975152605,2.4852641867763762e-09,1.70237284833897e-59
2013-07-11,0,risk_on,0.9999999969568307,3.0430847678014997e-09,6.089294323659605e-62
2013-07-12,0,risk_on,0.9999999993287929,6.715908405310747e-10,1.488921801040046e-64
2013-07-15,0,risk_on,0.9999999999072315,9.358608553313504e-11,9.995229706326483e-69
2013-07-16,0,risk_on,0.9999999999217835,7.743580492563623e-11,4.996516131456115e-71
2013-07-17,0,risk_on,0.9999999999545253,4.5097933204997354e-11,4.669519902036479e-73
2013-07-18,0,risk_on,0.9999999999563443,4.369813318676971e-11,2.312611567195823e-72
2013-07-19,0,risk_on,0.9999999998981366,1.023983339635361e-10,4.324154615338715e-68
2013-07-22,0,risk_on,0.9999999997835403,2.1690350159223585e-10,2.462451915543868e-67
2013-07-23,0,risk_on,0.9999999993651727,6.346631438796166e-10,3.5204429291183604e-65
2013-07-24,0,risk_on,0.9999999991960067,8.045204744485496e-10,4.8500797378180387e-64
2013-07-25,0,risk_on,0.9999999999217835,7.803998534533986e-11,3.564035955254271e-68
2013-07-26,0,risk_on,0.9999999999654392,3.449844119443798e-11,8.759222005694204e-70
2013-07-29,0,risk_on,0.9999999999545253,4.5276508238464524e-11,4.693610419414904e-72
2013-07-30,0,risk_on,0.9999999999727152,2.7651211713739788e-11,5.438990564088243e-70
2013-07-31,0,risk_on,0.9999999999872671,1.2118096144013307e-11,6.835338945015093e-73
2013-08-01,0,risk_on,0.9999999999890861,1.1702084626030119e-11,1.1289533226746856e-68
2013-08-02,0,risk_on,0.9999999999763531,2.282429028646501e-11,5.422008265991266e-71
2013-08-05,0,risk_on,0.9999999999708962,2.9154850196759946e-11,1.7516260802947724e-71
2013-08-06,0,risk_on,0.9999999999690772,3.023614575605292e-11,2.031575635511885e-72
2013-08-07,0,risk_on,0.9999999999672582,3.318540100247935e-11,5.846217718952373e-73
2013-08-08,0,risk_on,0.9999999999690772,3.1684879907689035e-11,7.741377110022637e-73
2013-08-09,0,risk_on,0.9999999999145075,8.605816125691757e-11,6.124463221467027e-76
2013-08-12,0,risk_on,0.9999999999290594,7.12083581196458e-11,2.1565684233052212e-75
2013-08-13,0,risk_on,0.9999999999872671,1.335118077518031e-11,1.5119230571641825e-78
2013-08-14,0,risk_on,0.9999999999854481,1.455441231881121e-11,1.1688549443179418e-75
2013-08-15,0,risk_on,0.9999999999727152,2.6447420362573102e-11,4.429048788858313e-76
2013-08-16,0,risk_on,0.9999999999708962,2.861465209083989e-11,2.816624666948429e-78
2013-08-19,0,risk_on,0.9999999998763087,1.245279941480944e-10,2.1424464890777208e-76
2013-08-20,0,risk_on,0.9999999999818101,1.8795101083051055e-11,6.163353943358998e-78
2013-08-21,0,risk_on,0.9999999997799023,2.2047173249324928e-10,8.063349738798984e-76
2013-08-22,0,risk_on,0.999999999996362,3.332297896058841e-12,1.9762211183066495e-80
2013-08-23,0,risk_on,0.999999999996362,2.942028238485776e-12,6.286974859975778e-82
2013-08-26,0,risk_on,0.999999999998181,1.3638524255900933e-12,1.0898568326565538e-84
2013-08-27,0,risk_on,0.9999999999690772,3.090140163200308e-11,2.597872224682836e-77
2013-08-28,0,risk_on,0.9999999999872671,1.3155765728964422e-11,2.1053056506839834e-77
2013-08-29,0,risk_on,0.9999999999854481,1.5342588239805146e-11,8.168947941933227e-74
2013-08-30,0,risk_on,0.999999999648935,3.517288508985547e-10,5.568822998491093e-70
2013-09-03,0,risk_on,0.9999999999490683,5.116547051252966e-11,1.298372577855914e-72
2013-09-04,0,risk_on,0.9999999999818101,1.871682733377169e-11,1.2161455533360235e-75
2013-09-05,0,risk_on,0.9999999999618012,3.7342891800793996e-11,2.476576814482207e-76
2013-09-06,0,risk_on,0.999999999998181,1.0737789396522404e-12,4.1305757328233775e-86
2013-09-09,0,risk_on,1.0,8.886278941479508e-13,7.466435305718102e-90
2013-09-10,0,risk_on,1.0,2.2387635258759684e-13,8.438230647300392e-95
2013-09-11,0,risk_on,1.0,8.856002366740394e-14,2.7289444878619767e-92
2013-09-12,0,risk_on,1.0,1.717862578998286e-13,3.40284367892972e-88
2013-09-13,0,risk_on,1.0,7.147343586333207e-14,1.1392160110626501e-89
2013-09-16,0,risk_on,1.0,4.252771196221579e-14,2.2820212750868794e-92
2013-09-17,0,risk_on,1.0,3.096626631093243e-14,8.28438336403317e-94
2013-09-18,0,risk_on,1.0,1.433491638184474e-13,1.5287455433639979e-90
2013-09-19,0,risk_on,1.0,6.25748051737586e-14,2.4732270374083638e-80
2013-09-20,0,risk_on,1.0,2.330519871990305e-13,8.051774212962165e-76
2013-09-23,0,risk_on,1.0,6.198615307734193e-13,3.1535571905933383e-76
2013-09-24,0,risk_on,1.0,2.850747290606542e-13,3.64866074345721e-76
2013-09-25,0,risk_on,1.0,7.441745953200211e-13,7.728234613146832e-74
2013-09-26,0,risk_on,0.999999999998181,1.933547042143961e-12,1.1785213164663646e-71
2013-09-27,0,risk_on,0.999999999998181,2.4494908554495963e-12,3.2329798746091603e-71
2013-09-30,0,risk_on,0.9999999999708962,2.957362456111085e-11,5.0370753105246676e-70
2013-10-01,0,risk_on,0.9999999999490683,5.0600487736692535e-11,2.531240780507864e-69
2013-10-02,0,risk_on,0.9999999999672582,3.310267527806338e-11,4.008770176829941e-71
2013-10-03,0,risk_on,0.9999999999581632,4.246456728145298e-11,7.855237523329173e-81
2013-10-04,0,risk_on,0.9999999999363354,6.390555977935515e-11,4.520142583245408e-80
2013-10-07,0,risk_on,0.9999999999618012,3.864628004141889e-11,1.2686621642301368e-80
2013-10-08,0,risk_on,0.9999999999654392,3.443902128380818e-11,1.6097143506624202e-78
2013-10-09,0,risk_on,0.9999999999472493,5.1899331850976484e-11,6.550337212176072e-76
2013-10-10,0,risk_on,0.999999999998181,1.7279502313070567e-12,1.372720040815696e-79
2013-10-11,0,risk_on,0.999999999996362,3.692177986547602e-12,2.947534575909104e-79
2013-10-14,0,risk_on,0.9999999999872671,1.2287749652398478e-11,2.589337689270537e-79
2013-10-15,0,risk_on,0.9999999999745341,2.583183281039624e-11,5.099666152755079e-82
2013-10-16,0,risk_on,0.999999999996362,3.667058579489816e-12,2.3492356667485085e-90
2013-10-17,0,risk_on,0.999999999996362,2.9622894765746166e-12,7.493185061860954e-94
2013-10-18,0,risk_on,1.0,1.2878719248845772e-13,6.495912559495587e-93
2013-10-21,0,risk_on,1.0,1.4895872588375448e-13,9.751961171701173e-90
2013-10-22,0,risk_on,1.0,2.811032691680767e-13,7.66057689161347e-88
2013-10-23,0,risk_on,1.0,1.4550546707395594e-13,1.245690720746829e-86
2013-10-24,0,risk_on,1.0,9.525207209826727e-14,6.523650266702019e-88
2013-10-25,0,risk_on,1.0,1.4264499071686497e-13,2.3965964841621774e-87
2013-10-28,0,risk_on,1.0,1.2598457817336038e-13,1.3142205258657598e-87
2013-10-29,0,risk_on,1.0,5.539030196642148e-14,5.190928671956437e-88
2013-10-30,0,risk_on,1.0,3.318743640147102e-14,8.02112592837071e-98
2013-10-31,0,risk_on,1.0,1.8629604577225245e-14,5.609304904872074e-97
2013-11-01,0,risk_on,1.0,1.722340764113522e-14,7.692196479768176e-95
2013-11-04,0,risk_on,1.0,1.543160769479798e-14,9.507884081257656e-96
2013-11-05,0,risk_on,1.0,1.611369178494239e-14,2.872993668661057e-96
2013-11-06,0,risk_on,1.0,2.6403644860412353e-14,1.568585419248119e-96
2013-11-07,0,risk_on,1.0,5.081383869756685e-14,5.6159296589589714e-89
2013-11-08,0,risk_on,1.0,3.242051721270916e-14,4.132835220239113e-82
2013-11-11,0,risk_on,1.0,2.0804187008529357e-14,2.0189180788168754e-83
2013-11-12,0,risk_on,1.0,7.439847639963726e-14,2.710738926016289e-82
2013-11-13,0,risk_on,1.0,5.803713542552642e-14,3.0202607487055514e-76
2013-11-14,0,risk_on,1.0,3.0227996356032764e-14,2.7362756962021277e-76
2013-11-15,0,risk_on,1.0,4.933182495612707e-14,1.0996311350071856e-72
2013-11-18,0,risk_on,1.0,1.4966021746817332e-13,7.801352692655802e-71
2013-11-19,0,risk_on,1.0,7.800013432100839e-14,5.817103027919399e-69
2013-11-20,0,risk_on,1.0,4.04259362825972e-14,4.648500783884538e-70
2013-11-21,0,risk_on,1.0,4.696187759062649e-14,1.4519430619364016e-70
2013-11-22,0,risk_on,1.0,6.546802425227527e-14,1.1004385890117565e-71
2013-11-25,0,risk_on,1.0,1.6538263398320592e-14,4.492540089118512e-77
2013-11-26,0,risk_on,1.0,2.918746728785291e-14,2.5408448975664724e-77
2013-11-27,0,risk_on,1.0,2.270021626798651e-14,5.737047991234137e-79
2013-11-29,0,risk_on,1.0,2.6126079897637785e-14,1.743073425435078e-77
2013-12-02,0,risk_on,1.0,1.9185993253305667e-14,8.138650171578082e-79
2013-12-03,0,risk_on,1.0,1.5984886392864206e-14,3.187674553173839e-79
2013-12-04,0,risk_on,1.0,1.3556495793045402e-14,4.068859932404458e-81
2013-12-05,0,risk_on,1.0,1.1319222432723382e-14,2.4950579827283665e-80
2013-12-06,0,risk_on,1.0,7.165076812294961e-15,2.3343480266672683e-85
2013-12-09,0,risk_on,1.0,2.4767545166220406e-15,4.055849315946566e-86
2013-12-10,0,risk_on,1.0,1.0872308427833395e-14,2.746165407320616e-84
2013-12-11,0,risk_on,1.0,1.7160154021456184e-14,2.86985781777982e-84
2013-12-12,0,risk_on,1.0,3.4930895915828395e-14,2.810903877295618e-82
2013-12-13,0,risk_on,1.0,3.31698703973847e-14,5.152895633274484e-85
2013-12-16,0,risk_on,1.0,8.413784845671692e-14,6.157887386347661e-86
2013-12-17,0,risk_on,1.0,3.2528761940623136e-13,2.821394327534428e-81
2013-12-18,0,risk_on,1.0,1.1332919212676323e-13,1.2674319007909138e-77
2013-12-19,0,risk_on,1.0,4.619280113130087e-13,3.566262046418565e-76
2013-12-20,0,risk_on,1.0,6.087386729687089e-14,3.467400687408922e-79
2013-12-23,0,risk_on,1.0,6.868083948589723e-14,3.517863385267193e-77
2013-12-24,0,risk_on,1.0,6.572586626105759e-14,6.99090646574914e-77
2013-12-26,0,risk_on,1.0,4.910836709616879e-14,6.553742866669679e-77
2013-12-27,0,risk_on,1.0,4.310547866891964e-14,9.962858268192616e-77
2013-12-30,0,risk_on,1.0,7.920041596902762e-14,9.501921626242097e-77
2013-12-31,0,risk_on,1.0,2.7481251325611353e-14,2.3568163200198064e-76
2014-01-02,0,risk_on,1.0,5.6540705813404555e-14,9.487086134715324e-73
2014-01-03,0,risk_on,1.0,6.092131849944647e-14,7.660442808296743e-71
2014-01-06,0,risk_on,1.0,1.1346171621033171e-13,3.484708478712969e-70
2014-01-07,0,risk_on,1.0,4.8432156060393776e-14,1.9666787319993062e-71
2014-01-08,0,risk_on,1.0,5.590990908153036e-14,3.8795674555373994e-72
2014-01-09,0,risk_on,1.0,3.3824053334116695e-14,8.906491858613559e-74
2014-01-10,0,risk_on,1.0,6.680179323760774e-15,7.24067860802354e-76
2014-01-13,0,risk_on,1.0,3.1542344998793495e-14,2.3391427747983768e-70
2014-01-14,0,risk_on,1.0,6.995228095078389e-15,3.044533458396114e-71
2014-01-15,0,risk_on,1.0,7.126287709575794e-15,2.1527278398917364e-70
2014-01-16,0,risk_on,1.0,1.2337015721146935e-14,1.582975278951298e-66
2014-01-17,0,risk_on,1.0,1.7238364795252432e-14,9.906334738311023e-64
2014-01-21,0,risk_on,1.0,2.6758485101738428e-14,2.281319673051662e-65
2014-01-22,0,risk_on,1.0,2.4824090431773835e-14,1.650908632458833e-63
2014-01-23,0,risk_on,1.0,1.172636505882134e-13,1.6070773044970837e-55
2014-01-24,0,risk_on,0.999999999998181,1.1596564332745507e-12,4.1459099834584736e-51
2014-01-27,0,risk_on,0.999999999998181,1.5860300462920955e-12,9.655654750922903e-52
2014-01-28,0,risk_on,1.0,2.887855069327767e-13,2.5920297663820964e-52
2014-01-29,0,risk_on,0.999999999998181,2.17277583003336e-12,8.030025911187663e-50
2014-01-30,0,risk_on,1.0,8.718215611941499e-13,3.418784071618713e-51
2014-01-31,0,risk_on,0.999999999998181,2.3359206034048325e-12,1.483246525387214e-47
2014-02-03,0,risk_on,0.9999999997307896,2.695437054997197e-10,4.054026276642516e-40
2014-02-04,0,risk_on,0.9999999999654392,3.430136079524873e-11,7.53261562794285e-40
2014-02-05,0,risk_on,0.9999999999399733,5.981209925562907e-11,3.4590500200510266e-41
2014-02-06,0,risk_on,0.999999999992724,6.864557938286873e-12,2.431391767542603e-41
2014-02-07,0,risk_on,0.999999999992724,7.077712259098244e-12,4.362087061349965e-43
2014-02-10,0,risk_on,0.999999999996362,4.06505837830575e-12,6.612693235837865e-44
2014-02-11,0,risk_on,0.999999999996362,3.81996063299129e-12,5.4664349829547315e-49
2014-02-12,0,risk_on,1.0,6.98094582755231e-13,3.410790459238882e-48
2014-02-13,0,risk_on,0.999999999996362,3.0329163923258754e-12,1.4414841238218917e-49
2014-02-14,0,risk_on,0.999999999992724,6.424759396519795e-12,2.6678305112865656e-49
2014-02-18,0,risk_on,0.9999999999836291,1.6629119812474156e-11,3.277433339402561e-49
2014-02-19,0,risk_on,0.9999999999745341,2.4683812014073595e-11,5.414003540286703e-49
2014-02-20,0,risk_on,0.9999999999672582,3.3133946013726225e-11,3.9302350376705895e-48
2014-02-21,0,risk_on,0.9999999998144631,1.8475077438478884e-10,3.0763801974541298e-46
2014-02-24,0,risk_on,0.999999999821739,1.784933071653989e-10,1.829121680515304e-46
2014-02-25,0,risk_on,0.9999999999890861,1.1445683386365985e-11,5.805346370112002e-47
2014-02-26,0,risk_on,0.9999999999872671,1.3322405975405298e-11,2.3709875583743226e-46
2014-02-27,0,risk_on,0.9999999999890861,1.0944904228893296e-11,9.123823117817639e-46
2014-02-28,0,risk_on,0.999999999990905,8.460783157420119e-12,3.977151719770114e-45
2014-03-03,0,risk_on,0.9999999999890861,1.0405766440337981e-11,1.0037568087031266e-45
2014-03-04,0,risk_on,0.9999999999890861,1.064321351119265e-11,4.12001767845194e-42
2014-03-05,0,risk_on,0.9999999999690772,3.115979680490441e-11,1.8088293141578114e-39
2014-03-06,0,risk_on,0.9999999999781721,2.09839677317564e-11,7.888620260520843e-41
2014-03-07,0,risk_on,0.999999999990905,8.588249846686302e-12,6.719924043770343e-41
2014-03-10,0,risk_on,0.999999999992724,7.2426109417674515e-12,7.175480176143943e-41
2014-03-11,0,risk_on,0.999999999992724,7.113238638437696e-12,5.183682065347841e-41
2014-03-12,0,risk_on,0.999999999994543,5.624889422777382e-12,8.706541671904724e-41
2014-03-13,0,risk_on,0.9999999999799911,2.0185524244597115e-11,2.0140936985065475e-38
2014-03-14,0,risk_on,0.9999999999072315,9.334438355474998e-11,2.1165729273547778e-36
2014-03-17,0,risk_on,0.9999999999799911,1.9249814536724067e-11,5.93707288958794e-38
2014-03-18,0,risk_on,0.9999999999781721,2.251868802064782e-11,5.322888268250699e-39
2014-03-19,0,risk_on,0.9999999999690772,3.0514900090004654e-11,4.6868402823828485e-40
2014-03-20,0,risk_on,0.999999999994543,5.9249954371659096e-12,2.737640844925966e-40
2014-03-21,0,risk_on,0.9999999999890861,1.0322075139226039e-11,1.0457269471423197e-40
2014-03-24,0,risk_on,0.9999999999854481,1.4850942374173076e-11,1.4515229326431178e-39
2014-03-25,0,risk_on,0.999999999990905,8.295672768480258e-12,1.3382254016663294e-38
2014-03-26,0,risk_on,0.999999999992724,7.050303544878652e-12,5.695931803190617e-38
2014-03-27,0,risk_on,0.999999999990905,9.158680005710712e-12,8.841337272460356e-37
2014-03-28,0,risk_on,0.9999999999781721,2.17643101442003e-11,4.651982244207821e-37
2014-03-31,0,risk_on,0.9999999999727152,2.7922276326646135e-11,3.355822685485448e-37
2014-04-01,0,risk_on,0.9999999999126885,8.641489848079388e-11,8.105219037416224e-36
2014-04-02,0,risk_on,0.9999999997398845,2.592619597629296e-10,2.257465424353473e-35
2014-04-03,0,risk_on,0.9999999997289706,2.717892958427673e-10,4.883430190941221e-35
2014-04-04,0,risk_on,0.9999999998726707,1.273804570361667e-10,7.849263911907141e-34
2014-04-07,0,risk_on,0.9999999996871338,3.128293548238397e-10,4.441123260779135e-32
2014-04-08,0,risk_on,0.999999999821739,1.7856628549260925e-10,2.0381966108534142e-33
2014-04-09,0,risk_on,0.9999999999199645,8.009852548331992e-11,3.6351126719582533e-34
2014-04-10,0,risk_on,0.9999999997380655,2.6264830802916887e-10,1.6452184659247592e-30
2014-04-11,0,risk_on,0.999999999134161,8.662201156142478e-10,2.3303498031821928e-29
2014-04-14,0,risk_on,0.9999999997908162,2.093602712869627e-10,1.2502747051907292e-30
2014-04-15,0,risk_on,0.9999999999217835,7.881191184698684e-11,1.0099012781867382e-31
2014-04-16,0,risk_on,0.9999999997889972,2.1104647992413903e-10,8.726099270199888e-33
2014-04-17,0,risk_on,0.9999999998035491,1.966164301523716e-10,3.637033572721767e-32
2014-04-21,0,risk_on,0.9999999998453859,1.537152729361729e-10,4.1290314218485275e-33
2014-04-22,0,risk_on,0.9999999998508429,1.4827246712042491e-10,5.3688002998931806e-33
2014-04-23,0,risk_on,0.9999999998562998,1.4285807846719846e-10,3.044283727497702e-32
2014-04-24,0,risk_on,0.9999999998672138,1.334474812955705e-10,6.826553963896864e-33
2014-04-25,0,risk_on,0.9999999999508873,4.871264796087921e-11,1.382681143499481e-31
2014-04-28,0,risk_on,0.9999999999581632,4.2032317016437865e-11,1.855397856039055e-31
2014-04-29,0,risk_on,0.9999999999781721,2.131104757214647e-11,1.483812460528394e-32
2014-04-30,0,risk_on,0.9999999999690772,3.099204235381923e-11,4.7760529783046785e-33
2014-05-01,0,risk_on,0.9999999999563443,4.34935995966258e-11,2.0724596820284037e-33
2014-05-02,0,risk_on,0.9999999999326974,6.743000846894475e-11,3.839293624646265e-33
2014-05-05,0,risk_on,0.9999999999581632,4.174370993638542e-11,1.8129970857205882e-34
2014-05-06,0,risk_on,0.999999999992724,7.162817543417198e-12,1.7981879242852909e-34
2014-05-07,0,risk_on,0.999999999996362,3.403348167691175e-12,2.7331820472956924e-34
2014-05-08,0,risk_on,0.999999999994543,5.557307529659103e-12,1.148120810850301e-35
2014-05-09,0,risk_on,0.999999999998181,2.637546247904835e-12,5.573945838836412e-38
2014-05-12,0,risk_on,1.0,5.409674439754944e-13,1.7541128330114373e-36
2014-05-13,0,risk_on,1.0,6.725170414105278e-13,2.510812845533594e-36
2014-05-14,0,risk_on,0.999999999998181,1.2939340758588191e-12,6.948015376796126e-35
2014-05-15,0,risk_on,0.999999999990905,8.418564577634836e-12,4.62998682649098e-34
2014-05-16,0,risk_on,0.999999999992724,7.321934245312315e-12,1.6717751815031242e-34
2014-05-19,0,risk_on,0.999999999996362,3.8042599417375596e-12,8.201130170336723e-35
2014-05-20,0,risk_on,0.999999999998181,2.462355211810966e-12,6.002731750374833e-34
2014-05-21,0,risk_on,0.999999999990905,9.245526012312987e-12,4.167454469533715e-35
2014-05-22,0,risk_on,0.999999999998181,2.08816345019035e-12,4.283181724390369e-35
2014-05-23,0,risk_on,0.999999999992724,6.562278747996226e-12,1.5524163437254186e-36
2014-05-27,0,risk_on,1.0,1.2649630220188732e-13,4.717517535460449e-36
2014-05-28,0,risk_on,1.0,3.020926420961769e-13,2.0049723718734997e-36
2014-05-29,0,risk_on,1.0,2.9549258213150605e-13,8.64098880700746e-37
2014-05-30,0,risk_on,1.0,1.429335696983291e-13,3.5211289283860587e-37
2014-06-02,0,risk_on,1.0,9.820154785289618e-14,1.0670928148247747e-36
2014-06-03,0,risk_on,1.0,9.292647825272066e-14,1.3399453171102577e-37
2014-06-04,0,risk_on,1.0,1.9034111547746755e-13,4.93327393706821e-38
2014-06-05,0,risk_on,1.0,2.2017400175530502e-13,6.8221777974922865e-37
2014-06-06,0,risk_on,1.0,9.281942255789873e-14,2.9358121289562016e-36
2014-06-09,0,risk_on,1.0,9.11181797939073e-14,4.975219969871561e-37
2014-06-10,0,risk_on,1.0,3.0147417589256056e-14,2.7131794142918384e-37
2014-06-11,0,risk_on,1.0,4.6877029309738576e-14,2.042316087546867e-37
2014-06-12,0,risk_on,1.0,7.197226676711887e-14,4.032880408192568e-37
2014-06-13,0,risk_on,1.0,3.465326770203277e-14,2.3207391477574618e-36
2014-06-16,0,risk_on,1.0,3.8983333819757975e-14,1.2303370915102384e-36
2014-06-17,0,risk_on,1.0,4.944116005036745e-14,2.1441824141878117e-37
2014-06-18,0,risk_on,1.0,1.684244220534535e-14,1.0495024766693032e-37
2014-06-19,0,risk_on,1.0,2.1824375533992707e-14,6.100617770926674e-37
2014-06-20,0,risk_on,1.0,1.7338444198259935e-13,6.901597730085235e-38
2014-06-23,0,risk_on,1.0,1.5538597225825812e-13,5.23013986419958e-38
2014-06-24,0,risk_on,1.0,1.1521626962120958e-13,1.4416393556112659e-37
2014-06-25,0,risk_on,1.0,8.844187153340886e-14,9.515776672834528e-39
2014-06-26,0,risk_on,1.0,1.0485033742554061e-13,1.9949986274023642e-38
2014-06-27,0,risk_on,1.0,9.089791364598238e-14,1.0760590126528675e-39
2014-06-30,0,risk_on,1.0,1.0697867919394744e-13,2.3428353920183464e-40
2014-07-01,0,risk_on,1.0,4.3954792892013285e-14,5.558220628307132e-40
2014-07-02,0,risk_on,1.0,1.0140376989214482e-13,3.1197318814589006e-40
2014-07-03,0,risk_on,1.0,2.2542420040095686e-13,4.772834725793405e-40
2014-07-07,0,risk_on,1.0,9.692875475766727e-14,6.763177217887062e-40
2014-07-08,0,risk_on,1.0,2.238301038052223e-13,4.161127740121415e-38
2014-07-09,0,risk_on,1.0,3.003050020029337e-13,4.2118952449282814e-39
2014-07-10,0,risk_on,1.0,1.176348319940666e-13,6.598367648716992e-41
2014-07-11,0,risk_on,1.0,4.238250165779761e-14,8.210390575009168e-42
2014-07-14,0,risk_on,1.0,3.7252158863912465e-14,1.0873620032163317e-42
2014-07-15,0,risk_on,1.0,4.774724610442424e-14,6.04455157411052e-43
2014-07-16,0,risk_on,1.0,4.336584854840327e-14,2.7301630155024236e-41
2014-07-17,0,risk_on,1.0,4.568961531707161e-13,1.993547029333545e-39
2014-07-18,0,risk_on,1.0,1.3943437462341363e-13,6.674900989249524e-40
2014-07-21,0,risk_on,1.0,1.2810566585198668e-13,4.674429379046019e-40
2014-07-22,0,risk_on,1.0,2.2217810883354028e-13,3.379724175339918e-41
2014-07-23,0,risk_on,1.0,1.889724187275041e-14,1.3452368159053232e-41
2014-07-24,0,risk_on,1.0,1.3043676471235733e-14,4.835722759176325e-42
2014-07-25,0,risk_on,1.0,1.950460751068603e-14,6.2930337871537115e-40
2014-07-28,0,risk_on,1.0,1.1446707098956964e-13,1.9082899711837866e-39
2014-07-29,0,risk_on,1.0,2.332505354948682e-13,2.643276512878702e-39
2014-07-30,0,risk_on,1.0,2.594528088967198e-13,5.759197334434912e-38
2014-07-31,0,risk_on,0.9999999999836291,1.669532767522718e-11,2.686599965285746e-39
2014-08-01,0,risk_on,0.999999999996362,3.04950911207541e-12,7.598430690419069e-41
2014-08-04,0,risk_on,1.0,3.390151209784845e-13,5.057138149042992e-41
2014-08-05,0,risk_on,0.999999999996362,2.86370115861593e-12,1.363290733443936e-39
2014-08-06,0,risk_on,0.999999999998181,1.4392811787707026e-12,9.962645712961045e-40
2014-08-07,0,risk_on,0.999999999998181,2.6384418865999977e-12,1.496870485267786e-38
2014-08-08,0,risk_on,0.999999999998181,1.5358060723697784e-12,1.2801379322486377e-40
2014-08-11,0,risk_on,1.0,8.333757619871534e-13,1.1017194635919954e-41
2014-08-12,0,risk_on,1.0,5.262567752918645e-13,3.21425290305279e-42
2014-08-13,0,risk_on,1.0,6.090440840874993e-13,4.46330923003322e-44
2014-08-14,0,risk_on,1.0,7.208549266273204e-13,1.1078995953058454e-45
2014-08-15,0,risk_on,1.0,5.723481084571725e-13,3.8654932406350415e-46
2014-08-18,0,risk_on,0.999999999998181,1.4128203972002481e-12,3.3164465368124626e-46
2014-08-19,0,risk_on,0.999999999998181,9.865641239026946e-13,2.5422869331823084e-46
2014-08-20,0,risk_on,0.999999999998181,1.2186108433160301e-12,9.190915360798879e-48
2014-08-21,0,risk_on,1.0,3.7865230316148826e-13,2.3188181876122532e-48
2014-08-22,0,risk_on,1.0,3.3902036988893886e-13,5.982116335483527e-47
2014-08-25,0,risk_on,1.0,4.185446040088216e-13,5.129829814568092e-46
2014-08-26,0,risk_on,1.0,4.0988412705223316e-13,1.02148013676991e-45
2014-08-27,0,risk_on,1.0,3.0935128609011954e-13,5.792741862692475e-46
2014-08-28,0,risk_on,1.0,5.363983408645987e-13,4.187084577255279e-45
2014-08-29,0,risk_on,0.999999999998181,1.4468166483527758e-12,3.546515440103156e-42
2014-09-02,0,risk_on,0.9999999999890861,1.0631831512373206e-11,4.147132672643185e-44
2014-09-03,0,risk_on,0.999999999998181,1.6698029721299409e-12,6.305330527338952e-46
2014-09-04,0,risk_on,0.999999999996362,3.106032315551236e-12,1.1745261075382652e-47
2014-09-05,0,risk_on,1.0,4.967892288302676e-13,4.8730285157027455e-48
2014-09-08,0,risk_on,0.999999999998181,9.648350801633223e-13,7.14334146673847e-47
2014-09-09,0,risk_on,0.999999999998181,1.4203089632430409e-12,2.0025502774919082e-47
2014-09-10,0,risk_on,1.0,6.586013280774949e-13,2.68970207896893e-47
2014-09-11,0,risk_on,1.0,5.863847223722716e-13,6.6983177119616144e-49
2014-09-12,0,risk_on,1.0,3.9683549802588114e-13,2.1156107476505554e-51
2014-09-15,0,risk_on,0.999999999998181,9.519385645077736e-13,1.0896009540370562e-51
2014-09-16,0,risk_on,0.999999999998181,9.510611115889317e-13,6.722762653756382e-52
2014-09-17,0,risk_on,0.999999999996362,3.708757925114036e-12,6.670354706449048e-51
2014-09-18,0,risk_on,0.999999999998181,2.1812903428727405e-12,5.475386471216446e-51
2014-09-19,0,risk_on,0.999999999996362,2.936611300309885e-12,1.2733737247856633e-49
2014-09-22,0,risk_on,0.999999999992724,6.832660835344596e-12,6.770892848896841e-48
2014-09-23,0,risk_on,0.9999999999854481,1.3725586187081137e-11,1.9270417632801282e-47
2014-09-24,0,risk_on,0.9999999999745341,2.5136717468519954e-11,1.3491549311279778e-46
2014-09-25,0,risk_on,0.9999999998944986,1.0567083982786082e-10,3.0490372291460505e-41
2014-09-26,0,risk_on,0.9999999997453415,2.548133076026415e-10,7.463172781089192e-41
2014-09-29,0,risk_on,0.9999999995779945,4.2141732921098496e-10,3.45738440260237e-40
2014-09-30,0,risk_on,0.9999999993651727,6.354847165701134e-10,1.3411938427143146e-42
2014-10-01,0,risk_on,0.9999999993306119,6.70160567790346e-10,1.2679805575887075e-37
2014-10-02,0,risk_on,0.9999999992924131,7.075753753747548e-10,1.312453683204237e-38
2014-10-03,0,risk_on,0.9999999998817657,1.1883553676479065e-10,1.3911080363587673e-40
2014-10-06,0,risk_on,0.9999999998926796,1.064724697995397e-10,4.473833528957462e-42
2014-10-07,0,risk_on,0.9999999996070983,3.9331588801021133e-10,4.0173514957017327e-38
2014-10-08,0,risk_on,0.9999999998162821,1.8294225101468996e-10,1.9356718408353698e-38
2014-10-09,0,risk_on,0.999999997431587,2.5691749252643016e-09,2.2282108368505721e-38
2014-10-10,0,risk_on,0.9999999660285545,3.397126715318253e-08,1.3116576568142916e-33
2014-10-13,0,risk_on,0.9999942051385561,5.794861947775749e-06,4.504507547525234e-29
2014-10-14,0,risk_on,0.9999993362473489,6.637524369449868e-07,1.003687574754891e-30
2014-10-15,0,risk_on,0.9999914120840422,8.587916010322004e-06,8.592509455879604e-31
2014-10-16,0,risk_on,0.9999936863968416,6.313603678241017e-06,1.4144931150485816e-34
2014-10-17,0,risk_on,0.9999997813411267,2.1865913330590675e-07,1.2301124141662981e-36
2014-10-20,0,risk_on,0.9999999889314495,1.1069421166262355e-08,1.1218553091250406e-38
2014-10-21,0,risk_on,0.9999999979681888,2.030933828784596e-09,9.189037589488163e-39
2014-10-22,0,risk_on,0.9999999969222699,3.078466066771668e-09,2.0818161715763203e-37
2014-10-23,0,risk_on,0.9999999946085154,5.392019005474397e-09,1.2193977560445094e-37
2014-10-24,0,risk_on,0.9999999960964487,3.904111550848454e-09,9.977070924389938e-38
2014-10-27,0,risk_on,0.9999999957435648,4.256045346087337e-09,5.411747618232421e-38
2014-10-28,0,risk_on,0.9999999868414307,1.3159414597247805e-08,4.1748344545327863e-38
2014-10-29,0,risk_on,0.9999999979499989,2.0499513826467264e-09,1.867501749466556e-35
2014-10-30,0,risk_on,0.9999999881838448,1.1817022996802126e-08,2.328540309081385e-34
2014-10-31,0,risk_on,0.9999999717983887,2.8201407098202455e-08,4.832927806704111e-34
2014-11-03,0,risk_on,0.9999999041629098,9.583704829676158e-08,1.475286323656114e-34
2014-11-04,0,risk_on,0.9999999755218599,2.4478839710956352e-08,3.4372874072471656e-35
2014-11-05,0,risk_on,0.9999999841420505,1.5858118913642662e-08,5.185079215484074e-34
2014-11-06,0,risk_on,0.9999999782266971,2.177405614053537e-08,1.7714618701502296e-35
2014-11-07,0,risk_on,0.9999999921164999,7.88405275984464e-09,3.4947409272694744e-35
2014-11-10,0,risk_on,0.9999999465526358,5.3447220297104985e-08,2.656108676725786e-30
2014-11-11,0,risk_on,0.99996644823194,3.3551767337632845e-05,6.10166875384736e-28
2014-11-12,0,risk_on,0.999999560952443,4.390473231242605e-07,5.8467826084847416e-30
2014-11-13,0,risk_on,0.9999986313551106,1.3686453109976491e-06,8.93861885980363e-32
2014-11-14,0,risk_on,0.9999995344788832,4.6552077155648963e-07,6.296377642183295e-34
2014-11-17,0,risk_on,0.9999999546125774,4.538818422624577e-08,3.7154617092724426e-35
2014-11-18,0,risk_on,0.9999999757819754,2.421781921567424e-08,5.882385019778214e-35
2014-11-19,0,risk_on,0.9999999858810042,1.4118780824563246e-08,5.644932644038353e-36
2014-11-20,0,risk_on,0.9999999593474066,4.065277328738709e-08,1.4375136391736154e-36
2014-11-21,0,risk_on,0.9999999907631718,9.237373754420358e-09,2.4095176787834002e-37
2014-11-24,0,risk_on,0.9999999907795427,9.220599108131503e-09,3.0113504634607584e-38
2014-11-25,0,risk_on,0.9999999961364665,3.862913382331497e-09,1.0613689316671286e-37
2014-11-26,0,risk_on,0.9999999942592694,5.740110287788526e-09,1.9703389007373057e-36
2014-11-28,0,risk_on,0.9999999198371402,8.016219441680935e-08,1.9670358133270455e-34
2014-12-01,0,risk_on,0.9999998704170223,1.2958364224854115e-07,1.1689198651962712e-34
2014-12-02,0,risk_on,0.9999998836901863,1.1630904541570157e-07,5.046774115107233e-35
2014-12-03,0,risk_on,0.9999998765524728,1.2344705847401486e-07,1.980354810060043e-34
2014-12-04,0,risk_on,0.9999998586008687,1.4139914886642885e-07,3.420476086084738e-34
2014-12-05,0,risk_on,0.9999998726798448,1.2732063366192046e-07,2.153986826596032e-33
2014-12-08,0,risk_on,0.9999997332961712,2.6670379161647483e-07,6.413100133458691e-32
2014-12-09,0,risk_on,0.9999994689298137,5.310697190978171e-07,1.3991505269229767e-31
2014-12-10,0,risk_on,0.9999724230238747,2.7576976859077195e-05,1.7826569277807044e-27
2014-12-11,0,risk_on,0.9992540230552779,0.0007459769451333429,1.0676575254809305e-25
2014-12-12,0,risk_on,0.9977664812973045,0.002233518702442504,2.0581612665745801e-22
2014-12-15,0,risk_on,0.9977494052032448,0.0022505947958657356,2.2364919514969967e-24
2014-12-16,0,risk_on,0.997653144009737,0.002346855990354034,3.882153182649983e-26
2014-12-17,0,risk_on,0.9999360801414329,6.391985917984578e-05,4.139341524509245e-30
2014-12-18,0,risk_on,0.9999990622477375,9.377515742021849e-07,1.536923125159905e-30
2014-12-19,0,risk_on,0.9999989932626314,1.0067380475815947e-06,6.537321946531282e-32
2014-12-22,0,risk_on,0.999999677938883,3.220615612680548e-07,2.0523176776163144e-31
2014-12-23,0,risk_on,0.999999599065712,4.009349781526019e-07,3.0058718559587416e-32
2014-12-24,0,risk_on,0.9999998092553324,1.9074454841458401e-07,4.080342521429797e-32
2014-12-26,0,risk_on,0.9999997003233596,2.9967662168031375e-07,4.311766427328947e-31
2014-12-29,0,risk_on,0.9999995626659303,4.3733483817041243e-07,1.22283566615707e-31
2014-12-30,0,risk_on,0.9999998695530025,1.3044738243602775e-07,6.980932121095488e-32
2014-12-31,0,risk_on,0.9999995177441886,4.82256028787301e-07,7.939432975060043e-33
2015-01-02,0,risk_on,0.999999704357877,2.9564248400111594e-07,2.4442573348196958e-32
2015-01-05,0,risk_on,0.9999985523710639,1.4476281387157834e-06,2.785518967105429e-28
2015-01-06,0,risk_on,0.9999941031265888,5.89687430381901e-06,1.0402581760717611e-26
2015-01-07,0,risk_on,0.9999983970787184,1.6029210531437512e-06,2.270458129548123e-28
2015-01-08,0,risk_on,0.9999996137522267,3.862477069325528e-07,1.2698521685438238e-30
2015-01-09,0,risk_on,0.9999997780505756,2.2194971146421734e-07,1.3178348645360264e-28
2015-01-12,0,risk_on,0.9999993265303141,6.73469348895812e-07,8.129462979442531e-27
2015-01-13,0,risk_on,0.9999965023932649,3.4976063967197113e-06,8.300840841628084e-25
2015-01-14,0,risk_on,0.9997546500570405,0.00024534994337711277,1.00216078062061e-22
2015-01-15,0,risk_on,0.9994249878658573,0.0005750121348957686,1.0191467773446825e-21
2015-01-16,0,risk_on,0.9996109614873232,0.00038903851270234545,1.199725175420482e-25
2015-01-20,0,risk_on,0.999998993922924,1.0060776278771969e-06,3.1190865893576754e-29
2015-01-21,0,risk_on,0.9999997003069887,2.996932154738794e-07,1.5729819194194338e-31
2015-01-22,0,risk_on,0.999999974310413,2.5688931427859186e-08,6.410698360317742e-34
2015-01-23,0,risk_on,0.9999999343745024,6.5625904699735e-08,1.9933469983541215e-32
2015-01-26,0,risk_on,0.9999999099964083,9.000285488046559e-08,3.837436247570223e-32
2015-01-27,0,risk_on,0.9999997367104134,2.6328895368325286e-07,1.050003399946591e-30
2015-01-28,0,risk_on,0.9999992651994916,7.3480064827481e-07,1.4011574936985964e-29
2015-01-29,0,risk_on,0.9999996094575944,3.9054166950296543e-07,7.444759010262868e-30
2015-01-30,0,risk_on,0.9999953869752961,4.613024840363319e-06,2.4439856554463295e-28
2015-02-02,0,risk_on,0.9999989901721716,1.0098276930249422e-06,1.0412517350726053e-30
2015-02-03,0,risk_on,0.9999998199146083,1.8008594926336763e-07,7.362792868651608e-32
2015-02-04,0,risk_on,0.9999994614719612,5.38528894966945e-07,8.876186147001651e-30
2015-02-05,0,risk_on,0.999998160997947,1.8390017362458384e-06,5.77394509696774e-30
2015-02-06,0,risk_on,0.9999987849085407,1.2150910294095171e-06,4.965861609061498e-31
2015-02-09,0,risk_on,0.9999994269839413,5.73015619449931e-07,1.7842313999749398e-32
2015-02-10,0,risk_on,0.99999990245306,9.754709159236131e-08,2.4169469793306237e-33
2015-02-11,0,risk_on,0.9999999165611405,8.343954833159016e-08,1.046343561243525e-33
2015-02-12,0,risk_on,0.999999896224841,1.0377572392380835e-07,1.070644895476822e-33
2015-02-13,0,risk_on,0.9999997370250985,2.62974115835931e-07,4.799537219191857e-32
2015-02-17,0,risk_on,0.9999994033534637,5.966473005390464e-07,2.526637553856007e-33
2015-02-18,0,risk_on,0.9999999476767711,5.232273595034621e-08,1.838146158655897e-33
2015-02-19,0,risk_on,0.9999996799306757,3.2006924452848926e-07,3.229680692547546e-33
2015-02-20,0,risk_on,0.9999999735900932,2.6410600833332675e-08,3.8231065773743994e-33
2015-02-23,0,risk_on,0.9999999425981531,5.740161928802977e-08,2.1206432220773304e-33
2015-02-24,0,risk_on,0.9999999894225766,1.0576655698539153e-08,2.3876715774504675e-33
2015-02-25,0,risk_on,0.9999999766660042,2.3334124140958127e-08,5.035083075106122e-32
2015-02-26,0,risk_on,0.9999998491403062,1.5085999241530712e-07,1.5229284136891648e-30
2015-02-27,0,risk_on,0.999999927156753,7.284409874942132e-08,1.5505896569298326e-30
2015-03-02,0,risk_on,0.9999998334387922,1.6656084375658774e-07,1.2194369790500216e-30
2015-03-03,0,risk_on,0.9999994156552818,5.843454026759082e-07,2.942559084258267e-30
2015-03-04,0,risk_on,0.9999999155061268,8.449304026427112e-08,1.4756993243431395e-30
2015-03-05,0,risk_on,0.9999998753865007,1.246140949955636e-07,4.4022605266740057e-29
2015-03-06,0,risk_on,0.9999881113178194,1.1888681557331814e-05,8.652216478384039e-29
2015-03-09,0,risk_on,0.9999998077528474,1.9224697405315825e-07,4.503061934940738e-31
2015-03-10,0,risk_on,0.9999993128733509,6.871271110204682e-07,8.966364558989416e-28
2015-03-11,0,risk_on,0.999999183332299,8.166674874616224e-07,7.262714459749786e-28
2015-03-12,0,risk_on,0.9999995881445041,4.1185491473559677e-07,5.64802286079772e-30
2015-03-13,0,risk_on,0.9999998052299096,1.9477086076682018e-07,1.70002933588776e-30
2015-03-16,0,risk_on,0.9999999735937312,2.640634636837263e-08,1.0940527934577004e-33
2015-03-17,0,risk_on,0.9999999661795306,3.382068206733809e-08,4.582075828991466e-33
2015-03-18,0,risk_on,0.9999998759558443,1.2404402502256248e-07,2.2195187709844226e-35
2015-03-19,0,risk_on,0.9999988736059982,1.1263935822649891e-06,5.509404110559359e-35
2015-03-20,0,risk_on,0.9999998828388994,1.1716188954396166e-07,7.091071366302177e-39
2015-03-23,0,risk_on,0.9999999061310563,9.386911267742925e-08,4.2663958442572465e-43
2015-03-24,0,risk_on,0.9999998623316154,1.3766919188721968e-07,3.160784208097585e-41
2015-03-25,0,risk_on,0.9999998488747338,1.5112578735951048e-07,5.2260925329069726e-42
2015-03-26,0,risk_on,0.9999998761923129,1.23808152575768e-07,2.608730667022998e-42
2015-03-27,0,risk_on,0.999999903813664,9.618658259159479e-08,1.51572908569515e-41
2015-03-30,0,risk_on,0.9999999409610627,5.903861320191077e-08,1.0151139541369535e-41
2015-03-31,0,risk_on,0.9999998136736568,1.8632682852949777e-07,4.950823500983471e-41
2015-04-01,0,risk_on,0.9999998767507425,1.232497367703939e-07,1.2120827344786154e-40
2015-04-02,0,risk_on,0.9999999336305359,6.636986019657668e-08,1.1648552635289295e-39
2015-04-06,0,risk_on,0.9999997830673473,2.1693183161661393e-07,8.489821255570259e-41
2015-04-07,0,risk_on,0.9999999005649493,9.943473287186168e-08,1.2506039959286817e-40
2015-04-08,0,risk_on,0.9999999302945095,6.970463893938793e-08,1.4734127351784626e-41
2015-04-09,0,risk_on,0.9999999197734756,8.022709117547982e-08,6.251816312424336e-42
2015-04-10,0,risk_on,0.9999999599258452,4.007349857419582e-08,4.606700012580114e-46
2015-04-13,0,risk_on,0.999999981147994,1.8852833203747565e-08,8.793648689611069e-48
2015-04-14,0,risk_on,0.9999999820138329,1.7985580182644958e-08,2.315647052834267e-47
2015-04-15,0,risk_on,0.9999999059145965,9.408507933301777e-08,6.723151302312094e-48
2015-04-16,0,risk_on,0.9999998776056674,1.2239516469614082e-07,3.948919494968724e-48
2015-04-17,0,risk_on,0.9999999608789957,3.912091907479303e-08,1.1360710051167919e-48
2015-04-20,0,risk_on,0.9999999769843273,2.301623667985541e-08,3.5766235443649624e-50
2015-04-21,0,risk_on,0.9999999722895158,2.7711255947899614e-08,2.474239541914109e-50
2015-04-22,0,risk_on,0.9999999734955057,2.6505149292469243e-08,2.170880830750878e-51
2015-04-23,0,risk_on,0.999999966456017,3.35440819065516e-08,3.68516866857009e-53
2015-04-24,0,risk_on,0.9999999906012818,9.398910000121455e-09,2.7377438029408106e-53
2015-04-27,0,risk_on,0.9999999929113983,7.08790322218653e-09,1.8075383217944299e-53
2015-04-28,0,risk_on,0.9999999904212018,9.5779218562434e-09,1.2643575689189787e-52
2015-04-29,0,risk_on,0.9999999936680979,6.331907469089312e-09,1.6472857069932567e-58
2015-04-30,0,risk_on,0.9999999963529262,3.64655591532097e-09,6.433048208900817e-59
2015-05-01,0,risk_on,0.999999998806743,1.1935484744557483e-09,9.266414248968011e-61
2015-05-04,0,risk_on,0.9999999990468496,9.537543031744852e-10,5.255292632803285e-63
2015-05-05,0,risk_on,0.9999999996816769,3.183174556624226e-10,5.336316954185703e-70
2015-05-06,0,risk_on,0.9999999995270628,4.723078880879621e-10,2.1877499088871202e-69
2015-05-07,0,risk_on,0.9999999989031494,1.097071798569011e-09,8.992863737282213e-74
2015-05-08,0,risk_on,0.9999999993997335,6.002343228650505e-10,7.425704260683507e-75
2015-05-11,0,risk_on,0.999999999139618,8.603183994073932e-10,2.7693839448855265e-77
2015-05-12,0,risk_on,0.9999999995889084,4.119080777599706e-10,3.46968213795793e-79
2015-05-13,0,risk_on,0.9999999985666364,1.4330859812853677e-09,5.1657522867731776e-79
2015-05-14,0,risk_on,0.9999999949122866,5.087085003036095e-09,2.53838362155728e-82
2015-05-15,0,risk_on,0.9999999993760866,6.245759994258866e-10,1.1368209558438492e-83
2015-05-18,0,risk_on,0.9999999977189873,2.2813068368828255e-09,6.305723121457204e-80
2015-05-19,0,risk_on,0.9999999981246219,1.8748497959137616e-09,8.499022170371742e-82
2015-05-20,0,risk_on,0.9999999992869562,7.125738963230727e-10,2.692877946748523e-83
2015-05-21,0,risk_on,0.9999999997544364,2.461237393529074e-10,1.8005571010274514e-84
2015-05-22,0,risk_on,0.9999999997580744,2.413659352158595e-10,1.1055026983777948e-84
2015-05-26,0,risk_on,0.9999999997107807,2.897948666286617e-10,4.332571270075483e-78
2015-05-27,0,risk_on,0.9999999993724487,6.266651803536233e-10,5.467940339751456e-78
2015-05-28,0,risk_on,0.999999998966814,1.0332763090519065e-09,1.7855412213034633e-79
2015-05-29,0,risk_on,0.9999999998944986,1.0633706452754526e-10,4.427285074025303e-79
2015-06-01,0,risk_on,0.9999999999163265,8.333977035208389e-11,7.418639821058186e-82
2015-06-02,0,risk_on,0.9999999998817657,1.1907512217110438e-10,7.41574281140904e-83
2015-06-03,0,risk_on,0.9999999999236024,7.589315789952266e-11,1.3683620046428014e-82
2015-06-04,0,risk_on,0.9999999999072315,9.329024607036396e-11,9.29747720053643e-78
2015-06-05,0,risk_on,0.9999999999381544,6.227773481383341e-11,7.860107138888498e-72
2015-06-08,0,risk_on,0.9999999999035936,9.660382059318506e-11,1.850652566428044e-70
2015-06-09,0,risk_on,0.9999999997180566,2.8104647439119464e-10,7.296446814887467e-76
2015-06-10,0,risk_on,0.9999999999563443,4.3830918497410274e-11,2.0668635520383753e-76
2015-06-11,0,risk_on,0.9999999999690772,3.098122793022594e-11,2.4177428352004064e-79
2015-06-12,0,risk_on,0.9999999999745341,2.5823771821931535e-11,1.208389641600024e-78
2015-06-15,0,risk_on,0.9999999999163265,8.358623503863786e-11,6.102552673470297e-79
2015-06-16,0,risk_on,0.9999999998963176,1.037571947170988e-10,4.858586497359505e-81
2015-06-17,0,risk_on,0.9999999996398401,3.603951652708899e-10,2.8260408445701435e-75
2015-06-18,0,risk_on,0.9999999971678335,2.8314156715638624e-09,2.325859460072826e-75
2015-06-19,0,risk_on,0.9999999994488462,5.512963369988534e-10,4.10139399576269e-74
2015-06-22,0,risk_on,0.9999999993870006,6.133428091781638e-10,2.4097021111418652e-73
2015-06-23,0,risk_on,0.9999999993942765,6.059935590885001e-10,7.031831603582495e-73
2015-06-24,0,risk_on,0.999999999310603,6.885089546670091e-10,4.408968626754224e-66
2015-06-25,0,risk_on,0.9999999977862899,2.2129241070033184e-09,7.326574681075436e-65
2015-06-26,0,risk_on,0.9999999982246663,1.7747894064464847e-09,5.7107820396995736e-64
2015-06-29,0,risk_on,0.9999999565479821,4.345207112645565e-08,5.879342717739155e-54
2015-06-30,0,risk_on,0.9999999682186177,3.17814011959273e-08,4.956708564142676e-55
2015-07-01,0,risk_on,0.9999999929368641,7.063195334798051e-09,1.4828214233110533e-54
2015-07-02,0,risk_on,0.9999999860501703,1.3949742109518264e-08,5.3854933183971144e-55
2015-07-06,0,risk_on,0.9999999849242159,1.507585662300168e-08,4.430843565363123e-54
2015-07-07,0,risk_on,0.9999999871106411,1.28901538579057e-08,6.958145255652679e-54
2015-07-08,0,risk_on,0.9999999011688536,9.883048740365281e-08,1.2568990079277414e-50
2015-07-09,0,risk_on,0.9999998873026988,1.1269677677085843e-07,7.536712907868772e-52
2015-07-10,0,risk_on,0.9999999392657647,6.073430657982975e-08,3.188667195675506e-52
2015-07-13,0,risk_on,0.9999999576048149,4.23956252550753e-08,2.4912463912769464e-52
2015-07-14,0,risk_on,0.9999998941693831,1.0583018310117703e-07,4.057816421190051e-52
2015-07-15,0,risk_on,0.9999999139763568,8.602319301872033e-08,1.8158465812181666e-53
2015-07-16,0,risk_on,0.9999999665324145,3.3467937297576414e-08,2.0195141450515345e-56
2015-07-17,0,risk_on,0.9999999895135261,1.0486940993651337e-08,2.203428188147162e-58
2015-07-20,0,risk_on,0.9999999879728421,1.2027512072184699e-08,1.214777162995271e-61
2015-07-21,0,risk_on,0.9999999885912985,1.1407896125651045e-08,5.142122264753878e-60
2015-07-22,0,risk_on,0.9999999530064099,4.69942976233103e-08,3.2858074202517116e-59
2015-07-23,0,risk_on,0.9999999651154218,3.488477755281307e-08,8.355417675879615e-58
2015-07-24,0,risk_on,0.9999999730189305,2.698065981972725e-08,5.056820932063007e-55
2015-07-27,0,risk_on,0.9999999068732038,9.312697785113438e-08,7.749672963224461e-54
2015-07-28,0,risk_on,0.9999999685805965,3.141871750099886e-08,4.490200563807771e-55
2015-07-29,0,risk_on,0.9999998672410672,1.3275893792043268e-07,2.1933298781027786e-53
2015-07-30,0,risk_on,0.9999992739433672,7.260569484636611e-07,3.022238475143053e-52
2015-07-31,0,risk_on,0.9999999062711185,9.372812858623545e-08,4.851277193470323e-56
2015-08-03,0,risk_on,0.9999998114890509,1.8851045905553877e-07,1.1026216755443744e-55
2015-08-04,0,risk_on,0.9999999214269368,7.857369870887747e-08,2.3387069686068224e-54
2015-08-05,0,risk_on,0.9999999646988733,3.5301431648772056e-08,4.707351857589842e-52
2015-08-06,0,risk_on,0.9999987840790825,1.2159213147699482e-06,1.4759528826885597e-47
2015-08-07,0,risk_on,0.999940962372618,5.903762774717142e-05,4.7968723410541325e-47
2015-08-10,0,risk_on,0.9999983148459807,1.6851546529404507e-06,1.1195764071454745e-47
2015-08-11,0,risk_on,0.9999983968804489,1.603119150584395e-06,1.8239889618421185e-46
2015-08-12,0,risk_on,0.9999998129951738,1.8700392255160358e-07,2.3124388685174475e-48
2015-08-13,0,risk_on,0.9999996739589355,3.2604147623882754e-07,8.485714797070565e-48
2015-08-14,0,risk_on,0.9999994536757768,5.463239338598781e-07,9.280333924529157e-47
2015-08-17,0,risk_on,0.9999994020747149,5.979259316083877e-07,1.2715789067402882e-46
2015-08-18,0,risk_on,0.9999933389739384,6.661025573565644e-06,4.904273428387933e-45
2015-08-19,0,risk_on,0.9995981342773944,0.0004018657222871284,2.114009707667304e-42
2015-08-20,0,risk_on,0.9651866063441956,0.03481339365598382,2.0293455060593145e-36
2015-08-21,1,inflation_rates_shock,0.00029347390046954554,0.9997065260995863,6.999604978612051e-33
2015-08-24,1,inflation_rates_shock,2.0288731616488766e-22,1.0,2.4072069151162336e-32
2015-08-25,1,inflation_rates_shock,5.336009383868116e-17,1.0,7.106390932686959e-34
2015-08-26,1,inflation_rates_shock,2.1505043871189116e-12,0.999999999998181,2.3382129203306568e-33
2015-08-27,1,inflation_rates_shock,3.005811659254544e-10,0.9999999996998667,6.243989073295285e-36
2015-08-28,1,inflation_rates_shock,1.7250500982327535e-10,0.999999999827196,2.0255935070003985e-35
2015-08-31,1,inflation_rates_shock,2.0280517620301148e-12,0.999999999998181,4.068429445135848e-36
2015-09-01,1,inflation_rates_shock,4.1329647507059765e-16,1.0,4.589353292766895e-31
2015-09-02,1,inflation_rates_shock,4.332504126115986e-13,1.0,1.4398972547718748e-30
2015-09-03,1,inflation_rates_shock,1.852404787727758e-12,0.999999999998181,1.1193512490351182e-30
2015-09-04,1,inflation_rates_shock,2.6721125971806598e-14,1.0,8.4990621020259e-28
2015-09-08,1,inflation_rates_shock,9.585469150297618e-15,1.0,2.2998662813336312e-27
2015-09-09,1,inflation_rates_shock,8.32243073718289e-15,1.0,1.7548569110636444e-27
2015-09-10,1,inflation_rates_shock,1.3358869471797253e-14,1.0,5.9872259591862925e-27
2015-09-11,1,inflation_rates_shock,1.9127546300171336e-13,1.0,2.003372308420028e-27
2015-09-14,1,inflation_rates_shock,3.352974924303533e-14,1.0,2.631119614955887e-27
2015-09-15,1,inflation_rates_shock,2.0439742877308026e-14,1.0,9.259200266994061e-28
2015-09-16,1,inflation_rates_shock,4.782686619409861e-13,1.0,1.0211068157720645e-28
2015-09-17,1,inflation_rates_shock,1.5588399571891527e-12,0.999999999998181,1.8269910106410644e-30
2015-09-18,1,inflation_rates_shock,2.628978898141662e-13,1.0,3.239060559285687e-28
2015-09-21,1,inflation_rates_shock,5.574267247678339e-13,1.0,3.65482068357638e-28
2015-09-22,1,inflation_rates_shock,1.4403008586715852e-14,1.0,8.393260881790474e-27
2015-09-23,1,inflation_rates_shock,5.505130888493819e-25,1.0,1.8036856682185049e-25
2015-09-24,1,inflation_rates_shock,6.208536221438346e-23,1.0,1.1859018163613512e-24
2015-09-25,1,inflation_rates_shock,4.1616628194067444e-16,1.0,3.532977971777553e-27
2015-09-28,1,inflation_rates_shock,5.654606256207663e-17,1.0,3.408751599423019e-24
2015-09-29,1,inflation_rates_shock,1.4949318835155052e-17,1.0,3.5031043063669115e-24
2015-09-30,1,inflation_rates_shock,1.1362295475028214e-15,1.0,2.1775966280946505e-26
2015-10-01,1,inflation_rates_shock,3.067610820570713e-22,1.0,1.1716891568793626e-25
2015-10-02,1,inflation_rates_shock,3.7879511419168066e-17,1.0,8.142398149700532e-28
2015-10-05,1,inflation_rates_shock,1.4358192821175893e-13,1.0,4.0903981797387195e-29
2015-10-06,1,inflation_rates_shock,7.046844349622355e-16,1.0,1.959002045935251e-27
2015-10-07,1,inflation_rates_shock,2.1645978750770226e-12,0.999999999998181,5.193599325922646e-29
2015-10-08,1,inflation_rates_shock,5.451154059774266e-13,1.0,6.241807606515153e-29
2015-10-09,1,inflation_rates_shock,1.516819355172625e-11,0.9999999999854481,9.507308858224309e-29
2015-10-12,1,inflation_rates_shock,4.172258273943393e-12,0.999999999996362,2.943647455791507e-28
2015-10-13,1,inflation_rates_shock,4.708276667224802e-12,0.999999999994543,1.0516731691840786e-28
2015-10-14,1,inflation_rates_shock,6.209635071638424e-12,0.999999999994543,8.334983593281153e-30
2015-10-15,1,inflation_rates_shock,2.697206351488738e-10,0.9999999997307896,5.3359216939838005e-31
2015-10-16,1,inflation_rates_shock,6.365600890295996e-10,0.9999999993633537,4.168042464056901e-31
2015-10-19,1,inflation_rates_shock,2.3424347392942163e-11,0.9999999999763531,1.7068042363652626e-29
2015-10-20,1,inflation_rates_shock,1.5794290188220564e-10,0.9999999998417479,3.2468365803967975e-30
2015-10-21,1,inflation_rates_shock,1.2174033690373517e-12,0.999999999998181,2.9943717679254943e-28
2015-10-22,1,inflation_rates_shock,2.6601582955893906e-11,0.9999999999727152,7.548741209184468e-29
2015-10-23,1,inflation_rates_shock,2.83229271208731e-10,0.9999999997162377,5.3150698247145555e-30
2015-10-26,1,inflation_rates_shock,9.421767543774133e-10,0.9999999990577635,2.64166117566347e-31
2015-10-27,1,inflation_rates_shock,6.277541241804433e-14,1.0,5.888461470101896e-31
2015-10-28,1,inflation_rates_shock,1.0702599144717002e-12,0.999999999998181,6.45221630694183e-32
2015-10-29,1,inflation_rates_shock,1.0615204461597809e-10,0.9999999998944986,1.0216479652328431e-34
2015-10-30,1,inflation_rates_shock,9.954008647088339e-11,0.9999999998999556,9.509910118288411e-33
2015-11-02,1,inflation_rates_shock,6.979159506690232e-10,0.9999999993015081,1.3038181620534457e-34
2015-11-03,1,inflation_rates_shock,1.5883185452680486e-08,0.9999999841165846,5.793422403033176e-37
2015-11-04,1,inflation_rates_shock,4.8871052801821635e-08,0.9999999511292129,9.722230902701735e-36
2015-11-05,1,inflation_rates_shock,9.604111738569266e-08,0.9999999039591831,2.0545769253073086e-34
2015-11-06,1,inflation_rates_shock,9.180251590079743e-08,0.999999908197428,6.141318735386274e-36
2015-11-09,1,inflation_rates_shock,1.335054398377929e-07,0.9999998664952816,6.40010275482042e-35
2015-11-10,1,inflation_rates_shock,1.1252645050050493e-09,0.9999999988740456,4.447892533718388e-33
2015-11-11,1,inflation_rates_shock,2.754887599221111e-08,0.9999999724514058,1.6653131857986876e-34
2015-11-12,1,inflation_rates_shock,6.300652028325121e-09,0.9999999936990207,7.122907748510551e-34
2015-11-13,1,inflation_rates_shock,9.456107584638155e-10,0.9999999990541255,2.0256412256269005e-32
2015-11-16,1,inflation_rates_shock,1.1773074815432237e-08,0.9999999882275006,3.9448377390336575e-34
2015-11-17,1,inflation_rates_shock,4.315252205204966e-09,0.9999999956853571,1.2205198112619253e-34
2015-11-18,1,inflation_rates_shock,1.7093067395393342e-07,0.9999998290695804,6.176742554501743e-37
2015-11-19,1,inflation_rates_shock,5.161519898453815e-06,0.999994838479912,1.4574215620541567e-35
2015-11-20,1,inflation_rates_shock,0.0013994210746026874,0.9986005789250391,1.2445285594864878e-33
2015-11-23,1,inflation_rates_shock,0.03260081550862838,0.9673991844905084,5.747180088637761e-32
2015-11-24,0,risk_on,0.7607932299013352,0.23920677009845437,5.927162208899548e-39
2015-11-25,0,risk_on,0.9743225438229383,0.02567745617737389,4.568088096491402e-41
2015-11-27,0,risk_on,0.9953122129336484,0.004687787066486,1.1400221645888514e-41
2015-11-30,0,risk_on,0.9992982246396773,0.0007017753601964497,7.11202644370529e-42
2015-12-01,0,risk_on,0.9999876302191475,1.2369780040090883e-05,1.283293079908576e-44
2015-12-02,0,risk_on,0.9999983740976435,1.625901916618204e-06,8.64360096188765e-46
2015-12-03,0,risk_on,0.9999997179602758,2.8203996530479955e-07,3.105403035158916e-51
2015-12-04,0,risk_on,0.9999992408959922,7.591042651852882e-07,7.7328073392917e-54
2015-12-07,0,risk_on,0.9999990586788837,9.413206491173821e-07,2.169762951525055e-58
2015-12-08,0,risk_on,0.9999989881385435,1.0118613018091724e-06,9.870099958897005e-58
2015-12-09,0,risk_on,0.9999997251125401,2.7488737648226944e-07,1.5227753762783826e-57
2015-12-10,0,risk_on,0.9999975431995319,2.456800568333408e-06,5.625764139130502e-56
2015-12-11,0,risk_on,0.9985117471875654,0.00148825281169657,7.599696114961909e-49
2015-12-14,0,risk_on,0.9983259676687944,0.001674032330843538,4.535440077070131e-53
2015-12-15,0,risk_on,0.9999796952676275,2.030473217035376e-05,6.303045097605531e-57
2015-12-16,0,risk_on,0.9999998055191288,1.9448177540957186e-07,2.727658211966208e-59
2015-12-17,0,risk_on,0.9999950938847475,4.906114780746183e-06,1.9189536404071114e-54
2015-12-18,0,risk_on,0.9999906429931192,9.357006826126733e-06,4.239494577802459e-53
2015-12-21,0,risk_on,0.999998903621109,1.0963787133206106e-06,2.3842856273070275e-56
2015-12-22,0,risk_on,0.9999998905386807,1.0946064748743647e-07,4.3850782721994566e-57
2015-12-23,0,risk_on,0.9999999741521609,2.584723487940512e-08,8.391551018051508e-58
2015-12-24,0,risk_on,0.9999999547490016,4.5250900496642086e-08,2.0696043984358653e-57
2015-12-28,0,risk_on,0.999999967647455,3.235260197668951e-08,2.797872408790838e-61
2015-12-29,0,risk_on,0.9999999704177758,2.9582024154847904e-08,1.8537092994615041e-62
2015-12-30,0,risk_on,0.9999999901228875,9.877765046408595e-09,2.8032657128853247e-63
2015-12-31,0,risk_on,0.9999999080919266,9.190767669897582e-08,5.343107355332297e-61
2016-01-04,0,risk_on,0.9999994806095386,5.193906531718786e-07,5.548154118000906e-55
2016-01-05,0,risk_on,0.9999964226799742,3.577320328921568e-06,9.062488592243261e-56
2016-01-06,0,risk_on,0.9996236500906397,0.00037634990849502205,5.448860856923836e-50
2016-01-07,0,risk_on,0.8755242142674435,0.12447578573312751,2.5993711168028748e-45
2016-01-08,1,inflation_rates_shock,0.15378859820877627,0.8462114017917892,3.372333255938624e-45
2016-01-11,1,inflation_rates_shock,0.012698776747568818,0.9873012232525366,5.719618481864073e-45
2016-01-12,1,inflation_rates_shock,0.005742982514552756,0.9942570174846048,4.7151106391213215e-48
2016-01-13,1,inflation_rates_shock,9.580427230869933e-09,0.9999999904193828,1.9722763729155234e-42
2016-01-14,1,inflation_rates_shock,1.9771172090858485e-07,0.9999998022886043,2.891749393721084e-43
2016-01-15,1,inflation_rates_shock,2.2763507711181212e-10,0.9999999997726263,1.598283439989986e-41
2016-01-19,1,inflation_rates_shock,8.735079213708305e-10,0.9999999991268851,2.5323215927550526e-41
2016-01-20,1,inflation_rates_shock,3.688405909383961e-12,0.999999999996362,9.994405838446809e-39
2016-01-21,1,inflation_rates_shock,1.961494652006433e-12,0.999999999998181,9.525834696981964e-39
2016-01-22,1,inflation_rates_shock,1.4687290368573758e-09,0.9999999985320756,6.435723935288843e-39
2016-01-25,1,inflation_rates_shock,3.80936690490245e-11,0.9999999999618012,1.9326829368502954e-38
2016-01-26,1,inflation_rates_shock,1.5217868689529806e-08,0.9999999847823348,2.6283010590640508e-42
2016-01-27,1,inflation_rates_shock,1.0696737776295437e-10,0.9999999998926796,3.3315082401372224e-40
2016-01-28,1,inflation_rates_shock,1.9289293413772748e-10,0.9999999998071871,6.574223519882203e-41
2016-01-29,1,inflation_rates_shock,3.127553337126789e-07,0.9999996872448299,2.6850642802740183e-49
2016-02-01,1,inflation_rates_shock,4.904140809041718e-08,0.9999999509582279,1.329718834768403e-48
2016-02-02,1,inflation_rates_shock,1.665570492140693e-11,0.9999999999836291,5.7462565891084324e-43
2016-02-03,1,inflation_rates_shock,2.0145795344157175e-10,0.9999999997980922,3.5054928728575185e-45
2016-02-04,1,inflation_rates_shock,2.4452457281078463e-10,0.9999999997562554,2.4583783979872932e-45
2016-02-05,1,inflation_rates_shock,3.3103991202117795e-14,1.0,1.241721810148912e-41
2016-02-08,1,inflation_rates_shock,6.904986491511583e-20,1.0,2.1162422439079575e-38
2016-02-09,1,inflation_rates_shock,6.8195674033040995e-22,1.0,8.346039186203237e-39
2016-02-10,1,inflation_rates_shock,2.369253416527895e-22,1.0,4.266468568780422e-38
2016-02-11,1,inflation_rates_shock,1.0616336634965841e-23,1.0,1.2730960114346888e-37
2016-02-12,1,inflation_rates_shock,8.614764080682853e-23,1.0,6.801935260836442e-35
2016-02-16,1,inflation_rates_shock,8.132476153478625e-17,1.0,1.9674640863743047e-37
2016-02-17,1,inflation_rates_shock,1.744457926553018e-17,1.0,4.333746616516968e-38
2016-02-18,1,inflation_rates_shock,2.2995096649271094e-18,1.0,3.131857278747808e-37
2016-02-19,1,inflation_rates_shock,8.936867559706248e-21,1.0,3.8208062779596595e-36
2016-02-22,1,inflation_rates_shock,8.260659463048744e-18,1.0,1.8298460293586887e-40
2016-02-23,1,inflation_rates_shock,1.3848755055027713e-16,1.0,1.0258969318487275e-38
2016-02-24,1,inflation_rates_shock,9.9634460012748e-18,1.0,1.506120128399778e-38
2016-02-25,1,inflation_rates_shock,2.2152079009366196e-14,1.0,5.039812726311078e-41
2016-02-26,1,inflation_rates_shock,5.1218334477056e-16,1.0,8.542803047011311e-40
2016-02-29,1,inflation_rates_shock,2.2145285260849424e-16,1.0,6.134080071684388e-39
2016-03-01,1,inflation_rates_shock,5.885886314793874e-13,1.0,8.962390062351667e-40
2016-03-02,1,inflation_rates_shock,8.81214994967905e-13,1.0,4.008859317657719e-40
2016-03-03,1,inflation_rates_shock,6.539986728846453e-15,1.0,5.857983646996403e-39
2016-03-04,1,inflation_rates_shock,1.090851827411054e-12,0.999999999998181,6.85603760074244e-40
2016-03-07,1,inflation_rates_shock,8.050999299984511e-13,1.0,1.0919090726039423e-34
2016-03-08,1,inflation_rates_shock,1.689203696737394e-16,1.0,9.938443944292047e-32
2016-03-09,1,inflation_rates_shock,2.4942264282398626e-19,1.0,7.380151146630859e-32
2016-03-10,1,inflation_rates_shock,1.480739153034892e-20,1.0,3.426891736923599e-30
2016-03-11,1,inflation_rates_shock,3.474293480827272e-20,1.0,2.4729547057567746e-29
2016-03-14,1,inflation_rates_shock,1.1693619590004952e-21,1.0,2.572699268592073e-29
2016-03-15,1,inflation_rates_shock,2.4936828742479393e-15,1.0,2.4657376501846826e-30
2016-03-16,1,inflation_rates_shock,1.238997905513255e-13,1.0,5.176340441914519e-32
2016-03-17,1,inflation_rates_shock,1.506451262747414e-11,0.9999999999854481,2.4358758192375713e-34
2016-03-18,1,inflation_rates_shock,3.2770683102033045e-12,0.999999999996362,1.3058006052754155e-34
2016-03-21,1,inflation_rates_shock,4.502918650772216e-12,0.999999999996362,1.0425998982442328e-33
2016-03-22,1,inflation_rates_shock,1.8062679152025157e-10,0.99999999981992,1.7143342386281674e-33
2016-03-23,1,inflation_rates_shock,3.694806242961044e-12,0.999999999996362,4.846472633910182e-32
2016-03-24,1,inflation_rates_shock,4.525413049138428e-11,0.9999999999545253,6.89762004753942e-33
2016-03-28,1,inflation_rates_shock,2.2845034932034713e-10,0.9999999997708073,2.4103631848284354e-34
2016-03-29,1,inflation_rates_shock,7.410919661872041e-10,0.9999999992596713,2.33494698531734e-37
2016-03-30,1,inflation_rates_shock,1.557513360340631e-10,0.9999999998435669,1.8756480608162904e-37
2016-03-31,1,inflation_rates_shock,1.8811189292430453e-11,0.9999999999818101,1.0024641017760735e-38
2016-04-01,1,inflation_rates_shock,7.712302404959977e-10,0.9999999992287485,4.2114416790925486e-38
2016-04-04,1,inflation_rates_shock,1.4269290468492602e-09,0.9999999985739123,2.6234762294981047e-37
2016-04-05,1,inflation_rates_shock,2.696772502836492e-10,0.9999999997307896,7.231238585776472e-35
2016-04-06,1,inflation_rates_shock,7.416599524235021e-09,0.9999999925839802,1.1469564408814596e-35
2016-04-07,1,inflation_rates_shock,1.0306410595042971e-08,0.999999989693606,5.536526508652085e-33
2016-04-08,1,inflation_rates_shock,2.9500189566359918e-08,0.9999999704996303,5.488488309450251e-32
2016-04-11,1,inflation_rates_shock,5.982742040951413e-08,0.9999999401734403,1.6570665199735394e-30
2016-04-12,1,inflation_rates_shock,3.4064906994617e-05,0.9999659350923693,4.012564064207177e-31
2016-04-13,1,inflation_rates_shock,0.014260908765418101,0.9857390912354693,9.641584825015173e-32
2016-04-14,1,inflation_rates_shock,0.22664640527127675,0.7733535947292551,3.5185057687655407e-31
2016-04-15,1,inflation_rates_shock,0.44714341562969584,0.5528565843700267,8.454260726088439e-33
2016-04-18,0,risk_on,0.8138004787602002,0.18619952124069278,8.784400571479091e-35
2016-04-19,0,risk_on,0.9593463148724193,0.040653685128165966,3.894878862815301e-34
2016-04-20,0,risk_on,0.9895582837351211,0.010441716265312609,1.6607587885105186e-34
2016-04-21,0,risk_on,0.998716901686427,0.0012830983132086388,2.0384065972394707e-35
2016-04-22,0,risk_on,0.9999690032456925,3.099675410843153e-05,1.3883215599750647e-36
2016-04-25,0,risk_on,0.9999907073119847,9.292687611067254e-06,8.103002971877222e-36
2016-04-26,0,risk_on,0.9999957767157007,4.223283923110945e-06,7.33182235714173e-36
2016-04-27,0,risk_on,0.9999799211106106,2.0078888538034904e-05,7.815815261945358e-36
2016-04-28,0,risk_on,0.9999932249222501,6.775078553565658e-06,3.5152033068448506e-37
2016-04-29,0,risk_on,0.9999973196772313,2.6803222513824882e-06,7.166790574811379e-36
2016-05-02,0,risk_on,0.9999977975809694,2.202419129806677e-06,5.8092847909243845e-36
2016-05-03,0,risk_on,0.9999976997977762,2.3002027322879355e-06,3.921079374673262e-35
2016-05-04,0,risk_on,0.9999994638075423,5.361927076342108e-07,7.201591548109236e-35
2016-05-05,0,risk_on,0.9999995433755563,4.566243496454504e-07,1.3446377624003783e-36
2016-05-06,0,risk_on,0.9999998721159582,1.2788448597512058e-07,1.3394766104659612e-35
2016-05-09,0,risk_on,0.9999998718449288,1.2815497001616641e-07,5.848552014186943e-37
2016-05-10,0,risk_on,0.9999999405044964,5.949490272883705e-08,8.993839154253705e-39
2016-05-11,0,risk_on,0.9999995937797309,4.0622063094316436e-07,5.2334504298814356e-36
2016-05-12,0,risk_on,0.9999986851752969,1.3148252372207523e-06,3.3421452094319175e-36
2016-05-13,0,risk_on,0.9999995337349169,4.6626497064425916e-07,9.524528052069897e-39
2016-05-16,0,risk_on,0.9999999592928369,4.070782963487724e-08,7.054185663365388e-42
2016-05-17,0,risk_on,0.9999998674047762,1.3259528834345719e-07,7.070952491190085e-43
2016-05-18,0,risk_on,0.9999999581414167,4.185881385246682e-08,9.462831017997774e-44
2016-05-19,0,risk_on,0.9999999282990782,7.170046009137053e-08,6.412627288808706e-43
2016-05-20,0,risk_on,0.9999999898918759,1.0107883785781362e-08,8.601770828256988e-45
2016-05-23,0,risk_on,0.9999999935207597,6.479238965636893e-09,5.081860750120602e-44
2016-05-24,0,risk_on,0.9999999938936526,6.106065421617356e-09,3.377586221691411e-45
2016-05-25,0,risk_on,0.9999999930132617,6.986849341391825e-09,3.634079839262147e-46
2016-05-26,0,risk_on,0.9999999952542566,4.744853403785055e-09,1.4828931201278135e-45
2016-05-27,0,risk_on,0.9999999955834937,4.416226311505336e-09,5.47441886941296e-45
2016-05-31,0,risk_on,0.999999993140591,6.859156157618805e-09,8.450568329297571e-48
2016-06-01,0,risk_on,0.9999999855699571,1.443022065963636e-08,6.611482931632849e-49
2016-06-02,0,risk_on,0.9999999872670742,1.2733078249195348e-08,1.2141293716253706e-48
2016-06-03,0,risk_on,0.9999999903666321,9.632941300687879e-09,9.560956416681268e-48
2016-06-06,0,risk_on,0.9999999842093531,1.5790512788601877e-08,4.197260584205591e-47
2016-06-07,0,risk_on,0.9999999622996263,3.770066216576303e-08,2.294347465409048e-47
2016-06-08,0,risk_on,0.9999998854527868,1.1454771825420087e-07,3.8397056904194233e-48
2016-06-09,0,risk_on,0.999999964744348,3.525486675920585e-08,3.1604775913850887e-49
2016-06-10,0,risk_on,0.9999999406409206,5.935904042193431e-08,1.7777581308437813e-48
2016-06-13,0,risk_on,0.9999938764473106,6.123552141663969e-06,8.275922869439622e-46
2016-06-14,0,risk_on,0.9999970569649683,2.943034877586156e-06,1.6998339931731055e-45
2016-06-15,0,risk_on,0.9999984036106989,1.5963889557041143e-06,8.138164029475822e-47
2016-06-16,0,risk_on,0.9999993904495607,6.09550437677569e-07,9.982690743101756e-46
2016-06-17,0,risk_on,0.9999993007006822,6.992997536742527e-07,3.866935709611397e-46
2016-06-20,0,risk_on,0.9999997166633368,2.8333629608545764e-07,3.797497501398013e-46
2016-06-21,0,risk_on,0.9999998171715728,1.8282787992467287e-07,8.213021693703438e-45
2016-06-22,0,risk_on,0.9999869496801969,1.3050319474052175e-05,6.209572163160227e-46
2016-06-23,0,risk_on,0.9999996294610132,3.705390695569301e-07,9.14148000466425e-46
2016-06-24,0,risk_on,0.9998594179123941,0.000140582088342286,1.3788914765682564e-36
2016-06-27,0,risk_on,0.9999988079514708,1.1920482948246036e-06,2.6733930204221967e-35
2016-06-28,0,risk_on,0.9999999962346919,3.7652873141257525e-09,3.345241201768157e-39
2016-06-29,0,risk_on,0.9999999872452463,1.2754338770756247e-08,2.676514725694131e-39
2016-06-30,0,risk_on,0.9999999097981386,9.020228983099851e-08,1.5845387698986694e-40
2016-07-01,0,risk_on,0.9999999138508465,8.614913635058039e-08,6.323752600133695e-41
2016-07-05,0,risk_on,0.9999999690680856,3.0931351767482356e-08,1.5156414971007935e-39
2016-07-06,0,risk_on,0.9999998255898542,1.7441050617361655e-07,4.734336148132552e-41
2016-07-07,0,risk_on,0.9999998981984443,1.0180129455405684e-07,1.616783118955572e-40
2016-07-08,0,risk_on,0.9999998818475503,1.1815288688597187e-07,3.8007529668332025e-41
2016-07-11,0,risk_on,0.999999899579057,1.0042170408977522e-07,4.6777512877417304e-40
2016-07-12,0,risk_on,0.9999998727016727,1.272986378725203e-07,2.6368543699123726e-38
2016-07-13,0,risk_on,0.9999995954641144,4.0453654955211246e-07,1.0297706541994202e-38
2016-07-14,0,risk_on,0.9999995910494289,4.089505444850439e-07,9.510412042667799e-38
2016-07-15,0,risk_on,0.9999993585845243,6.41415235342383e-07,5.55425868876226e-37
2016-07-18,0,risk_on,0.9999992508986074,7.491021037061605e-07,4.905616416092135e-38
2016-07-19,0,risk_on,0.9999996447768984,3.552235795240512e-07,8.822945941444342e-38
2016-07-20,0,risk_on,0.9999998206603938,1.793402331678524e-07,2.1850240641220592e-37
2016-07-21,0,risk_on,0.9999998113307988,1.886700709684449e-07,4.428735938598918e-37
2016-07-22,0,risk_on,0.9999996489114599,3.510894191902117e-07,5.284224095362071e-37
2016-07-25,0,risk_on,0.9999996228817309,3.7711822133778825e-07,9.97521330952798e-35
2016-07-26,0,risk_on,0.9999286368309874,7.136316991035347e-05,7.488154267118876e-34
2016-07-27,0,risk_on,0.9999830089661497,1.699103392161194e-05,6.857922816074239e-35
2016-07-28,0,risk_on,0.9999999474985102,5.250206156894744e-08,3.4878063941900585e-38
2016-07-29,0,risk_on,0.9999999919800757,8.020519028831478e-09,2.2694937651225345e-39
2016-08-01,0,risk_on,0.999999989351636,1.0648378115910763e-08,2.078654935517456e-42
2016-08-02,0,risk_on,0.9999999978826963,2.116937436339773e-09,3.5637356696257117e-43
2016-08-03,0,risk_on,0.9999999998599378,1.4002415471741192e-10,7.87434282082782e-43
2016-08-04,0,risk_on,0.9999999998071871,1.9304673905810097e-10,2.2808416932865126e-42
2016-08-05,0,risk_on,0.9999999986757757,1.324835780607457e-09,2.293205458801617e-40
2016-08-08,0,risk_on,0.9999999972205842,2.779729088761433e-09,1.9349373523050987e-40
2016-08-09,0,risk_on,0.9999999976826075,2.3177046037756123e-09,2.7298819328221552e-40
2016-08-10,0,risk_on,0.9999999788997231,2.1100132813061496e-08,9.986693821549485e-39
2016-08-11,0,risk_on,0.9999999774063328,2.2594024864843335e-08,7.784062307542042e-38
2016-08-12,0,risk_on,0.9999999320225493,6.797781104409478e-08,4.877961798381725e-38
2016-08-15,0,risk_on,0.9999999381198014,6.187999386441974e-08,1.0834253454059015e-37
2016-08-16,0,risk_on,0.9999999705869418,2.9413961258039295e-08,3.449184242200296e-37
2016-08-17,0,risk_on,0.9999998506355152,1.4936473849580167e-07,4.124030647147468e-36
2016-08-18,0,risk_on,0.9999995508552374,4.49145546227825e-07,3.1543972884620344e-36
2016-08-19,0,risk_on,0.9999998853672943,1.1463268939416543e-07,8.27633267253461e-37
2016-08-22,0,risk_on,0.9999999085048372,9.149605774990779e-08,4.271026707239802e-37
2016-08-23,0,risk_on,0.9999998504099606,1.495904272388993e-07,7.055385182390045e-38
2016-08-24,0,risk_on,0.9999998275216206,1.7247804869409425e-07,1.2268754654679046e-38
2016-08-25,0,risk_on,0.9999999226784014,7.732193546823634e-08,2.997226276253272e-38
2016-08-26,0,risk_on,0.99999962756017,3.724404700514622e-07,1.1698165026764333e-37
2016-08-29,0,risk_on,0.9999997803297688,2.1966992505706345e-07,1.5712894695291973e-38
2016-08-30,0,risk_on,0.999998895090058,1.1049103892758235e-06,2.3560579913907224e-38
2016-08-31,0,risk_on,0.9999979768565483,2.023142569321582e-06,9.096003241351812e-39
2016-09-01,0,risk_on,0.9999991638764043,8.361233256874254e-07,8.344718614409825e-40
2016-09-02,0,risk_on,0.9999998195635434,1.8043572197793682e-07,9.398760256098667e-41
2016-09-06,0,risk_on,0.9999997266823275,2.733168886348182e-07,4.913970286364654e-42
2016-09-07,0,risk_on,0.9999999501269498,4.987321489619845e-08,1.464722973299329e-42
2016-09-08,0,risk_on,0.9999999431529448,5.684683775712537e-08,1.0814216564857713e-43
2016-09-09,0,risk_on,0.9999999506853795,4.931372123501035e-08,3.9867077993619705e-49
2016-09-12,0,risk_on,0.9999999870397005,1.2960557804351424e-08,3.088761098695243e-51
2016-09-13,0,risk_on,0.9999999719420889,2.8058811523980715e-08,4.216529431217611e-52
2016-09-14,0,risk_on,0.9999999728916013,2.7108921923907457e-08,4.79811226911089e-53
2016-09-15,0,risk_on,0.9999999930223566,6.978495610726785e-09,6.395306489578768e-54
2016-09-16,0,risk_on,0.9999999957744876,4.225536578199115e-09,2.2440737084442168e-51
2016-09-19,0,risk_on,0.9999999921619747,7.838491247458017e-09,1.2785228407138233e-52
2016-09-20,0,risk_on,0.9999999938481778,6.152082108918169e-09,1.880342573681642e-52
2016-09-21,0,risk_on,0.9999999954870873,4.513385738908208e-09,1.0430504116828162e-54
2016-09-22,0,risk_on,0.9999999938099791,6.190058459358062e-09,2.880834213162602e-60
2016-09-23,0,risk_on,0.9999999996252882,3.751320434653652e-10,3.5749203342951636e-78
2016-09-26,0,risk_on,0.9999999997708073,2.2835911412580881e-10,3.9660318073267247e-91
2016-09-27,0,risk_on,0.9999999998653948,1.3429723621643028e-10,3.928880619353487e-94
2016-09-28,0,risk_on,0.9999999997744453,2.2580885540894164e-10,3.327153207576532e-102
2016-09-29,0,risk_on,0.9999999997489795,2.5161939184772485e-10,7.255848479462524e-100
2016-09-30,0,risk_on,0.9999999992123776,7.884293482441603e-10,4.527056248898588e-97
2016-10-03,0,risk_on,0.9999999991669029,8.328093427567781e-10,3.705774449306957e-102
2016-10-04,0,risk_on,0.9999999995434337,4.5650365208202446e-10,1.5794961616529373e-103
2016-10-05,0,risk_on,0.999999999650754,3.500330709177063e-10,3.5802345119002497e-103
2016-10-06,0,risk_on,0.9999999989868229,1.0128284277632796e-09,1.039678338253647e-99
2016-10-07,0,risk_on,0.9999999989213393,1.078052144144799e-09,1.6013963310014064e-101
2016-10-10,0,risk_on,0.9999999996834958,3.169256689340499e-10,2.0554179431131402e-108
2016-10-11,0,risk_on,0.9999999996889528,3.102402971268553e-10,5.808871926847521e-107
2016-10-12,0,risk_on,0.9999999991741788,8.250609674097772e-10,1.1240382143643745e-112
2016-10-13,0,risk_on,0.9999999986757757,1.3238421518253096e-09,9.909674471006744e-112
2016-10-14,0,risk_on,0.9999999995416147,4.588966604082855e-10,3.822608348357894e-113
2016-10-17,0,risk_on,0.9999999995598046,4.410550394164429e-10,2.0121871330434137e-109
2016-10-18,0,risk_on,0.9999999996907718,3.087824801273268e-10,1.7234078056555614e-112
2016-10-19,0,risk_on,0.9999999996871338,3.127031714494529e-10,6.578333312083505e-113
2016-10-20,0,risk_on,0.9999999997635314,2.3702397845716435e-10,6.229569523774279e-112
2016-10-21,0,risk_on,0.999999999830834,1.6850690219500796e-10,6.061968564257184e-112
2016-10-24,0,risk_on,0.9999999998963176,1.0426729457660784e-10,3.4909287551588343e-110
2016-10-25,0,risk_on,0.999999999825377,1.7523761862247728e-10,3.669963069438286e-111
2016-10-26,0,risk_on,0.9999999998053681,1.9509530719006746e-10,2.855704355210394e-112
2016-10-27,0,risk_on,0.999999999487045,5.12602658396482e-10,1.95360012810365e-112
2016-10-28,0,risk_on,0.9999999996052793,3.9552044633096764e-10,2.5133190604039822e-111
2016-10-31,0,risk_on,0.9999999984065653,1.5937263021639298e-09,4.319727853852789e-110
2016-11-01,0,risk_on,0.9999999952797225,4.7194167073993246e-09,1.6565503177926485e-106
2016-11-02,0,risk_on,0.9999999895389919,1.0460604940157311e-08,2.7587288902743762e-101
2016-11-03,0,risk_on,0.9999998473504209,1.5264887452544416e-07,5.044309956109238e-109
2016-11-04,0,risk_on,0.9999998413914125,1.5860937148839863e-07,2.871556387608641e-109
2016-11-07,0,risk_on,0.9999999968167685,3.182483870461818e-09,3.4596977078618853e-100
2016-11-08,0,risk_on,0.9999999671726988,3.2827130340371946e-08,8.387972609832382e-100
2016-11-09,0,risk_on,0.999999991081495,8.918518747180098e-09,6.479776331127208e-81
2016-11-10,0,risk_on,0.9999984223335272,1.577666715581988e-06,2.157635658592714e-77
2016-11-11,0,risk_on,0.9999916130060873,8.386993267979402e-06,1.0213891547616259e-78
2016-11-14,0,risk_on,0.9999999278461499,7.215386127190428e-08,1.2180541367332741e-82
2016-11-15,0,risk_on,0.9999999928841135,7.115022556324752e-09,8.876242864034614e-84
2016-11-16,0,risk_on,0.9999999730498533,2.6951032544172397e-08,2.924566577994674e-82
2016-11-17,0,risk_on,0.9999999190586129,8.094055855113744e-08,6.640938010862019e-79
2016-11-18,0,risk_on,0.999999965240932,3.4759547052413154e-08,1.0102678415767872e-77
2016-11-21,0,risk_on,0.9999999870615284,1.2939163083902097e-08,7.721864711190296e-79
2016-11-22,0,risk_on,0.9999999962055881,3.7951391777580794e-09,2.902841038945581e-79
2016-11-23,0,risk_on,0.9999999959727575,4.026985737894767e-09,3.8444697988383157e-78
2016-11-25,0,risk_on,0.9999999990595825,9.40758976371319e-10,4.3170752221685508e-78
2016-11-28,0,risk_on,0.9999999994361133,5.644452936224583e-10,4.258927313510477e-74
2016-11-29,0,risk_on,0.9999999993870006,6.133257979713749e-10,3.5039075504544863e-74
2016-11-30,0,risk_on,0.9999999979845597,2.015724978033343e-09,3.0926077085621686e-75
2016-12-01,0,risk_on,0.999999997766281,2.233740399895385e-09,2.108680140044123e-74
2016-12-02,0,risk_on,0.9999999969786586,3.020726967507389e-09,5.301562780378774e-74
2016-12-05,0,risk_on,0.9999999705814848,2.941783334848061e-08,9.54453016551037e-75
2016-12-06,0,risk_on,0.9999999629744714,3.702527850200265e-08,6.558442402912526e-77
2016-12-07,0,risk_on,0.9999999992469384,7.524403447679026e-10,2.844229080492895e-79
2016-12-08,0,risk_on,0.9999999991014192,8.98131744261464e-10,5.207140336051835e-68
2016-12-09,0,risk_on,0.9999999998908606,1.0889570447986943e-10,2.4393848630742848e-64
2016-12-12,0,risk_on,0.9999999994706741,5.295982518775906e-10,1.2062935657153096e-55
2016-12-13,0,risk_on,0.9999999873434717,1.2657402568292845e-08,1.0006212837646444e-52
2016-12-14,0,risk_on,0.9999999978317646,2.1678201282850867e-09,3.157412428736168e-57
2016-12-15,0,risk_on,0.9999999990832293,9.173098579373868e-10,7.531932990095456e-59
2016-12-16,0,risk_on,0.9999999997216946,2.7884420416325584e-10,1.6363648992528318e-57
2016-12-19,0,risk_on,0.9999999998381099,1.6254665478508957e-10,1.0341288732552961e-58
2016-12-20,0,risk_on,0.9999999998562998,1.4431022426113957e-10,5.742162241434516e-56
2016-12-21,0,risk_on,0.9999999998090061,1.90195510214254e-10,2.373775925073572e-54
2016-12-22,0,risk_on,0.9999999998854037,1.1498634465159394e-10,2.0136973621917894e-55
2016-12-23,0,risk_on,0.9999999998944986,1.0623453168971209e-10,1.3290526767426015e-55
2016-12-27,0,risk_on,0.999999999823558,1.7603838084648922e-10,1.819098549543313e-55
2016-12-28,0,risk_on,0.9999999997107807,2.8970845845059506e-10,1.8103031562136694e-53
2016-12-29,0,risk_on,0.99999999981992,1.8032596301536913e-10,3.0441861228309686e-53
2016-12-30,0,risk_on,0.9999999997780833,2.211957024680675e-10,5.083007563696024e-53
2017-01-03,0,risk_on,0.999999999834472,1.6613836131617207e-10,4.241933548002182e-55
2017-01-04,0,risk_on,0.9999999998599378,1.3951227037991027e-10,6.893693808404159e-55
2017-01-05,0,risk_on,0.9999999999217835,7.862670132414511e-11,1.385414039298673e-54
2017-01-06,0,risk_on,0.9999999999563443,4.2892255017745315e-11,3.907240432431537e-54
2017-01-09,0,risk_on,0.9999999998999556,9.988175973132711e-11,6.349114205308278e-54
2017-01-10,0,risk_on,0.9999999998944986,1.0601480342257856e-10,2.5634211853067192e-54
2017-01-11,0,risk_on,0.9999999994615791,5.382773982342783e-10,1.7534852452368243e-53
2017-01-12,0,risk_on,0.9999999998453859,1.5517872922965903e-10,8.205283176521559e-54
2017-01-13,0,risk_on,0.9999999996307452,3.688534081615156e-10,1.8705121942199035e-53
2017-01-17,0,risk_on,0.9999999987430783,1.2572938143857945e-09,2.7169363461743184e-49
2017-01-18,0,risk_on,0.9999999990122888,9.871872192750339e-10,4.824358758775251e-50
2017-01-19,0,risk_on,0.9999999992742232,7.261343790568157e-10,3.124706413583253e-51
2017-01-20,0,risk_on,0.9999999995980033,4.028459822379199e-10,3.6970249355263276e-51
2017-01-23,0,risk_on,0.999999999654392,3.4476897925245206e-10,6.368102024163812e-50
2017-01-24,0,risk_on,0.9999999996107363,3.901065809260959e-10,2.8137156054393695e-50
2017-01-25,0,risk_on,0.9999999999272404,7.262262067668033e-11,4.5494524091366126e-48
2017-01-26,0,risk_on,0.9999999999508873,4.931210363143e-11,3.3814614157346753e-47
2017-01-27,0,risk_on,0.9999999998690328,1.3061063045060632e-10,7.602649631274397e-46
2017-01-30,0,risk_on,0.9999999997526174,2.480800114286771e-10,1.0949637339761234e-45
2017-01-31,0,risk_on,0.9999999999563443,4.384522508974159e-11,7.029198121402407e-46
2017-02-01,0,risk_on,0.9999999999490683,5.180215077523427e-11,7.302984473674512e-46
2017-02-02,0,risk_on,0.9999999999345164,6.470815367045177e-11,8.89923106102697e-46
2017-02-03,0,risk_on,0.9999999999654392,3.440777672113252e-11,1.4822081715919665e-46
2017-02-06,0,risk_on,0.9999999999199645,8.090815490587097e-11,6.2574872070118e-45
2017-02-07,0,risk_on,0.9999999999618012,3.800662236626564e-11,1.8914709617464853e-45
2017-02-08,0,risk_on,0.999999999990905,9.530615732572888e-12,5.463212448827301e-50
2017-02-09,0,risk_on,0.9999999999836291,1.567161077404763e-11,1.7232053532664782e-49
2017-02-10,0,risk_on,0.999999999996362,4.190724707922515e-12,6.568896581112541e-59
2017-02-13,0,risk_on,0.999999999998181,2.6740634283194374e-12,1.5398225492882988e-58
2017-02-14,0,risk_on,0.999999999994543,4.891815168190917e-12,8.611312654122805e-55
2017-02-15,0,risk_on,0.9999999999818101,1.848923352091508e-11,1.9103037220369813e-54
2017-02-16,0,risk_on,0.999999999992724,7.0580715911502985e-12,1.903135172530589e-52
2017-02-17,0,risk_on,0.999999999994543,6.0043739132356265e-12,3.40488938509708e-52
2017-02-21,0,risk_on,0.9999999999890861,1.0318012754599555e-11,8.943099369305945e-53
2017-02-22,0,risk_on,0.9999999999854481,1.473465821170762e-11,7.563519894158732e-52
2017-02-23,0,risk_on,0.9999999999636202,3.557831411992999e-11,3.779690346602091e-52
2017-02-24,0,risk_on,0.9999999999872671,1.2165231740274786e-11,1.7532012760410765e-52
2017-02-27,0,risk_on,0.9999999999708962,2.979924825421879e-11,1.459245584318583e-51
2017-02-28,0,risk_on,0.9999999999290594,7.111383216244973e-11,4.3785275108939424e-51
2017-03-01,0,risk_on,0.9999999999618012,3.7396927538781686e-11,1.0994511158957384e-43
2017-03-02,0,risk_on,0.9999999999436113,5.5574171613204484e-11,4.314282780322319e-44
2017-03-03,0,risk_on,0.9999999999836291,1.6274397102857916e-11,3.082755020968604e-42
2017-03-06,0,risk_on,0.9999999999854481,1.4336195133151053e-11,8.174668132758002e-40
2017-03-07,0,risk_on,0.9999999999654392,3.370480504379626e-11,6.824422324823386e-41
2017-03-08,0,risk_on,0.999999999994543,4.895012157432879e-12,5.80764852080283e-42
2017-03-09,0,risk_on,0.9999999999854481,1.541838556042915e-11,9.415253984042703e-43
2017-03-10,0,risk_on,0.999999999992724,7.967182233468008e-12,4.896044580078471e-41
2017-03-13,0,risk_on,0.999999999994543,4.650327946702383e-12,2.2527801222622947e-41
2017-03-14,0,risk_on,0.999999999996362,3.877178213602175e-12,6.894267797020993e-43
2017-03-15,0,risk_on,0.999999999998181,2.107780119240702e-12,1.960053048090517e-48
2017-03-16,0,risk_on,0.999999999996362,3.2937296996876878e-12,6.674533464943531e-49
2017-03-17,0,risk_on,0.999999999998181,1.9920401452909478e-12,2.6450397648494164e-44
2017-03-20,0,risk_on,0.999999999998181,2.1049169407868144e-12,1.034857223240399e-43
2017-03-21,0,risk_on,0.999999999994543,4.762424541018961e-12,5.522352025340351e-40
2017-03-22,0,risk_on,0.999999999994543,5.936919228144866e-12,2.2057861539924506e-40
2017-03-23,0,risk_on,0.999999999992724,6.8540340012339466e-12,3.8934197899120823e-41
2017-03-24,0,risk_on,0.999999999992724,7.032574132939019e-12,1.6284560380422845e-41
2017-03-27,0,risk_on,0.999999999992724,7.381232771584501e-12,6.869472783335602e-41
2017-03-28,0,risk_on,0.999999999994543,6.118510600733545e-12,1.5823781833792868e-40
2017-03-29,0,risk_on,0.9999999999872671,1.2751788947844718e-11,1.905948228905537e-39
2017-03-30,0,risk_on,0.9999999998963176,1.0388988581341093e-10,4.4916841495380107e-41
2017-03-31,0,risk_on,0.9999999999672582,3.363028716229515e-11,5.300394057296763e-41
2017-04-03,0,risk_on,0.9999999999836291,1.59131559539734e-11,1.5482117124060165e-40
2017-04-04,0,risk_on,0.999999999992724,7.925016801849071e-12,4.649964395614069e-40
2017-04-05,0,risk_on,0.9999999999854481,1.53009059666568e-11,5.959382720021842e-39
2017-04-06,0,risk_on,0.9999999999745341,2.5721389589727548e-11,2.8846113005594073e-38
2017-04-07,0,risk_on,0.9999999999636202,3.715118921421475e-11,1.8109229285156416e-38
2017-04-10,0,risk_on,0.9999999998617568,1.3818482293334846e-10,1.1097611925925406e-38
2017-04-11,0,risk_on,0.9999999997016857,2.9800244309740956e-10,3.9168565011547056e-38
2017-04-12,0,risk_on,0.9999999994051905,5.940030343936411e-10,7.948044649679425e-38
2017-04-13,0,risk_on,0.9999999998417479,1.5875087087919843e-10,5.5093637576252093e-39
2017-04-17,0,risk_on,0.9999999999799911,1.997203240268156e-11,1.0413805183908062e-39
2017-04-18,0,risk_on,0.9999999999799911,2.021234443561708e-11,5.257578974910502e-39
2017-04-19,0,risk_on,0.9999999999672582,3.318708124161511e-11,3.0346879648393094e-39
2017-04-20,0,risk_on,0.9999999999618012,3.839619382222519e-11,2.1134863704771537e-37
2017-04-21,0,risk_on,0.9999999999618012,3.733883940337546e-11,1.8305394904939959e-38
2017-04-24,0,risk_on,0.999999999990905,9.683592028081176e-12,9.434893530328418e-39
2017-04-25,0,risk_on,0.9999999999818101,1.843956298079243e-11,2.7474684621280644e-39
2017-04-26,0,risk_on,0.9999999999890861,1.1027407699183548e-11,3.517349413026397e-41
2017-04-27,0,risk_on,0.9999999999890861,1.0837383586206466e-11,1.0897115998134849e-41
2017-04-28,0,risk_on,0.9999999999854481,1.530320348935432e-11,3.23180706531542e-42
2017-05-01,0,risk_on,0.999999999992724,6.559479276097568e-12,2.8254456710082854e-41
2017-05-02,0,risk_on,0.999999999992724,7.641715780935808e-12,2.0623756561565422e-41
2017-05-03,0,risk_on,0.9999999999872671,1.2427598224571997e-11,1.3992590526974617e-40
2017-05-04,0,risk_on,0.999999999994543,6.363428652181217e-12,2.636764930639211e-41
2017-05-05,0,risk_on,0.999999999996362,3.4538150268185807e-12,3.015659909430096e-41
2017-05-08,0,risk_on,0.999999999998181,2.6535356783634973e-12,4.5829044638006296e-41
2017-05-09,0,risk_on,0.999999999996362,3.8619250724600424e-12,4.568282246044586e-40
2017-05-10,0,risk_on,0.999999999994543,6.110990648617071e-12,5.4972234886617526e-39
2017-05-11,0,risk_on,0.9999999999381544,6.199425862112034e-11,3.2753483185723014e-40
2017-05-12,0,risk_on,0.9999999998926796,1.0804434590768477e-10,5.207002299477484e-40
2017-05-15,0,risk_on,0.9999999999545253,4.5559691718991255e-11,7.771102282978425e-40
2017-05-16,0,risk_on,0.9999999999436113,5.572607490417997e-11,9.29495441405171e-41
2017-05-17,0,risk_on,0.9999999998544808,1.459755422665625e-10,3.4494763252561644e-37
2017-05-18,0,risk_on,0.9999999999490683,5.099631963876792e-11,6.303589146147124e-39
2017-05-19,0,risk_on,0.999999999994543,5.940613668988206e-12,2.5585130090594865e-40
2017-05-22,0,risk_on,0.999999999994543,6.2337550040904875e-12,1.6767509756951579e-40
2017-05-23,0,risk_on,0.999999999996362,4.298078209510235e-12,1.1527534479329642e-40
2017-05-24,0,risk_on,0.999999999998181,1.7945838710468774e-12,1.219197413811148e-41
2017-05-25,0,risk_on,0.999999999998181,9.424103203965693e-13,1.1633340795567057e-40
2017-05-26,0,risk_on,1.0,8.038527550365371e-13,9.937300705410798e-41
2017-05-30,0,risk_on,1.0,8.037624214501908e-13,5.1110861602860545e-40
2017-05-31,0,risk_on,0.999999999994543,5.5370658387465595e-12,3.2155413913767083e-44
2017-06-01,0,risk_on,0.999999999998181,1.4781324337928641e-12,2.7172646210928277e-43
2017-06-02,0,risk_on,0.999999999998181,1.2541013027099047e-12,3.9180435124331075e-43
2017-06-05,0,risk_on,0.999999999996362,3.0271637727081652e-12,6.1563829823616616e-43
2017-06-06,0,risk_on,0.999999999998181,2.3673926460460092e-12,2.074708055078134e-42
2017-06-07,0,risk_on,0.999999999998181,1.2037964265096068e-12,4.296572196362186e-41
2017-06-08,0,risk_on,0.999999999998181,2.034738521985687e-12,1.2866112177855044e-40
2017-06-09,0,risk_on,0.999999999996362,2.9161568489158948e-12,4.826854197027633e-41
2017-06-12,0,risk_on,0.999999999998181,1.1995634327631043e-12,3.340024302356944e-41
2017-06-13,0,risk_on,1.0,3.9259858574723483e-13,3.62393840815944e-41
2017-06-14,0,risk_on,0.999999999998181,1.0235005153454172e-12,2.3873631781805292e-39
2017-06-15,0,risk_on,1.0,4.95262795930948e-13,7.333267096889138e-38
2017-06-16,0,risk_on,0.999999999996362,2.9570540779684674e-12,3.3325234206369717e-37
2017-06-19,0,risk_on,0.999999999998181,1.163710900777211e-12,1.0311192190251263e-37
2017-06-20,0,risk_on,1.0,7.306543240085048e-13,7.282983055159106e-37
2017-06-21,0,risk_on,0.999999999998181,9.380468683863512e-13,8.883299099835238e-37
2017-06-22,0,risk_on,1.0,7.073533085248413e-13,4.6814477902761375e-37
2017-06-23,0,risk_on,1.0,6.105843218124346e-13,5.692691896568844e-37
2017-06-26,0,risk_on,0.999999999998181,1.3795672040750622e-12,1.023524289164908e-36
2017-06-27,0,risk_on,0.999999999992724,6.6144790655318655e-12,5.7889273255602606e-40
2017-06-28,0,risk_on,0.999999999998181,2.105178009356208e-12,5.788909601843152e-40
2017-06-29,0,risk_on,0.999999999990905,9.028416778714097e-12,1.027401117449667e-41
2017-06-30,0,risk_on,0.9999999999872671,1.3370744731630315e-11,5.017641761676491e-41
2017-07-03,0,risk_on,0.9999999999581632,4.158342396041134e-11,8.193269156031465e-42
2017-07-05,0,risk_on,0.9999999999745341,2.539945127019718e-11,3.579049045286852e-42
2017-07-06,0,risk_on,0.9999999999236024,7.569409098884052e-11,1.2583771447529195e-44
2017-07-07,0,risk_on,0.9999999999745341,2.4596288608484295e-11,1.6452972978355452e-44
2017-07-10,0,risk_on,0.9999999999799911,2.075781578671846e-11,1.9207771874602543e-43
2017-07-11,0,risk_on,0.9999999999454303,5.5198010130003203e-11,2.0544673491300682e-43
2017-07-12,0,risk_on,0.9999999999472493,5.3156623617200526e-11,8.535991856105051e-47
2017-07-13,0,risk_on,0.9999999999472493,5.2842673148226036e-11,5.765040555005857e-47
2017-07-14,0,risk_on,0.9999999999054126,9.522572694172696e-11,1.1992085892379808e-46
2017-07-17,0,risk_on,0.9999999998453859,1.5544473123716902e-10,5.965494036375507e-48
2017-07-18,0,risk_on,0.9999999998763087,1.2370527104491234e-10,6.098206732929727e-49
2017-07-19,0,risk_on,0.9999999998508429,1.4848463768414081e-10,2.256632067851888e-47
2017-07-20,0,risk_on,0.9999999998544808,1.4589986568102804e-10,4.759785252256481e-48
2017-07-21,0,risk_on,0.9999999998799467,1.1942601969867935e-10,1.7716601382782993e-46
2017-07-24,0,risk_on,0.999999999654392,3.4495922020307186e-10,2.26327317928822e-49
2017-07-25,0,risk_on,0.9999999997144187,2.850832816250804e-10,3.460081311647683e-51
2017-07-26,0,risk_on,0.9999999996016413,3.983389639039096e-10,2.9523715869759394e-51
2017-07-27,0,risk_on,0.9999999997580744,2.4109124560209035e-10,2.1133742059090696e-51
2017-07-28,0,risk_on,0.9999999997653504,2.3485039267573526e-10,1.1035011510141938e-51
2017-07-31,0,risk_on,0.9999999998981366,1.0156243370612213e-10,5.6716901749894236e-52
2017-08-01,0,risk_on,0.9999999998708518,1.2954170257945177e-10,2.1476707377012292e-52
2017-08-02,0,risk_on,0.9999999997507985,2.498451872016623e-10,3.2705414182181e-52
2017-08-03,0,risk_on,0.9999999998526619,1.4699788165123515e-10,1.4788781781317792e-51
2017-08-04,0,risk_on,0.9999999999236024,7.679981088588862e-11,3.2123354036355235e-51
2017-08-07,0,risk_on,0.9999999999181455,8.106200219894532e-11,4.8924462295789046e-51
2017-08-08,0,risk_on,0.9999999998108251,1.8895778831528788e-10,8.28424807401617e-52
2017-08-09,0,risk_on,0.9999999997417035,2.583630897344989e-10,1.3820927266157732e-51
2017-08-10,0,risk_on,0.9999999970186764,2.9808030624145517e-09,1.0980110591191403e-47
2017-08-11,0,risk_on,0.9999999990432116,9.57189830287112e-10,4.10534364491633e-49
2017-08-14,0,risk_on,0.9999999998817657,1.1828371033331195e-10,2.4688662200218338e-49
2017-08-15,0,risk_on,0.9999999999290594,7.113534702568686e-11,2.3235233284006633e-49
2017-08-16,0,risk_on,0.9999999999436113,5.715395159926651e-11,2.459947785455614e-59
2017-08-17,0,risk_on,0.999999999652573,3.465564150736616e-10,2.556632182784014e-53
2017-08-18,0,risk_on,0.9999999998544808,1.4604367260573412e-10,1.3833279978482237e-52
2017-08-21,0,risk_on,0.9999999999126885,8.699083595763196e-11,7.5143246290932e-54
2017-08-22,0,risk_on,0.9999999999763531,2.332281108491128e-11,4.384122701567394e-53
2017-08-23,0,risk_on,0.9999999999708962,2.962345235250391e-11,7.967153799619375e-52
2017-08-24,0,risk_on,0.9999999999763531,2.4156556448640643e-11,3.813561256568995e-53
2017-08-25,0,risk_on,0.9999999999872671,1.2357935332882396e-11,1.943800166050714e-53
2017-08-28,0,risk_on,0.9999999999872671,1.3202005208486706e-11,2.260931411966084e-53
2017-08-29,0,risk_on,0.9999999999890861,1.0068290891083317e-11,1.0912046398492298e-53
2017-08-30,0,risk_on,0.9999999999618012,3.8246059767445684e-11,2.704282310899991e-54
2017-08-31,0,risk_on,0.9999999999272404,7.33273086594086e-11,1.64399415007527e-53
2017-09-01,0,risk_on,0.9999999998890416,1.1179209007140934e-10,3.7906809293879814e-53
2017-09-05,0,risk_on,0.9999999999381544,6.169388279800067e-11,1.2031350321833607e-49
2017-09-06,0,risk_on,0.9999999999254214,7.521159319222963e-11,7.698439164744351e-51
2017-09-07,0,risk_on,0.999999999990905,8.458892703057502e-12,9.52940619171835e-51
2017-09-08,0,risk_on,0.9999999999763531,2.2879225809639884e-11,1.9742597795166244e-50
2017-09-11,0,risk_on,0.9999999999490683,5.0308257012780994e-11,1.0788923193209535e-45
2017-09-12,0,risk_on,0.9999999998981366,1.0114072896092049e-10,4.699012281326797e-46
2017-09-13,0,risk_on,0.9999999999508873,4.9202635919774174e-11,4.37189795022446e-46
2017-09-14,0,risk_on,0.9999999999545253,4.5203156678256355e-11,4.889553515903388e-45
2017-09-15,0,risk_on,0.9999999999199645,7.923202139968984e-11,5.932846332092346e-44
2017-09-18,0,risk_on,0.9999999998526619,1.4703994568297372e-10,1.3738854344098398e-44
2017-09-19,0,risk_on,0.9999999999472493,5.230831546678437e-11,4.731582288552323e-46
2017-09-20,0,risk_on,0.9999999999599822,4.030057781504437e-11,7.805885182614684e-45
2017-09-21,0,risk_on,0.9999999998599378,1.4078939486326087e-10,3.0194027643681184e-45
2017-09-22,0,risk_on,0.9999999999054126,9.482901641525628e-11,1.777805801332802e-45
2017-09-25,0,risk_on,0.9999999998726707,1.2678561278350427e-10,3.0935173666668726e-45
2017-09-26,0,risk_on,0.9999999999199645,8.08601459819751e-11,1.5109342427861547e-40
2017-09-27,0,risk_on,0.999999999656211,3.429920199372563e-10,7.92453889788874e-42
2017-09-28,0,risk_on,0.9999999998017302,1.9846951269188294e-10,8.28310222318375e-39
2017-09-29,0,risk_on,0.9999999998763087,1.245890030470663e-10,2.599621293217027e-38
2017-10-02,0,risk_on,0.9999999998599378,1.3943873504308782e-10,2.8896344992848097e-38
2017-10-03,0,risk_on,0.9999999999054126,9.492301086575804e-11,7.602498537793148e-38
2017-10-04,0,risk_on,0.99999999981992,1.800149021379583e-10,1.4252902024711357e-35
2017-10-05,0,risk_on,0.9999999998981366,1.023996107373481e-10,3.4494696324669305e-35
2017-10-06,0,risk_on,0.9999999999054126,9.445270689821743e-11,3.729907876532063e-35
2017-10-09,0,risk_on,0.9999999999363354,6.405808226992538e-11,1.2524264274397035e-34
2017-10-10,0,risk_on,0.9999999998999556,9.964239784100916e-11,3.1923603214836404e-34
2017-10-11,0,risk_on,0.9999999998854037,1.144418354276618e-10,2.7981254028986102e-34
2017-10-12,0,risk_on,0.9999999999054126,9.45964036639112e-11,2.500764463822901e-34
2017-10-13,0,risk_on,0.9999999999181455,8.161907924133421e-11,2.5311660309361056e-34
2017-10-16,0,risk_on,0.9999999999308784,6.916538362572624e-11,2.7666140180937366e-34
2017-10-17,0,risk_on,0.9999999999254214,7.476933099073706e-11,3.548522396007306e-34
2017-10-18,0,risk_on,0.9999999999545253,4.4620854520624924e-11,1.0983743521344266e-33
2017-10-19,0,risk_on,0.9999999997889972,2.1113622886430303e-10,8.72312454144919e-34
2017-10-20,0,risk_on,0.9999999999072315,9.302050133620504e-11,1.388189870460322e-32
2017-10-23,0,risk_on,0.9999999998908606,1.0867927007263188e-10,3.934118670101855e-32
2017-10-24,0,risk_on,0.9999999998926796,1.0801008204179252e-10,1.8137016088441074e-31
2017-10-25,0,risk_on,0.9999999996780389,3.220036604639428e-10,9.578433180981176e-32
2017-10-26,0,risk_on,0.9999999996362021,3.637602426758671e-10,2.3233050429589733e-32
2017-10-27,0,risk_on,0.9999999999217835,7.78627059300003e-11,8.504521551028139e-34
2017-10-30,0,risk_on,0.9999999998690328,1.3086492785472506e-10,6.024642973293488e-33
2017-10-31,0,risk_on,0.9999999998562998,1.444412720308516e-10,4.523633418127343e-33
2017-11-01,0,risk_on,0.9999999997689883,2.310116541954957e-10,5.850199917952091e-34
2017-11-02,0,risk_on,0.9999999997817213,2.1852491441726665e-10,2.89547523675224e-34
2017-11-03,0,risk_on,0.9999999998763087,1.2425410080067418e-10,3.87819645436238e-34
2017-11-06,0,risk_on,0.9999999998835847,1.1605947116983333e-10,8.745551466053703e-34
2017-11-07,0,risk_on,0.999999999832653,1.676915286759528e-10,1.3697788011672169e-34
2017-11-08,0,risk_on,0.9999999999799911,1.9364011407415755e-11,1.1183188836519192e-34
2017-11-09,0,risk_on,0.9999999999727152,2.6686053997419443e-11,1.4519217681315212e-34
2017-11-10,0,risk_on,0.9999999999545253,4.511608067079526e-11,3.0002393655859067e-37
2017-11-13,0,risk_on,0.9999999999727152,2.774539568132889e-11,4.631509075482585e-37
2017-11-14,0,risk_on,0.9999999999381544,6.179607895542964e-11,1.254833106041303e-35
2017-11-15,0,risk_on,0.999999999654392,3.464673480290976e-10,5.447444566489373e-36
2017-11-16,0,risk_on,0.9999999999345164,6.529239222591554e-11,1.7105401552090582e-35
2017-11-17,0,risk_on,0.9999999999545253,4.5302590322334336e-11,8.053665160481893e-35
2017-11-20,0,risk_on,0.9999999999290594,7.133768992337334e-11,1.6361867891253468e-35
2017-11-21,0,risk_on,0.9999999999308784,6.837011401403297e-11,9.269844120146523e-36
2017-11-22,0,risk_on,0.9999999997853593,2.145072115991052e-10,1.1384824140786786e-35
2017-11-24,0,risk_on,0.9999999999290594,7.135587231520195e-11,5.774851315340176e-35
2017-11-27,0,risk_on,0.9999999998399289,1.6018327772743768e-10,9.975061136745842e-36
2017-11-28,0,risk_on,0.9999999999727152,2.6769094952519128e-11,3.723425912367546e-36
2017-11-29,0,risk_on,0.9999999999581632,4.206035312388387e-11,4.423515077277237e-37
2017-11-30,0,risk_on,0.9999999999563443,4.2757438884821185e-11,5.711145453216333e-35
2017-12-01,0,risk_on,0.9999999999035936,9.593240945293825e-11,1.140097539445077e-34
2017-12-04,0,risk_on,0.9999999997617124,2.379223793017458e-10,1.8637120411587114e-36
2017-12-05,0,risk_on,0.9999999996816769,3.1874496778664955e-10,1.9691977576909015e-36
2017-12-06,0,risk_on,0.9999999998181011,1.823115795139232e-10,1.448597165122828e-36
2017-12-07,0,risk_on,0.9999999998635758,1.3580736559912135e-10,2.8641607326040435e-36
2017-12-08,0,risk_on,0.9999999998817657,1.1744931777729545e-10,3.3039278723640596e-39
2017-12-11,0,risk_on,0.9999999998381099,1.6176612341531618e-10,2.7569096506082006e-39
2017-12-12,0,risk_on,0.9999999998581188,1.4173550969471966e-10,2.8224883361487273e-39
2017-12-13,0,risk_on,0.9999999998854037,1.1478937216138079e-10,9.185587748743573e-39
2017-12-14,0,risk_on,0.9999999998599378,1.4002083251760663e-10,6.022263881897317e-38
2017-12-15,0,risk_on,0.9999999997198756,2.810143790939465e-10,1.7957109978041873e-39
2017-12-18,0,risk_on,0.999999999825377,1.7417687184513294e-10,2.4330633411816014e-37
2017-12-19,0,risk_on,0.9999999996925908,3.0768199897360553e-10,5.6432027430726687e-39
2017-12-20,0,risk_on,0.9999999990704964,9.292011300849036e-10,3.050846993310358e-39
2017-12-21,0,risk_on,0.9999999988758645,1.1248193210298847e-09,2.4789366000113426e-40
2017-12-22,0,risk_on,0.9999999990941433,9.058064389052762e-10,4.146104006802412e-41
2017-12-26,0,risk_on,0.9999999988649506,1.1342481888119932e-09,1.6685139429742155e-41
2017-12-27,0,risk_on,0.9999999993488018,6.507301585184612e-10,2.0726761963544677e-42
2017-12-28,0,risk_on,0.9999999988613126,1.138695188796494e-09,5.875577199792073e-44
2017-12-29,0,risk_on,0.9999999984938768,1.5057233307220848e-09,1.3279057981153621e-43
2018-01-02,0,risk_on,0.9999999971641955,2.835133221376103e-09,4.396216591023342e-42
2018-01-03,0,risk_on,0.999999998790372,1.2087843536917162e-09,3.888099032656804e-42
2018-01-04,0,risk_on,0.9999999979063432,2.0933301945444782e-09,9.74930809185265e-42
2018-01-05,0,risk_on,0.9999999977280822,2.2720675314214916e-09,9.658123579657674e-41
2018-01-08,0,risk_on,0.9999999982155714,1.784804332975529e-09,1.0326800610562326e-39
2018-01-09,0,risk_on,0.9999999974461389,2.5530649325210212e-09,6.6465051352567315e-40
2018-01-10,0,risk_on,0.9999999975243554,2.4750125782804255e-09,1.0182721580174525e-39
2018-01-11,0,risk_on,0.9999999975079845,2.4928722302661963e-09,5.502627143202388e-40
2018-01-12,0,risk_on,0.9999999964456947,3.55358982916773e-09,3.392322986986396e-40
2018-01-16,0,risk_on,0.9999999905430741,9.456829743227231e-09,1.7403742248009018e-39
2018-01-17,0,risk_on,0.9999999828905858,1.7109643821731462e-08,3.14682327534514e-38
2018-01-18,0,risk_on,0.9999999692790884,3.072081929554374e-08,2.6081015112642934e-39
2018-01-19,0,risk_on,0.9999999829560694,1.7044135261645738e-08,3.20303205817027e-39
2018-01-22,0,risk_on,0.9999999905121513,9.488654827399544e-09,2.679878715479221e-38
2018-01-23,0,risk_on,0.9999999948813638,5.119525588615646e-09,1.0067439392901919e-38
2018-01-24,0,risk_on,0.9999999916763045,8.324349603062085e-09,1.6488724370783756e-39
2018-01-25,0,risk_on,0.9999999955362,4.462994577180824e-09,8.403097980800024e-39
2018-01-26,0,risk_on,0.9999999753054002,2.4694217553230966e-08,4.4025290794779977e-32
2018-01-29,0,risk_on,0.9999994596275069,5.403720582572536e-07,1.4819510136165898e-32
2018-01-30,0,risk_on,0.9999875877335385,1.2412265963520448e-05,5.004184022100904e-31
2018-01-31,0,risk_on,0.9997279981062798,0.00027200189353173115,2.819722779458732e-30
2018-02-01,0,risk_on,0.9606685788208599,0.03933142117978642,3.6729180142730853e-31
2018-02-02,1,inflation_rates_shock,0.0384892310245642,0.9615107689759239,1.2885644327332592e-34
2018-02-05,1,inflation_rates_shock,8.294386075747781e-25,1.0,3.1603880826174944e-23
2018-02-06,1,inflation_rates_shock,2.126770755286147e-19,1.0,3.2464642843066758e-24
2018-02-07,1,inflation_rates_shock,7.728213988359898e-17,1.0,2.5022135070257703e-25
2018-02-08,1,inflation_rates_shock,2.81015670599502e-24,1.0,1.9428139522429285e-23
2018-02-09,1,inflation_rates_shock,7.553283609913423e-23,1.0,1.1634545831184005e-22
2018-02-12,1,inflation_rates_shock,1.888916086943825e-17,1.0,3.3380052022624094e-23
2018-02-13,1,inflation_rates_shock,1.0744686108201408e-15,1.0,6.625682365330632e-24
2018-02-14,1,inflation_rates_shock,1.9825590648039688e-13,1.0,5.119667402398551e-22
2018-02-15,1,inflation_rates_shock,8.58476017768587e-12,0.999999999990905,2.0416801513116684e-23
2018-02-16,1,inflation_rates_shock,2.370269376833528e-11,0.9999999999763531,6.0021416750159414e-24
2018-02-20,1,inflation_rates_shock,9.222700473299203e-12,0.999999999990905,1.5406198849520092e-25
2018-02-21,1,inflation_rates_shock,3.899216873605506e-12,0.999999999996362,1.2906076838095869e-26
2018-02-22,1,inflation_rates_shock,4.57199421406253e-12,0.999999999994543,1.4446654480299502e-27
2018-02-23,1,inflation_rates_shock,2.2104276765134168e-10,0.9999999997780833,1.0368682060799291e-28
2018-02-26,1,inflation_rates_shock,1.0952857162297372e-10,0.9999999998908606,1.399859461971048e-29
2018-02-27,1,inflation_rates_shock,1.432583660974212e-10,0.9999999998562998,1.4783766152368558e-30
2018-02-28,1,inflation_rates_shock,1.512316980788585e-09,0.9999999984884198,1.115638474525957e-29
2018-03-01,1,inflation_rates_shock,2.292227362393877e-10,0.9999999997708073,4.0335526823546914e-28
2018-03-02,1,inflation_rates_shock,9.563302085530653e-12,0.999999999990905,7.54210877793282e-26
2018-03-05,1,inflation_rates_shock,1.8734668961590767e-10,0.9999999998126441,4.493087446175513e-26
2018-03-06,1,inflation_rates_shock,4.185991938051713e-09,0.9999999958145054,3.8581059582758755e-27
2018-03-07,1,inflation_rates_shock,2.8262249182886112e-18,1.0,6.808558475587169e-27
2018-03-08,1,inflation_rates_shock,8.753633079722697e-12,0.999999999990905,1.0810011367664886e-27
2018-03-09,1,inflation_rates_shock,3.233026368950091e-09,0.9999999967676558,1.8330877486954837e-26
2018-03-12,1,inflation_rates_shock,1.214554837093883e-14,1.0,2.7523058288648854e-27
2018-03-13,1,inflation_rates_shock,7.391651719455978e-12,0.999999999992724,1.0069075379004385e-26
2018-03-14,1,inflation_rates_shock,3.9237147346071926e-10,0.9999999996070983,5.3857919325723934e-27
2018-03-15,1,inflation_rates_shock,4.707980335195901e-10,0.9999999995288817,2.7174499511588737e-27
2018-03-16,1,inflation_rates_shock,5.654291708646503e-09,0.9999999943465809,1.3849537062279028e-26
2018-03-19,1,inflation_rates_shock,7.587901813729016e-09,0.9999999924129952,5.434849457631914e-29
2018-03-20,1,inflation_rates_shock,4.829281552846679e-08,0.9999999517076515,5.462099070170653e-29
2018-03-21,1,inflation_rates_shock,2.2831848408537422e-09,0.9999999977171683,3.084805069371265e-28
2018-03-22,1,inflation_rates_shock,2.7536158212236254e-12,0.999999999996362,7.394845836790847e-25
2018-03-23,1,inflation_rates_shock,1.0788132048335836e-16,1.0,9.498339616234775e-24
2018-03-26,1,inflation_rates_shock,3.854584193710493e-13,1.0,1.9421723788015182e-23
2018-03-27,1,inflation_rates_shock,2.009162108908156e-15,1.0,8.669505175632308e-22
2018-03-28,1,inflation_rates_shock,7.130499734748863e-16,1.0,6.309115759200372e-22
2018-03-29,1,inflation_rates_shock,8.942060632179578e-16,1.0,4.30563526662924e-22
2018-04-02,1,inflation_rates_shock,1.0358740517785095e-19,1.0,2.376338615094225e-21
2018-04-03,1,inflation_rates_shock,7.498671799228934e-18,1.0,1.2701918845625163e-20
2018-04-04,1,inflation_rates_shock,1.464116226543844e-15,1.0,1.3715388847321526e-21
2018-04-05,1,inflation_rates_shock,1.239523194310462e-13,1.0,1.3430433217133677e-21
2018-04-06,1,inflation_rates_shock,1.081273885237778e-17,1.0,4.584741988740455e-20
2018-04-09,1,inflation_rates_shock,5.206509176085423e-16,1.0,6.312840392514435e-21
2018-04-10,1,inflation_rates_shock,4.7716568475052e-14,1.0,5.096324418936538e-21
2018-04-11,1,inflation_rates_shock,8.509687987755532e-15,1.0,6.999738479232644e-21
2018-04-12,1,inflation_rates_shock,3.2375768772211253e-15,1.0,3.3359614835415016e-20
2018-04-13,1,inflation_rates_shock,1.837997096517187e-16,1.0,7.835208908768526e-20
2018-04-16,1,inflation_rates_shock,2.238011163008259e-15,1.0,4.387067726688554e-20
2018-04-17,1,inflation_rates_shock,3.4328794368923866e-15,1.0,9.614676919792189e-21
2018-04-18,1,inflation_rates_shock,4.548353880353196e-14,1.0,1.2773020461583096e-20
2018-04-19,1,inflation_rates_shock,3.4552034564761828e-15,1.0,3.5309664188636157e-20
2018-04-20,1,inflation_rates_shock,1.6151158110961776e-16,1.0,7.388777629572937e-22
2018-04-23,1,inflation_rates_shock,1.9896821331357037e-17,1.0,1.2939619691020082e-20
2018-04-24,1,inflation_rates_shock,1.434639759654123e-21,1.0,3.395279302496374e-21
2018-04-25,1,inflation_rates_shock,3.156542360834453e-19,1.0,8.747310662047676e-22
2018-04-26,1,inflation_rates_shock,3.96215818232037e-20,1.0,3.645528498902197e-21
2018-04-27,1,inflation_rates_shock,8.999496564193445e-21,1.0,4.2159016650167166e-22
2018-04-30,1,inflation_rates_shock,1.5072004605918936e-21,1.0,5.874103733534868e-21
2018-05-01,1,inflation_rates_shock,1.5488467013847948e-24,1.0,5.724500111920724e-20
2018-05-02,1,inflation_rates_shock,1.7359323922717546e-25,1.0,2.04003676955976e-20
2018-05-03,1,inflation_rates_shock,2.6337340277243883e-25,1.0,2.3344476524906365e-19
2018-05-04,1,inflation_rates_shock,2.358646983349851e-22,1.0,1.1805483582308898e-17
2018-05-07,1,inflation_rates_shock,5.905686744914391e-23,1.0,4.518876814262839e-19
2018-05-08,1,inflation_rates_shock,2.144162428968449e-21,1.0,3.6043563144039345e-21
2018-05-09,1,inflation_rates_shock,7.689247221444047e-20,1.0,2.1171727016190398e-20
2018-05-10,1,inflation_rates_shock,5.299560815950288e-16,1.0,5.824345874371242e-20
2018-05-11,1,inflation_rates_shock,1.2156839873245897e-13,1.0,1.0356466423850714e-20
2018-05-14,1,inflation_rates_shock,1.774509375002798e-12,0.999999999998181,6.272898870246928e-21
2018-05-15,1,inflation_rates_shock,1.1203284352339252e-12,0.999999999998181,2.9698570921524435e-22
2018-05-16,1,inflation_rates_shock,3.3123544610884775e-12,0.999999999996362,1.7469428624281327e-24
2018-05-17,1,inflation_rates_shock,2.1335557242056594e-11,0.9999999999781721,1.8372981432233304e-24
2018-05-18,1,inflation_rates_shock,2.8525972663019158e-12,0.999999999996362,3.8940602592571984e-24
2018-05-21,1,inflation_rates_shock,4.72111317245614e-11,0.9999999999527063,2.8452027280446086e-23
2018-05-22,1,inflation_rates_shock,3.807927826367377e-12,0.999999999996362,2.850766863403929e-22
2018-05-23,1,inflation_rates_shock,4.145366036688412e-13,1.0,1.7231132809061793e-21
2018-05-24,1,inflation_rates_shock,4.0223648368253524e-12,0.999999999996362,1.942544715788972e-20
2018-05-25,1,inflation_rates_shock,5.106356237414495e-11,0.9999999999490683,2.1986750313597492e-21
2018-05-29,1,inflation_rates_shock,3.2751515139203756e-11,0.9999999999672582,7.539612449602476e-20
2018-05-30,1,inflation_rates_shock,5.613662080969313e-10,0.9999999994379323,4.618507373876931e-19
2018-05-31,1,inflation_rates_shock,1.2311488395637243e-10,0.9999999998763087,3.327959670900187e-20
2018-06-01,1,inflation_rates_shock,2.417128398175509e-10,0.9999999997580744,1.6833720521304735e-19
2018-06-04,1,inflation_rates_shock,1.2933653678929399e-09,0.9999999987066985,6.380528808196422e-20
2018-06-05,1,inflation_rates_shock,2.590005287163885e-09,0.9999999974097591,1.0253287722487778e-20
2018-06-06,1,inflation_rates_shock,2.5604129779831792e-08,0.9999999743959055,1.2488274043363996e-20
2018-06-07,1,inflation_rates_shock,2.7253972587059035e-07,0.9999997274608549,1.752768872225834e-20
2018-06-08,1,inflation_rates_shock,1.7710887347898812e-06,0.9999982289116128,5.268890764773775e-22
2018-06-11,1,inflation_rates_shock,4.330229415234241e-06,0.9999956697704951,6.370250231204314e-23
2018-06-12,1,inflation_rates_shock,2.766846115434636e-06,0.9999972331535979,6.061700215103179e-23
2018-06-13,1,inflation_rates_shock,3.068836801800743e-06,0.9999969311640393,4.159376156054225e-23
2018-06-14,1,inflation_rates_shock,1.0281011433104363e-06,0.9999989718986226,7.543200847311314e-24
2018-06-15,1,inflation_rates_shock,8.763137915762404e-07,0.9999991236858679,2.970947776747265e-23
2018-06-18,1,inflation_rates_shock,6.657952587569373e-07,0.9999993342046252,3.0469444760353113e-22
2018-06-19,1,inflation_rates_shock,7.047178877668389e-07,0.9999992952819167,7.414712275992959e-22
2018-06-20,1,inflation_rates_shock,3.405374491244904e-07,0.9999996594634137,6.408312033889095e-22
2018-06-21,1,inflation_rates_shock,1.1570837557703434e-06,0.999998842916044,7.05691860884349e-23
2018-06-22,1,inflation_rates_shock,3.0870158309217564e-07,0.999999691297537,5.6912448023224585e-22
2018-06-25,1,inflation_rates_shock,1.3812918276672965e-06,0.9999986187076947,1.0874390499911715e-23
2018-06-26,1,inflation_rates_shock,9.124092035696032e-07,0.9999990875916934,5.494000655406328e-25
2018-06-27,1,inflation_rates_shock,3.9087803763476485e-05,0.9999609121968841,9.517482092919001e-25
2018-06-28,1,inflation_rates_shock,0.0011778126489264409,0.9988221873518959,2.450625558088729e-25
2018-06-29,1,inflation_rates_shock,0.017661127916158457,0.9823388720847434,3.334178624238441e-24
2018-07-02,1,inflation_rates_shock,0.31819770365371514,0.6818022963456823,1.5500880143285431e-26
2018-07-03,1,inflation_rates_shock,0.5946857620626722,0.40531423793762056,2.9115779934036583e-28
2018-07-05,0,risk_on,0.9795585433813279,0.02044145661840759,1.2655713863303693e-31
2018-07-06,0,risk_on,0.9998287535632863,0.0001712464363416236,3.526779803357196e-38
2018-07-09,0,risk_on,0.999999396142994,6.038573011528291e-07,2.478607185633004e-41
2018-07-10,0,risk_on,0.9999999704596125,2.9540100682201428e-08,2.613646213588012e-43
2018-07-11,0,risk_on,0.9999999519222922,4.807682048410445e-08,2.807130934086171e-43
2018-07-12,0,risk_on,0.9999999856445356,1.4354616596926586e-08,1.744072403527729e-45
2018-07-13,0,risk_on,0.9999999796436898,2.03555114063998e-08,4.046692971725042e-45
2018-07-16,0,risk_on,0.9999999827232388,1.7276790897611418e-08,1.467391959786435e-46
2018-07-17,0,risk_on,0.9999999878436938,1.2156646963753863e-08,4.637834226288603e-46
2018-07-18,0,risk_on,0.9999999923347787,7.664456626443217e-09,6.836138752324913e-46
2018-07-19,0,risk_on,0.9999999929841579,7.015927528825432e-09,1.098092952413186e-43
2018-07-20,0,risk_on,0.9999999919145921,8.085655769840856e-09,1.0838809339336059e-41
2018-07-23,0,risk_on,0.999999987983756,1.2016841733171868e-08,3.507525725074856e-42
2018-07-24,0,risk_on,0.9999999891642801,1.083585321812465e-08,2.5090481371182612e-40
2018-07-25,0,risk_on,0.9999999769133867,2.3086282237263193e-08,5.066272325306156e-41
2018-07-26,0,risk_on,0.9999999847550499,1.5244905143130712e-08,6.068078960548664e-39
2018-07-27,0,risk_on,0.9999999462252177,5.3774127875271014e-08,1.4665214909970192e-37
2018-07-30,0,risk_on,0.9999999197316388,8.02687895393886e-08,1.185899110658987e-38
2018-07-31,0,risk_on,0.9999999744250093,2.557435350434979e-08,3.345284843574548e-39
2018-08-01,0,risk_on,0.9999999576139098,4.238694394240021e-08,1.4881731106835382e-38
2018-08-02,0,risk_on,0.9999999520387075,4.796150880290812e-08,2.204584076275715e-39
2018-08-03,0,risk_on,0.9999999490009954,5.099934437025055e-08,1.5343911927605037e-39
2018-08-06,0,risk_on,0.9999998891107741,1.1089011248036378e-07,8.472504011084155e-40
2018-08-07,0,risk_on,0.9999999488791231,5.112048646213305e-08,4.029871114463985e-40
2018-08-08,0,risk_on,0.9999999504416349,4.955885448803819e-08,5.038272915880146e-41
2018-08-09,0,risk_on,0.9999999795782062,2.0422147946103975e-08,3.530403948450737e-39
2018-08-10,0,risk_on,0.9999999569990914,4.3001749904043975e-08,4.834929492301664e-39
2018-08-13,0,risk_on,0.9999999674219003,3.257895605276622e-08,3.0257660698857596e-39
2018-08-14,0,risk_on,0.9999999846622815,1.533785312389688e-08,6.472858741368289e-37
2018-08-15,0,risk_on,0.999999975862011,2.4138101011794163e-08,7.479096940272585e-37
2018-08-16,0,risk_on,0.9999999857118382,1.4288491484386051e-08,4.301811719200285e-37
2018-08-17,0,risk_on,0.9999999878855306,1.2115212861450562e-08,1.163004998926962e-37
2018-08-20,0,risk_on,0.9999999904084689,9.59243947072964e-09,3.3858066520641346e-38
2018-08-21,0,risk_on,0.9999999925184966,7.480888387209588e-09,1.9439035426831373e-37
2018-08-22,0,risk_on,0.9999999876836227,1.23168853873893e-08,4.107832391311598e-37
2018-08-23,0,risk_on,0.9999999827105058,1.7289048391089133e-08,9.234866849919211e-37
2018-08-24,0,risk_on,0.9999999838437362,1.6157069593949398e-08,9.259802539780183e-38
2018-08-27,0,risk_on,0.9999999936135282,6.386985586143542e-09,3.161129209786113e-39
2018-08-28,0,risk_on,0.9999999895680958,1.0431435308066825e-08,2.1112924699907762e-41
2018-08-29,0,risk_on,0.9999999936244421,6.37498643129963e-09,1.561405029751435e-40
2018-08-30,0,risk_on,0.9999999928913894,7.108727856958584e-09,7.631667001372328e-41
2018-08-31,0,risk_on,0.9999999921383278,7.861073895791777e-09,1.3383334971163947e-41
2018-09-04,0,risk_on,0.9999999887877493,1.1211391596696913e-08,1.438863704302881e-41
2018-09-05,0,risk_on,0.9999999567025961,4.3296779563668735e-08,2.973579043819524e-44
2018-09-06,0,risk_on,0.9999999677966122,3.2202938065004763e-08,1.256540543611602e-43
2018-09-07,0,risk_on,0.9999999614192355,3.8580122263755615e-08,1.3818623121287686e-45
2018-09-10,0,risk_on,0.9999999652991397,3.470066103504693e-08,7.729923194649436e-47
2018-09-11,0,risk_on,0.9999999699466575,3.0053419859409563e-08,5.010885029622013e-47
2018-09-12,0,risk_on,0.999999973453669,2.6545775269176674e-08,1.854854345174569e-47
2018-09-13,0,risk_on,0.9999999818919606,1.810821396747518e-08,3.3646378390835737e-47
2018-09-14,0,risk_on,0.9999999583578765,4.164169279552723e-08,3.2074317509134297e-47
2018-09-17,0,risk_on,0.9999999427091114,5.7290317688209813e-08,1.8879125810932054e-47
2018-09-18,0,risk_on,0.9999999494284579,5.057174643760842e-08,1.1374736324386502e-46
2018-09-19,0,risk_on,0.9999999360425156,6.395680333146977e-08,1.1407842044313398e-46
2018-09-20,0,risk_on,0.9999999687788663,3.122180516057568e-08,4.309121839591907e-50
2018-09-21,0,risk_on,0.9999999843348634,1.5664788395776936e-08,1.6337729544565706e-49
2018-09-24,0,risk_on,0.999999977371772,2.262761963786996e-08,1.6794573377378833e-50
2018-09-25,0,risk_on,0.9999999731426218,2.6856779158616527e-08,3.322775086171958e-50
2018-09-26,0,risk_on,0.9999999520896392,4.7911027382058535e-08,1.2120677914404064e-52
2018-09-27,0,risk_on,0.9999999484534796,5.154696807099276e-08,1.6516808335080128e-52
2018-09-28,0,risk_on,0.9999998082166897,1.9178339992428824e-07,5.629167805676862e-52
2018-10-01,0,risk_on,0.9999997663235536,2.3367699381722608e-07,9.067295910514645e-52
2018-10-02,0,risk_on,0.9999998719467922,1.2805383780897002e-07,5.055802651503286e-53
2018-10-03,0,risk_on,0.9999997240302417,2.759691470686584e-07,3.2533207141171807e-53
2018-10-04,0,risk_on,0.9999997896120697,2.1038821475425e-07,5.805308043842585e-55
2018-10-05,0,risk_on,0.9999997525629021,2.4743677780629e-07,4.857486521751053e-59
2018-10-08,0,risk_on,0.9999993311414491,6.688591630268423e-07,5.433013981633379e-58
2018-10-09,0,risk_on,0.9999967844975656,3.215503001190455e-06,1.399147476652474e-56
2018-10-10,0,risk_on,0.9992229462073261,0.0007770537928335269,4.793580731266411e-52
2018-10-11,0,risk_on,0.9914152113300769,0.008584788669686982,1.4330954131560496e-40
2018-10-12,0,risk_on,0.9947026920358111,0.005297307963961998,4.693647393662102e-41
2018-10-15,0,risk_on,0.9979110522209556,0.002088947778339708,1.5820882765590475e-41
2018-10-16,0,risk_on,0.9998978776218636,0.00010212237804918202,4.5099098420341284e-45
2018-10-17,0,risk_on,0.9997212916169409,0.0002787083831810495,6.002204015193193e-44
2018-10-18,0,risk_on,0.990980281156653,0.009019718843552373,1.9567724444426883e-40
2018-10-19,0,risk_on,0.9773155640095851,0.02268443598995361,6.429784433295903e-41
2018-10-22,0,risk_on,0.8646839026067443,0.13531609739321118,6.254930587030244e-39
2018-10-23,0,risk_on,0.5760886613330319,0.4239113386677289,2.618544333114766e-38
2018-10-24,1,inflation_rates_shock,6.250019416282009e-05,0.9999374998056614,5.160445083413185e-31
2018-10-25,1,inflation_rates_shock,8.276420098108469e-07,0.9999991723583449,1.4140293084927685e-31
2018-10-26,1,inflation_rates_shock,2.8176580539201985e-09,0.9999999971823854,1.4933961496948986e-28
2018-10-29,1,inflation_rates_shock,5.407692351834575e-10,0.9999999994597601,5.502400885123469e-28
2018-10-30,1,inflation_rates_shock,5.070332631722938e-08,0.9999999492974907,4.939365437731018e-27
2018-10-31,1,inflation_rates_shock,2.734505520295006e-07,0.9999997265495414,2.59616323325451e-26
2018-11-01,1,inflation_rates_shock,1.2365769824468623e-06,0.9999987634226642,9.422643523480886e-26
2018-11-02,1,inflation_rates_shock,8.186879807910535e-07,0.9999991813114034,1.6252872616177117e-28
2018-11-05,1,inflation_rates_shock,3.2826654776572806e-06,0.999996717335238,9.204923284962509e-30
2018-11-06,1,inflation_rates_shock,2.1129220672963698e-05,0.9999788707786489,6.971201647490423e-30
2018-11-07,1,inflation_rates_shock,1.765604236808779e-05,0.9999823439569633,7.267879845619764e-31
2018-11-08,1,inflation_rates_shock,3.992376805838525e-05,0.9999600762314759,8.948025288369168e-32
2018-11-09,1,inflation_rates_shock,1.1106668312850942e-06,0.999998889332963,2.135165496785598e-29
2018-11-12,1,inflation_rates_shock,2.8358158186721812e-06,0.9999971641849889,1.0336525411877484e-26
2018-11-13,1,inflation_rates_shock,5.241361453049026e-08,0.9999999475858217,3.0280184121778594e-27
2018-11-14,1,inflation_rates_shock,2.9847190959465645e-07,0.9999997015275303,2.794653904674534e-28
2018-11-15,1,inflation_rates_shock,2.224269761197554e-06,0.9999977757294981,7.233082653162544e-28
2018-11-16,1,inflation_rates_shock,2.3644870104607232e-07,0.9999997635514144,2.541457623469646e-27
2018-11-19,1,inflation_rates_shock,1.3175841691616079e-09,0.9999999986830517,1.2414960151175399e-26
2018-11-20,1,inflation_rates_shock,8.737691136791905e-13,1.0,8.7635227465978e-26
2018-11-21,1,inflation_rates_shock,1.844424180618602e-13,1.0,1.5312041243768504e-26
2018-11-23,1,inflation_rates_shock,3.2583988541579716e-18,1.0,8.564824446213662e-26
2018-11-26,1,inflation_rates_shock,1.7110015527392245e-14,1.0,5.0090728925616505e-27
2018-11-27,1,inflation_rates_shock,6.1838692895901775e-15,1.0,5.606814767864143e-27
2018-11-28,1,inflation_rates_shock,7.64886027263534e-12,0.999999999992724,1.964550570427777e-25
2018-11-29,1,inflation_rates_shock,6.059164123746338e-11,0.9999999999399733,4.33925502270939e-27
2018-11-30,1,inflation_rates_shock,3.0472074446606297e-09,0.9999999969531927,2.337821027717113e-27
2018-12-03,1,inflation_rates_shock,1.1875949109354475e-07,0.9999998812400079,5.784170772498172e-30
2018-12-04,1,inflation_rates_shock,4.900990279847869e-12,0.999999999994543,1.9079646693110866e-23
2018-12-06,1,inflation_rates_shock,3.046275535173972e-11,0.9999999999690772,1.547269323190786e-23
2018-12-07,1,inflation_rates_shock,8.619308292620404e-15,1.0,1.0481717211697411e-22
2018-12-10,1,inflation_rates_shock,5.230234818598702e-14,1.0,1.530070186865713e-22
2018-12-11,1,inflation_rates_shock,1.1267766016745274e-13,1.0,7.955671311412393e-24
2018-12-12,1,inflation_rates_shock,7.074472371951478e-14,1.0,2.3147473956852596e-24
2018-12-13,1,inflation_rates_shock,5.835912660060114e-17,1.0,3.297365497689171e-24
2018-12-14,1,inflation_rates_shock,9.219452992819363e-20,1.0,5.758465170996309e-23
2018-12-17,1,inflation_rates_shock,2.402155819751642e-23,1.0,4.397837459758825e-22
2018-12-18,1,inflation_rates_shock,1.2063528095157276e-21,1.0,1.3236161622238515e-22
2018-12-19,1,inflation_rates_shock,3.460270041117409e-27,1.0,2.180150310129388e-22
2018-12-20,1,inflation_rates_shock,9.854245176148825e-32,1.0,1.394424539222051e-21
2018-12-21,1,inflation_rates_shock,4.850209470340471e-40,1.0,7.06885628767418e-21
2018-12-24,1,inflation_rates_shock,9.164272587672937e-47,1.0,1.870078964883309e-19
2018-12-26,1,inflation_rates_shock,4.074421257906341e-37,1.0,3.820508763688831e-18
2018-12-27,1,inflation_rates_shock,1.2347011875399117e-34,1.0,7.581516190915196e-18
2018-12-28,1,inflation_rates_shock,1.169242794729901e-34,1.0,1.1053593355586667e-17
2018-12-31,1,inflation_rates_shock,6.261451201526418e-30,1.0,4.976766711917449e-18
2019-01-02,1,inflation_rates_shock,1.2993052900607934e-31,1.0,1.2680756406762722e-18
2019-01-03,1,inflation_rates_shock,1.0790323867664755e-37,1.0,3.4221673038560855e-17
2019-01-04,1,inflation_rates_shock,1.0896838715940013e-32,1.0,4.3625795867732407e-17
2019-01-07,1,inflation_rates_shock,4.69257891827659e-33,1.0,2.0750544668863656e-17
2019-01-08,1,inflation_rates_shock,3.492638035968873e-32,1.0,7.541197994332024e-17
2019-01-09,1,inflation_rates_shock,4.5026038333951326e-34,1.0,4.9087216794734095e-17
2019-01-10,1,inflation_rates_shock,4.915586049636278e-34,1.0,1.6558760485896344e-17
2019-01-11,1,inflation_rates_shock,1.619300578002364e-35,1.0,4.8539295149152584e-18
2019-01-14,1,inflation_rates_shock,8.248991434804363e-36,1.0,2.2137093690057893e-17
2019-01-15,1,inflation_rates_shock,1.2764418650649282e-32,1.0,1.1298525704869147e-17
2019-01-16,1,inflation_rates_shock,1.004517840632049e-34,1.0,3.429777833814425e-17
2019-01-17,1,inflation_rates_shock,1.1627415005260327e-35,1.0,2.8143745421086713e-17
2019-01-18,1,inflation_rates_shock,1.6286706395303754e-31,1.0,3.7545523641091635e-18
2019-01-22,1,inflation_rates_shock,1.2987709076683018e-35,1.0,1.8566413415060162e-18
2019-01-23,1,inflation_rates_shock,2.2795857580367712e-39,1.0,3.6802606303905274e-19
2019-01-24,1,inflation_rates_shock,1.341084999482356e-44,1.0,7.725831887902024e-19
2019-01-25,1,inflation_rates_shock,1.8449308113681493e-49,1.0,2.1147379644534203e-18
2019-01-28,1,inflation_rates_shock,1.1302663176964259e-38,1.0,6.512110186345708e-20
2019-01-29,1,inflation_rates_shock,8.212054693956043e-36,1.0,6.211035191201932e-19
2019-01-30,1,inflation_rates_shock,4.599482118047459e-33,1.0,3.1797391163554766e-18
2019-01-31,1,inflation_rates_shock,2.7756856830966573e-32,1.0,7.788358464871963e-18
2019-02-01,1,inflation_rates_shock,1.1837734944412559e-32,1.0,5.117999707613542e-18
2019-02-04,1,inflation_rates_shock,9.974042969408327e-36,1.0,1.2554156675430669e-17
2019-02-05,1,inflation_rates_shock,4.227823268127201e-28,1.0,1.4749382317736268e-18
2019-02-06,1,inflation_rates_shock,2.7017916994979164e-26,1.0,5.77380776795861e-19
2019-02-07,1,inflation_rates_shock,2.248248381177777e-26,1.0,3.7300754874834653e-19
2019-02-08,1,inflation_rates_shock,5.495448989980763e-27,1.0,5.6012876406157625e-18
2019-02-11,1,inflation_rates_shock,3.624992901573451e-24,1.0,9.990322186000818e-19
2019-02-12,1,inflation_rates_shock,6.9459502348951785e-22,1.0,3.1453714485343154e-18
2019-02-13,1,inflation_rates_shock,3.416490332459928e-21,1.0,1.2921408814844762e-18
2019-02-14,1,inflation_rates_shock,3.512229590729417e-19,1.0,1.9730444326157377e-18
2019-02-15,1,inflation_rates_shock,7.839475374738622e-18,1.0,1.179579141996849e-18
2019-02-19,1,inflation_rates_shock,1.1800690940894304e-16,1.0,7.735906915008379e-19
2019-02-20,1,inflation_rates_shock,3.7590581138110503e-16,1.0,2.3601820663725474e-18
2019-02-21,1,inflation_rates_shock,6.695901422250837e-18,1.0,3.819265627990978e-18
2019-02-22,1,inflation_rates_shock,4.961493017626365e-18,1.0,1.380166147112426e-17
2019-02-25,1,inflation_rates_shock,1.5360707416920848e-16,1.0,5.842833113686087e-18
2019-02-26,1,inflation_rates_shock,3.4442876349063327e-16,1.0,5.9994814420137955e-18
2019-02-27,1,inflation_rates_shock,2.8588468873606595e-17,1.0,1.1790434374354199e-17
2019-02-28,1,inflation_rates_shock,8.245374607592954e-17,1.0,3.828967358655474e-18
2019-03-01,1,inflation_rates_shock,2.1044660223435858e-16,1.0,2.5891721627754684e-18
2019-03-04,1,inflation_rates_shock,6.728598219627388e-14,1.0,5.911298920820054e-19
2019-03-05,1,inflation_rates_shock,4.4795774919957514e-14,1.0,1.0171577551596423e-18
2019-03-06,1,inflation_rates_shock,7.418308441254397e-14,1.0,1.1533731589733212e-18
2019-03-07,1,inflation_rates_shock,2.1925283452397468e-14,1.0,3.118778396583719e-18
2019-03-08,1,inflation_rates_shock,1.525619332403984e-14,1.0,8.00530974585132e-19
2019-03-11,1,inflation_rates_shock,9.879980390614685e-13,0.999999999998181,1.445668969415354e-18
2019-03-12,1,inflation_rates_shock,5.323488691227311e-12,0.999999999994543,1.3241061219458626e-18
2019-03-13,1,inflation_rates_shock,3.736079936365165e-11,0.9999999999618012,5.122116998214385e-19
2019-03-14,1,inflation_rates_shock,2.172581607235821e-11,0.9999999999781721,2.7785930824895315e-19
2019-03-15,1,inflation_rates_shock,9.706841368877885e-11,0.9999999999035936,1.8005063297644498e-19
2019-03-18,1,inflation_rates_shock,2.3733485961646725e-10,0.9999999997635314,7.041751101129332e-20
2019-03-19,1,inflation_rates_shock,1.087158857492056e-09,0.9999999989122443,4.042153283554147e-20
2019-03-20,1,inflation_rates_shock,5.173609008597784e-10,0.999999999483407,8.729686056589225e-20
2019-03-21,1,inflation_rates_shock,7.593783666115892e-09,0.9999999924057192,1.6404268648477592e-20
2019-03-22,1,inflation_rates_shock,1.200188522408646e-09,0.999999998799467,4.2276073765435103e-19
2019-03-25,1,inflation_rates_shock,3.166023358137411e-09,0.9999999968331394,1.0049602813229154e-17
2019-03-26,1,inflation_rates_shock,5.512545879331991e-10,0.9999999994488462,3.881175403959317e-18
2019-03-27,1,inflation_rates_shock,7.520833181297736e-07,0.999999247917286,7.174849820252803e-18
2019-03-28,0,risk_on,0.681495562050242,0.31850443794904754,1.2023549756595741e-21
2019-03-29,0,risk_on,0.9595580188031231,0.040441981197496875,4.207338038056843e-24
2019-04-01,0,risk_on,0.9996523844565705,0.00034761554349115384,9.067309032672598e-27
2019-04-02,0,risk_on,0.9999987348900321,1.2651103080961455e-06,1.0514895743150282e-28
2019-04-03,0,risk_on,0.9999997783561657,2.2164327733004021e-07,4.546987156695728e-29
2019-04-04,0,risk_on,0.9999994758510647,5.241497272942706e-07,4.103618964496765e-30
2019-04-05,0,risk_on,0.9999999728752303,2.7125434659311983e-08,1.253481223333552e-35
2019-04-08,0,risk_on,0.9999999824613043,1.7539576506707584e-08,1.395511709940342e-36
2019-04-09,0,risk_on,0.9999999897372618,1.0262435856112248e-08,2.283579746648942e-37
2019-04-10,0,risk_on,0.9999999843403203,1.5659800425546294e-08,4.0859153064052915e-38
2019-04-11,0,risk_on,0.9999999885731086,1.1427748637724089e-08,7.639913252842292e-39
2019-04-12,0,risk_on,0.9999999881765689,1.1822920825878399e-08,1.2140240058286181e-37
2019-04-15,0,risk_on,0.9999999864940037,1.3505583702684893e-08,2.2458747527137926e-37
2019-04-16,0,risk_on,0.9999999890424078,1.095746266507056e-08,8.622297203350228e-38
2019-04-17,0,risk_on,0.999999988325726,1.1674491901499447e-08,3.211541006217827e-38
2019-04-18,0,risk_on,0.999999988162017,1.1838739348732529e-08,1.3036265161787777e-38
2019-04-22,0,risk_on,0.9999999842166291,1.578261842102974e-08,2.8843926618801495e-40
2019-04-23,0,risk_on,0.999999982501322,1.749778902520482e-08,4.715412770387087e-40
2019-04-24,0,risk_on,0.9999999822794053,1.772115853537364e-08,2.287362426234273e-40
2019-04-25,0,risk_on,0.9999999900810508,9.918692042737774e-09,1.14623186675234e-40
2019-04-26,0,risk_on,0.999999986604962,1.3395031758389424e-08,1.511225869221538e-40
2019-04-29,0,risk_on,0.9999999807951101,1.920552911089206e-08,6.277487483318745e-40
2019-04-30,0,risk_on,0.9999999828323781,1.7167402612870868e-08,1.606329274425427e-39
2019-05-01,0,risk_on,0.9999999813480829,1.8651627054156128e-08,3.779133394753168e-40
2019-05-02,0,risk_on,0.9999999918818503,8.118775736997778e-09,5.314644410463033e-39
2019-05-03,0,risk_on,0.9999999951323844,4.867938657399373e-09,9.601403592936798e-40
2019-05-06,0,risk_on,0.9999999857627699,1.4237278977523364e-08,8.525764255379523e-40
2019-05-07,0,risk_on,0.9999998810853938,1.1891467636318186e-07,1.011941142455228e-36
2019-05-08,0,risk_on,0.9999999410119944,5.8987693795422214e-08,1.1070707453036188e-37
2019-05-09,0,risk_on,0.9999999547089838,4.529131477427889e-08,2.6564281668363196e-38
2019-05-10,0,risk_on,0.999999995192411,4.807272192092737e-09,1.4503607804014426e-37
2019-05-13,0,risk_on,0.9999998613639133,1.3863518783862073e-07,1.3714055489261523e-33
2019-05-14,0,risk_on,0.9999999878255039,1.2174981549858831e-08,2.8520892565218363e-35
2019-05-15,0,risk_on,0.9999999933224899,6.678256297362285e-09,1.5797683597051977e-36
2019-05-16,0,risk_on,0.999999994513928,5.485290996802881e-09,4.844808820481379e-37
2019-05-17,0,risk_on,0.9999999959418346,4.05882744865258e-09,4.510837338187432e-36
2019-05-20,0,risk_on,0.9999999880110408,1.1988712032826092e-08,5.847365387657169e-36
2019-05-21,0,risk_on,0.9999999945775926,5.4215307778685534e-09,4.045883682584657e-37
2019-05-22,0,risk_on,0.9999999930423655,6.958191963939051e-09,8.492092616472465e-36
2019-05-23,0,risk_on,0.9999999889660103,1.103361703009824e-08,5.850597025494795e-33
2019-05-24,0,risk_on,0.9999999892424967,1.0758255355871034e-08,2.3844445346470145e-33
2019-05-28,0,risk_on,0.9999999741012292,2.589848982159586e-08,1.3395787453349877e-30
2019-05-29,0,risk_on,0.999999529605813,4.7039351893977254e-07,2.097670671558767e-29
2019-05-30,0,risk_on,0.9999997922623367,2.0773680941021453e-07,2.361369407539469e-28
2019-05-31,0,risk_on,0.9999885439284766,1.1456071406541579e-05,8.921643548789224e-25
2019-06-03,0,risk_on,0.9999558537105694,4.414628875326877e-05,4.255249056076119e-25
2019-06-04,0,risk_on,0.9999988047573292,1.195243460252292e-06,1.3997478684665406e-27
2019-06-05,0,risk_on,0.9999993470757857,6.529238050888918e-07,6.627344502141753e-28
2019-06-06,0,risk_on,0.9999989327285459,1.067271330024665e-06,1.4389131657074727e-28
2019-06-07,0,risk_on,0.9999996748193172,3.251803123173145e-07,4.998707553986872e-31
2019-06-10,0,risk_on,0.9999999244246311,7.557609367863803e-08,7.2405817952777525e-34
2019-06-11,0,risk_on,0.9999999831052265,1.6894179480296642e-08,2.0411333183042744e-33
2019-06-12,0,risk_on,0.9999999380670507,6.193205726514684e-08,8.71662037266301e-33
2019-06-13,0,risk_on,0.9999999815954654,1.8405123666455652e-08,5.1893548523790705e-34
2019-06-14,0,risk_on,0.9999999958399712,4.1600408376293215e-09,1.0546984981150869e-33
2019-06-17,0,risk_on,0.9999999928968464,7.102293716547298e-09,7.930385901570018e-34
2019-06-18,0,risk_on,0.9999999766278054,2.337147471595467e-08,1.4393941220861264e-34
2019-06-19,0,risk_on,0.9999999603369368,3.966261213571987e-08,3.627698227915156e-33
2019-06-20,0,risk_on,0.9999998667135603,1.3328676673666243e-07,8.963743216256667e-34
2019-06-21,0,risk_on,0.9999999346764546,6.532370795806522e-08,1.0473600416582572e-36
2019-06-24,0,risk_on,0.9999999631691032,3.683075115115564e-08,1.8002423072798003e-36
2019-06-25,0,risk_on,0.9999999415013024,5.84978765623724e-08,2.539658667267839e-35
2019-06-26,0,risk_on,0.9999999544470494,4.555334130488347e-08,2.5039760777750537e-36
2019-06-27,0,risk_on,0.9999999192077699,8.079276006722796e-08,3.364306262417391e-35
2019-06-28,0,risk_on,0.999999714327755,2.856728735647576e-07,2.504611902717004e-35
2019-07-01,0,risk_on,0.9999989039212419,1.0960792171012546e-06,4.1308151167845426e-35
2019-07-02,0,risk_on,0.9999985999866817,1.400014196681997e-06,1.4859115973988694e-35
2019-07-03,0,risk_on,0.9999998090988993,1.9090141484432577e-07,1.0593667486606947e-37
2019-07-05,0,risk_on,0.9999998847324671,1.1526787582015085e-07,1.7894700557111095e-40
2019-07-08,0,risk_on,0.9999997371396948,2.628610092929562e-07,1.657450098708063e-40
2019-07-09,0,risk_on,0.9999997625109527,2.374893725423779e-07,5.624483421689757e-42
2019-07-10,0,risk_on,0.9999998814728385,1.1852667710896549e-07,1.8501426434586358e-41
2019-07-11,0,risk_on,0.9999998018065722,1.9819269333982883e-07,1.3732015335386195e-41
2019-07-12,0,risk_on,0.9999998253461096,1.7465363614975955e-07,3.622565327323288e-41
2019-07-15,0,risk_on,0.9999997925006243,2.074993658200338e-07,3.5415619732079875e-42
2019-07-16,0,risk_on,0.9999997430004771,2.569999168104264e-07,5.977240229198723e-42
2019-07-17,0,risk_on,0.9999996705556075,3.294442629757354e-07,2.476542508610594e-40
2019-07-18,0,risk_on,0.9999995702365609,4.2976434331453386e-07,1.7346175923793336e-40
2019-07-19,0,risk_on,0.999999225307265,7.746924054222087e-07,5.773205210246686e-41
2019-07-22,0,risk_on,0.9999995635244929,4.3647640519718327e-07,3.3474776542411214e-41
2019-07-23,0,risk_on,0.9999996602055612,3.3979397082678066e-07,2.8999848650294646e-41
2019-07-24,0,risk_on,0.9999994658357144,5.341640260540627e-07,3.658528579538645e-39
2019-07-25,0,risk_on,0.9999994946175688,5.053820687696116e-07,1.585685053474665e-39
2019-07-26,0,risk_on,0.9999997522791397,2.477215975995375e-07,5.6236783157302354e-39
2019-07-29,0,risk_on,0.9999994675910383,5.324083632670164e-07,1.4159657282618208e-39
2019-07-30,0,risk_on,0.9999998494986471,1.5050218642176933e-07,3.3586930852188084e-40
2019-07-31,0,risk_on,0.9999996666393245,3.3336109541876427e-07,8.929647458507319e-39
2019-08-01,0,risk_on,0.9999997898794611,2.101209266901006e-07,2.0529886713192282e-35
2019-08-02,0,risk_on,0.9999996771021482,3.2289735964868405e-07,2.890964009068164e-32
2019-08-05,0,risk_on,0.9999603633020583,3.963669749844415e-05,3.184140330718841e-26
2019-08-06,0,risk_on,0.9999998912262585,1.0877362556244053e-07,1.8121321912091324e-29
2019-08-07,0,risk_on,0.9999995842100317,4.157906368079957e-07,5.289841575987643e-30
2019-08-08,0,risk_on,0.9999999463707369,5.362863151095519e-08,6.001736931762755e-33
2019-08-09,0,risk_on,0.9999998917737744,1.0822552011703671e-07,9.373841475126768e-32
2019-08-12,0,risk_on,0.9999989215399541,1.0784597209075915e-06,8.735000551932669e-30
2019-08-13,0,risk_on,0.999999862235209,1.3776476036627636e-07,9.670713515379367e-30
2019-08-14,0,risk_on,0.9999665832928376,3.341670718772367e-05,2.6577577030089945e-22
2019-08-15,0,risk_on,0.9999946069838093,5.3930168162226645e-06,6.896251940203683e-25
2019-08-16,0,risk_on,0.9999993728217453,6.271778947424996e-07,1.7046205353677808e-26
2019-08-19,0,risk_on,0.9999998890452905,1.1095544603250554e-07,3.836913092314187e-27
2019-08-20,0,risk_on,0.9999997271297988,2.7287090349682906e-07,7.69118222365695e-27
2019-08-21,0,risk_on,0.9999997836858036,2.1631406034839671e-07,1.5859889377111843e-26
2019-08-22,0,risk_on,0.9999993384737905,6.615269613640422e-07,4.268448277960652e-24
2019-08-23,0,risk_on,0.9999151669622923,8.483303858677061e-05,2.453027765160826e-19
2019-08-26,0,risk_on,0.9999504139284658,4.958607196591012e-05,5.2419187767160034e-20
2019-08-27,0,risk_on,0.9998802072475818,0.00011979275192341052,1.0918553358548682e-19
2019-08-28,0,risk_on,0.999973049210275,2.6950789336529872e-05,3.189565613444214e-21
2019-08-29,0,risk_on,0.9999920026868139,7.99731382990297e-06,2.4917427347983297e-21
2019-08-30,0,risk_on,0.9999915666313425,8.43336948961808e-06,1.9492701005180382e-22
2019-09-03,0,risk_on,0.9999979679253285,2.0320751045499043e-06,3.4490472672102994e-23
2019-09-04,0,risk_on,0.999993001986625,6.998014214594457e-06,5.70483385101955e-25
2019-09-05,0,risk_on,0.9999998017847443,1.9821559036660057e-07,3.654224434628209e-28
2019-09-06,0,risk_on,0.999999864754509,1.3524463089285483e-07,1.245032264211566e-27
2019-09-09,0,risk_on,0.9999999425381264,5.7461002670606554e-08,3.987766350703373e-29
2019-09-10,0,risk_on,0.9999998584535306,1.4154586268616145e-07,3.283259703612388e-29
2019-09-11,0,risk_on,0.9999998764778942,1.235212246128124e-07,2.7488431310896287e-30
2019-09-12,0,risk_on,0.999999963387382,3.661333673161454e-08,8.09090946678276e-30
2019-09-13,0,risk_on,0.9999996958268192,3.0417289546954675e-07,5.579179342637792e-29
2019-09-16,0,risk_on,0.9999994563878886,5.43611931617011e-07,5.42459644501854e-30
2019-09-17,0,risk_on,0.9999998489765972,1.510239601459026e-07,4.16210215619585e-32
2019-09-18,0,risk_on,0.99999997395571,2.6043630421194805e-08,1.4947566955855379e-32
2019-09-19,0,risk_on,0.999999926822059,7.317724557485889e-08,6.013324297281786e-33
2019-09-20,0,risk_on,0.9999999541796579,4.582066243559059e-08,1.9319950156367156e-32
2019-09-23,0,risk_on,0.9999999807077986,1.9292970447702255e-08,1.1590854130704002e-31
2019-09-24,0,risk_on,0.9999999089523085,9.10480473595871e-08,2.3438607892841934e-30
2019-09-25,0,risk_on,0.9999999462615975,5.373885720768035e-08,1.0782194015112132e-30
2019-09-26,0,risk_on,0.9999999194806183,8.051947581122999e-08,5.398212012353929e-31
2019-09-27,0,risk_on,0.9999999813935576,1.860598460223665e-08,1.9114224427511913e-30
2019-09-30,0,risk_on,0.9999999778428903,2.2157428625407348e-08,1.9891918009969536e-30
2019-10-01,0,risk_on,0.9999999285373659,7.1462601819797e-08,1.504030449992373e-29
2019-10-02,0,risk_on,0.9999995623094086,4.3769134598826723e-07,2.449623143178412e-27
2019-10-03,0,risk_on,0.9999997339764731,2.660240566593315e-07,9.430300613954088e-29
2019-10-04,0,risk_on,0.9999997966606522,2.0334000553878968e-07,4.584371335090454e-31
2019-10-07,0,risk_on,0.9999998037910892,1.9620823323883802e-07,1.688070273470749e-30
2019-10-08,0,risk_on,0.9999996688148352,3.311850926947444e-07,1.1240183247136605e-28
2019-10-09,0,risk_on,0.9999998309558721,1.6904327756522602e-07,6.373656253505496e-29
2019-10-10,0,risk_on,0.9999997230352548,2.7696462441114567e-07,1.6127000153100658e-29
2019-10-11,0,risk_on,0.9999994624669478,5.375321580038868e-07,1.7485901254519219e-29
2019-10-14,0,risk_on,0.9999991277931424,8.722059797164424e-07,3.590466957626431e-27
2019-10-15,0,risk_on,0.9999993746189056,6.25380853006086e-07,1.126740858164124e-28
2019-10-16,0,risk_on,0.9999989783123727,1.0216884023614806e-06,1.8935413642882318e-28
2019-10-17,0,risk_on,0.9999980918910311,1.9081091183189666e-06,1.1911124271894754e-28
2019-10-18,0,risk_on,0.9999986722986879,1.3277018411458557e-06,8.383669273327975e-28
2019-10-21,0,risk_on,0.9999949095001702,5.09050054342868e-06,3.5237069772713695e-29
2019-10-22,0,risk_on,0.9999982401202057,1.7598794823761406e-06,4.547227593148012e-29
2019-10-23,0,risk_on,0.9999991459902967,8.540093556937658e-07,9.046365570489374e-29
2019-10-24,0,risk_on,0.9999965481570603,3.4518431151685277e-06,9.538363433581717e-29
2019-10-25,0,risk_on,0.9999972639981164,2.7360025508461777e-06,2.6963026405700656e-28
2019-10-28,0,risk_on,0.9999984132404135,1.5867604425645977e-06,1.7785453494267242e-28
2019-10-29,0,risk_on,0.9999987824620029,1.2175371163105548e-06,5.7934631555857e-29
2019-10-30,0,risk_on,0.9999997453105931,2.546902164212357e-07,1.883647189838097e-28
2019-10-31,0,risk_on,0.9999996286079075,3.7139167882198607e-07,1.6839854133761404e-28
2019-11-01,0,risk_on,0.9999999319406948,6.805979359682025e-08,5.8985277608553e-30
2019-11-04,0,risk_on,0.9999999515148387,4.8484429100479026e-08,1.7461916672440587e-30
2019-11-05,0,risk_on,0.9999999181218333,8.187869545112238e-08,8.604915552618272e-30
2019-11-06,0,risk_on,0.9999991477983706,8.52201382202958e-07,8.237282160025125e-29
2019-11-07,0,risk_on,0.9999990139245115,9.86075212817114e-07,4.4816167653839645e-29
2019-11-08,0,risk_on,0.9999991216213168,8.783787577270375e-07,4.059512572111924e-29
2019-11-11,0,risk_on,0.9999997384530048,2.6154629728056285e-07,1.050511807445323e-28
2019-11-12,0,risk_on,0.999997330991315,2.6690085861498852e-06,8.75958150963169e-32
2019-11-13,0,risk_on,0.999999958266927,4.1732164806189355e-08,3.7247938475598696e-33
2019-11-14,0,risk_on,0.9999999827341527,1.7266737765752113e-08,3.110968296503825e-35
2019-11-15,0,risk_on,0.9999999933334038,6.667198487762352e-09,1.4704028969221347e-35
2019-11-18,0,risk_on,0.9999999806877897,1.9312979935566984e-08,1.4661730418799548e-35
2019-11-19,0,risk_on,0.9999999822375686,1.776313060171938e-08,1.7840537490845664e-36
2019-11-20,0,risk_on,0.9999999705723899,2.9427743617462264e-08,5.292543672039114e-35
2019-11-21,0,risk_on,0.9999999833908079,1.660940240585765e-08,2.8622356404465843e-39
2019-11-22,0,risk_on,0.9999999936080712,6.392122708852092e-09,2.3328226988265006e-40
2019-11-25,0,risk_on,0.9999999943829607,5.6162884530389794e-09,4.920118714644105e-41
2019-11-26,0,risk_on,0.9999999914925866,8.5069432202188e-09,4.602908742042951e-41
2019-11-27,0,risk_on,0.9999999895662768,1.043430009435599e-08,5.1969056711035333e-42
2019-11-29,0,risk_on,0.9999999875981302,1.2401949102680316e-08,1.3175409901797812e-41
2019-12-02,0,risk_on,0.9999999542997112,4.57009581143823e-08,1.386232925829425e-43
2019-12-03,0,risk_on,0.9999999511965155,4.8803234570092705e-08,3.75676833295121e-41
2019-12-04,0,risk_on,0.9999999895026122,1.049796890972202e-08,1.0119980620969708e-44
2019-12-05,0,risk_on,0.9999999891733751,1.082627751745748e-08,8.439723382929393e-45
2019-12-06,0,risk_on,0.9999999947431206,5.256899763593671e-09,5.881360975902849e-44
2019-12-09,0,risk_on,0.9999999770625438,2.2937885197583233e-08,7.425538953058896e-43
2019-12-10,0,risk_on,0.9999999805913833,1.94080264409539e-08,2.357361113593493e-42
2019-12-11,0,risk_on,0.9999999800402295,1.996056480866786e-08,7.725751784014499e-44
2019-12-12,0,risk_on,0.9999999930896593,6.909660242822494e-09,3.799031600954155e-41
2019-12-13,0,risk_on,0.9999999957726686,4.2277174782417584e-09,1.570093449659613e-41
2019-12-16,0,risk_on,0.9999999941501301,5.850700722388289e-09,8.326684533741321e-40
2019-12-17,0,risk_on,0.9999999811388991,1.886098906929822e-08,5.504130281066265e-40
2019-12-18,0,risk_on,0.9999999750070859,2.4992848828360694e-08,8.567787611958491e-40
2019-12-19,0,risk_on,0.9999999696046875,3.039494923483009e-08,8.811253269885382e-40
2019-12-20,0,risk_on,0.9999999719402699,2.8059227001823863e-08,1.953285758232267e-39
2019-12-23,0,risk_on,0.9999999767169359,2.3283757207155606e-08,5.155120041404118e-40
2019-12-24,0,risk_on,0.9999999632436818,3.6757201368842394e-08,1.951217742149806e-41
2019-12-26,0,risk_on,0.9999999851352186,1.4865512516593401e-08,4.651787450768997e-41
2019-12-27,0,risk_on,0.9999999614574343,3.854284693680727e-08,1.7361732152940075e-40
2019-12-30,0,risk_on,0.9999999602932811,3.9706134229139526e-08,5.5550708993829436e-40
2019-12-31,0,risk_on,0.9999998727271385,1.2727252715156184e-07,1.2060428438389065e-40
2020-01-02,0,risk_on,0.999999966283213,3.371632875337578e-08,1.1564449983177204e-41
2020-01-03,0,risk_on,0.9999999548181232,4.51812431743843e-08,1.2704235860754152e-38
2020-01-06,0,risk_on,0.9999999931133061,6.885845263553222e-09,2.377182562471085e-37
2020-01-07,0,risk_on,0.999999992622179,7.37774393596198e-09,1.1621680909092586e-36
2020-01-08,0,risk_on,0.9999999944338924,5.566019715815895e-09,3.051455253839235e-35
2020-01-09,0,risk_on,0.9999999846895663,1.5310934388571235e-08,2.2499119419275778e-36
2020-01-10,0,risk_on,0.9999999915071385,8.49235911510934e-09,2.4742247382843115e-36
2020-01-13,0,risk_on,0.9999999943793227,5.620443595165327e-09,1.594759289495874e-38
2020-01-14,0,risk_on,0.9999999968877091,3.111507928850568e-09,2.079320971691644e-38
2020-01-15,0,risk_on,0.9999999974443199,2.554860360224109e-09,5.76147019453229e-41
2020-01-16,0,risk_on,0.9999999979536369,2.0462302675688294e-09,7.714161332279712e-40
2020-01-17,0,risk_on,0.9999999985247996,1.4757373346666482e-09,1.03410065409705e-38
2020-01-21,0,risk_on,0.9999999985811883,1.419221728239195e-09,2.302715100120936e-37
2020-01-22,0,risk_on,0.9999999986139301,1.3864923560657208e-09,1.1670102442273388e-38
2020-01-23,0,risk_on,0.9999999972133082,2.7860879886705357e-09,2.1373246572639738e-39
2020-01-24,0,risk_on,0.999999994328391,5.672323266719725e-09,7.015449629553601e-38
2020-01-27,0,risk_on,0.9999999863193807,1.3681287239500524e-08,1.67221967324192e-34
2020-01-28,0,risk_on,0.9999999973697413,2.6295134806102907e-09,3.3297486509400347e-35
2020-01-29,0,risk_on,0.9999999971914804,2.807729102856555e-09,8.001726458587158e-36
2020-01-30,0,risk_on,0.999999996911356,3.0887873918539167e-09,2.2795515541901502e-35
2020-01-31,0,risk_on,0.9999999921365088,7.862688395038692e-09,4.2924973425858857e-32
2020-02-03,0,risk_on,0.9999999970987119,2.90150397568306e-09,4.399616504002258e-34
2020-02-04,0,risk_on,0.9999999987103365,1.2902226754460987e-09,2.3742214859780136e-34
2020-02-05,0,risk_on,0.9999999980282155,1.9723329865181555e-09,2.6493019448255817e-34
2020-02-06,0,risk_on,0.9999999984011083,1.598183393563156e-09,1.917081473307972e-33
2020-02-07,0,risk_on,0.9999999976535037,2.346455685281017e-09,1.5433938715427925e-33
2020-02-10,0,risk_on,0.9999999965857569,3.413523433830052e-09,4.190877531827075e-33
2020-02-11,0,risk_on,0.9999999966057658,3.394717063959737e-09,4.86528039058936e-33
2020-02-12,0,risk_on,0.9999999989449861,1.0542719542379022e-09,5.532118813682418e-33
2020-02-13,0,risk_on,0.9999999991850927,8.148768796478531e-10,7.746202691911386e-33
2020-02-14,0,risk_on,0.9999999991905497,8.091583191322448e-10,4.9117067267181425e-33
2020-02-18,0,risk_on,0.9999999982665031,1.7334312722118652e-09,1.9602473509495898e-33
2020-02-19,0,risk_on,0.9999999987267074,1.2727627026457532e-09,4.003979745455721e-33
2020-02-20,0,risk_on,0.9999999989431672,1.0571160090420802e-09,4.6254225856560334e-29
2020-02-21,0,risk_on,0.9999972397328644,2.76026650915355e-06,1.7276261582272595e-23
2020-02-24,0,risk_on,0.8825235445295944,0.11747645547047761,8.017958444258584e-16
2020-02-25,1,inflation_rates_shock,0.0007598386490971278,0.9992401613499345,1.0626740248654941e-13
2020-02-26,1,inflation_rates_shock,1.8052805711455044e-07,0.999999819472594,1.5977039111173306e-16
2020-02-27,1,inflation_rates_shock,2.1067156880102974e-19,1.0,2.0320585916382141e-13
2020-02-28,1,inflation_rates_shock,7.05774127705419e-23,0.9999999999781721,2.2181074288775923e-11
2020-03-02,1,inflation_rates_shock,1.557673738611525e-17,1.0,3.813079134544664e-14
2020-03-03,1,inflation_rates_shock,4.795982573677075e-19,0.9999999999872671,1.2850202947623724e-11
2020-03-04,1,inflation_rates_shock,2.0949603054819258e-18,0.999999999996362,4.260870217377477e-12
2020-03-05,1,inflation_rates_shock,9.285863313060493e-25,0.9999984707986055,1.5292005347716112e-06
2020-03-06,1,inflation_rates_shock,1.2108800591965595e-28,0.9929587525026713,0.007041247497549397
2020-03-09,2,defensive_risk_off,3.3952362664886886e-76,6.101845168387035e-09,0.9999999938972906
2020-03-10,2,defensive_risk_off,2.7461668147768983e-78,1.6683390163359225e-15,1.0
2020-03-11,2,defensive_risk_off,3.3100645552300645e-114,4.3828928223857096e-21,1.0
2020-03-12,2,defensive_risk_off,4.991905736813451e-188,6.106328569867767e-28,1.0
2020-03-13,2,defensive_risk_off,8.456497248431003e-181,2.9670954130946222e-30,1.0
2020-03-16,2,defensive_risk_off,1.918455115470169e-254,8.446056796391028e-41,1.0
2020-03-17,2,defensive_risk_off,3.18442616747659e-277,6.5277064772481e-47,1.0
2020-03-18,2,defensive_risk_off,3.760414347216118e-307,7.88155859793794e-52,1.0
2020-03-19,2,defensive_risk_off,2.6986e-320,1.3040311774191128e-57,1.0
2020-03-20,2,defensive_risk_off,0.0,7.802223958365884e-52,1.0
2020-03-23,2,defensive_risk_off,0.0,1.1204635783078973e-52,1.0
2020-03-24,2,defensive_risk_off,0.0,8.193395011238545e-54,1.0
2020-03-25,2,defensive_risk_off,0.0,1.7195574825354673e-54,1.0
2020-03-26,2,defensive_risk_off,0.0,1.4609209289567575e-60,1.0
2020-03-27,2,defensive_risk_off,6.224774754048475e-307,5.12009027631797e-50,1.0
2020-03-30,2,defensive_risk_off,2.7705600169292698e-266,8.931707074228019e-48,1.0
2020-03-31,2,defensive_risk_off,5.355099683905862e-259,1.3792067378508156e-45,1.0
2020-04-01,2,defensive_risk_off,3.538746486742621e-277,7.276152734183619e-41,1.0
2020-04-02,2,defensive_risk_off,1.0828302469385485e-273,6.966698697329799e-45,1.0
2020-04-03,2,defensive_risk_off,1.102445153733817e-285,5.914460043702507e-42,1.0
2020-04-06,2,defensive_risk_off,2.884373322762788e-270,3.4203724398606364e-48,1.0
2020-04-07,2,defensive_risk_off,1.9523524429893294e-254,6.198854025303159e-46,1.0
2020-04-08,2,defensive_risk_off,2.123533081615999e-239,1.2052561072439811e-47,1.0
2020-04-09,2,defensive_risk_off,4.104332638153691e-257,4.275605671955209e-48,1.0
2020-04-13,2,defensive_risk_off,1.712822714510851e-249,3.9719484793069154e-36,1.0
2020-04-14,2,defensive_risk_off,2.571874690335228e-198,8.990192861321751e-40,1.0
2020-04-15,2,defensive_risk_off,3.6017803162471975e-246,2.0736966439022662e-24,1.0
2020-04-16,2,defensive_risk_off,7.225990490595926e-212,7.289136454226122e-29,1.0
2020-04-17,2,defensive_risk_off,2.5096117746416728e-239,5.351926859503458e-29,1.0
2020-04-20,2,defensive_risk_off,7.457621027658204e-228,2.074048119519373e-32,1.0
2020-04-21,2,defensive_risk_off,3.917495200085107e-277,4.934711750701937e-28,1.0
2020-04-22,2,defensive_risk_off,3.939741633975184e-302,2.435692862657869e-29,1.0
2020-04-23,2,defensive_risk_off,2.0540814941284086e-234,3.644436401646266e-27,1.0
2020-04-24,2,defensive_risk_off,5.134682754926388e-239,2.6419811339888835e-26,1.0
2020-04-27,2,defensive_risk_off,4.3720427803387834e-223,2.9408397336856303e-27,1.0
2020-04-28,2,defensive_risk_off,4.972825767731014e-233,4.343606617060601e-27,1.0
2020-04-29,2,defensive_risk_off,6.791376250340739e-203,6.891875763571014e-21,1.0
2020-04-30,2,defensive_risk_off,1.0799011276614449e-203,2.7545755856720095e-21,1.0
2020-05-01,2,defensive_risk_off,8.483210518073493e-227,2.8687019775428543e-19,1.0
2020-05-04,2,defensive_risk_off,2.6103783057271043e-218,4.353245838189839e-20,1.0
2020-05-05,2,defensive_risk_off,1.7835343273452614e-230,1.2440674426000167e-19,1.0
2020-05-06,2,defensive_risk_off,5.446405163601286e-217,2.6632327511097417e-24,1.0
2020-05-07,2,defensive_risk_off,3.741574716358014e-217,1.905384757418717e-22,1.0
2020-05-08,2,defensive_risk_off,4.729381318617097e-205,5.656190544248188e-22,1.0
2020-05-11,2,defensive_risk_off,2.0995980728478267e-210,1.0864926768673914e-22,1.0
2020-05-12,2,defensive_risk_off,4.892067577543916e-205,3.365265067518247e-20,1.0
2020-05-13,2,defensive_risk_off,1.853500154047147e-205,7.86509472541646e-23,1.0
2020-05-14,2,defensive_risk_off,5.077242835072576e-211,6.753333966534112e-21,1.0
2020-05-15,2,defensive_risk_off,2.158407973335605e-208,2.6626308458752517e-21,1.0
2020-05-18,2,defensive_risk_off,2.526014366820385e-196,4.498128669502202e-22,1.0
2020-05-19,2,defensive_risk_off,8.283848943061184e-200,4.0018366056116867e-22,1.0
2020-05-20,2,defensive_risk_off,1.5657177254429812e-209,5.078991461529877e-21,1.0
2020-05-21,2,defensive_risk_off,3.557992278825522e-205,5.4573328851210785e-22,1.0
2020-05-22,2,defensive_risk_off,1.798392764457538e-207,1.1001784359519505e-20,1.0
2020-05-26,2,defensive_risk_off,8.286951765142011e-207,1.1837470073128908e-22,1.0
2020-05-27,2,defensive_risk_off,1.5857208647032747e-202,9.254195213567141e-23,1.0
2020-05-28,2,defensive_risk_off,2.8844584927766207e-199,9.485834676559647e-22,1.0
2020-05-29,2,defensive_risk_off,1.7596326576236692e-200,3.412510186666308e-23,1.0
2020-06-01,2,defensive_risk_off,9.843134642919237e-187,3.524716404626865e-21,1.0
2020-06-02,2,defensive_risk_off,9.185502587666897e-196,5.93312782263633e-22,1.0
2020-06-03,2,defensive_risk_off,5.875003541749953e-186,3.082711402447449e-21,1.0
2020-06-04,2,defensive_risk_off,6.688541546959839e-187,2.1440558926241277e-21,1.0
2020-06-05,2,defensive_risk_off,2.725328052356031e-178,4.2953371016065536e-19,1.0
2020-06-08,2,defensive_risk_off,6.018648247136149e-164,1.8767678530098667e-18,1.0
2020-06-09,2,defensive_risk_off,3.873134787668665e-155,4.671244196340101e-18,1.0
2020-06-10,2,defensive_risk_off,2.1317215138448835e-157,1.1426452454016271e-17,1.0
2020-06-11,2,defensive_risk_off,1.416912548739033e-152,5.158659458282304e-16,1.0
2020-06-12,2,defensive_risk_off,1.5793038234828874e-122,1.1368996315022106e-12,0.999999999998181
2020-06-15,2,defensive_risk_off,1.2228471038557528e-114,3.571345119823468e-11,0.9999999999636202
2020-06-16,2,defensive_risk_off,3.585171967372757e-88,2.852382213217031e-08,0.9999999714764276
2020-06-17,2,defensive_risk_off,2.113072111692497e-88,9.89398508568012e-10,0.9999999990104698
2020-06-18,2,defensive_risk_off,4.0734577935003426e-86,8.298722257195635e-08,0.9999999170122499
2020-06-19,2,defensive_risk_off,2.367232560526253e-87,2.6997707827386242e-06,0.9999973002286489
2020-06-22,2,defensive_risk_off,6.589588354391336e-89,0.0030672883028714723,0.9969327116970615
2020-06-23,1,inflation_rates_shock,5.506989970959574e-58,0.9471027031548025,0.052897296845183364
2020-06-24,1,inflation_rates_shock,1.1848411478909493e-55,0.9987581301506082,0.0012418698490892779
2020-06-25,1,inflation_rates_shock,5.2844955384766955e-40,0.9999999831597962,1.6840065308165464e-08
2020-06-26,1,inflation_rates_shock,1.189869636039569e-47,0.9999999985266186,1.4741498599680894e-09
2020-06-29,1,inflation_rates_shock,1.4187384818758868e-40,0.9999999998526619,1.4648741876144697e-10
2020-06-30,1,inflation_rates_shock,1.2190144180755855e-37,0.9999999999308784,6.984725603170881e-11
2020-07-01,1,inflation_rates_shock,3.7148511581500035e-41,0.9999999983156158,1.6838663758290463e-09
2020-07-02,1,inflation_rates_shock,3.020597388759346e-36,0.9999999997908162,2.0969489468465884e-10
2020-07-06,1,inflation_rates_shock,2.2418144069686425e-34,0.9999999999126885,8.660507714897009e-11
2020-07-07,1,inflation_rates_shock,3.622722348049683e-23,1.0,8.320148932780715e-14
2020-07-08,1,inflation_rates_shock,3.9132027920945185e-20,1.0,3.3615832129274656e-14
2020-07-09,1,inflation_rates_shock,1.819016258615621e-17,1.0,1.184831439045867e-15
2020-07-10,1,inflation_rates_shock,1.2099311742262098e-15,1.0,1.226213003068872e-16
2020-07-13,1,inflation_rates_shock,2.7000014014956153e-22,1.0,5.427716359577717e-19
2020-07-14,1,inflation_rates_shock,9.620086724152234e-17,1.0,1.6593636856219017e-19
2020-07-15,1,inflation_rates_shock,1.2072936488610336e-15,1.0,2.1237024040517483e-19
2020-07-16,1,inflation_rates_shock,4.3395584003797415e-17,1.0,4.581639374377432e-20
2020-07-17,1,inflation_rates_shock,5.2540805177716355e-15,1.0,1.713512002706201e-20
2020-07-20,1,inflation_rates_shock,2.587685083644525e-14,1.0,2.1578306333870382e-20
2020-07-21,1,inflation_rates_shock,5.511258193447713e-16,1.0,1.2928900037212393e-20
2020-07-22,1,inflation_rates_shock,2.7416144167528653e-12,0.999999999996362,2.6205214456631483e-21
2020-07-23,1,inflation_rates_shock,5.369391290325655e-14,1.0,1.7878380367308926e-20
2020-07-24,1,inflation_rates_shock,3.0748944465728943e-16,1.0,5.535530518284183e-20
2020-07-27,1,inflation_rates_shock,2.5912951320030835e-13,1.0,1.4648257344958217e-20
2020-07-28,1,inflation_rates_shock,1.0710058004131684e-17,1.0,8.242607020390451e-20
2020-07-29,1,inflation_rates_shock,3.211211900925433e-14,1.0,1.7390815773495876e-21
2020-07-30,1,inflation_rates_shock,2.0414539276482092e-14,1.0,8.396744129030361e-21
2020-07-31,1,inflation_rates_shock,2.5972721287407855e-13,1.0,2.6964249027533977e-21
2020-08-03,1,inflation_rates_shock,5.298838987248182e-12,0.999999999994543,1.9919539346585487e-22
2020-08-04,1,inflation_rates_shock,4.170507058482844e-12,0.999999999996362,1.137393195404597e-23
2020-08-05,1,inflation_rates_shock,1.002339786110656e-11,0.9999999999890861,8.068822902843533e-23
2020-08-06,1,inflation_rates_shock,4.552869308252246e-11,0.9999999999545253,7.360017640635643e-23
2020-08-07,1,inflation_rates_shock,1.5195133976173961e-09,0.9999999984811438,1.870716688898599e-23
2020-08-10,1,inflation_rates_shock,6.052053496275592e-09,0.9999999939482223,5.393090128301369e-23
2020-08-11,1,inflation_rates_shock,2.3802209526396775e-11,0.9999999999763531,2.1172499977299982e-24
2020-08-12,1,inflation_rates_shock,6.252494464427299e-10,0.9999999993742676,2.395843136539357e-23
2020-08-13,1,inflation_rates_shock,6.093440464690553e-10,0.9999999993906385,2.762610611231108e-23
2020-08-14,1,inflation_rates_shock,4.129195724306364e-09,0.999999995870894,5.771799916273153e-23
2020-08-17,1,inflation_rates_shock,3.9791387687752875e-07,0.9999996020852332,6.51501800738832e-25
2020-08-18,1,inflation_rates_shock,1.7038532147252244e-07,0.9999998296152771,8.621223215706018e-25
2020-08-19,1,inflation_rates_shock,4.987387068899055e-07,0.9999995012605147,3.315389574255489e-25
2020-08-20,1,inflation_rates_shock,3.915976256153334e-07,0.999999608402581,4.283223199561313e-25
2020-08-21,1,inflation_rates_shock,1.0661163873196139e-07,0.9999998933890367,1.6200661212292381e-24
2020-08-24,1,inflation_rates_shock,1.898324028274294e-07,0.9999998101684648,2.6104211785552218e-23
2020-08-25,1,inflation_rates_shock,4.1804490235112263e-07,0.9999995819544857,2.035816835814022e-23
2020-08-26,1,inflation_rates_shock,1.3142865245530692e-08,0.9999999868578016,2.3624876851445764e-22
2020-08-27,1,inflation_rates_shock,1.368690569823746e-08,0.9999999863139237,3.901867204431344e-24
2020-08-28,1,inflation_rates_shock,7.890041102243749e-08,0.9999999210995187,8.994254973567259e-23
2020-08-31,1,inflation_rates_shock,9.013404195556842e-09,0.9999999909869075,1.4619191240546904e-23
2020-09-01,1,inflation_rates_shock,4.81697636834921e-08,0.9999999518295237,5.906307774793646e-26
2020-09-02,1,inflation_rates_shock,1.5955614059232246e-08,0.9999999840438251,7.335925275947456e-24
2020-09-03,1,inflation_rates_shock,4.1171161162112675e-11,0.9999999999581632,1.157156263238997e-21
2020-09-04,1,inflation_rates_shock,2.3826052958920045e-08,0.9999999761730581,2.8528528026777007e-23
2020-09-08,1,inflation_rates_shock,2.846840920071923e-10,0.9999999997144187,2.6311067486052228e-20
2020-09-09,1,inflation_rates_shock,7.2562316079208425e-09,0.9999999927440513,6.4076036615286365e-21
2020-09-10,1,inflation_rates_shock,2.313121144593085e-11,0.9999999999763531,2.934841885324214e-24
2020-09-11,1,inflation_rates_shock,1.373646677761458e-09,0.999999998626663,3.662754601145937e-24
2020-09-14,1,inflation_rates_shock,1.323469112272566e-07,0.9999998676539777,2.0119665834764787e-25
2020-09-15,1,inflation_rates_shock,3.5693883213535466e-07,0.9999996430615921,9.053530587688504e-30
2020-09-16,1,inflation_rates_shock,3.964089911973325e-07,0.9999996035913559,4.4385827776378976e-30
2020-09-17,1,inflation_rates_shock,1.0492171378814735e-07,0.9999998950788778,2.4583757887750424e-28
2020-09-18,1,inflation_rates_shock,1.7965416284989279e-09,0.9999999982028385,1.8527888242760744e-27
2020-09-21,1,inflation_rates_shock,1.2754745491777383e-10,0.9999999998726707,4.0665118429030645e-27
2020-09-22,1,inflation_rates_shock,1.0099192789231869e-08,0.9999999899009708,5.72991965372545e-28
2020-09-23,1,inflation_rates_shock,1.0733568543847263e-12,0.999999999998181,3.633886096131972e-27
2020-09-24,1,inflation_rates_shock,9.742354002259055e-12,0.999999999990905,5.10705291037475e-28
2020-09-25,1,inflation_rates_shock,4.3720263635907274e-10,0.9999999995634425,2.248714849584132e-32
2020-09-28,1,inflation_rates_shock,5.346630882985045e-08,0.9999999465344459,8.029319144752233e-37
2020-09-29,1,inflation_rates_shock,6.169123037200875e-08,0.9999999383089763,1.5582445107371022e-37
2020-09-30,1,inflation_rates_shock,2.528150306540602e-07,0.9999997471841517,2.454480712221521e-38
2020-10-01,1,inflation_rates_shock,8.020006817838977e-07,0.9999991979987987,6.875642707533315e-41
2020-10-02,1,inflation_rates_shock,2.8814751218040306e-07,0.9999997118521111,7.251409074702851e-43
2020-10-05,1,inflation_rates_shock,2.404090593456431e-09,0.999999997595296,1.5740314269880435e-43
2020-10-06,1,inflation_rates_shock,2.068853049745196e-08,0.9999999793108147,1.6624496002587038e-39
2020-10-07,1,inflation_rates_shock,1.2282277909129732e-05,0.9999877177223732,3.767565079468767e-39
2020-10-08,1,inflation_rates_shock,0.001481695289012135,0.998518304711036,1.514554100261545e-42
2020-10-09,1,inflation_rates_shock,0.0039633209045144184,0.9960366790957692,3.465338323161925e-42
2020-10-12,1,inflation_rates_shock,0.007843938432973891,0.9921560615671909,3.9282462662386506e-45
2020-10-13,1,inflation_rates_shock,0.009023988522394097,0.9909760114767007,2.907175991241297e-45
2020-10-14,1,inflation_rates_shock,0.008725162633270628,0.9912748373675944,1.6984833948028762e-44
2020-10-15,1,inflation_rates_shock,0.006499111853442244,0.9935008881466142,8.946388320320179e-45
2020-10-16,1,inflation_rates_shock,0.0030508005860157375,0.9969491994136875,4.749935163663552e-44
2020-10-19,1,inflation_rates_shock,4.267503249955605e-05,0.9999573249672002,1.9946835730208425e-41
2020-10-20,1,inflation_rates_shock,3.1562863862431427e-07,0.9999996843708275,4.040429589514229e-42
2020-10-21,1,inflation_rates_shock,1.7946469428674187e-06,0.999998205353923,6.800674746564489e-44
2020-10-22,1,inflation_rates_shock,2.5831958366649592e-08,0.9999999741685318,3.198701857230844e-42
2020-10-23,1,inflation_rates_shock,7.667509470646055e-08,0.9999999233241426,6.494383822929856e-44
2020-10-26,1,inflation_rates_shock,1.541191864273341e-10,0.9999999998453859,1.230979167746477e-41
2020-10-27,1,inflation_rates_shock,4.1396274686381464e-10,0.9999999995852704,1.0921848878033816e-43
2020-10-28,1,inflation_rates_shock,6.4739344259711e-17,1.0,8.121393596028098e-39
2020-10-29,1,inflation_rates_shock,5.624224579059849e-13,1.0,1.6217841848602624e-39
2020-10-30,1,inflation_rates_shock,5.475606847282184e-13,1.0,2.4592110648615935e-40
2020-11-02,1,inflation_rates_shock,5.968832659641208e-12,0.999999999994543,1.721159525487526e-42
2020-11-03,1,inflation_rates_shock,2.8471758773842815e-09,0.9999999971532816,2.695288258231451e-45
2020-11-04,1,inflation_rates_shock,2.523434959621199e-06,0.9999974765646591,2.42247772385515e-52
2020-11-05,1,inflation_rates_shock,9.355119658885544e-06,0.9999906448812126,1.7423023689669245e-54
2020-11-06,1,inflation_rates_shock,1.3136801851338968e-05,0.999986863197478,4.836435044543551e-53
2020-11-09,1,inflation_rates_shock,2.938385035390546e-06,0.9999970616142916,8.575341239492439e-50
2020-11-10,1,inflation_rates_shock,1.8627446711208177e-07,0.9999998137264074,4.394920541995477e-53
2020-11-11,1,inflation_rates_shock,4.594052585155132e-06,0.9999954059472682,1.446584573052738e-52
2020-11-12,1,inflation_rates_shock,1.3652555509762188e-06,0.9999986347438832,9.03767591925274e-50
2020-11-13,1,inflation_rates_shock,1.1874213619524e-06,0.9999988125789743,1.6568840235094192e-49
2020-11-16,1,inflation_rates_shock,3.0130000041245225e-06,0.9999969869995683,4.100402401394595e-46
2020-11-17,1,inflation_rates_shock,9.129280216714604e-06,0.9999908707193926,4.315049354516359e-43
2020-11-18,1,inflation_rates_shock,5.090812786857086e-06,0.9999949091873056,3.705289613265816e-41
2020-11-19,1,inflation_rates_shock,3.7148445969715927e-07,0.9999996285151391,2.095096669163866e-40
2020-11-20,1,inflation_rates_shock,1.149536925280358e-06,0.9999988504630223,7.170569561242748e-40
2020-11-23,1,inflation_rates_shock,2.541137642175833e-06,0.9999974588622991,4.108027707932764e-40
2020-11-24,1,inflation_rates_shock,7.487764946299405e-08,0.999999925123123,4.178777022735908e-40
2020-11-25,1,inflation_rates_shock,2.221252641064274e-08,0.9999999777883206,9.650209274776814e-40
2020-11-27,1,inflation_rates_shock,6.079601261529902e-13,1.0,1.0384625311315527e-39
2020-11-30,1,inflation_rates_shock,8.24721571270861e-12,0.999999999990905,2.2747320180305789e-38
2020-12-01,1,inflation_rates_shock,2.437145364869356e-11,0.9999999999763531,9.655645936876838e-36
2020-12-02,1,inflation_rates_shock,1.3887135221375668e-11,0.9999999999854481,2.522197382134548e-34
2020-12-03,1,inflation_rates_shock,4.4424915934041287e-10,0.9999999995561666,2.1628036573527327e-35
2020-12-04,1,inflation_rates_shock,3.4417946609451515e-06,0.9999965582051231,4.5718744069768186e-32
2020-12-07,1,inflation_rates_shock,0.0008937717747741639,0.999106228224426,7.564782130905178e-33
2020-12-08,1,inflation_rates_shock,0.028885056627616396,0.9711149433722459,6.551290341884451e-34
2020-12-09,1,inflation_rates_shock,0.064566891612562,0.9354331083877969,3.5348049369084296e-35
2020-12-10,1,inflation_rates_shock,0.18268558591551998,0.8173144140838502,7.19653888648463e-34
2020-12-11,1,inflation_rates_shock,0.32661892353798627,0.673381076461373,4.675833852199142e-35
2020-12-14,0,risk_on,0.5353731802122672,0.46462681978836395,4.3940333210339595e-36
2020-12-15,0,risk_on,0.6938775820615859,0.30612241793843087,6.309135965802959e-37
2020-12-16,0,risk_on,0.7574643048961285,0.24253569510379502,3.372572703375815e-38
2020-12-17,0,risk_on,0.8640977783202929,0.13590222167897514,8.335144388313371e-36
2020-12-18,0,risk_on,0.9181266109778009,0.0818733890225886,5.030819379032042e-35
2020-12-21,0,risk_on,0.9675678365984457,0.03243216340188264,4.410309637169136e-37
2020-12-22,0,risk_on,0.993438260027998,0.0065617399719649395,6.950298480857588e-36
2020-12-23,0,risk_on,0.9986774141234354,0.0013225858758810127,4.043063531209037e-36
2020-12-24,0,risk_on,0.9994883673712638,0.0005116326286216464,8.88219883039989e-38
2020-12-28,0,risk_on,0.9999285899571578,7.141004228107377e-05,1.4284809053051708e-39
2020-12-29,0,risk_on,0.9999600775320014,3.992246818375754e-05,2.8268040281169937e-39
2020-12-30,0,risk_on,0.9999246843659567,7.531563334802716e-05,2.7761416779589653e-38
2020-12-31,0,risk_on,0.9993575535427613,0.0006424464581204864,1.5759317912103467e-37
2021-01-04,0,risk_on,0.9978074387129809,0.0021925612861174353,3.959235822870215e-36
2021-01-05,0,risk_on,0.9986463221472556,0.0013536778528853114,3.466326343097031e-42
2021-01-06,0,risk_on,0.9990704691033936,0.0009295308961881855,4.4959157291791945e-45
2021-01-07,0,risk_on,0.9999451150671309,5.48849335236327e-05,3.6760879111902563e-44
2021-01-08,0,risk_on,0.9999988588430969,1.1411565107953936e-06,1.0267451473457556e-41
2021-01-11,0,risk_on,0.999997464117346,2.5358820828541283e-06,1.0967312000641746e-41
2021-01-12,0,risk_on,0.9999982507412662,1.7492586240002354e-06,6.622147018467253e-42
2021-01-13,0,risk_on,0.9999987125637847,1.2874366119826136e-06,9.563589104709912e-43
2021-01-14,0,risk_on,0.999998233357215,1.7666422842954466e-06,1.2162399948998454e-41
2021-01-15,0,risk_on,0.9999931109742564,6.88902618233036e-06,1.5067789162549292e-41
2021-01-19,0,risk_on,0.9999975938964624,2.406102702615902e-06,1.0075620957393182e-42
2021-01-20,0,risk_on,0.9999989163904006,1.0836088478240331e-06,1.0454917268419316e-40
2021-01-21,0,risk_on,0.9999970576361734,2.9423633670404604e-06,6.264631799766602e-38
2021-01-22,0,risk_on,0.9997709084611461,0.00022909153974465655,1.8028920738441523e-36
2021-01-25,0,risk_on,0.9945414624413187,0.005458537559384326,3.182553468742638e-37
2021-01-26,0,risk_on,0.9202958871119691,0.07970411288830387,6.759392235635786e-36
2021-01-27,1,inflation_rates_shock,2.8824842914061147e-11,0.9999999999708962,4.427650485942047e-37
2021-01-28,1,inflation_rates_shock,2.836936348686756e-07,0.9999997163068148,1.7031036460498632e-38
2021-01-29,1,inflation_rates_shock,1.536395875950555e-07,0.9999998463608908,1.5786545607176393e-37
2021-02-01,1,inflation_rates_shock,0.0007055181663597764,0.9992944818340818,2.228936319499431e-40
2021-02-02,1,inflation_rates_shock,0.12025680418478699,0.8797431958154966,1.376455286693322e-36
2021-02-03,0,risk_on,0.6185412328686922,0.3814587671309359,9.860114348197656e-36
2021-02-04,0,risk_on,0.939048117734231,0.06095188226624182,2.905122016374208e-39
2021-02-05,0,risk_on,0.9952727504883835,0.004727249510727129,4.25664306000454e-34
2021-02-08,0,risk_on,0.9999249493909758,7.505060865702606e-05,1.7589931694633452e-34
2021-02-09,0,risk_on,0.9999933577294134,6.642269837973873e-06,1.6858270112245264e-34
2021-02-10,0,risk_on,0.9999970662072263,2.9337934751147432e-06,1.6266735796864195e-37
2021-02-11,0,risk_on,0.9999986275225051,1.3724782878324776e-06,2.064080226185881e-37
2021-02-12,0,risk_on,0.9999993786152229,6.213847263275515e-07,2.1316725394242867e-35
2021-02-16,0,risk_on,0.9999983080666186,1.6919333026961505e-06,3.6969064080380723e-38
2021-02-17,0,risk_on,0.9999988825408641,1.1174596455509836e-06,3.2969072400952903e-38
2021-02-18,0,risk_on,0.9999967103394277,3.28966061931291e-06,8.877405176560916e-38
2021-02-19,0,risk_on,0.9999950102662183,4.989734114041334e-06,3.9903248011813953e-38
2021-02-22,0,risk_on,0.9999684617385652,3.153826149262609e-05,2.239108501034994e-38
2021-02-23,0,risk_on,0.9990618206931309,0.0009381793068461673,1.0360538363047121e-36
2021-02-24,0,risk_on,0.9328043058954452,0.06719569410392046,4.6765783024023595e-37
2021-02-25,1,inflation_rates_shock,0.007796324831763755,0.9922036751682168,9.903122768789699e-43
2021-02-26,1,inflation_rates_shock,2.374788084358529e-09,0.9999999976243998,1.4264199200057627e-46
2021-03-01,1,inflation_rates_shock,3.803194688996621e-05,0.9999619680522328,1.877760235347159e-40
2021-03-02,1,inflation_rates_shock,0.0001344194102443021,0.9998655805904454,4.5061174396410264e-39
2021-03-03,1,inflation_rates_shock,0.008220171263856277,0.9917798287364901,1.4414786563125035e-41
2021-03-04,1,inflation_rates_shock,0.2663999045815527,0.7336000954192854,3.063047092714553e-45
2021-03-05,0,risk_on,0.9932226819295945,0.006777318069825659,8.022594420695713e-48
2021-03-08,0,risk_on,0.9997129001503942,0.0002870998492790664,9.012942103617311e-52
2021-03-09,0,risk_on,0.9999970122088667,2.987790648409681e-06,2.9037967186137465e-61
2021-03-10,0,risk_on,0.9999996267288921,3.7327157316931e-07,6.279583858848226e-63
2021-03-11,0,risk_on,0.9999991222234017,8.777764795359553e-07,1.8961338175228541e-62
2021-03-12,0,risk_on,0.9999995839317264,4.160689349391328e-07,7.763704047606057e-61
2021-03-15,0,risk_on,0.9999998979419668,1.0205858604108197e-07,1.2269726876539138e-61
2021-03-16,0,risk_on,0.9999999185347439,8.146544887092155e-08,2.190135627257347e-62
2021-03-17,0,risk_on,0.99999993529673,6.470318151697387e-08,7.564782611838573e-61
2021-03-18,0,risk_on,0.9999998435123538,1.5648719771148657e-07,3.8451986126616616e-62
2021-03-19,0,risk_on,0.9999999863739504,1.3626204280462389e-08,4.28077128142909e-62
2021-03-22,0,risk_on,0.9999999933552317,6.645299027016415e-09,2.8216108306242587e-64
2021-03-23,0,risk_on,0.9999999934989319,6.500939289387825e-09,1.1502079975909024e-61
2021-03-24,0,risk_on,0.999999989871867,1.0128321191533136e-08,1.6932873060927233e-61
2021-03-25,0,risk_on,0.9999999930205377,6.9792864110783616e-09,8.200912878059038e-61
2021-03-26,0,risk_on,0.9999998497696765,1.5022982255843133e-07,1.123835778649694e-59
2021-03-29,0,risk_on,0.9999999807441784,1.925663698753834e-08,9.85113746372661e-62
2021-03-30,0,risk_on,0.9999999944266165,5.573279099349072e-09,1.7408010304003624e-62
2021-03-31,0,risk_on,0.999999996565748,3.433594640373581e-09,3.635775398723736e-62
2021-04-01,0,risk_on,0.9999999956744432,4.324991202715048e-09,7.972866206877818e-59
2021-04-05,0,risk_on,0.9999999877563823,1.2243367157726614e-08,1.7608811057039083e-54
2021-04-06,0,risk_on,0.9999999979027052,2.097562324357086e-09,4.113690530937089e-55
2021-04-07,0,risk_on,0.9999999973279046,2.672091009759312e-09,9.813878367430499e-55
2021-04-08,0,risk_on,0.9999999976516847,2.349068868498444e-09,4.2266244567313116e-58
2021-04-09,0,risk_on,0.9999999978044798,2.194928877896189e-09,1.591625298943579e-59
2021-04-12,0,risk_on,0.9999999988376658,1.1631975594155179e-09,4.3910162549303375e-62
2021-04-13,0,risk_on,0.9999999995816324,4.1872460742578833e-10,1.0144524697700766e-61
2021-04-14,0,risk_on,0.9999999993633537,6.359930429323441e-10,1.0166436694287627e-61
2021-04-15,0,risk_on,0.9999999993924575,6.08232245631401e-10,3.4654307590925008e-62
2021-04-16,0,risk_on,0.9999999989213393,1.0780965174483402e-09,3.753829358334525e-61
2021-04-19,0,risk_on,0.9999999989249773,1.0758473033433703e-09,9.278358388045183e-60
2021-04-20,0,risk_on,0.9999999969641067,3.03671229386872e-09,3.7902578488489566e-57
2021-04-21,0,risk_on,0.9999999991177901,8.830253875596301e-10,3.978726701169481e-59
2021-04-22,0,risk_on,0.9999999974952516,2.5052442058625678e-09,3.6905643083249596e-57
2021-04-23,0,risk_on,0.9999999975480023,2.452486103634264e-09,3.950007388481219e-57
2021-04-26,0,risk_on,0.9999999973442755,2.6550938568458602e-09,4.6457332127882754e-58
2021-04-27,0,risk_on,0.9999999984356691,1.5650021626425902e-09,7.53524357321455e-60
2021-04-28,0,risk_on,0.9999999996107363,3.8984425165360506e-10,5.662915431926318e-62
2021-04-29,0,risk_on,0.999999999650754,3.4877688418466114e-10,6.641986296499216e-61
2021-04-30,0,risk_on,0.9999999996052793,3.940722010734296e-10,4.0674204782691495e-57
2021-05-03,0,risk_on,0.9999999995925464,4.0744748354860505e-10,1.4830569520472232e-58
2021-05-04,0,risk_on,0.9999999995688995,4.3135537148140453e-10,5.5530768404334266e-61
2021-05-05,0,risk_on,0.9999999993269739,6.736009908532163e-10,2.237065312269134e-62
2021-05-06,0,risk_on,0.9999999997926352,2.081911999406421e-10,4.82194917025743e-65
2021-05-07,0,risk_on,0.9999999998799467,1.2029646372252882e-10,8.244661199916441e-64
2021-05-10,0,risk_on,0.9999999995252438,4.748575707652611e-10,5.390821206295588e-65
2021-05-11,0,risk_on,0.9999999971787474,2.821235184254163e-09,1.1610539626250701e-61
2021-05-12,0,risk_on,0.9999958943219709,4.105677790003722e-06,1.5646845327208884e-64
2021-05-13,0,risk_on,0.9999999952760845,4.723820223602007e-09,1.0560706105879293e-67
2021-05-14,0,risk_on,0.9999999993888196,6.106927466878058e-10,1.4014509911217812e-72
2021-05-17,0,risk_on,0.9999999994652171,5.35078548640244e-10,8.03207636144701e-73
2021-05-18,0,risk_on,0.9999999992596713,7.402374955532067e-10,9.16624968435597e-73
2021-05-19,0,risk_on,0.9999999994688551,5.31632974156038e-10,1.0056658490545346e-72
2021-05-20,0,risk_on,0.9999999996198312,3.802222891786924e-10,1.1245752140875882e-74
2021-05-21,0,risk_on,0.9999999997053237,2.9449646832924815e-10,8.49461934781793e-72
2021-05-24,0,risk_on,0.999999999652573,3.466634192558284e-10,1.6775452882648706e-73
2021-05-25,0,risk_on,0.9999999998090061,1.9136864080046676e-10,2.5008976156710384e-75
2021-05-26,0,risk_on,0.9999999996871338,3.1330500327992843e-10,1.601093337648877e-65
2021-05-27,0,risk_on,0.9999999998999556,1.0031418449108976e-10,1.1805018528467676e-73
2021-05-28,0,risk_on,0.9999999999781721,2.2382481399175358e-11,1.0216823239272766e-89
2021-06-01,0,risk_on,0.999999999994543,5.621200383916634e-12,2.6904753920972666e-90
2021-06-02,0,risk_on,0.9999999999872671,1.3400926459571829e-11,4.456064025714872e-85
2021-06-03,0,risk_on,0.9999999999599822,4.0295055767847394e-11,9.313383454454469e-82
2021-06-04,0,risk_on,0.9999999999818101,1.795929038859271e-11,1.8520420826842576e-86
2021-06-07,0,risk_on,0.9999999999708962,2.999099766667462e-11,2.6343488105202787e-84
2021-06-08,0,risk_on,0.9999999998672138,1.3287039548740137e-10,1.1921685706720378e-80
2021-06-09,0,risk_on,0.9999999996307452,3.6952007403908574e-10,2.594204231631187e-79
2021-06-10,0,risk_on,0.9999999999199645,8.017907721715539e-11,2.278019633325418e-80
2021-06-11,0,risk_on,0.9999996047282238,3.952715112309741e-07,5.822171596354802e-80
2021-06-14,0,risk_on,0.9999999997999112,1.9938163931043813e-10,1.3725979987642866e-85
2021-06-15,0,risk_on,0.9999999999472493,5.269469312154971e-11,5.5835493292631765e-86
2021-06-16,0,risk_on,0.9999999995707185,4.2946488544468545e-10,1.777109849679946e-83
2021-06-17,0,risk_on,0.9999999866449798,1.335550779581512e-08,2.3079142400584323e-71
2021-06-18,0,risk_on,0.9999998499151955,1.5008431533769037e-07,2.4811115494431248e-61
2021-06-21,0,risk_on,0.9999999926731107,7.3266622879706555e-09,2.821717665806121e-57
2021-06-22,0,risk_on,0.9999999988503987,1.1490559400580456e-09,4.71725113431079e-60
2021-06-23,0,risk_on,0.9999999985338945,1.4663051158740844e-09,4.193959338421592e-61
2021-06-24,0,risk_on,0.999999998797648,1.2018158690767931e-09,2.1663851323535702e-63
2021-06-25,0,risk_on,0.9999999999126885,8.778743476326817e-11,1.465610872839757e-66
2021-06-28,0,risk_on,0.9999999998708518,1.2843177925641238e-10,2.5439125166461367e-65
2021-06-29,0,risk_on,0.9999999998708518,1.2950725480114774e-10,3.1215501699698044e-65
2021-06-30,0,risk_on,0.9999999996034603,3.956721781773041e-10,1.2075233422001033e-65
2021-07-01,0,risk_on,0.9999999999126885,8.71798882054838e-11,2.8322152041074474e-63
2021-07-02,0,risk_on,0.9999999999799911,2.0592638815676935e-11,8.717620273228503e-66
2021-07-06,0,risk_on,0.9999999999472493,5.2413430483027226e-11,9.032740858920236e-67
2021-07-07,0,risk_on,0.9999999999618012,3.8378763867046024e-11,5.630874213799038e-66
2021-07-08,0,risk_on,0.999999999663487,3.3675066158452024e-10,3.128809083058452e-65
2021-07-09,0,risk_on,0.9999999999381544,6.25349430863551e-11,1.9552967324478663e-62
2021-07-12,0,risk_on,0.9999999999472493,5.2644651472858296e-11,5.2871309650599895e-62
2021-07-13,0,risk_on,0.9999999998817657,1.1767797655874259e-10,2.3200778360248826e-63
2021-07-14,0,risk_on,0.9999999999508873,4.833236846655849e-11,7.8678961537474e-62
2021-07-15,0,risk_on,0.999999999825377,1.739935074691075e-10,1.8284837307869957e-56
2021-07-16,0,risk_on,0.9999999996070983,3.9302445657359696e-10,1.5144943832940124e-54
2021-07-19,0,risk_on,0.9999999665851652,3.3414610029064036e-08,3.212251132028913e-44
2021-07-20,0,risk_on,0.9999999890733307,1.092731503545252e-08,5.684780378986818e-43
2021-07-21,0,risk_on,0.9999999973224476,2.6778456681516183e-09,8.481114880796034e-44
2021-07-22,0,risk_on,0.9999999989322532,1.06769209259956e-09,1.8887042634867284e-44
2021-07-23,0,risk_on,0.9999999988303898,1.169727216795669e-09,6.582100189278398e-42
2021-07-26,0,risk_on,0.9999999924602889,7.539681941696396e-09,4.3519906565337745e-42
2021-07-27,0,risk_on,0.9999999839419617,1.605891434874235e-08,3.5013274924583017e-41
2021-07-28,0,risk_on,0.9999999885167199,1.1482850774451263e-08,7.139356080343533e-41
2021-07-29,0,risk_on,0.9999999834562915,1.6544111545714368e-08,2.5846607162233096e-42
2021-07-30,0,risk_on,0.9999999926731107,7.326028026771488e-09,1.0473737267079146e-40
2021-08-02,0,risk_on,0.9999999785140974,2.1486790631633552e-08,4.521325044693053e-40
2021-08-03,0,risk_on,0.999999970899808,2.910034610549206e-08,1.4821744773319602e-42
2021-08-04,0,risk_on,0.9999999940373527,5.96229937861271e-09,1.3558794290833283e-42
2021-08-05,0,risk_on,0.999999989016942,1.0982958226336487e-08,6.333195467079654e-43
2021-08-06,0,risk_on,0.9999999895862857,1.0414111780032833e-08,8.75177017588386e-44
2021-08-09,0,risk_on,0.9999999897772796,1.0223126555359996e-08,2.0096683248354056e-41
2021-08-10,0,risk_on,0.9999999853571353,1.4642559961833047e-08,2.8155809882080663e-40
2021-08-11,0,risk_on,0.9999999938900146,6.110336187014486e-09,5.2109188103164886e-34
2021-08-12,0,risk_on,0.9999999942629074,5.7366524408395426e-09,3.040176684778987e-34
2021-08-13,0,risk_on,0.9999999973842932,2.615261737839329e-09,2.68037698110789e-33
2021-08-16,0,risk_on,0.9999999970423232,2.9582706363108807e-09,4.568351558808307e-31
2021-08-17,0,risk_on,0.9999999171977868,8.28014310005156e-08,2.0647937533654312e-29
2021-08-18,0,risk_on,0.9999996678780559,3.321211687518695e-07,7.598367441758497e-30
2021-08-19,0,risk_on,0.9999998010807956,1.9891944715014452e-07,2.608372581347436e-30
2021-08-20,0,risk_on,0.9999999900610419,9.938882044921167e-09,1.1924660628818281e-30
2021-08-23,0,risk_on,0.9999999605624915,3.9437620604577605e-08,4.95802133459948e-31
2021-08-24,0,risk_on,0.9999999815900085,1.8410713913089146e-08,1.3363931437618275e-30
2021-08-25,0,risk_on,0.9999999743904485,2.5609226015629684e-08,3.399153439399285e-30
2021-08-26,0,risk_on,0.9999999079282176,9.207205874657648e-08,1.2227913181794892e-30
2021-08-27,0,risk_on,0.999999996902261,3.0982241729071377e-09,1.6130676101267757e-32
2021-08-30,0,risk_on,0.9999999985011527,1.4988460003653481e-09,2.9725261834981326e-31
2021-08-31,0,risk_on,0.9999999870578904,1.2942502086473313e-08,7.503795874794019e-32
2021-09-01,0,risk_on,0.9999999966476025,3.3515011072249117e-09,1.071874946509617e-31
2021-09-02,0,risk_on,0.9999999966166797,3.3836096876520777e-09,1.4341350005921446e-30
2021-09-03,0,risk_on,0.9999999962601578,3.739984603654823e-09,1.5173595399533565e-30
2021-09-07,0,risk_on,0.9999999913852662,8.614881544450507e-09,9.482345948198312e-31
2021-09-08,0,risk_on,0.9999999940609996,5.939145983107323e-09,9.72731154326782e-31
2021-09-09,0,risk_on,0.9999999889114406,1.1087902242692828e-08,1.0245339499353359e-28
2021-09-10,0,risk_on,0.9999998851853954,1.1481525704712257e-07,7.815380938079732e-30
2021-09-13,0,risk_on,0.9999999721294447,2.787099016739309e-08,3.281670427306643e-30
2021-09-14,0,risk_on,0.9999999664887588,3.3510926168696244e-08,4.867577185181921e-30
2021-09-15,0,risk_on,0.9999999876581569,1.234251359193922e-08,7.548931374838893e-30
2021-09-16,0,risk_on,0.9999999716292227,2.8371266062382648e-08,3.186661810089523e-28
2021-09-17,0,risk_on,0.9999982607875272,1.7392118591750185e-06,3.2728466670019356e-27
2021-09-20,0,risk_on,0.9999337749643027,6.622503642426971e-05,1.3277480687110439e-27
2021-09-21,0,risk_on,0.9999909474855045,9.052515261805646e-06,3.3515332763004217e-29
2021-09-22,0,risk_on,0.9999999214778685,7.852142914185803e-08,1.188800132388449e-31
2021-09-23,0,risk_on,0.9999999437714011,5.622874814278e-08,5.402928096088572e-31
2021-09-24,0,risk_on,0.9999999817609934,1.8238494568910367e-08,4.6973503186990056e-30
2021-09-27,0,risk_on,0.9999998850144105,1.1498545816098814e-07,2.32603757093123e-27
2021-09-28,0,risk_on,0.9999825327119978,1.7467288445902923e-05,5.041797718370076e-30
2021-09-29,0,risk_on,0.9999978588644084,2.1411361692716176e-06,4.029172653479584e-31
2021-09-30,0,risk_on,0.9999973058456729,2.694154939235641e-06,1.0007758383130393e-31
2021-10-01,0,risk_on,0.9999997236227882,2.7637707267160317e-07,2.480328106965815e-33
2021-10-04,0,risk_on,0.9999960117609085,3.988239824858289e-06,2.2574113269059688e-33
2021-10-05,0,risk_on,0.9999994697174357,5.302830515642397e-07,1.9367130621836207e-33
2021-10-06,0,risk_on,0.9999998274161193,1.7258300635076267e-07,6.084269563890795e-35
2021-10-07,0,risk_on,0.9999998505391089,1.4946078643083765e-07,2.3142676334796897e-36
2021-10-08,0,risk_on,0.9999997118266453,2.881726617531394e-07,1.919622970274224e-34
2021-10-11,0,risk_on,0.9999948455120887,5.15448823220782e-06,6.987961029444908e-34
2021-10-12,0,risk_on,0.9999997969771564,2.03022070382648e-07,1.1563345337953773e-33
2021-10-13,0,risk_on,0.9999996516654088,3.483354856965374e-07,7.116698404471125e-35
2021-10-14,0,risk_on,0.9999998594921734,1.4050859618797357e-07,1.0870767467261871e-37
2021-10-15,0,risk_on,0.9999999504943856,4.9505616615500796e-08,3.0510660329314826e-41
2021-10-18,0,risk_on,0.9999999491756184,5.0824880787803204e-08,1.0710965128673374e-42
2021-10-19,0,risk_on,0.9999983947031221,1.6052975079916455e-06,3.980430480094408e-42
2021-10-20,0,risk_on,0.9999987481941038,1.2518056217511905e-06,9.26459064052841e-42
2021-10-21,0,risk_on,0.9999988530405274,1.1469589447523655e-06,4.207556759204896e-44
2021-10-22,0,risk_on,0.9999998510447878,1.4895455260318237e-07,6.508649231775158e-45
2021-10-25,0,risk_on,0.9999999376050275,6.239513332237926e-08,2.2144676708634352e-45
2021-10-26,0,risk_on,0.9999999416286317,5.837204443474929e-08,1.9574613231628861e-44
2021-10-27,0,risk_on,0.9999998834737266,1.1652714828624151e-07,6.566571968595649e-44
2021-10-28,0,risk_on,0.9999999837582437,1.6242571464272653e-08,2.482779342213475e-44
2021-10-29,0,risk_on,0.99999998354906,1.6450287673369105e-08,5.902369446489093e-44
2021-11-01,0,risk_on,0.9999999942647264,5.7360348139752756e-09,2.5646983042674112e-45
2021-11-02,0,risk_on,0.9999999925566954,7.443973329636244e-09,3.386028430433472e-44
2021-11-03,0,risk_on,0.9999999983410817,1.6581753821616267e-09,8.330964900977433e-44
2021-11-04,0,risk_on,0.9999999982392183,1.761064489010453e-09,1.7004305448087795e-45
2021-11-05,0,risk_on,0.9999999992141966,7.854122909324225e-10,1.677981802738323e-46
2021-11-08,0,risk_on,0.9999999986030161,1.3968711166163515e-09,3.575218896627136e-45
2021-11-09,0,risk_on,0.9999999936062522,6.3929719008660555e-09,2.5801485142847993e-41
2021-11-10,0,risk_on,0.9999999747415135,2.5257667490262088e-08,2.0056764755860547e-44
2021-11-11,0,risk_on,0.9999998833864151,1.1661377030918164e-07,2.9790177251878837e-44
2021-11-12,0,risk_on,0.9999999943120201,5.688768517911906e-09,4.2517356294977023e-47
2021-11-15,0,risk_on,0.999999993655365,6.34501065527285e-09,2.827492164787164e-47
2021-11-16,0,risk_on,0.9999999944902811,5.509016314812267e-09,4.3649339380434005e-47
2021-11-17,0,risk_on,0.9999999902611307,9.73966320664115e-09,2.201309861041015e-47
2021-11-18,0,risk_on,0.9999999916326487,8.368159653130225e-09,1.7601419671361258e-48
2021-11-19,0,risk_on,0.9999999957963155,4.2045886432043455e-09,2.136529895648908e-47
2021-11-22,0,risk_on,0.9999999780357032,2.19639989025056e-08,4.680212736348546e-47
2021-11-23,0,risk_on,0.999999770874664,2.291253545201751e-07,1.4871525109445914e-44
2021-11-24,0,risk_on,0.9998029475588178,0.0001970524404418436,3.4306792786813015e-42
2021-11-26,1,inflation_rates_shock,0.19684878436184688,0.8031512156390257,2.5778888236432562e-30
2021-11-29,1,inflation_rates_shock,0.2006120191644234,0.7993879808348672,1.7701746905433634e-30
2021-11-30,1,inflation_rates_shock,0.07940518663133685,0.9205948133687943,3.098206848508312e-26
2021-12-01,1,inflation_rates_shock,3.658648740762134e-05,0.9999634135128009,2.3945151226153308e-25
2021-12-02,1,inflation_rates_shock,6.324041307842839e-07,0.999999367595792,8.844088263356433e-28
2021-12-03,1,inflation_rates_shock,7.640579062826368e-08,0.999999923593353,1.1461175056759286e-26
2021-12-06,1,inflation_rates_shock,0.009815319776521315,0.9901846802235972,4.465613140355465e-26
2021-12-07,0,risk_on,0.754836303237183,0.24516369676267535,1.2188313455632461e-26
2021-12-08,0,risk_on,0.971705528408355,0.028294471592237466,4.5139495374622056e-27
2021-12-09,0,risk_on,0.9964658805485533,0.0035341194519482814,6.573497787016283e-27
2021-12-10,0,risk_on,0.9999704157918765,2.95842076284746e-05,1.8226256246692737e-26
2021-12-13,0,risk_on,0.9999996953848049,3.046145441129632e-07,1.2645726901080834e-23
2021-12-14,0,risk_on,0.9999831460465094,1.685395317164928e-05,2.0691585952223788e-23
2021-12-15,0,risk_on,0.9999929356794706,7.064321238277358e-06,5.984481420213766e-23
2021-12-16,0,risk_on,0.999998474405656,1.5255945886429775e-06,5.05610228653438e-24
2021-12-17,0,risk_on,0.9999991134231387,8.865769361183885e-07,1.9435752431470733e-23
2021-12-20,0,risk_on,0.9999959826390047,4.017361810475248e-06,3.56931550837091e-23
2021-12-21,0,risk_on,0.9999969151969994,3.0848023020721555e-06,2.888607483213693e-25
2021-12-22,0,risk_on,0.9999991326825817,8.673174287140275e-07,7.965648624559709e-28
2021-12-23,0,risk_on,0.9999992790419908,7.209587713299166e-07,1.9823206586250113e-26
2021-12-27,0,risk_on,0.9999989350914106,1.0649085166168144e-06,2.0384793470981867e-24
2021-12-28,0,risk_on,0.9999787275198998,2.127248079678105e-05,3.8883161239709616e-22
2021-12-29,0,risk_on,0.9999963185577607,3.68144227846176e-06,2.2574056083659544e-23
2021-12-30,0,risk_on,0.9997702863676315,0.00022971363307981165,1.0004426878579872e-19
2021-12-31,0,risk_on,0.9902175069330299,0.009782493066842158,3.046038591610081e-18
2022-01-03,0,risk_on,0.9904720598902641,0.00952794010946838,3.86604717509441e-19
2022-01-04,0,risk_on,0.9909798245121056,0.009020175487531461,1.011922500267148e-20
2022-01-05,0,risk_on,0.9987459994681103,0.0012540005317503709,1.2842460670894556e-23
2022-01-06,0,risk_on,0.999989534950335,1.0465049338973488e-05,6.996161869076841e-27
2022-01-07,0,risk_on,0.9999996254228583,3.7457659971506353e-07,5.731864767811192e-26
2022-01-10,0,risk_on,0.999999854535428,1.4546507803905571e-07,1.5095214194873418e-25
2022-01-11,0,risk_on,0.9999998960811408,1.0391819865203534e-07,2.340086434941857e-27
2022-01-12,0,risk_on,0.9999998449730021,1.5502670651112395e-07,9.877511243084484e-26
2022-01-13,0,risk_on,0.9999961968751009,3.803125704304144e-06,1.2732694640009754e-22
2022-01-14,0,risk_on,0.9985145193867017,0.0014854806135317035,1.6972912426296477e-20
2022-01-18,0,risk_on,0.6515335502244894,0.34846644977508046,4.167531502874741e-20
2022-01-19,1,inflation_rates_shock,0.021225591315528085,0.9787744086846538,2.5588467918977723e-19
2022-01-20,1,inflation_rates_shock,0.00019646297528420263,0.9998035370245725,1.80519228649987e-18
2022-01-21,1,inflation_rates_shock,5.073382346480877e-09,0.9999999949268386,1.3383572732246718e-17
2022-01-24,1,inflation_rates_shock,1.3360589088202677e-09,0.9999999986630428,4.718293929174889e-17
2022-01-25,1,inflation_rates_shock,1.932475888849669e-11,0.9999999999799911,4.948580678686511e-18
2022-01-26,1,inflation_rates_shock,9.59946231757304e-13,0.999999999998181,1.769429823883427e-17
2022-01-27,1,inflation_rates_shock,1.852079420792552e-12,0.999999999998181,1.973342694022444e-18
2022-01-28,1,inflation_rates_shock,1.8811824191106222e-06,0.9999981188174802,1.1676119834254804e-19
2022-01-31,1,inflation_rates_shock,0.0012300928255715951,0.9987699071752205,7.869940935953401e-20
2022-02-01,1,inflation_rates_shock,0.008518906463829481,0.9914810935361897,8.181880365372835e-19
2022-02-02,1,inflation_rates_shock,0.010296132500024244,0.9897038675005253,5.131691304251771e-19
2022-02-03,1,inflation_rates_shock,0.00014268518045561164,0.9998573148200891,1.2035611073263985e-19
2022-02-04,1,inflation_rates_shock,1.4534535458192551e-05,0.9999854654653414,2.0694253895152775e-19
2022-02-07,1,inflation_rates_shock,2.2260433335824236e-06,0.9999977739559874,3.8260418945274603e-19
2022-02-08,1,inflation_rates_shock,1.1585390532258325e-05,0.9999884146089149,6.497403196249598e-19
2022-02-09,1,inflation_rates_shock,1.4683543562538795e-05,0.9999853164559064,1.9485148959964546e-20
2022-02-10,1,inflation_rates_shock,2.2261884280564808e-08,0.9999999777373889,6.313561277371024e-22
2022-02-11,1,inflation_rates_shock,3.991633960462427e-10,0.9999999996016413,6.30965427383766e-20
2022-02-14,1,inflation_rates_shock,1.7461906863358043e-12,0.999999999998181,3.5747738526055147e-22
2022-02-15,1,inflation_rates_shock,2.5128981622698874e-09,0.9999999974879756,9.437493077718904e-21
2022-02-16,1,inflation_rates_shock,4.761533751409052e-09,0.9999999952378857,1.110025842907395e-19
2022-02-17,1,inflation_rates_shock,4.323407743294469e-13,1.0,3.228384065270124e-18
2022-02-18,1,inflation_rates_shock,1.4258794008986636e-16,1.0,2.032082104443536e-18
2022-02-22,1,inflation_rates_shock,1.1062697337079733e-19,1.0,4.1364005752396237e-17
2022-02-23,1,inflation_rates_shock,1.2177688250247128e-22,1.0,1.3967881237724403e-18
2022-02-24,1,inflation_rates_shock,4.036383983758044e-23,1.0,3.2190886690520652e-21
2022-02-25,1,inflation_rates_shock,1.5197397609419538e-20,1.0,2.2690191442593388e-19
2022-02-28,1,inflation_rates_shock,9.740547744265311e-24,1.0,2.3383635041026528e-23
2022-03-01,1,inflation_rates_shock,1.7333283263893738e-17,1.0,9.523320299120784e-22
2022-03-02,1,inflation_rates_shock,1.1137542710011337e-17,1.0,5.130208828857578e-22
2022-03-03,1,inflation_rates_shock,1.8562110998808304e-16,1.0,3.7949493025976925e-21
2022-03-04,1,inflation_rates_shock,5.295058960158474e-17,1.0,3.427214698268386e-21
2022-03-07,1,inflation_rates_shock,1.8466640446816045e-27,1.0,5.635186206251101e-20
2022-03-08,1,inflation_rates_shock,1.1714997236027455e-32,1.0,1.0109924307598929e-19
2022-03-09,1,inflation_rates_shock,4.1779639399866235e-26,1.0,3.1098112238184493e-22
2022-03-10,1,inflation_rates_shock,3.762432319720166e-29,1.0,6.817104974241197e-22
2022-03-11,1,inflation_rates_shock,3.112742347283473e-31,1.0,1.0799652153566621e-20
2022-03-14,1,inflation_rates_shock,1.601641969208702e-31,1.0,6.494239914615617e-23
2022-03-15,1,inflation_rates_shock,3.1683252706833126e-28,1.0,7.749026161890369e-26
2022-03-16,1,inflation_rates_shock,2.41948662935524e-21,1.0,2.864943366399531e-26
2022-03-17,1,inflation_rates_shock,1.8358051391939202e-18,1.0,3.9446205439156394e-29
2022-03-18,1,inflation_rates_shock,6.3033176799743104e-15,1.0,1.6771529206221584e-32
2022-03-21,1,inflation_rates_shock,1.5484418623051514e-17,1.0,1.8578156030880466e-33
2022-03-22,1,inflation_rates_shock,5.623133042347345e-17,1.0,1.7438314693054592e-32
2022-03-23,1,inflation_rates_shock,1.1102007125858396e-20,1.0,1.235332431080107e-28
2022-03-24,1,inflation_rates_shock,6.3094681881465604e-21,1.0,1.5996036799612815e-28
2022-03-25,1,inflation_rates_shock,5.22339924929418e-19,1.0,2.783662390617137e-31
2022-03-28,1,inflation_rates_shock,8.059969367636844e-16,1.0,2.646816670064346e-33
2022-03-29,1,inflation_rates_shock,3.851709716160114e-15,1.0,1.3106073121218847e-35
2022-03-30,1,inflation_rates_shock,1.7007440844122701e-16,1.0,2.543921178008513e-36
2022-03-31,1,inflation_rates_shock,5.696351451526459e-15,1.0,8.936965271784598e-33
2022-04-01,1,inflation_rates_shock,1.4026897936726676e-17,1.0,6.927621161456007e-35
2022-04-04,1,inflation_rates_shock,2.0124993572785213e-17,1.0,2.3656795161070778e-36
2022-04-05,1,inflation_rates_shock,1.6686319726452406e-24,1.0,4.53600222234716e-37
2022-04-06,1,inflation_rates_shock,1.0228675330114816e-26,1.0,1.7514592087657778e-32
2022-04-07,1,inflation_rates_shock,4.643045933077251e-21,1.0,1.6212943095941096e-33
2022-04-08,1,inflation_rates_shock,6.273910077672211e-22,1.0,1.7648332537710007e-32
2022-04-11,1,inflation_rates_shock,3.765426564916167e-25,1.0,2.0133256099830273e-32
2022-04-12,1,inflation_rates_shock,1.8035070199045468e-24,1.0,1.2779221738054376e-30
2022-04-13,1,inflation_rates_shock,1.677253551563488e-20,1.0,9.249920667365775e-32
2022-04-14,1,inflation_rates_shock,5.716821123593861e-20,1.0,8.699880964083256e-35
2022-04-18,1,inflation_rates_shock,7.900827992470738e-19,1.0,3.837468499028361e-35
2022-04-19,1,inflation_rates_shock,1.3789533983875654e-14,1.0,7.120788797993882e-34
2022-04-20,1,inflation_rates_shock,8.08476331990664e-15,1.0,4.316573759852575e-33
2022-04-21,1,inflation_rates_shock,3.8824866062455475e-17,1.0,5.387963758840153e-35
2022-04-22,1,inflation_rates_shock,1.0071683644504103e-22,1.0,3.681394452622138e-36
2022-04-25,1,inflation_rates_shock,5.290540998021093e-19,1.0,1.5546792597131177e-35
2022-04-26,1,inflation_rates_shock,1.6614833130137917e-22,1.0,1.7026530202547899e-29
2022-04-27,1,inflation_rates_shock,8.855334286258968e-24,1.0,6.1972954323647714e-30
2022-04-28,1,inflation_rates_shock,2.5975782640412416e-19,1.0,4.6848026935930754e-33
2022-04-29,1,inflation_rates_shock,1.7828178685788397e-27,1.0,1.2760503726374018e-34
2022-05-02,1,inflation_rates_shock,3.976991827595062e-27,1.0,5.03978807867461e-33
2022-05-03,1,inflation_rates_shock,9.363752844770235e-28,1.0,1.0835490849685842e-33
2022-05-04,1,inflation_rates_shock,1.8688218611208826e-22,1.0,3.5678668883488034e-34
2022-05-05,1,inflation_rates_shock,2.3203123036811098e-29,1.0,1.0709180136211829e-33
2022-05-06,1,inflation_rates_shock,5.6724655521302995e-33,1.0,5.010363188584077e-36
2022-05-09,1,inflation_rates_shock,4.171464069405399e-40,1.0,5.576666920051095e-32
2022-05-10,1,inflation_rates_shock,4.853537076230354e-41,1.0,1.8409124434544473e-32
2022-05-11,1,inflation_rates_shock,1.4330518156673205e-46,1.0,1.2404071453169044e-31
2022-05-12,1,inflation_rates_shock,6.814237265203411e-49,1.0,2.065642607585897e-30
2022-05-13,1,inflation_rates_shock,1.1500385560153586e-43,1.0,1.832646945398201e-29
2022-05-16,1,inflation_rates_shock,1.0976825524039129e-48,1.0,6.451367772656781e-28
2022-05-17,1,inflation_rates_shock,2.2368965416347115e-41,1.0,1.1942746963062884e-28
2022-05-18,1,inflation_rates_shock,2.2588983996390183e-50,1.0,2.5271062221357284e-25
2022-05-19,1,inflation_rates_shock,4.549193213808673e-58,1.0,2.0375027388879468e-24
2022-05-20,1,inflation_rates_shock,2.2231111499287655e-57,1.0,6.003888542104923e-24
2022-05-23,1,inflation_rates_shock,3.965332545798278e-55,1.0,2.2061147288580123e-23
2022-05-24,1,inflation_rates_shock,1.7322990992751825e-55,1.0,8.920697038600583e-22
2022-05-25,1,inflation_rates_shock,6.606433583962631e-59,1.0,4.198403693878237e-22
2022-05-26,1,inflation_rates_shock,1.1639131388152555e-49,1.0,1.5821715713607257e-22
2022-05-27,1,inflation_rates_shock,6.889772374952544e-40,1.0,4.1563260841083485e-23
2022-05-31,1,inflation_rates_shock,8.281150860513939e-48,1.0,4.464216407389173e-24
2022-06-01,1,inflation_rates_shock,2.901963164963771e-48,1.0,2.4205630045846727e-26
2022-06-02,1,inflation_rates_shock,9.09562261837861e-43,1.0,4.418010438722107e-27
2022-06-03,1,inflation_rates_shock,1.4975673482774112e-46,1.0,9.002512486801688e-28
2022-06-06,1,inflation_rates_shock,5.484580298737918e-51,1.0,1.1442517904985607e-25
2022-06-07,1,inflation_rates_shock,7.098606014505433e-50,1.0,6.224934922321953e-26
2022-06-08,1,inflation_rates_shock,2.7664435765635977e-61,1.0,1.7056642908689201e-26
2022-06-09,1,inflation_rates_shock,5.981326446750918e-69,1.0,3.815782158850324e-26
2022-06-10,1,inflation_rates_shock,5.703928571022208e-88,1.0,4.054131400206521e-29
2022-06-13,1,inflation_rates_shock,9.986934462036524e-98,1.0,4.091830342213691e-31
2022-06-14,1,inflation_rates_shock,1.0630036278507625e-96,1.0,4.842497937622866e-35
2022-06-15,1,inflation_rates_shock,1.7285349232490334e-92,1.0,3.0406647075447914e-34
2022-06-16,1,inflation_rates_shock,1.3398928629635207e-97,1.0,7.729038470940294e-31
2022-06-17,1,inflation_rates_shock,1.0793903513047743e-109,1.0,3.6422271858780487e-33
2022-06-21,1,inflation_rates_shock,1.068142473185076e-102,1.0,8.311988770571205e-31
2022-06-22,1,inflation_rates_shock,4.492633682097418e-103,1.0,3.3914476877192598e-31
2022-06-23,1,inflation_rates_shock,6.838654592573929e-92,1.0,7.204558808096335e-33
2022-06-24,1,inflation_rates_shock,4.3223473853683975e-83,1.0,1.727501533921733e-32
2022-06-27,1,inflation_rates_shock,4.0485785414478304e-85,1.0,2.2626961644737352e-33
2022-06-28,1,inflation_rates_shock,8.0783706213149e-87,1.0,2.494839999780359e-32
2022-06-29,1,inflation_rates_shock,3.118871336288749e-82,1.0,2.4903294856113e-32
2022-06-30,1,inflation_rates_shock,2.453277386607386e-85,1.0,3.1441843559350065e-30
2022-07-01,1,inflation_rates_shock,2.927679096877218e-85,1.0,4.907539754473862e-27
2022-07-05,1,inflation_rates_shock,2.3647144060757876e-78,1.0,8.176271000488902e-30
2022-07-06,1,inflation_rates_shock,1.4378456305090059e-81,1.0,4.266615025522143e-31
2022-07-07,1,inflation_rates_shock,1.0796656943730762e-73,1.0,1.5424324092174437e-30
2022-07-08,1,inflation_rates_shock,2.177021486277946e-75,1.0,5.85074016916527e-32
2022-07-11,1,inflation_rates_shock,1.2676929650070973e-79,1.0,1.802026220409694e-32
2022-07-12,1,inflation_rates_shock,2.2851239699464474e-88,1.0,1.3977537732662295e-30
2022-07-13,1,inflation_rates_shock,4.956391584978285e-99,1.0,3.82077618812675e-31
2022-07-14,1,inflation_rates_shock,4.42801570720691e-122,1.0,2.7397286893872798e-30
2022-07-15,1,inflation_rates_shock,4.549262686360629e-112,1.0,7.362752465723112e-30
2022-07-18,1,inflation_rates_shock,2.775276190130592e-109,1.0,4.015524901933086e-31
2022-07-19,1,inflation_rates_shock,1.6180712228012934e-115,1.0,4.458520505808154e-29
2022-07-20,1,inflation_rates_shock,2.412680844103673e-108,1.0,4.778010602340865e-31
2022-07-21,1,inflation_rates_shock,4.288590288218017e-96,1.0,8.18160573843133e-30
2022-07-22,1,inflation_rates_shock,1.9746510367792984e-103,1.0,3.9752665760409704e-28
2022-07-25,1,inflation_rates_shock,7.447411040337403e-100,1.0,1.2545974476791504e-27
2022-07-26,1,inflation_rates_shock,1.3858977847828453e-93,1.0,1.1352619323506533e-27
2022-07-27,1,inflation_rates_shock,1.9418082708338283e-85,1.0,2.913514354725475e-28
2022-07-28,1,inflation_rates_shock,9.343149330435794e-91,1.0,9.468477482527543e-26
2022-07-29,1,inflation_rates_shock,5.639258494959511e-84,1.0,4.4701202113083194e-26
2022-08-01,1,inflation_rates_shock,3.221751935872037e-85,1.0,1.3487179081952554e-23
2022-08-02,1,inflation_rates_shock,1.0399539172191307e-84,1.0,3.3506800859719906e-26
2022-08-03,1,inflation_rates_shock,2.553030464635826e-80,1.0,2.038630783885443e-25
2022-08-04,1,inflation_rates_shock,1.0145212024896827e-75,1.0,2.077075408466717e-24
2022-08-05,1,inflation_rates_shock,3.6817486713184055e-72,1.0,1.800568847126322e-23
2022-08-08,1,inflation_rates_shock,1.248093913348269e-72,1.0,6.083382248245726e-22
2022-08-09,1,inflation_rates_shock,7.2145318899379e-78,1.0,1.7165909172760392e-24
2022-08-10,1,inflation_rates_shock,5.037706997668832e-76,1.0,5.998649575251143e-23
2022-08-11,1,inflation_rates_shock,1.2200929379271755e-78,1.0,1.77366162629447e-23
2022-08-12,1,inflation_rates_shock,2.666931546909966e-72,1.0,2.475937769490294e-22
2022-08-15,1,inflation_rates_shock,4.4942904036098385e-61,1.0,1.633336392680614e-26
2022-08-16,1,inflation_rates_shock,5.663221282760579e-63,1.0,1.4478380307889666e-24
2022-08-17,1,inflation_rates_shock,3.7679601213219787e-54,1.0,7.418898376574059e-28
2022-08-18,1,inflation_rates_shock,3.818772558036736e-53,1.0,1.3652310871018549e-30
2022-08-19,1,inflation_rates_shock,2.5414976523316975e-57,1.0,2.096194185217291e-32
2022-08-22,1,inflation_rates_shock,2.2715567490295854e-65,1.0,2.3075326027624034e-34
2022-08-23,1,inflation_rates_shock,1.2186093741725717e-63,1.0,3.428562689528318e-36
2022-08-24,1,inflation_rates_shock,1.6072370695558335e-67,1.0,6.789800455484147e-37
2022-08-25,1,inflation_rates_shock,3.2973327706671326e-55,1.0,6.759782147706781e-40
2022-08-26,1,inflation_rates_shock,3.004401563157056e-62,1.0,4.644870624627231e-40
2022-08-29,1,inflation_rates_shock,1.5527401452221076e-58,1.0,7.858791767799288e-42
2022-08-30,1,inflation_rates_shock,6.591670817061561e-65,1.0,5.30952597878658e-41
2022-08-31,1,inflation_rates_shock,2.441706433557007e-69,1.0,2.6825509899616455e-39
2022-09-01,1,inflation_rates_shock,4.637459583022288e-65,1.0,3.6262048729746965e-40
2022-09-02,1,inflation_rates_shock,1.4599884731961757e-72,1.0,7.815188743436584e-38
2022-09-06,1,inflation_rates_shock,5.157176889744506e-71,1.0,9.478163184305363e-38
2022-09-07,1,inflation_rates_shock,4.9126714737742345e-64,1.0,5.989920311324982e-40
2022-09-08,1,inflation_rates_shock,1.4984327017971696e-65,1.0,6.984594714343425e-38
2022-09-09,1,inflation_rates_shock,3.552446917005898e-54,1.0,1.5118532710732067e-38
2022-09-12,1,inflation_rates_shock,4.071536083543877e-48,1.0,5.61062191871794e-38
2022-09-13,1,inflation_rates_shock,3.453818239449613e-67,1.0,4.68993973939585e-31
2022-09-14,1,inflation_rates_shock,2.845988029636254e-67,1.0,3.1818718198538453e-31
2022-09-15,1,inflation_rates_shock,8.560742586906368e-72,1.0,2.5101981742712718e-31
2022-09-16,1,inflation_rates_shock,1.1639081070538311e-76,1.0,1.3011473569878296e-30
2022-09-19,1,inflation_rates_shock,9.048526325754548e-74,1.0,3.6058308153282475e-32
2022-09-20,1,inflation_rates_shock,3.103419988728615e-75,1.0,2.87669483510344e-35
2022-09-21,1,inflation_rates_shock,9.619308542581878e-88,1.0,2.5280823565318843e-35
2022-09-22,1,inflation_rates_shock,2.3707365230641747e-93,1.0,2.97240809797114e-36
2022-09-23,1,inflation_rates_shock,2.3184020628917334e-92,1.0,3.1620803575165408e-40
2022-09-26,1,inflation_rates_shock,5.479333269702349e-95,1.0,8.06879282478398e-44
2022-09-27,1,inflation_rates_shock,1.2886781156434948e-104,1.0,1.0818286289660159e-42
2022-09-28,1,inflation_rates_shock,2.5535556887353105e-97,1.0,1.270540756100212e-42
2022-09-29,1,inflation_rates_shock,3.0747373672770465e-112,1.0,9.073017104924841e-42
2022-09-30,1,inflation_rates_shock,3.5500571235552295e-118,1.0,1.0103547665493035e-41
2022-10-03,1,inflation_rates_shock,3.927997006510297e-105,1.0,1.3539841413236366e-42
2022-10-04,1,inflation_rates_shock,4.33433472956465e-98,1.0,7.0241510492563485e-43
2022-10-05,1,inflation_rates_shock,2.1370446498304008e-96,1.0,7.103869861198676e-43
2022-10-06,1,inflation_rates_shock,8.632705016022647e-96,1.0,2.2146973105975772e-46
2022-10-07,1,inflation_rates_shock,3.606801084339064e-108,1.0,7.365341239835638e-49
2022-10-10,1,inflation_rates_shock,1.1829389188156253e-116,1.0,2.389465347833665e-52
2022-10-11,1,inflation_rates_shock,5.568346351841987e-112,1.0,2.024517568538771e-49
2022-10-12,1,inflation_rates_shock,1.4459791168116843e-124,1.0,3.179839555005942e-45
2022-10-13,1,inflation_rates_shock,1.1394336723075282e-107,1.0,4.8861166517029073e-48
2022-10-14,1,inflation_rates_shock,2.4092270384154084e-130,1.0,2.794819185133672e-49
2022-10-17,1,inflation_rates_shock,3.4043161495114174e-114,1.0,5.808765593596239e-49
2022-10-18,1,inflation_rates_shock,4.860921834218694e-105,1.0,6.070692943090968e-48
2022-10-19,1,inflation_rates_shock,4.330237761484057e-111,1.0,1.45701204166534e-47
2022-10-20,1,inflation_rates_shock,7.184146738120321e-124,1.0,2.405321151580167e-49
2022-10-21,1,inflation_rates_shock,1.1376647268434027e-116,1.0,7.30187218431684e-44
2022-10-24,1,inflation_rates_shock,5.1837834281142054e-117,1.0,2.3465103034540066e-42
2022-10-25,1,inflation_rates_shock,1.1847505062069518e-110,1.0,3.089359581554543e-43
2022-10-26,1,inflation_rates_shock,2.4135921449649705e-112,1.0,1.6766505809263182e-41
2022-10-27,1,inflation_rates_shock,1.236887904366598e-105,1.0,1.2760345354012318e-43
2022-10-28,1,inflation_rates_shock,4.635711412440934e-107,1.0,1.5424424157407946e-42
2022-10-31,1,inflation_rates_shock,1.209526457138171e-118,1.0,2.2782049592087546e-42
2022-11-01,1,inflation_rates_shock,1.5111973679882798e-108,1.0,3.122043797476223e-45
2022-11-02,1,inflation_rates_shock,3.2221371943380807e-109,1.0,2.2231434379572773e-45
2022-11-03,1,inflation_rates_shock,9.534983361163074e-119,1.0,1.4016950954488393e-46
2022-11-04,1,inflation_rates_shock,4.63815333305496e-117,1.0,8.221434874041004e-44
2022-11-07,1,inflation_rates_shock,2.0861725508548558e-123,1.0,1.0943611193239516e-42
2022-11-08,1,inflation_rates_shock,3.107169558152271e-114,1.0,5.213093923099123e-40
2022-11-09,1,inflation_rates_shock,7.196442283289994e-127,1.0,1.456215128198301e-40
2022-11-10,1,inflation_rates_shock,1.3817278323230857e-111,1.0,1.9760038375757857e-46
2022-11-11,1,inflation_rates_shock,2.276604992254184e-99,1.0,9.471830724792559e-48
2022-11-14,1,inflation_rates_shock,1.1404443633884271e-105,1.0,4.0129806421633736e-47
2022-11-15,1,inflation_rates_shock,5.981066158705951e-90,1.0,1.6412495653797928e-49
2022-11-16,1,inflation_rates_shock,1.6877907687521957e-92,1.0,2.691845690348637e-49
2022-11-17,1,inflation_rates_shock,5.481776344066534e-96,1.0,6.5253614332504744e-49
2022-11-18,1,inflation_rates_shock,2.4533855831909207e-100,1.0,5.201089474869876e-48
2022-11-21,1,inflation_rates_shock,1.6741647815379139e-94,1.0,3.6708656218712723e-47
2022-11-22,1,inflation_rates_shock,2.154530822840071e-86,1.0,1.9447969957781458e-47
2022-11-23,1,inflation_rates_shock,3.5635152121728805e-79,1.0,3.001672951753557e-50
2022-11-25,1,inflation_rates_shock,2.1417012753588342e-83,1.0,5.76475783545721e-53
2022-11-28,1,inflation_rates_shock,1.1754038148596522e-91,1.0,2.1890561755660005e-52
2022-11-29,1,inflation_rates_shock,2.2744633586011424e-86,1.0,2.5292662857171187e-53
2022-11-30,1,inflation_rates_shock,6.94091771919512e-76,1.0,5.7076274881580235e-50
2022-12-01,1,inflation_rates_shock,1.2157281494973661e-76,1.0,1.9943301560077967e-49
2022-12-02,1,inflation_rates_shock,1.5648448437724297e-88,1.0,1.9218843870806774e-48
2022-12-05,1,inflation_rates_shock,4.583314412598124e-101,1.0,9.288423345729888e-51
2022-12-06,1,inflation_rates_shock,9.501817664097322e-99,1.0,2.343799334599197e-49
2022-12-07,1,inflation_rates_shock,3.93512511596284e-94,1.0,1.931420907230282e-47
2022-12-08,1,inflation_rates_shock,1.0630782879597756e-87,1.0,1.210429803624235e-49
2022-12-09,1,inflation_rates_shock,1.4407998129284837e-100,1.0,3.706095612597659e-50
2022-12-12,1,inflation_rates_shock,7.828156452909891e-76,1.0,1.4526462904648698e-57
2022-12-13,1,inflation_rates_shock,2.3433241342782963e-72,1.0,3.2846284278404884e-54
2022-12-14,1,inflation_rates_shock,3.6139367857291986e-81,1.0,4.200688788623803e-53
2022-12-15,1,inflation_rates_shock,2.1503022750519985e-91,1.0,1.5500097732599683e-53
2022-12-16,1,inflation_rates_shock,3.360292427765732e-98,1.0,1.0418000994196404e-52
2022-12-19,1,inflation_rates_shock,1.416332780492183e-106,1.0,3.9013204921958135e-54
2022-12-20,1,inflation_rates_shock,9.624397720097795e-109,1.0,1.1116455431573394e-52
2022-12-21,1,inflation_rates_shock,6.632990584538223e-106,1.0,3.203059426601964e-51
2022-12-22,1,inflation_rates_shock,1.3528135260576108e-108,1.0,7.592878216099953e-54
2022-12-23,1,inflation_rates_shock,2.6052195423875757e-108,1.0,3.377444958781903e-53
2022-12-27,1,inflation_rates_shock,9.92365869850467e-108,1.0,3.149145740229641e-53
2022-12-28,1,inflation_rates_shock,1.7110263336269278e-115,1.0,1.6927500501744637e-52
2022-12-29,1,inflation_rates_shock,4.447714178057613e-108,1.0,2.5384695409890244e-51
2022-12-30,1,inflation_rates_shock,2.6128622980182576e-108,1.0,6.035111557907587e-52
2023-01-03,1,inflation_rates_shock,1.6144553518161457e-102,1.0,9.686480595387841e-51
2023-01-04,1,inflation_rates_shock,1.1185280364894545e-94,1.0,8.596385779130108e-55
2023-01-05,1,inflation_rates_shock,2.392756033768788e-89,1.0,6.298833610353089e-56
2023-01-06,1,inflation_rates_shock,3.5574211564506496e-85,1.0,2.5430419784982833e-53
2023-01-09,1,inflation_rates_shock,3.7993745700816555e-86,1.0,3.412132196429227e-52
2023-01-10,1,inflation_rates_shock,6.349557530532265e-84,1.0,4.2481942621233707e-50
2023-01-11,1,inflation_rates_shock,2.8987745628379956e-77,1.0,3.4538294576812847e-50
2023-01-12,1,inflation_rates_shock,1.4447221058396462e-77,1.0,2.7799313940288023e-49
2023-01-13,1,inflation_rates_shock,4.989197987831427e-60,1.0,1.3642777537074744e-54
2023-01-17,1,inflation_rates_shock,1.2689951416438566e-62,1.0,3.5755391135550006e-54
2023-01-18,1,inflation_rates_shock,1.997844002220728e-65,1.0,4.0213820465788735e-52
2023-01-19,1,inflation_rates_shock,9.75552539387783e-72,1.0,1.5597657789906407e-52
2023-01-20,1,inflation_rates_shock,1.7444110011960183e-66,1.0,4.0380347374601174e-48
2023-01-23,1,inflation_rates_shock,1.4003317373737415e-62,1.0,4.2856101354275633e-47
2023-01-24,1,inflation_rates_shock,2.2973391818233305e-56,1.0,3.7162005517945775e-50
2023-01-25,1,inflation_rates_shock,1.841924459533626e-58,1.0,1.4058220369291683e-49
2023-01-26,1,inflation_rates_shock,1.0083754166802445e-52,1.0,3.4396712173681605e-49
2023-01-27,1,inflation_rates_shock,9.941677208225463e-52,1.0,2.490069304299535e-48
2023-01-30,1,inflation_rates_shock,1.8734396551309562e-60,1.0,1.1124429833741371e-48
2023-01-31,1,inflation_rates_shock,1.6758479028982354e-47,1.0,9.9607045634346e-51
2023-02-01,1,inflation_rates_shock,8.933196078023804e-48,1.0,7.3206056747069e-50
2023-02-02,1,inflation_rates_shock,1.4732409788905612e-42,1.0,5.101620505027892e-51
2023-02-03,1,inflation_rates_shock,7.648357020500538e-46,1.0,4.8446808812342943e-54
2023-02-06,1,inflation_rates_shock,2.5321108711029696e-51,1.0,1.3556305363836064e-54
2023-02-07,1,inflation_rates_shock,1.3755493938224216e-41,1.0,9.519585040431376e-59
2023-02-08,1,inflation_rates_shock,1.1498963927078682e-43,1.0,6.811624057231181e-60
2023-02-09,1,inflation_rates_shock,8.813686497196756e-45,1.0,3.8991182221746636e-61
2023-02-10,1,inflation_rates_shock,5.318230395735294e-43,1.0,1.8163756117305918e-61
2023-02-13,1,inflation_rates_shock,2.3673803615466936e-30,1.0,4.4703480659106614e-55
2023-02-14,1,inflation_rates_shock,1.4283497761634148e-30,1.0,8.020228752434902e-57
2023-02-15,1,inflation_rates_shock,5.400211014481462e-31,1.0,9.438593949654027e-56
2023-02-16,1,inflation_rates_shock,1.7372345199484344e-37,1.0,1.3769470121895731e-57
2023-02-17,1,inflation_rates_shock,4.736451318986163e-40,1.0,4.1276280651235154e-58
2023-02-21,1,inflation_rates_shock,1.2701755563946377e-42,1.0,5.914800050453813e-62
2023-02-22,1,inflation_rates_shock,2.1232974873127565e-40,1.0,5.358338060201845e-63
2023-02-23,1,inflation_rates_shock,7.221781552221034e-42,1.0,2.39688044290146e-63
2023-02-24,1,inflation_rates_shock,3.037332088957315e-45,1.0,3.623486590828889e-65
2023-02-27,1,inflation_rates_shock,6.261288921713899e-41,1.0,2.716013657198503e-64
2023-02-28,1,inflation_rates_shock,5.109864884375053e-44,1.0,4.789752077365784e-63
2023-03-01,1,inflation_rates_shock,5.063147111380706e-49,1.0,1.632407526086336e-64
2023-03-02,1,inflation_rates_shock,3.677840832130836e-46,1.0,2.461007320848329e-64
2023-03-03,1,inflation_rates_shock,2.1152620823532491e-35,1.0,4.710564540885017e-69
2023-03-06,1,inflation_rates_shock,1.7856782954207244e-33,1.0,3.2209824643999625e-72
2023-03-07,1,inflation_rates_shock,1.823927853089458e-39,1.0,3.2902706403356616e-70
2023-03-08,1,inflation_rates_shock,4.40645062588726e-39,1.0,8.01475185468725e-67
2023-03-09,1,inflation_rates_shock,1.749120906515611e-39,1.0,1.3534310836013468e-65
2023-03-10,1,inflation_rates_shock,1.5044735702126144e-44,1.0,9.49518818458343e-58
2023-03-13,1,inflation_rates_shock,1.9324571101461447e-43,1.0,4.014334541826511e-51
2023-03-14,1,inflation_rates_shock,7.105718359746754e-43,1.0,1.352997730619911e-47
2023-03-15,1,inflation_rates_shock,2.5495687081061036e-38,1.0,5.016009886321251e-46
2023-03-16,1,inflation_rates_shock,3.08100123027633e-36,1.0,1.5413373804884259e-46
2023-03-17,1,inflation_rates_shock,7.344747848307389e-38,1.0,3.088663638156748e-42
2023-03-20,1,inflation_rates_shock,1.058352943345245e-36,1.0,1.3889706770537541e-42
2023-03-21,1,inflation_rates_shock,4.110186606905624e-35,1.0,8.213219229315661e-42
2023-03-22,1,inflation_rates_shock,2.289828385699314e-43,1.0,6.530374267627261e-35
2023-03-23,1,inflation_rates_shock,7.593588341667737e-43,1.0,6.209832153847898e-34
2023-03-24,1,inflation_rates_shock,5.812771327155785e-38,1.0,3.4948575780080375e-37
2023-03-27,1,inflation_rates_shock,2.475109097672774e-41,1.0,1.5477812289307995e-37
2023-03-28,1,inflation_rates_shock,5.970442945221726e-42,1.0,7.265102737850587e-40
2023-03-29,1,inflation_rates_shock,9.796795117301583e-39,1.0,2.7894336488209274e-39
2023-03-30,1,inflation_rates_shock,7.81215939013702e-34,1.0,9.984612696052599e-39
2023-03-31,1,inflation_rates_shock,9.637835873897927e-25,1.0,4.1238758156361294e-40
2023-04-03,1,inflation_rates_shock,1.3147743770181196e-21,1.0,4.672081672097651e-40
2023-04-04,1,inflation_rates_shock,1.7952451138414005e-23,1.0,1.1427261250121892e-34
2023-04-05,1,inflation_rates_shock,7.073729137546191e-20,1.0,1.1763658680065027e-34
2023-04-06,1,inflation_rates_shock,9.790909833737533e-18,1.0,1.2446618757466314e-35
2023-04-10,1,inflation_rates_shock,2.4120753575760755e-18,1.0,3.022405635958016e-35
2023-04-11,1,inflation_rates_shock,1.9693880549311418e-18,1.0,7.939804110561037e-37
2023-04-12,1,inflation_rates_shock,2.0084483347672995e-16,1.0,1.1363106763638503e-37
2023-04-13,1,inflation_rates_shock,1.0910132592111502e-10,0.9999999998908606,2.5840838500407573e-35
2023-04-14,1,inflation_rates_shock,2.762420753614628e-14,1.0,1.0852436450859427e-37
2023-04-17,1,inflation_rates_shock,1.332535070743524e-09,0.9999999986666808,1.1106635252872175e-37
2023-04-18,1,inflation_rates_shock,1.7827222161701706e-11,0.9999999999818101,4.115999972720025e-37
2023-04-19,1,inflation_rates_shock,3.750110789979226e-11,0.9999999999618012,2.415082885888068e-42
2023-04-20,1,inflation_rates_shock,1.5226445309796642e-08,0.9999999847732398,9.917693125020328e-40
2023-04-21,1,inflation_rates_shock,0.0012734165899759959,0.9987265834097037,6.937546514009741e-49
2023-04-24,0,risk_on,0.9287881239869419,0.07121187601224063,2.8819797198271997e-54
2023-04-25,0,risk_on,0.9859245479347151,0.01407545206466932,8.99520395505603e-49
2023-04-26,0,risk_on,0.9967055970576856,0.0032944029421338064,5.885352027887533e-51
2023-04-27,0,risk_on,0.9999808596507203,1.914034848094315e-05,1.42565378883477e-53
2023-04-28,0,risk_on,0.9999999020110456,9.798893939505827e-08,1.2837036474793544e-56
2023-05-01,0,risk_on,0.999999939534975,6.046531503130697e-08,1.122186040163535e-56
2023-05-02,0,risk_on,0.9999999382780534,6.17215718761339e-08,3.512319688688817e-53
2023-05-03,0,risk_on,0.999999895533625,1.0446728140834678e-07,2.9523135244700524e-50
2023-05-04,0,risk_on,0.9999997312443517,2.6875526632366586e-07,1.184337192253488e-51
2023-05-05,0,risk_on,0.9999999694518924,3.054874987929973e-08,2.1131774572445882e-52
2023-05-08,0,risk_on,0.9999999713600123,2.8640217746912366e-08,5.724685872641291e-52
2023-05-09,0,risk_on,0.9999999669526011,3.304811164880718e-08,2.8683567970842177e-52
2023-05-10,0,risk_on,0.9999999253595916,7.463962027929585e-08,1.2791545047462964e-52
2023-05-11,0,risk_on,0.999999956060493,4.394007415739226e-08,2.437044319171611e-52
2023-05-12,0,risk_on,0.99999997176019,2.823961367959629e-08,3.077996802491096e-54
2023-05-15,0,risk_on,0.9999999592218963,4.077877423421686e-08,4.656986740309875e-52
2023-05-16,0,risk_on,0.9999999054052795,9.459398308618916e-08,9.776473084976812e-51
2023-05-17,0,risk_on,0.9999998642051743,1.3579491578285378e-07,1.5288395593858982e-53
2023-05-18,0,risk_on,0.9999999822612154,1.7737985480726953e-08,1.3249380445466621e-52
2023-05-19,0,risk_on,0.999999989349817,1.0650327201029497e-08,2.3739008668920635e-54
2023-05-22,0,risk_on,0.9999999936044333,6.395489633016266e-09,2.168261773051027e-49
2023-05-23,0,risk_on,0.9999999866467988,1.3353117705821403e-08,4.138289179415758e-48
2023-05-24,0,risk_on,0.9999999440933622,5.5906735859498186e-08,2.753061281896525e-49
2023-05-25,0,risk_on,0.9999999978335836,2.1662149724281665e-09,3.109620911724039e-48
2023-05-26,0,risk_on,0.9999999982665031,1.734346286521341e-09,2.1570564171096443e-51
2023-05-30,0,risk_on,0.9999999913488864,8.650701257379294e-09,4.2877454875824675e-52
2023-05-31,0,risk_on,0.9999999935480446,6.4511293510893365e-09,5.489508608455006e-50
2023-06-01,0,risk_on,0.9999999963001756,3.6996043518939934e-09,3.54451949280259e-51
2023-06-02,0,risk_on,0.999999972766091,2.7234506760134917e-08,2.949166057770957e-47
2023-06-05,0,risk_on,0.9999999366064023,6.339282873426417e-08,3.382688894616352e-47
2023-06-06,0,risk_on,0.9999999923220457,7.678099487468132e-09,2.3363486114471865e-48
2023-06-07,0,risk_on,0.999999989522621,1.0477363482823237e-08,3.0928024525001578e-49
2023-06-08,0,risk_on,0.9999999966785253,3.320953381221273e-09,1.936083024676069e-47
2023-06-09,0,risk_on,0.9999999641549955,3.584456255950132e-08,1.1322213831068169e-50
2023-06-12,0,risk_on,0.999999928679247,7.132141775506753e-08,2.3489957579814867e-50
2023-06-13,0,risk_on,0.9999999821811799,1.7818610756453914e-08,4.7211953107546393e-51
2023-06-14,0,risk_on,0.9999999505762401,4.9423127615595583e-08,3.459849205581015e-52
2023-06-15,0,risk_on,0.999999905317968,9.46816050206543e-08,2.0313267520320302e-54
2023-06-16,0,risk_on,0.9999999555657278,4.443478132698217e-08,7.543764089840303e-58
2023-06-20,0,risk_on,0.9999999894989742,1.0500275742390541e-08,5.441067934154496e-58
2023-06-21,0,risk_on,0.9999999812098397,1.8789734708448913e-08,1.2212745531965893e-58
2023-06-22,0,risk_on,0.9999999521896836,4.7809995810721754e-08,2.6353661747691915e-60
2023-06-23,0,risk_on,0.9999996850238445,3.149756461917444e-07,9.457860846169017e-57
2023-06-26,0,risk_on,0.999999367899563,6.321000255880601e-07,2.4540025093882107e-56
2023-06-27,0,risk_on,0.9999999812753233,1.872384979021669e-08,6.313173728543851e-59
2023-06-28,0,risk_on,0.9999999893425411,1.0657638390017833e-08,4.3616892453282284e-61
2023-06-29,0,risk_on,0.999999997597115,2.402143355025703e-09,1.7084990545895017e-63
2023-06-30,0,risk_on,0.9999999941483111,5.8520119601871045e-09,1.6827641477826648e-65
2023-07-03,0,risk_on,0.9999999931696948,6.8307729712667975e-09,1.512856745289921e-64
2023-07-05,0,risk_on,0.9999999987121555,1.2882536955567083e-09,1.244073037856178e-63
2023-07-06,0,risk_on,0.9999999983501766,1.6497639224659108e-09,1.5378281260145431e-65
2023-07-07,0,risk_on,0.9999999980591383,1.9417331824509587e-09,4.253878146902715e-67
2023-07-10,0,risk_on,0.9999999991268851,8.72565625050328e-10,2.0046403810024383e-64
2023-07-11,0,risk_on,0.999999998115527,1.8835707450300464e-09,8.710394192337955e-67
2023-07-12,0,risk_on,0.9999999989031494,1.0976582899324296e-09,5.84277413640969e-66
2023-07-13,0,risk_on,0.9999999973970262,2.602794930871653e-09,1.0296161331652667e-66
2023-07-14,0,risk_on,0.9999999986557668,1.3436846227143983e-09,2.0329265782043582e-70
2023-07-17,0,risk_on,0.999999999145075,8.545601358600953e-10,3.993095389691904e-70
2023-07-18,0,risk_on,0.9999999991159711,8.848084123308803e-10,9.92450051856935e-72
2023-07-19,0,risk_on,0.9999999996707629,3.289534861863e-10,2.2981301822746218e-71
2023-07-20,0,risk_on,0.9999999990195647,9.805120556403485e-10,4.572663470854043e-72
2023-07-21,0,risk_on,0.9999999976971594,2.302391506141497e-09,9.768416801127998e-72
2023-07-24,0,risk_on,0.9999999979063432,2.09336161830621e-09,9.767633178798129e-73
2023-07-25,0,risk_on,0.9999999989522621,1.0474235245191516e-09,7.341122109251874e-72
2023-07-26,0,risk_on,0.9999999968404154,3.158890671081363e-09,5.5876173518272836e-77
2023-07-27,0,risk_on,0.9999999977844709,2.2156157890038817e-09,4.9239117281382646e-79
2023-07-28,0,risk_on,0.9999999993251549,6.742973335009204e-10,9.986356168522456e-88
2023-07-31,0,risk_on,0.9999999997398845,2.5935995925192515e-10,1.6841996764561108e-84
2023-08-01,0,risk_on,0.9999999995507096,4.4952502958650305e-10,2.0296799048645287e-84
2023-08-02,0,risk_on,0.9999999996744009,3.258382345150312e-10,4.5726116640238846e-95
2023-08-03,0,risk_on,0.9999999980827852,1.9172884014054216e-09,1.5142205042107563e-94
2023-08-04,0,risk_on,0.9999999859610398,1.4038549163986255e-08,3.4828417395959437e-87
2023-08-07,0,risk_on,0.9999999925930751,7.407630936384754e-09,5.13012534487713e-88
2023-08-08,0,risk_on,0.9999999952087819,4.791742909305444e-09,1.0328193709743395e-86
2023-08-09,0,risk_on,0.9999999871834007,1.2816550791663244e-08,2.024801191718429e-85
2023-08-10,0,risk_on,0.9999999937790562,6.220910685486329e-09,1.0109249206832626e-85
2023-08-11,0,risk_on,0.9999999816063794,1.839448889411489e-08,2.0240251653122495e-88
2023-08-14,0,risk_on,0.9999999954652594,4.535337594008251e-09,1.3158607038513357e-88
2023-08-15,0,risk_on,0.9999999864812708,1.3519120444352515e-08,2.740858288481902e-88
2023-08-16,0,risk_on,0.999999944995581,5.500530165209179e-08,7.377667295311695e-87
2023-08-17,0,risk_on,0.9999998153889634,1.8461101863680527e-07,1.40134911198009e-87
2023-08-18,0,risk_on,0.9999998894054504,1.1059533307030161e-07,2.5114711722590273e-89
2023-08-21,0,risk_on,0.9999999693773138,3.062307335772602e-08,1.8019543658683052e-87
2023-08-22,0,risk_on,0.9999999587726061,4.122720487601361e-08,5.626374964200985e-86
2023-08-23,0,risk_on,0.9999999801457309,1.985418415556004e-08,1.798619065147021e-94
2023-08-24,0,risk_on,0.999999915800803,8.419981516984987e-08,5.108674220471195e-94
2023-08-25,0,risk_on,0.9999999760475479,2.395165890213693e-08,4.528118445010993e-95
2023-08-28,0,risk_on,0.9999999892606866,1.0738568670204393e-08,5.034515132975782e-97
2023-08-29,0,risk_on,0.9999999960127752,3.986977711137853e-09,5.13488785897672e-101
2023-08-30,0,risk_on,0.9999999967130861,3.2860908854753702e-09,9.383661007201702e-103
2023-08-31,0,risk_on,0.9999999973224476,2.6774720384061225e-09,5.9016345609284975e-102
2023-09-01,0,risk_on,0.9999999983774615,1.621752048946594e-09,4.999185483711188e-107
2023-09-05,0,risk_on,0.9999999985611794,1.4382427207947226e-09,4.325606845482783e-110
2023-09-06,0,risk_on,0.9999999967258191,3.274968062877793e-09,4.05117500519878e-108
2023-09-07,0,risk_on,0.9999999961783033,3.821041902410376e-09,2.4872718178860422e-105
2023-09-08,0,risk_on,0.9999999965802999,3.4200116543931403e-09,5.136540385094561e-105
2023-09-11,0,risk_on,0.9999999992287485,7.71123605529028e-10,1.8218866618869036e-103
2023-09-12,0,risk_on,0.9999999992269295,7.72481850946177e-10,6.456487207402646e-101
2023-09-13,0,risk_on,0.9999999990868673,9.137315379603567e-10,8.301084939405191e-104
2023-09-14,0,risk_on,0.9999999988449417,1.1552887210262759e-09,1.328539498007421e-100
2023-09-15,0,risk_on,0.9999999949650373,5.03558172345444e-09,5.430877260567284e-97
2023-09-18,0,risk_on,0.9999999890569597,1.0943748497260278e-08,9.739561691147663e-96
2023-09-19,0,risk_on,0.999999990215656,9.785216520676118e-09,3.984794737708745e-97
2023-09-20,0,risk_on,0.999999933441361,6.655842760560849e-08,5.926447831205161e-93
2023-09-21,0,risk_on,0.9999944839298474,5.51606973038921e-06,1.1525267242159665e-95
2023-09-22,0,risk_on,0.9999995678464099,4.321539436589503e-07,6.392328389862573e-102
2023-09-25,0,risk_on,0.9999994228602946,5.771405070313288e-07,1.7635094610142627e-93
2023-09-26,0,risk_on,0.999986628969317,1.3371031564880495e-05,1.2217698856512286e-91
2023-09-27,0,risk_on,0.9999909345325984,9.065467167091177e-06,2.4421622741269925e-93
2023-09-28,0,risk_on,0.9999991158387546,8.841607256556974e-07,3.3033565222548133e-99
2023-09-29,0,risk_on,0.999998655805933,1.3441946097732469e-06,6.780803331096578e-96
2023-10-02,0,risk_on,0.9999967000912753,3.299907976602505e-06,1.122643367858299e-94
2023-10-03,0,risk_on,0.9999758505788302,2.414942151197433e-05,3.2750191720393646e-97
2023-10-04,0,risk_on,0.9999947377811834,5.262218831214371e-06,6.023564749534463e-97
2023-10-05,0,risk_on,0.9999890570032524,1.094299653764672e-05,1.8541948842144676e-94
2023-10-06,0,risk_on,0.9999961896482835,3.810351177197727e-06,3.350988796226738e-92
2023-10-09,0,risk_on,0.9999896353247629,1.036467434582963e-05,4.8617841002179065e-82
2023-10-10,0,risk_on,0.9999999154788419,8.452142874615618e-08,7.602564300574384e-97
2023-10-11,0,risk_on,0.9999999585070336,4.14921807404669e-08,4.0384134831660083e-97
2023-10-12,0,risk_on,0.999999609835944,3.901632700742665e-07,1.1178559502140145e-97
2023-10-13,0,risk_on,0.9999999115279973,8.847212761585559e-08,6.35022644839813e-97
2023-10-16,0,risk_on,0.9999998974180978,1.0258196686484243e-07,2.2055393304800428e-90
2023-10-17,0,risk_on,0.9999994566916596,5.433085364537573e-07,1.9127477398568854e-88
2023-10-18,0,risk_on,0.9995397311105231,0.0004602688897668632,1.0948196897265978e-81
2023-10-19,0,risk_on,0.9032245118016267,0.09677548819874682,8.04831079902305e-77
2023-10-20,1,inflation_rates_shock,0.003759074051343319,0.9962409259490298,1.2320533108994324e-71
2023-10-23,1,inflation_rates_shock,3.715611352506631e-05,0.99996284388635,2.854992340311356e-73
2023-10-24,1,inflation_rates_shock,1.21460611081064e-05,0.9999878539393688,1.7043641716570503e-75
2023-10-25,1,inflation_rates_shock,3.839431672380852e-09,0.9999999961601134,3.800104067821624e-76
2023-10-26,1,inflation_rates_shock,6.359194379149873e-11,0.9999999999363354,5.915744326651975e-69
2023-10-27,1,inflation_rates_shock,2.4282252343795333e-11,0.9999999999763531,5.727126978413874e-70
2023-10-30,1,inflation_rates_shock,3.442511506177651e-10,0.999999999656211,3.6777714918600535e-69
2023-10-31,1,inflation_rates_shock,4.6382320562522665e-10,0.9999999995361577,2.592941184885333e-67
2023-11-01,1,inflation_rates_shock,4.739486797723938e-06,0.9999952605124682,2.201933841568568e-67
2023-11-02,1,inflation_rates_shock,0.1800536134615423,0.8199463865387934,7.277567982285251e-78
2023-11-03,0,risk_on,0.7370567940962002,0.26294320590301506,2.9909448457538488e-81
2023-11-06,0,risk_on,0.9598069676166283,0.040193032384077745,5.646195154227071e-82
2023-11-07,0,risk_on,0.963587118021636,0.03641288197916523,6.267302420020105e-87
2023-11-08,0,risk_on,0.9999163329490346,8.36670505547304e-05,2.3755208733059065e-92
2023-11-09,0,risk_on,0.9999972037333451,2.796266479722319e-06,1.5554994541443309e-96
2023-11-10,0,risk_on,0.9999999677165766,3.228389838785366e-08,3.633195349016808e-98
2023-11-13,0,risk_on,0.9999999486462925,5.1353184647490814e-08,1.2025632404497341e-99
2023-11-14,0,risk_on,0.9999999996271072,3.73576429490024e-10,1.0129636922277298e-104
2023-11-15,0,risk_on,0.9999999994652171,5.352249660446125e-10,2.646120640248018e-102
2023-11-16,0,risk_on,0.9999999976462277,2.3538162612504596e-09,6.565838773225096e-99
2023-11-17,0,risk_on,0.9999999971150828,2.8842408798562167e-09,1.827334283367381e-100
2023-11-20,0,risk_on,0.999999998113708,1.8862311640969274e-09,6.582832535573439e-103
2023-11-21,0,risk_on,0.9999999960200512,3.980382957404442e-09,2.0306495536834145e-100
2023-11-22,0,risk_on,0.9999999956198735,4.380713855528469e-09,1.2606162984056584e-99
2023-11-24,0,risk_on,0.9999999777919586,2.220738783915914e-08,3.509157460841076e-96
2023-11-27,0,risk_on,0.999999884934375,1.1506556473057862e-07,2.5102594818203312e-93
2023-11-28,0,risk_on,0.9999996479801376,3.520191492386412e-07,1.605808822342424e-92
2023-11-29,0,risk_on,0.9999998344246842,1.6557585669867503e-07,6.98780618955254e-92
2023-11-30,0,risk_on,0.9999999641277106,3.587191147912238e-08,1.2204985365569772e-91
2023-12-01,0,risk_on,0.9999998884777659,1.1152305834180892e-07,4.544851076036492e-95
2023-12-04,0,risk_on,0.9999999822393876,1.7760504201337124e-08,5.6167642974816187e-98
2023-12-05,0,risk_on,0.9999999949741323,5.026415545323211e-09,8.361673160373168e-98
2023-12-06,0,risk_on,0.9999999815390768,1.8460666435862672e-08,2.4604147077214287e-95
2023-12-07,0,risk_on,0.9999999895571818,1.0442218694061919e-08,1.718369208710823e-95
2023-12-08,0,risk_on,0.9999999900810508,9.918211749630226e-09,2.9804968338455456e-97
2023-12-11,0,risk_on,0.9999999930187187,6.9819304147819e-09,5.542708392635742e-95
2023-12-12,0,risk_on,0.999999981328074,1.867171467334639e-08,5.301520426573805e-95
2023-12-13,0,risk_on,0.9999999546507762,4.534992440365542e-08,6.792535421204634e-94
2023-12-14,0,risk_on,0.9999999942574505,5.742105862745933e-09,1.2423804812300788e-96
2023-12-15,0,risk_on,0.9999999872870831,1.2712497931920473e-08,6.060998431564722e-96
2023-12-18,0,risk_on,0.9999999958472472,4.153290307211688e-09,6.871808929164312e-96
2023-12-19,0,risk_on,0.9999999917072273,8.29297191584996e-09,1.7234023510349567e-93
2023-12-20,0,risk_on,0.9999999699284676,3.0071341751577024e-08,6.108574416668958e-84
2023-12-21,0,risk_on,0.999999986952389,1.3048015978697575e-08,7.190275883125981e-84
2023-12-22,0,risk_on,0.9999999865394784,1.3460362332893516e-08,1.734309364733852e-85
2023-12-26,0,risk_on,0.9999999834981282,1.6501306519379396e-08,4.866282385813398e-83
2023-12-27,0,risk_on,0.9999999715691961,2.8430428680733537e-08,6.5368870133920235e-83
2023-12-28,0,risk_on,0.9999999922638381,7.736427515136662e-09,1.5480648294707662e-85
2023-12-29,0,risk_on,0.9999999943702278,5.6293429380572544e-09,3.453333736281568e-85
2024-01-02,0,risk_on,0.9999999868668965,1.3133445563150262e-08,3.139182671685014e-84
2024-01-03,0,risk_on,0.9999999599385782,4.006057023078886e-08,4.1509161074701045e-79
2024-01-04,0,risk_on,0.9999999120755131,8.792485705609416e-08,1.0318023623622387e-77
2024-01-05,0,risk_on,0.9999998498060563,1.5019321809747448e-07,2.017307352986833e-78
2024-01-08,0,risk_on,0.9999999831052265,1.6894865749997955e-08,4.331911962370798e-86
2024-01-09,0,risk_on,0.999999995881808,4.117525345001747e-09,4.262498319011486e-87
2024-01-10,0,risk_on,0.999999991590812,8.410022107145515e-09,1.352969250537146e-86
2024-01-11,0,risk_on,0.999999991598088,8.401082065820445e-09,4.6818934434012595e-85
2024-01-12,0,risk_on,0.9999999730553103,2.6944474977747302e-08,2.0330795826371701e-81
2024-01-16,0,risk_on,0.9999999922256393,7.77348684397507e-09,2.983818265355068e-90
2024-01-17,0,risk_on,0.9999999947613105,5.2394967624805095e-09,4.963382041585858e-97
2024-01-18,0,risk_on,0.9999999873180059,1.2681749249868557e-08,9.949112350256286e-93
2024-01-19,0,risk_on,0.9999999823903637,1.7610325767706136e-08,7.083173293457985e-87
2024-01-22,0,risk_on,0.9999999595220296,4.047814147962878e-08,1.774844638011576e-83
2024-01-23,0,risk_on,0.9999999658011808,3.419948483601132e-08,6.517261346406111e-83
2024-01-24,0,risk_on,0.999999966619726,3.3380838162575634e-08,7.433108232402253e-86
2024-01-25,0,risk_on,0.9999999807332645,1.9267091065956876e-08,7.621011621229074e-83
2024-01-26,0,risk_on,0.9999998904950249,1.0950577904658485e-07,6.335607689596318e-76
2024-01-29,0,risk_on,0.9999996185834606,3.814166301064402e-07,2.6697088845040083e-80
2024-01-30,0,risk_on,0.9999996030529352,3.969472060418919e-07,4.096214651083522e-78
2024-01-31,0,risk_on,0.9999990311175826,9.688815953995177e-07,5.777295185056287e-71
2024-02-01,0,risk_on,0.999999843657873,1.5634168608157717e-07,1.5972121292674906e-78
2024-02-02,0,risk_on,0.9999998352486863,1.6475218852537117e-07,3.876314613187583e-72
2024-02-05,0,risk_on,0.9999999541141743,4.5886409658216736e-08,1.891165860056343e-69
2024-02-06,0,risk_on,0.9999999560441221,4.395659803095945e-08,8.512482565966947e-70
2024-02-07,0,risk_on,0.9999997714403696,2.285600614169703e-07,2.5467901122098142e-70
2024-02-08,0,risk_on,0.9999999594310801,4.0569206237370465e-08,2.6419471866197542e-70
2024-02-09,0,risk_on,0.9999999451392811,5.486127914584206e-08,9.760780274419524e-70
2024-02-12,0,risk_on,0.9999999326646525,6.733593631627119e-08,1.2712854235795445e-64
2024-02-13,0,risk_on,0.9999996756287672,3.243712834262792e-07,4.995555892714395e-71
2024-02-14,0,risk_on,0.9999999629690144,3.703104931112125e-08,3.3497572353354164e-71
2024-02-15,0,risk_on,0.9999999905485311,9.452377228820267e-09,7.907987392208107e-67
2024-02-16,0,risk_on,0.9999999939318513,6.067480137342698e-09,1.4979338821303337e-68
2024-02-20,0,risk_on,0.9999999842548278,1.574581261468129e-08,3.391189347304361e-70
2024-02-21,0,risk_on,0.9999999863648554,1.363531171702287e-08,2.529323373323054e-71
2024-02-22,0,risk_on,0.9999999627070799,3.729270965930722e-08,3.484754128284327e-69
2024-02-23,0,risk_on,0.9999999868050509,1.3194412946606239e-08,1.5986878481290108e-68
2024-02-26,0,risk_on,0.999999981679139,1.832114066239287e-08,8.073094209266456e-70
2024-02-27,0,risk_on,0.9999999833326002,1.6668204100463828e-08,6.708506567610746e-69
2024-02-28,0,risk_on,0.9999999857391231,1.426158520994729e-08,6.437917150106854e-71
2024-02-29,0,risk_on,0.9999999759911592,2.4008945739111003e-08,6.740734640177454e-70
2024-03-01,0,risk_on,0.9999996580882582,3.419118719426552e-07,5.346800279190854e-69
2024-03-04,0,risk_on,0.9999999002320742,9.976872550978092e-08,3.334958478971547e-73
2024-03-05,0,risk_on,0.9999999283954847,7.160439732738383e-08,2.2154014784490898e-66
2024-03-06,0,risk_on,0.9999999811188902,1.888180370134056e-08,1.1322681553667485e-66
2024-03-07,0,risk_on,0.9999999765495888,2.3451061057444304e-08,1.651102472627397e-67
2024-03-08,0,risk_on,0.9999999832652976,1.6734743784003818e-08,9.594992793941455e-69
2024-03-11,0,risk_on,0.9999999908395694,9.159933988795537e-09,8.64933615027143e-72
2024-03-12,0,risk_on,0.9999999926403689,7.360190702340934e-09,1.8433465371540663e-70
2024-03-13,0,risk_on,0.9999999933297659,6.6694893670464244e-09,4.0940939767381414e-72
2024-03-14,0,risk_on,0.9999999977317202,2.2684322300069123e-09,3.5850871458973137e-72
2024-03-15,0,risk_on,0.9999999973333615,2.666453983900707e-09,8.544632374447264e-69
2024-03-18,0,risk_on,0.9999999981828296,1.8168454073460473e-09,4.190234781355974e-70
2024-03-19,0,risk_on,0.999999997593477,2.4070348994021403e-09,1.224902496447269e-68
2024-03-20,0,risk_on,0.999999996733095,3.2670835035191826e-09,2.9881859111244934e-66
2024-03-21,0,risk_on,0.9999999969695637,3.0311698190402182e-09,1.2521241991257127e-65
2024-03-22,0,risk_on,0.9999999922529241,7.746169396279674e-09,5.568103156126567e-69
2024-03-25,0,risk_on,0.9999999945393938,5.460032313031062e-09,1.3189839103364538e-70
2024-03-26,0,risk_on,0.9999999966094038,3.390909384400706e-09,1.0818307892530918e-70
2024-03-27,0,risk_on,0.9999999976189429,2.381842568061878e-09,7.877323611934944e-72
2024-03-28,0,risk_on,0.99999999829015,1.7103729405698131e-09,6.648518238504721e-74
2024-04-01,0,risk_on,0.9999999973933882,2.6064762144284257e-09,1.927125724605026e-75
2024-04-02,0,risk_on,0.9999999962783477,3.7213055239660367e-09,1.1032910759446635e-75
2024-04-03,0,risk_on,0.9999999956835381,4.3164726556867175e-09,4.2708013191647765e-73
2024-04-04,0,risk_on,0.9999999927003955,7.299904675358174e-09,8.959464320248994e-70
2024-04-05,0,risk_on,0.9999999895462679,1.0454632004496582e-08,1.3883784080656058e-66
2024-04-08,0,risk_on,0.9999999843730621,1.562783335486577e-08,1.2503270110683593e-67
2024-04-09,0,risk_on,0.9999999911997293,8.80039634476045e-09,2.008432258232454e-65
2024-04-10,0,risk_on,0.9999999780247892,2.1974536409019525e-08,5.563206096394233e-69
2024-04-11,0,risk_on,0.9999999821884559,1.78118987021099e-08,2.0599543287645661e-69
2024-04-12,0,risk_on,0.9999999689571273,3.104229483177752e-08,6.6726343065568e-67
2024-04-15,0,risk_on,0.9999999487918116,5.1207784719388154e-08,4.831373706230397e-66
2024-04-16,0,risk_on,0.9999998784005658,1.2160027161888392e-07,1.3031875772430645e-63
2024-04-17,0,risk_on,0.9999994269057247,5.730940237572205e-07,1.1253016267217865e-60
2024-04-18,0,risk_on,0.9999986849824842,1.3150183862395982e-06,3.7390839131499005e-61
2024-04-19,0,risk_on,0.9999940688388412,5.931161725192798e-06,4.449348433639534e-61
2024-04-22,0,risk_on,0.9999983305729366,1.6694266857436282e-06,1.1651790631440066e-61
2024-04-23,0,risk_on,0.9999996362294703,3.637714098417884e-07,1.5859932283362376e-62
2024-04-24,0,risk_on,0.9999996662991737,3.3370078221232555e-07,2.0075197028732298e-61
2024-04-25,0,risk_on,0.9999981455474796,1.8544530776829323e-06,1.8182405351474828e-61
2024-04-26,0,risk_on,0.9999994995379327,5.004617751286013e-07,2.687343961475567e-65
2024-04-29,0,risk_on,0.9999997195027783,2.8049751859683636e-07,6.257926201236327e-63
2024-04-30,0,risk_on,0.9999983402172025,1.6597820857763056e-06,6.964387071619349e-63
2024-05-01,0,risk_on,0.999996169590364,3.830410295458851e-06,2.9458530112826176e-66
2024-05-02,0,risk_on,0.999999446281589,5.537183657306256e-07,1.5932283802065813e-64
2024-05-03,0,risk_on,0.9999999389947353,6.100447432528075e-08,1.150000160834744e-75
2024-05-06,0,risk_on,0.9999999761439543,2.3856791230507777e-08,3.2026055836565926e-76
2024-05-07,0,risk_on,0.9999999796837076,2.031591480900298e-08,3.476483426658297e-75
2024-05-08,0,risk_on,0.9999999722149372,2.7785346974080737e-08,3.4141601372765916e-78
2024-05-09,0,risk_on,0.9999999853953341,1.4603973732518213e-08,3.099661293447241e-77
2024-05-10,0,risk_on,0.9999999801057131,1.989424463944477e-08,6.005012478218007e-79
2024-05-13,0,risk_on,0.9999999938645487,6.134928001609474e-09,1.2734349537955441e-79
2024-05-14,0,risk_on,0.9999999924202712,7.580399824216195e-09,1.5465086703811373e-74
2024-05-15,0,risk_on,0.9999999957872205,4.213493284504955e-09,2.5439769171115536e-73
2024-05-16,0,risk_on,0.9999999966130417,3.3866643275056356e-09,1.1849466410625594e-73
2024-05-17,0,risk_on,0.9999999948722689,5.1280112931580334e-09,1.2413891423962871e-72
2024-05-20,0,risk_on,0.9999999921146809,7.884905178988865e-09,3.411584787937352e-72
2024-05-21,0,risk_on,0.9999999960946298,3.905460066672735e-09,5.670027447718901e-73
2024-05-22,0,risk_on,0.9999999987521733,1.2476110975552521e-09,2.645544805078455e-74
2024-05-23,0,risk_on,0.9999999976826075,2.3180575454780147e-09,1.4703243479799482e-75
2024-05-24,0,risk_on,0.9999999986866897,1.3124945128109522e-09,3.92548261159949e-75
2024-05-28,0,risk_on,0.9999999987558112,1.2441621430865392e-09,5.047773373441713e-76
2024-05-29,0,risk_on,0.9999999976334948,2.3668874175139285e-09,6.085278541818359e-79
2024-05-30,0,risk_on,0.9999999933661456,6.633903308927006e-09,5.5470323630392535e-73
2024-05-31,0,risk_on,0.9999999953761289,4.623958417575158e-09,6.023190840014858e-73
2024-06-03,0,risk_on,0.9999999976771505,2.322200489471424e-09,2.400962993990356e-75
2024-06-04,0,risk_on,0.9999999984884198,1.5120425490690755e-09,1.1247359688208612e-81
2024-06-05,0,risk_on,0.9999999979027052,2.0964166289932895e-09,7.94311238648603e-83
2024-06-06,0,risk_on,0.9999999970204954,2.9791769814738413e-09,1.5312061177033287e-84
2024-06-07,0,risk_on,0.9999999983483576,1.6509890938098185e-09,2.7951411027939274e-84
2024-06-10,0,risk_on,0.9999999982301233,1.7706863413331104e-09,5.038432213694002e-84
2024-06-11,0,risk_on,0.9999999986557668,1.3439891433632462e-09,1.1151261103057376e-87
2024-06-12,0,risk_on,0.9999999986612238,1.3394245667392391e-09,1.8153882616186087e-87
2024-06-13,0,risk_on,0.9999999990232027,9.767002961590154e-10,6.163344222159474e-86
2024-06-14,0,risk_on,0.9999999982028385,1.7980474324279934e-09,1.446322765963908e-87
2024-06-17,0,risk_on,0.9999999985557224,1.4435852425428767e-09,3.885919970440298e-84
2024-06-18,0,risk_on,0.999999998803105,1.1963752795458694e-09,5.1772666031472116e-83
2024-06-20,0,risk_on,0.9999999985229806,1.4765381362322255e-09,2.550182514347728e-85
2024-06-21,0,risk_on,0.9999999983883754,1.6116463028376414e-09,1.6407553623272882e-85
2024-06-24,0,risk_on,0.9999999985520844,1.4482010178450202e-09,1.8678562917476622e-85
2024-06-25,0,risk_on,0.9999999973679223,2.6314720624970154e-09,1.0486161731064504e-83
2024-06-26,0,risk_on,0.999999997087798,2.9129155996841222e-09,1.1532922527385801e-83
2024-06-27,0,risk_on,0.9999999974843377,2.515185705279896e-09,1.440367184684026e-82
2024-06-28,0,risk_on,0.999999997258783,2.7413796121140875e-09,2.1190237208558735e-83
2024-07-01,0,risk_on,0.9999999949468474,5.05278926107577e-09,1.843589671678748e-80
2024-07-02,0,risk_on,0.9999999919600668,8.039836728825973e-09,1.5363413842368054e-81
2024-07-03,0,risk_on,0.9999999966694304,3.3307468127985617e-09,1.0083359005619748e-81
2024-07-05,0,risk_on,0.9999999967567419,3.243237437737004e-09,1.1149035538263074e-85
2024-07-08,0,risk_on,0.9999999983756425,1.6245838640435903e-09,4.6414355190891054e-94
2024-07-09,0,risk_on,0.9999999976462277,2.353600464807974e-09,1.7001489911333902e-92
2024-07-10,0,risk_on,0.9999999934952939,6.505323964889863e-09,4.811896316366301e-90
2024-07-11,0,risk_on,0.9999999877072696,1.229289878765105e-08,3.4811746814942785e-79
2024-07-12,0,risk_on,0.9999999962656148,3.734894522268767e-09,5.99061307211731e-82
2024-07-15,0,risk_on,0.999999995017788,4.982605720759724e-09,1.602557312957251e-85
2024-07-16,0,risk_on,0.9999999939300324,6.0707642960143075e-09,2.145851115655463e-80
2024-07-17,0,risk_on,0.9999999766605472,2.333986698904132e-08,5.179959305422608e-76
2024-07-18,0,risk_on,0.9999999504561868,4.9543197828036575e-08,3.1205663451782684e-81
2024-07-19,0,risk_on,0.999999849862445,1.5013759113420055e-07,3.2276051949172645e-81
2024-07-22,0,risk_on,0.9999999556148406,4.438580790240097e-08,1.3839749800701044e-80
2024-07-23,0,risk_on,0.9999999683477659,3.1652989981834435e-08,2.3043886862246658e-79
2024-07-24,0,risk_on,0.9999920587730862,7.941227156272202e-06,7.249315676374069e-80
2024-07-25,0,risk_on,0.9999955659775956,4.434023004071914e-06,6.09912508059849e-78
2024-07-26,0,risk_on,0.9999986744087128,1.3255904759140012e-06,6.556210499077155e-79
2024-07-29,0,risk_on,0.999999433901554,5.660986778011005e-07,4.066318652230561e-80
2024-07-30,0,risk_on,0.9999993458661586,6.541339972417293e-07,1.2584603126358885e-76
2024-07-31,0,risk_on,0.9999818057403795,1.819425909179588e-05,9.67905319592936e-73
2024-08-01,0,risk_on,0.980414121645397,0.019585878355259823,1.1876215520027548e-65
2024-08-02,1,inflation_rates_shock,0.1349397379421829,0.8650602620572708,1.800139937473842e-45
2024-08-05,1,inflation_rates_shock,7.948186508285922e-16,1.0,1.424454352867611e-44
2024-08-06,1,inflation_rates_shock,6.150006159158403e-09,0.9999999938499968,3.91420500374792e-40
2024-08-07,1,inflation_rates_shock,5.5122787727890323e-08,0.9999999448773467,6.197795683607889e-40
2024-08-08,1,inflation_rates_shock,0.0031830145760803636,0.9968169854234084,2.146889534904012e-38
2024-08-09,1,inflation_rates_shock,0.11948901496682358,0.8805109850334626,1.418263432005494e-38
2024-08-12,1,inflation_rates_shock,0.35757704391929,0.642422956079993,8.31006596654161e-40
2024-08-13,0,risk_on,0.9234992299110578,0.07650077008887185,1.3489740604498098e-41
2024-08-14,0,risk_on,0.9915496035138543,0.008450396485850721,5.100221917514766e-44
2024-08-15,0,risk_on,0.9998439841155906,0.00015601588457947774,5.314152183450345e-44
2024-08-16,0,risk_on,0.9999975684852419,2.431514160331129e-06,7.588442600612156e-44
2024-08-19,0,risk_on,0.9999988445840553,1.1554163645468314e-06,2.310168261677873e-44
2024-08-20,0,risk_on,0.9999991147400858,8.85259096264745e-07,8.515298946644544e-45
2024-08-21,0,risk_on,0.9999977347841386,2.2652166274571795e-06,6.872541495445398e-46
2024-08-22,0,risk_on,0.999999903984649,9.601510826183333e-08,3.243420918241202e-47
2024-08-23,0,risk_on,0.9999997561481293,2.4385230389879364e-07,1.1519630869428173e-45
2024-08-26,0,risk_on,0.9999996512252136,3.4877431838313043e-07,2.948568992420759e-47
2024-08-27,0,risk_on,0.9999996735951378,3.2640400315764784e-07,8.953148252376065e-47
2024-08-28,0,risk_on,0.9999997649611309,2.3503970517514866e-07,2.971532044240698e-45
2024-08-29,0,risk_on,0.9999995822455239,4.1775437748931763e-07,1.3650684509444507e-45
2024-08-30,0,risk_on,0.9999935532895033,6.446711338109578e-06,7.64864968399122e-42
2024-09-03,0,risk_on,0.9951209645279837,0.004879035472141443,3.752387337405188e-37
2024-09-04,1,inflation_rates_shock,0.0003482042900298229,0.9996517957090838,1.9160949921897385e-33
2024-09-05,0,risk_on,0.7301449775249268,0.26985502247581605,8.976616108643611e-33
2024-09-06,0,risk_on,0.7892770245802743,0.21072297542059315,3.1790413081886134e-33
2024-09-09,0,risk_on,0.9975103397295456,0.002489660269706397,2.513403495942227e-36
2024-09-10,0,risk_on,0.9999940535958006,5.946404986115207e-06,9.378037328666609e-40
2024-09-11,0,risk_on,0.999999904317524,9.568215506489676e-08,6.554567935972037e-41
2024-09-12,0,risk_on,0.9999999357696673,6.423041102722128e-08,1.2874384105919465e-41
2024-09-13,0,risk_on,0.9999997820105146,2.1798870591521978e-07,3.988910080523916e-40
2024-09-16,0,risk_on,0.999999567830039,4.3217040225566674e-07,1.6962053828142124e-40
2024-09-17,0,risk_on,0.9999989897247007,1.0102753397220993e-06,1.0866431570382707e-41
2024-09-18,0,risk_on,0.9999978570836215,2.142916210886063e-06,1.9127179111478812e-42
2024-09-19,0,risk_on,0.9999989407466426,1.059252617904353e-06,8.387681478800175e-41
2024-09-20,0,risk_on,0.999999271682365,7.283170951517394e-07,3.7980852883971193e-41
2024-09-23,0,risk_on,0.9999996305069317,3.6949332278247087e-07,1.3180522540450791e-40
2024-09-24,0,risk_on,0.9999990010879161,9.989123551214617e-07,3.0015593956247937e-40
2024-09-25,0,risk_on,0.9999992608339202,7.391654383695681e-07,1.1802490364738646e-39
2024-09-26,0,risk_on,0.9999990291912747,9.708082626581634e-07,6.740125923889747e-41
2024-09-27,0,risk_on,0.9999996623064933,3.3769266493807176e-07,3.1351840294672845e-39
2024-09-30,0,risk_on,0.9999994207138884,5.79286968165333e-07,8.295455145315457e-38
2024-10-01,0,risk_on,0.9999985094320631,1.490568410459291e-06,5.877405426040999e-38
2024-10-02,0,risk_on,0.9999997008163056,2.9918382040004196e-07,1.0464379454556333e-38
2024-10-03,0,risk_on,0.999999177149559,8.228500415399648e-07,1.3732258130943262e-39
2024-10-04,0,risk_on,0.9999992998803187,7.001191432839324e-07,1.3995081945999852e-38
2024-10-07,0,risk_on,0.9999943970626723,5.602937070207395e-06,2.0533137670674133e-38
2024-10-08,0,risk_on,0.9999898752106279,1.01247888016372e-05,3.7240916365708285e-37
2024-10-09,0,risk_on,0.9999779910688646,2.200893024257176e-05,3.7352207868709853e-38
2024-10-10,0,risk_on,0.9999778505641305,2.214943508171548e-05,2.708316909337058e-36
2024-10-11,0,risk_on,0.9999554345430547,4.4565457831915484e-05,1.531839299327633e-36
2024-10-14,0,risk_on,0.9999394001742723,6.059982545921042e-05,1.0027687861008148e-36
2024-10-15,0,risk_on,0.9999941486883677,5.851311634771339e-06,4.958631958283275e-37
2024-10-16,0,risk_on,0.9999994763130878,5.236876543244492e-07,2.2515496665842083e-36
2024-10-17,0,risk_on,0.9999997664436069,2.3355646410073286e-07,1.0423820556179256e-34
2024-10-18,0,risk_on,0.9999987073360158,1.2926632595549287e-06,1.6624605128573277e-35
2024-10-21,0,risk_on,0.9999988639380805,1.1360627113370994e-06,2.566314686056661e-35
2024-10-22,0,risk_on,0.9999995074268858,4.925733275299972e-07,1.5638878436656898e-32
2024-10-23,0,risk_on,0.9999994645951643,5.354049827887804e-07,1.048578673583521e-32
2024-10-24,0,risk_on,0.9999997207651566,2.792340936956991e-07,7.98590614583133e-33
2024-10-25,0,risk_on,0.9999997150226088,2.8497780256829137e-07,1.8336289599883674e-32
2024-10-28,0,risk_on,0.9999997489904078,2.510090653466576e-07,2.5359251247513002e-33
2024-10-29,0,risk_on,0.999999759005761,2.4099448616601963e-07,1.3994539046225123e-33
2024-10-30,0,risk_on,0.9999998776165814,1.2238261710611386e-07,6.131347218566917e-33
2024-10-31,0,risk_on,0.999998816755369,1.1832451594608094e-06,2.2977252809748243e-37
2024-11-01,0,risk_on,0.9999996231454844,3.7685364094357624e-07,2.3354185019508353e-38
2024-11-04,0,risk_on,0.9999998122821302,1.8771767354217572e-07,4.59799345558578e-39
2024-11-05,0,risk_on,0.9999986340617631,1.3659376802377992e-06,3.0505345393875866e-41
2024-11-06,0,risk_on,0.9999998809544266,1.1904598863888327e-07,7.79623728491062e-37
2024-11-07,0,risk_on,0.999999951283827,4.8716416504001575e-08,6.961112953117557e-36
2024-11-08,0,risk_on,0.9999999604096964,3.959000019422781e-08,3.5162787665467554e-36
2024-11-11,0,risk_on,0.9999999545470938,4.54538010881965e-08,1.9269683585869363e-36
2024-11-12,0,risk_on,0.9999999576066338,4.2393719251793926e-08,1.1719427049985275e-34
2024-11-13,0,risk_on,0.999999959627531,4.037307646091979e-08,5.5822603514025625e-36
2024-11-14,0,risk_on,0.9999999393712661,6.062826000566839e-08,2.5867937025069994e-37
2024-11-15,0,risk_on,0.9999999610481617,3.895225941193812e-08,2.6026178885089818e-36
2024-11-18,0,risk_on,0.9999999777082851,2.229230042279357e-08,3.86975524236692e-37
2024-11-19,0,risk_on,0.9999999905830919,9.417048852007995e-09,1.097899689024681e-38
2024-11-20,0,risk_on,0.9999999934079824,6.5919660395525e-09,7.649037623808637e-38
2024-11-21,0,risk_on,0.9999999964911694,3.508100731844536e-09,2.477825218865786e-37
2024-11-22,0,risk_on,0.9999999956889951,4.310401287744527e-09,7.099919195361683e-37
2024-11-25,0,risk_on,0.999999993651727,6.34747005123074e-09,1.745402565382976e-37
2024-11-26,0,risk_on,0.9999999940846465,5.9157710161907945e-09,5.484896332986665e-37
2024-11-27,0,risk_on,0.9999999954943632,4.506154888211646e-09,3.065704171716794e-36
2024-11-29,0,risk_on,0.9999999932388164,6.760837786606168e-09,1.8504152215421044e-36
2024-12-02,0,risk_on,0.99999997158011,2.841973842505252e-08,1.6442073999705048e-38
2024-12-03,0,risk_on,0.9999999862375262,1.3762504537470018e-08,3.817120943366587e-39
2024-12-04,0,risk_on,0.999999980473149,1.9527383548782783e-08,3.4139524629028013e-40
2024-12-05,0,risk_on,0.9999999913670763,8.632188696383976e-09,1.1975653884604096e-39
2024-12-06,0,risk_on,0.999999990894139,9.10507268625121e-09,7.62726679110807e-40
2024-12-09,0,risk_on,0.9999999950687197,4.9317386342587225e-09,3.979062571803166e-41
2024-12-10,0,risk_on,0.9999999817046048,1.8294549888498808e-08,8.91871670275489e-43
2024-12-11,0,risk_on,0.9999999943138391,5.685379221774309e-09,5.276186833927186e-41
2024-12-12,0,risk_on,0.9999999837709767,1.6229027282164444e-08,1.3797149612286712e-43
2024-12-13,0,risk_on,0.9999999967221811,3.278720990305326e-09,9.208793755302135e-44
2024-12-16,0,risk_on,0.9999999968949851,3.1045898717639825e-09,1.580944193448969e-44
2024-12-17,0,risk_on,0.9999999958199624,4.179186911379552e-09,1.3676890112331105e-38
2024-12-18,0,risk_on,0.9998622184315459,0.00013778156911381428,2.126692081138209e-45
2024-12-19,0,risk_on,0.9999993237308913,6.762696153637243e-07,9.27936010296202e-48
2024-12-20,0,risk_on,0.9999999935553205,6.445383725411984e-09,1.3106293488899474e-49
2024-12-23,0,risk_on,0.9999999930041668,6.995894467549947e-09,1.35227024194488e-48
2024-12-24,0,risk_on,0.9999999910378392,8.962237869330637e-09,3.26323740975427e-47
2024-12-26,0,risk_on,0.9999999655246944,3.447479999167597e-08,1.4807486749185946e-48
2024-12-27,0,risk_on,0.9999999318279175,6.81726616032345e-08,6.454246091871825e-49
2024-12-30,0,risk_on,0.9999998732546453,1.267457382804904e-07,6.340049580757527e-46
2024-12-31,0,risk_on,0.9999997425893856,2.574108956182825e-07,1.674365605780625e-44
2025-01-02,0,risk_on,0.9999993814492066,6.185509647849001e-07,6.228413372484959e-45
2025-01-03,0,risk_on,0.9999995707567917,4.29242625659462e-07,3.0324106297151487e-43
2025-01-06,0,risk_on,0.999999213192805,7.868071223621426e-07,4.977416354456764e-45
2025-01-07,0,risk_on,0.9999975148852128,2.48511402471309e-06,9.646869659385912e-44
2025-01-08,0,risk_on,0.9999944990946784,5.500904805067706e-06,1.1665664260230777e-43
2025-01-10,0,risk_on,0.9999933139593631,6.686040840785633e-06,2.3176983630635663e-44
2025-01-13,0,risk_on,0.9999842864724491,1.5713527660518656e-05,1.046555222157946e-43
2025-01-14,0,risk_on,0.9999922924422746,7.707558097409213e-06,1.0203446559638953e-45
2025-01-15,0,risk_on,0.9999985231253951,1.4768745717734666e-06,5.2917735072909574e-52
2025-01-16,0,risk_on,0.9999994557512426,5.442490551662591e-07,2.010366407666835e-55
2025-01-17,0,risk_on,0.9999994513947653,5.486060616299131e-07,2.3407109334186312e-56
2025-01-21,0,risk_on,0.9999987584877521,1.2415118668485533e-06,7.818472776667489e-57
2025-01-22,0,risk_on,0.9999444811188373,5.551888103298574e-05,8.615578361393196e-57
2025-01-23,0,risk_on,0.9999997071591198,2.9284144837049844e-07,1.0326592322963351e-57
2025-01-24,0,risk_on,0.9999999776864572,2.2313842412973845e-08,4.488338330020203e-58
2025-01-27,0,risk_on,0.9999999810115698,1.898836874462663e-08,3.464455440093441e-53
2025-01-28,0,risk_on,0.9999998713374308,1.286620690337106e-07,1.573919811167982e-52
2025-01-29,0,risk_on,0.9999999324008991,6.759926259447865e-08,1.4094626261838825e-53
2025-01-30,0,risk_on,0.999999972598744,2.740088478684839e-08,3.1131479852141245e-54
2025-01-31,0,risk_on,0.9999999818555808,1.8143567887527658e-08,5.328647700198593e-53
2025-02-03,0,risk_on,0.9999999570281952,4.29723120647179e-08,4.885394503251631e-54
2025-02-04,0,risk_on,0.9999999950323399,4.967984711212123e-09,3.0647492465308707e-55
2025-02-05,0,risk_on,0.9999999944502633,5.549892001106095e-09,1.2569833222132089e-57
2025-02-06,0,risk_on,0.9999999949359335,5.063175654537538e-09,8.008906818249365e-60
2025-02-07,0,risk_on,0.9999999976898835,2.3102164313068808e-09,4.34175766619534e-61
2025-02-10,0,risk_on,0.9999999997962732,2.0391528656887497e-10,1.6748867370791526e-82
2025-02-11,0,risk_on,0.9999999995125108,4.880515306735393e-10,5.0305068845067875e-79
2025-02-12,0,risk_on,0.9999999991632649,8.362919211176363e-10,3.2488975226944654e-79
2025-02-13,0,risk_on,0.9999999995652615,4.3509407358898983e-10,8.338183664120926e-83
2025-02-14,0,risk_on,0.9999999991177901,8.825965476521574e-10,1.9904824053634242e-84
2025-02-18,0,risk_on,0.9999999993506208,6.494983132576312e-10,2.657729288182733e-83
2025-02-19,0,risk_on,0.9999999992924131,7.070519035035502e-10,4.491578734321831e-85
2025-02-20,0,risk_on,0.9999999987139745,1.2863932952696899e-09,1.0865454980985362e-83
2025-02-21,0,risk_on,0.9999999956235115,4.37731770772686e-09,3.254252421352762e-73
2025-02-24,0,risk_on,0.9999999923893483,7.60992395447522e-09,2.2515458149409094e-71
2025-02-25,0,risk_on,0.9999999855026545,1.4497368450714125e-08,2.3722650930139272e-67
2025-02-26,0,risk_on,0.9999999892752385,1.0724288904906036e-08,2.955749264524306e-67
2025-02-27,0,risk_on,0.9999998847251912,1.1527392503464237e-07,1.874627987866179e-68
2025-02-28,0,risk_on,0.9999999937554094,6.24382887730171e-09,7.375165359331153e-71
2025-03-03,0,risk_on,0.9999997704417446,2.295584949310847e-07,1.322159098611211e-66
2025-03-04,0,risk_on,0.9999942097787712,5.7902210170937085e-06,1.1125741891082134e-64
2025-03-05,0,risk_on,0.9999402655919007,5.97344081112759e-05,1.822319681751081e-60
2025-03-06,0,risk_on,0.9760754087700203,0.023924591229492913,1.524818062631836e-57
2025-03-07,0,risk_on,0.8950839990751489,0.10491600092509737,3.59893001055235e-57
2025-03-10,1,inflation_rates_shock,0.0003968261155637216,0.9996031738842142,1.7973293269877545e-46
2025-03-11,1,inflation_rates_shock,6.537256691653053e-08,0.9999999346273419,4.206670176720669e-47
2025-03-12,1,inflation_rates_shock,2.0922918748067476e-08,0.9999999790779841,5.760643429047806e-46
2025-03-13,1,inflation_rates_shock,2.2792016858319738e-10,0.9999999997726263,3.478473394812617e-42
2025-03-14,1,inflation_rates_shock,5.415352546445343e-08,0.9999999458468679,1.718622879893378e-40
2025-03-17,1,inflation_rates_shock,7.697903381639257e-07,0.9999992302094377,2.6287789287397903e-43
2025-03-18,1,inflation_rates_shock,1.7574362307745783e-08,0.9999999824249245,2.922127373495916e-42
2025-03-19,1,inflation_rates_shock,1.5321575652443288e-07,0.9999998467847153,3.3530821372489786e-42
2025-03-20,1,inflation_rates_shock,1.0681827414982194e-07,0.9999998931816719,7.018176246559932e-42
2025-03-21,1,inflation_rates_shock,4.277300394185991e-08,0.9999999572264651,1.0261764233220627e-41
2025-03-24,1,inflation_rates_shock,1.5892155175583085e-06,0.9999984107847817,3.5981680285502325e-34
2025-03-25,1,inflation_rates_shock,1.0289215474123942e-06,0.9999989710782593,9.90473202764658e-34
2025-03-26,1,inflation_rates_shock,3.298172416772971e-08,0.9999999670180847,1.7684038882712392e-34
2025-03-27,1,inflation_rates_shock,3.1681330265636775e-08,0.9999999683186621,5.445270268348694e-35
2025-03-28,1,inflation_rates_shock,2.1028667176046588e-11,0.9999999999781721,1.6036868567613369e-31
2025-03-31,1,inflation_rates_shock,3.886490098605275e-09,0.9999999961128196,1.8262310799191657e-34
2025-04-01,1,inflation_rates_shock,5.242042999874945e-09,0.9999999947576725,1.7853054199275438e-32
2025-04-02,1,inflation_rates_shock,1.1065418788583731e-08,0.9999999889350875,5.523530528530292e-33
2025-04-03,1,inflation_rates_shock,2.806382219077003e-17,1.0,2.6116516535801014e-27
2025-04-04,1,inflation_rates_shock,3.8861863200417176e-35,1.0,5.056219086550768e-22
2025-04-07,1,inflation_rates_shock,5.987720522565246e-39,1.0,1.1461331797807688e-23
2025-04-08,1,inflation_rates_shock,1.9465375158850554e-43,1.0,2.1686191346360657e-24
2025-04-09,1,inflation_rates_shock,1.4852254630144854e-43,1.0,6.278398985778763e-21
2025-04-10,1,inflation_rates_shock,4.019788618935273e-58,1.0,1.572849368392928e-26
2025-04-11,1,inflation_rates_shock,1.4234724287487361e-58,1.0,2.434971323725408e-25
2025-04-14,1,inflation_rates_shock,3.3787845014815656e-56,1.0,1.7094182587614668e-26
2025-04-15,1,inflation_rates_shock,1.5455849323511375e-57,1.0,5.371809331994484e-27
2025-04-16,1,inflation_rates_shock,4.013326261027056e-62,1.0,1.5532880683179153e-25
2025-04-17,1,inflation_rates_shock,8.871802818615245e-64,1.0,1.390703956778516e-25
2025-04-21,1,inflation_rates_shock,9.778062262551994e-70,1.0,4.7416684388587675e-27
2025-04-22,1,inflation_rates_shock,2.060064474821761e-67,1.0,7.258941968804649e-27
2025-04-23,1,inflation_rates_shock,6.004226878823276e-64,1.0,1.6284962061467659e-28
2025-04-24,1,inflation_rates_shock,4.668383027462164e-62,1.0,1.110921438980237e-29
2025-04-25,1,inflation_rates_shock,7.419087213102806e-62,1.0,6.059190012418053e-29
2025-04-28,1,inflation_rates_shock,1.7075021157869603e-61,1.0,1.0057236478916215e-29
2025-04-29,1,inflation_rates_shock,2.1287534385534162e-60,1.0,4.0905214549012046e-29
2025-04-30,1,inflation_rates_shock,3.8723747506409696e-58,1.0,1.7788834304067457e-29
2025-05-01,1,inflation_rates_shock,5.830064332125918e-57,1.0,2.7979407878387934e-28
2025-05-02,1,inflation_rates_shock,1.0649436808464068e-56,1.0,4.657078876744157e-28
2025-05-05,1,inflation_rates_shock,1.3401219036311846e-53,1.0,1.319263344686769e-26
2025-05-06,1,inflation_rates_shock,3.198003516317478e-56,1.0,1.1444993108014751e-25
2025-05-07,1,inflation_rates_shock,1.99622943550324e-56,1.0,7.357070812228163e-24
2025-05-08,1,inflation_rates_shock,3.790226924971146e-61,1.0,1.6345325178706154e-22
2025-05-09,1,inflation_rates_shock,3.131383025640833e-39,1.0,2.097403065651151e-31
2025-05-12,1,inflation_rates_shock,1.811655149068394e-44,1.0,4.3733415129163935e-29
2025-05-13,1,inflation_rates_shock,1.9671149769018196e-39,1.0,3.109441750664472e-29
2025-05-14,1,inflation_rates_shock,4.7699922991779335e-39,1.0,2.040746831737126e-30
2025-05-15,1,inflation_rates_shock,1.8476477589312625e-39,1.0,4.254387850495606e-30
2025-05-16,1,inflation_rates_shock,3.9788330540714785e-43,1.0,3.983400195169298e-30
2025-05-19,1,inflation_rates_shock,1.5880408488041157e-42,1.0,3.635914782480786e-30
2025-05-20,1,inflation_rates_shock,2.822332312612614e-47,1.0,5.792242898025075e-29
2025-05-21,1,inflation_rates_shock,1.1958228161426606e-44,1.0,6.889820046262924e-31
2025-05-22,1,inflation_rates_shock,1.0773501775692525e-43,1.0,4.947044203211522e-32
2025-05-23,1,inflation_rates_shock,6.988817764904985e-41,1.0,1.0938507298235215e-32
2025-05-27,1,inflation_rates_shock,7.288752034543568e-41,1.0,4.15708149965527e-36
2025-05-28,1,inflation_rates_shock,1.874520859116497e-41,1.0,6.853100684084756e-36
2025-05-29,1,inflation_rates_shock,8.915808834907035e-40,1.0,1.7198192475356532e-35
2025-05-30,1,inflation_rates_shock,2.419068385962575e-39,1.0,1.274526237126223e-34
2025-06-02,1,inflation_rates_shock,2.3829811483196145e-37,1.0,3.4327004069387944e-35
2025-06-03,1,inflation_rates_shock,3.205909196516306e-37,1.0,4.202362083723802e-34
2025-06-04,1,inflation_rates_shock,4.575563513898326e-37,1.0,5.432832454209962e-34
2025-06-05,1,inflation_rates_shock,3.395572212795143e-37,1.0,6.024893915872971e-33
2025-06-06,1,inflation_rates_shock,2.2265649282405576e-37,1.0,2.7076972374732993e-32
2025-06-09,1,inflation_rates_shock,5.6742881764105e-36,1.0,1.6611961380949944e-33
2025-06-10,1,inflation_rates_shock,2.7636494509112715e-36,1.0,7.362197929741079e-33
2025-06-11,1,inflation_rates_shock,2.1204421563939183e-39,1.0,9.58497945078761e-34
2025-06-12,1,inflation_rates_shock,4.479825217096626e-39,1.0,1.0676731302518566e-34
2025-06-13,1,inflation_rates_shock,1.16135108628438e-35,1.0,2.6582692626182686e-37
2025-06-16,1,inflation_rates_shock,3.9896860300336596e-35,1.0,1.8275196407159216e-37
2025-06-17,1,inflation_rates_shock,6.135490343703669e-35,1.0,3.502939457110047e-36
2025-06-18,1,inflation_rates_shock,3.0538863269086004e-35,1.0,2.0980222724766954e-36
2025-06-20,1,inflation_rates_shock,1.3298484887188966e-35,1.0,9.107186281559284e-36
2025-06-23,1,inflation_rates_shock,1.002239031765536e-34,1.0,6.533569996615468e-36
2025-06-24,1,inflation_rates_shock,3.7862780892543965e-34,1.0,1.791116326432483e-38
2025-06-25,1,inflation_rates_shock,6.405397366054296e-35,1.0,4.2406018645877516e-38
2025-06-26,1,inflation_rates_shock,1.1003387647086822e-37,1.0,1.0296668413147086e-36
2025-06-27,1,inflation_rates_shock,2.2787114188567935e-38,1.0,1.2321797019062412e-35
2025-06-30,1,inflation_rates_shock,5.571679043775927e-38,1.0,1.517735971088429e-37
2025-07-01,1,inflation_rates_shock,3.398768176824989e-38,1.0,1.907040517065172e-38
2025-07-02,1,inflation_rates_shock,1.9880441369737506e-38,1.0,8.032850323000009e-38
2025-07-03,1,inflation_rates_shock,6.059465087010831e-39,1.0,2.107747791203004e-37
2025-07-07,1,inflation_rates_shock,1.7008208716568406e-35,1.0,1.1957618978264642e-39
2025-07-08,1,inflation_rates_shock,3.1977923852907375e-32,1.0,1.4821330452757477e-45
2025-07-09,1,inflation_rates_shock,6.725109387811743e-34,1.0,6.075877064074448e-46
2025-07-10,1,inflation_rates_shock,5.431568967020317e-31,1.0,2.5631131153658558e-43
2025-07-11,1,inflation_rates_shock,0.3111886862344831,0.6888113137652548,1.8498606772058335e-68
2025-07-14,0,risk_on,0.835419942453206,0.16458005754644017,9.140228270649548e-55
2025-07-15,0,risk_on,0.9962792663528515,0.0037207336473176417,1.2713129934579404e-57
2025-07-16,0,risk_on,0.9999427413572193,5.725864213769877e-05,1.2480060253038866e-58
2025-07-17,0,risk_on,0.9999947360022212,5.263998151174493e-06,4.4139956251354015e-58
2025-07-18,0,risk_on,0.9999758818883392,2.4118110952964544e-05,1.7712471107996124e-60
2025-07-21,0,risk_on,0.9999854656490567,1.4534351845575748e-05,3.5617079007127457e-60
2025-07-22,0,risk_on,0.9999121385773467,8.786142327418597e-05,2.129709099370114e-50
2025-07-23,0,risk_on,0.9999928824453042,7.117554951579568e-06,4.0680503429254564e-51
2025-07-24,0,risk_on,0.9999994427400186,5.572600668565792e-07,5.937295205547237e-53
2025-07-25,0,risk_on,0.9999999374413184,6.255952130945636e-08,4.4869046053976684e-51
2025-07-28,0,risk_on,0.9999999413030327,5.869680713887024e-08,2.71495908221218e-52
2025-07-29,0,risk_on,0.9999999194988082,8.050168063853045e-08,3.3443371736844306e-50
2025-07-30,0,risk_on,0.9999998442963381,1.5570276531275143e-07,1.4215054357767746e-50
2025-07-31,0,risk_on,0.99999991497862,8.502172195094229e-08,1.9233374515282237e-49
2025-08-01,0,risk_on,0.9999998041276023,1.9587185133944783e-07,2.393927121251261e-44
2025-08-04,0,risk_on,0.9999999756710171,2.4329682100926657e-08,1.2674956874435774e-49
2025-08-05,0,risk_on,0.999999966441465,3.355908811941407e-08,2.8489718705744377e-47
2025-08-06,0,risk_on,0.9999999603514887,3.964907413015999e-08,1.2140247823385862e-46
2025-08-07,0,risk_on,0.9999999653737183,3.462621728421739e-08,7.805315698020486e-48
2025-08-08,0,risk_on,0.9999999744140954,2.5586044032252036e-08,3.2134053089290627e-49
2025-08-11,0,risk_on,0.9999999783976821,2.160201099910877e-08,1.080784091626554e-50
2025-08-12,0,risk_on,0.9999999985593604,1.440364240575691e-09,1.151662589654526e-59
2025-08-13,0,risk_on,0.9999999988340278,1.1658779480391225e-09,1.2073391817377317e-59
2025-08-14,0,risk_on,0.999999999141437,8.588421381583718e-10,6.121656979542724e-61
2025-08-15,0,risk_on,0.9999999985739123,1.4268792267255545e-09,1.1060682179878877e-60
2025-08-18,0,risk_on,0.9999999991050572,8.943726562252989e-10,9.67159403600779e-62
2025-08-19,0,risk_on,0.9999999988413037,1.1592878007361485e-09,3.414560785475448e-60
2025-08-20,0,risk_on,0.999999998963176,1.0370861031645446e-09,2.465018662006575e-58
2025-08-21,0,risk_on,0.9999999964547897,3.544831542692907e-09,1.9256629975127556e-50
2025-08-22,0,risk_on,0.9999999952888174,4.7113798755118295e-09,2.4217720216490184e-51
2025-08-25,0,risk_on,0.9999999874307832,1.25696815002473e-08,1.5107832969920627e-51
2025-08-26,0,risk_on,0.9999999921801646,7.820191900954125e-09,5.0274278062737286e-46
2025-08-27,0,risk_on,0.9999999784849936,2.1514734253586066e-08,1.1167466910180154e-44
2025-08-28,0,risk_on,0.9999999881856638,1.1813449436531297e-08,1.6167318116447369e-43
2025-08-29,0,risk_on,0.9999999928113539,7.1894285788921904e-09,6.73033974731483e-45
2025-09-02,0,risk_on,0.999999993651727,6.348947032055476e-09,4.90578644202214e-50
2025-09-03,0,risk_on,0.9999999976571416,2.342462069109655e-09,2.452644401638851e-53
2025-09-04,0,risk_on,0.9999999970968929,2.903886857565637e-09,2.2621328263440935e-55
2025-09-05,0,risk_on,0.9999999981537258,1.8464258527752442e-09,1.0561310694433462e-53
2025-09-08,0,risk_on,0.9999999990559445,9.444317087693715e-10,5.127307281909377e-59
2025-09-09,0,risk_on,0.9999999986521289,1.3472401892816776e-09,1.5913580664615997e-58
2025-09-10,0,risk_on,0.9999999978663254,2.1342061463496232e-09,5.260323193868696e-59
2025-09-11,0,risk_on,0.999999999143256,8.570658142633111e-10,1.1541886997108113e-59
2025-09-12,0,risk_on,0.9999999992778612,7.213234560560633e-10,3.340540990894469e-59
2025-09-15,0,risk_on,0.9999999985375325,1.4623792532591913e-09,3.819795511079598e-54
2025-09-16,0,risk_on,0.999999999132342,8.672807158789189e-10,2.024915655271772e-58
2025-09-17,0,risk_on,0.9999999996853148,3.145833130410512e-10,2.542811661240235e-62
2025-09-18,0,risk_on,0.9999999996016413,3.981997054220523e-10,5.7867350859876215e-61
2025-09-19,0,risk_on,0.9999999997180566,2.8185029350288486e-10,1.2952393321092542e-58
2025-09-22,0,risk_on,0.9999999993870006,6.124399642253011e-10,4.944182824288317e-57
2025-09-23,0,risk_on,0.9999999995579856,4.4135755471336463e-10,2.911221706273512e-55
2025-09-24,0,risk_on,0.9999999997889972,2.114595541115016e-10,1.1917520309342544e-54
2025-09-25,0,risk_on,0.999999999656211,3.440428801267673e-10,7.215668971386148e-56
2025-09-26,0,risk_on,0.9999999998926796,1.0700856965877747e-10,2.3255544120239695e-56
2025-09-29,0,risk_on,0.999999999665306,3.3546436204091387e-10,5.091983816101857e-57
2025-09-30,0,risk_on,0.9999999996380211,3.622834523700853e-10,1.757292110914519e-57
2025-10-01,0,risk_on,0.9999999994288373,5.703873920114873e-10,3.1800155502226526e-58
2025-10-02,0,risk_on,0.9999999993433448,6.57336604831558e-10,1.0963029833950711e-60
2025-10-03,0,risk_on,0.9999999986976036,1.3031679259922624e-09,3.516957665159181e-58
2025-10-06,0,risk_on,0.9999999993615347,6.39315102448705e-10,1.3666706523054489e-55
2025-10-07,0,risk_on,0.9999999983538146,1.6452981814562203e-09,4.800684841239469e-54
2025-10-08,0,risk_on,0.9999999989977368,1.0020576432676114e-09,1.0595536085570977e-54
2025-10-09,0,risk_on,0.999999999312422,6.872701677459468e-10,1.8897143309144984e-50
2025-10-10,0,risk_on,0.9999999775700419,2.242959499243392e-08,8.050654097043498e-38
2025-10-13,0,risk_on,0.9999999964602466,3.5390729646377993e-09,1.6645916796532405e-36
2025-10-14,0,risk_on,0.9999999883384589,1.1660956699823531e-08,2.8457046169034593e-36
2025-10-15,0,risk_on,0.9999999820702216,1.7930051855218107e-08,3.5317276104184295e-33
2025-10-16,0,risk_on,0.9999807269434403,1.9273056559294476e-05,1.862790476692289e-32
2025-10-17,0,risk_on,0.999999986603143,1.3397068770803168e-08,7.24343917351327e-35
2025-10-20,0,risk_on,0.9999999916817615,8.317642774258817e-09,2.962916255702197e-36
2025-10-21,0,risk_on,0.9999999929113983,7.088611457806822e-09,1.6139578267065186e-37
2025-10-22,0,risk_on,0.9999999942556315,5.74434486982375e-09,5.449693760195414e-38
2025-10-23,0,risk_on,0.9999999919018592,8.097911822038261e-09,1.7063582697603857e-37
2025-10-24,0,risk_on,0.9999999978936103,2.1072552356385536e-09,8.937218317802019e-36
2025-10-27,0,risk_on,0.999999998286512,1.7140315192928423e-09,1.9787460727763835e-35
2025-10-28,0,risk_on,0.9999999985429895,1.4577329455177897e-09,2.8276709477596784e-35
2025-10-29,0,risk_on,0.9999999968495104,3.1511169371739273e-09,2.0431763186056127e-36
2025-10-30,0,risk_on,0.9999999987048795,1.2953560476190046e-09,8.68342487191835e-42
2025-10-31,0,risk_on,0.9999999990250217,9.741395393327222e-10,2.579630834755093e-42
2025-11-03,0,risk_on,0.999999999319698,6.808968859486542e-10,3.018249426328126e-41
2025-11-04,0,risk_on,0.9999999986448529,1.3557887833599484e-09,3.9785213971963534e-42
2025-11-05,0,risk_on,0.9999999987830961,1.2171333004518846e-09,1.1570273639941025e-41
2025-11-06,0,risk_on,0.9999999984211172,1.578608868595636e-09,2.1360281126517507e-39
2025-11-07,0,risk_on,0.9999999982519512,1.747340959064929e-09,2.5785609406888093e-39
2025-11-10,0,risk_on,0.9999999973642844,2.6351651858155782e-09,1.2492381551040243e-41
2025-11-11,0,risk_on,0.9999999981009751,1.8997091261193635e-09,1.1089590066162226e-40
2025-11-12,0,risk_on,0.9999999976607796,2.33870159528775e-09,1.477819659185017e-42
2025-11-13,0,risk_on,0.9999999889078026,1.109239994115198e-08,5.364653461329781e-44
2025-11-14,0,risk_on,0.9999995661820353,4.3381813579740054e-07,7.692746825466098e-44
2025-11-17,0,risk_on,0.999999960309652,3.96895624378006e-08,1.158546471386937e-43
2025-11-18,0,risk_on,0.9999997319519385,2.680484009162147e-07,7.780145006475992e-43
2025-11-19,0,risk_on,0.9999998060429977,1.939563819247091e-07,1.5922526918107319e-40
2025-11-20,0,risk_on,0.9999966290399671,3.370960366312659e-06,1.780739714661724e-36
2025-11-21,0,risk_on,0.9999999192859864,8.071339775658272e-08,1.6627748122078635e-37
2025-11-24,0,risk_on,0.9999999759911592,2.400830410455407e-08,1.3570538727295785e-41
2025-11-25,0,risk_on,0.9999999820556696,1.7943765531223618e-08,3.0324244510036924e-42
2025-11-26,0,risk_on,0.9999999795036276,2.049689829853709e-08,1.224301675699818e-42
2025-11-28,0,risk_on,0.9999999272058657,7.279379245759055e-08,9.47062279220649e-41
2025-12-01,0,risk_on,0.9999999827778084,1.722302231867545e-08,5.847464165584627e-41
2025-12-02,0,risk_on,0.9999999812171156,1.8783199601658478e-08,7.691964066912938e-40
2025-12-03,0,risk_on,0.9999999622541516,3.7745358476532795e-08,1.0679301018721624e-39
2025-12-04,0,risk_on,0.9999999898445822,1.0155168337945936e-08,1.1491769416714425e-40
2025-12-05,0,risk_on,0.9999999895426299,1.0457932621131004e-08,7.281202862870862e-40
2025-12-08,0,risk_on,0.9999999944029696,5.597710029116676e-09,9.363971189193739e-41
2025-12-09,0,risk_on,0.99999999519423,4.805184975574515e-09,1.5353651859573124e-40
2025-12-10,0,risk_on,0.9999999733718145,2.6627539338989614e-08,7.260419097274284e-40
2025-12-11,0,risk_on,0.9999998861458217,1.1385392047997786e-07,3.094862059352411e-39
2025-12-12,0,risk_on,0.9999999916799425,8.319215795081464e-09,8.12819381788171e-42
2025-12-15,0,risk_on,0.9999999949832272,5.016282328253062e-09,1.1930976388784756e-41
2025-12-16,0,risk_on,0.9999999964384187,3.5613752802863563e-09,7.929101656431032e-40
2025-12-17,0,risk_on,0.9999999745305107,2.546908369271146e-08,1.7714201456428885e-38
2025-12-18,0,risk_on,0.9999998733947075,1.2660530346910959e-07,3.987630147999573e-40
2025-12-19,0,risk_on,0.9999999346291609,6.537014514191198e-08,1.3340681593038116e-38
2025-12-22,0,risk_on,0.9999985049082433,1.4950925134152015e-06,2.4626888898766904e-39
2025-12-23,0,risk_on,0.9999999609772211,3.902267641313655e-08,2.7720889238408003e-42
2025-12-24,0,risk_on,0.999999991588993,8.41131469705597e-09,3.3617751372195458e-43
2025-12-26,0,risk_on,0.9999999958072294,4.193012104105029e-09,1.6247813582639684e-44
2025-12-29,0,risk_on,0.9999999964147719,3.5845621172264582e-09,1.1653043231207512e-43
2025-12-30,0,risk_on,0.9999999960000423,4.000386573485066e-09,8.171880234512195e-44
2025-12-31,0,risk_on,0.9999999957326509,4.268066390315024e-09,2.384973873901821e-44
2026-01-02,0,risk_on,0.9999999969368218,3.0631297015356412e-09,1.2048579851802121e-44
2026-01-05,0,risk_on,0.9999999959454726,4.054410318419383e-09,1.505457909868013e-46
2026-01-06,0,risk_on,0.9999999963783921,3.6214362362369664e-09,4.513330511637374e-47
2026-01-07,0,risk_on,0.9999999957872205,4.213129657820184e-09,3.6229175706264287e-47
2026-01-08,0,risk_on,0.9999999957726686,4.226534936662933e-09,1.9439364350816134e-47
2026-01-09,0,risk_on,0.9999999963638402,3.6354786798330885e-09,1.6743939634202305e-48
2026-01-12,0,risk_on,0.9999999995052349,4.941265518856463e-10,5.142641325204465e-67
2026-01-13,0,risk_on,0.9999999994997779,4.997635871459248e-10,3.3553173278035886e-69
2026-01-14,0,risk_on,0.9999999997635314,2.365694562314546e-10,4.3958597251311375e-67
2026-01-15,0,risk_on,0.9999999997544364,2.459952286982022e-10,2.716377263930796e-68
2026-01-16,0,risk_on,0.9999999998417479,1.578192114483409e-10,5.1595219869694365e-71
2026-01-20,0,risk_on,0.9999999996107363,3.9006327390288663e-10,5.0639642268242817e-79
2026-01-21,0,risk_on,0.9999999998999556,9.988375599145117e-11,6.198201297955964e-82
2026-01-22,0,risk_on,0.9999999998944986,1.0461424661529203e-10,5.582572493664766e-83
2026-01-23,0,risk_on,0.9999999998581188,1.4105541272785087e-10,6.016827526719713e-84
2026-01-26,0,risk_on,0.9999999998490239,1.506795616050734e-10,7.272439762534336e-88
2026-01-27,0,risk_on,0.9999999994488462,5.512102492296567e-10,4.425578399928631e-87
2026-01-28,0,risk_on,0.9999999990741344,9.256624108599904e-10,8.969667298372643e-88
2026-01-29,0,risk_on,0.99999999931606,6.845320578143134e-10,1.1424503665124488e-87
2026-01-30,0,risk_on,0.9999999993760866,6.248183668148413e-10,7.234437781918112e-89
2026-02-02,0,risk_on,0.999999999829015,1.7026747295887925e-10,2.89558412862096e-84
2026-02-03,0,risk_on,0.9999999995980033,4.015176594067895e-10,1.0608043740649469e-82
2026-02-04,0,risk_on,0.9999999995325197,4.66899264989427e-10,2.01397437280495e-83
2026-02-05,0,risk_on,0.9999999960964487,3.903905502539547e-09,1.9782583567651277e-74
2026-02-06,0,risk_on,0.999999985575414,1.4423724574387941e-08,2.112707054192412e-78
2026-02-09,0,risk_on,0.9999999993760866,6.242406166640009e-10,1.5901690987591951e-83
2026-02-10,0,risk_on,0.9999999989922799,1.0069741465307027e-09,4.7231880619485144e-80
2026-02-11,0,risk_on,0.9999999987649062,1.2354571957040246e-09,3.801180522895622e-83
2026-02-12,0,risk_on,0.99999999382635,6.173924410851916e-09,1.3704631171923083e-69
2026-02-13,0,risk_on,0.9999999974479579,2.551215178066289e-09,7.508654165081162e-70
2026-02-17,0,risk_on,0.9999999976644176,2.336006867778738e-09,3.2645981885763476e-63
2026-02-18,0,risk_on,0.9999999954670784,4.532875993183871e-09,1.2517224885446277e-62
2026-02-19,0,risk_on,0.9999999988795025,1.1200952817436783e-09,3.891652755051297e-63
2026-02-20,0,risk_on,0.999999998970452,1.029810905182597e-09,1.1785624653156068e-61
2026-02-23,0,risk_on,0.9999999926785677,7.3213001456723e-09,5.137833313539794e-60
2026-02-24,0,risk_on,0.999999998291969,1.7075051117881006e-09,3.0482958382281617e-63
2026-02-25,0,risk_on,0.9999999967621989,3.2373238087728804e-09,7.691745116759082e-64
2026-02-26,0,risk_on,0.999999996056431,3.944348654128855e-09,2.4291154731050708e-60
2026-02-27,0,risk_on,0.999999990213837,9.786216770736812e-09,1.2300940879578124e-57
2026-03-02,0,risk_on,0.9999998821313126,1.1786862636733664e-07,6.027563402742399e-57
2026-03-03,0,risk_on,0.999999398802355,6.011972007660872e-07,2.0577037830896604e-59
2026-03-04,0,risk_on,0.9999998915245728,1.0847608502089075e-07,1.0197396357515867e-53
2026-03-05,0,risk_on,0.9999728243929071,2.7175606422316398e-05,1.5458683228462874e-52
2026-03-06,0,risk_on,0.9959068815166111,0.004093118483569285,1.4716267420453663e-54
2026-03-09,0,risk_on,0.9998544971095358,0.00014550288992673874,5.764848047699649e-60
2026-03-10,0,risk_on,0.999992581837662,7.418161959078682e-06,3.528952407875321e-62
2026-03-11,0,risk_on,0.9999937858203607,6.214180233576933e-06,1.9013793811602532e-60
2026-03-12,0,risk_on,0.9999157329439191,8.426705569871736e-05,1.1576961560746328e-60
2026-03-13,0,risk_on,0.9999867988188339,1.3201181833172574e-05,1.8968375501296863e-60
2026-03-16,0,risk_on,0.9999995066319878,4.933684143504042e-07,2.0469954470883446e-64
2026-03-17,0,risk_on,0.9999998353378168,1.6466271262692141e-07,4.6223773805671504e-61
2026-03-18,0,risk_on,0.999997824209097,2.175790913332379e-06,4.98647973728726e-62
2026-03-19,0,risk_on,0.9999948225874837,5.177412996553934e-06,4.161381230388518e-59
2026-03-20,0,risk_on,0.9999352250531607,6.477494678102951e-05,8.801079892466482e-65
2026-03-23,0,risk_on,0.9999368184514125,6.318154888296191e-05,1.2726329146788902e-67
2026-03-24,0,risk_on,0.9991683174855651,0.0008316825144046955,6.69170108374419e-69
2026-03-25,0,risk_on,0.9950007052959398,0.00499929470465288,1.1805575253317374e-70
2026-03-26,0,risk_on,0.5682628267948482,0.4317371732047118,8.128932755409195e-71
2026-03-27,1,inflation_rates_shock,0.07630219029971276,0.9236978097006127,8.205427070645921e-70
2026-03-30,1,inflation_rates_shock,0.07782577468904037,0.9221742253106922,6.432537907837205e-71
2026-03-31,0,risk_on,0.9660720493042725,0.03392795069636397,3.2996070614769737e-68
2026-04-01,0,risk_on,0.9994285324801269,0.0005714675207376839,4.5043529679047587e-70
2026-04-02,0,risk_on,0.9999974403941467,2.5596059592644904e-06,8.132792187976717e-69
2026-04-06,0,risk_on,0.9999985016086014,1.4983919027723073e-06,1.1284731596593812e-67
2026-04-07,0,risk_on,0.9998630392741629,0.00013696072505445884,1.1264385303295126e-67
2026-04-08,0,risk_on,0.9999981328746039,1.8671255524336597e-06,9.246612468187502e-73
2026-04-09,0,risk_on,0.9999997445375228,2.5546217640658676e-07,3.7412583733077043e-72
2026-04-10,0,risk_on,0.9999994813953416,5.186049782163872e-07,7.545246267649957e-71
2026-04-13,0,risk_on,0.9999966340348952,3.3659658663327163e-06,2.8606695976444946e-70
2026-04-14,0,risk_on,0.9999950421256593,4.957873912355311e-06,6.958928058567597e-72
2026-04-15,0,risk_on,0.9999989561571047,1.0438422956751832e-06,5.4832817471710065e-71
2026-04-16,0,risk_on,0.9999990290948683,9.709053003503869e-07,9.59995321605445e-71
2026-04-17,0,risk_on,0.9999993180083545,6.819920171841089e-07,3.9541741378778034e-67
2026-04-20,0,risk_on,0.9999960572845757,3.94271617212066e-06,7.776339895364507e-67
2026-04-21,0,risk_on,0.9999966342331644,3.3657660996859844e-06,2.501730134401611e-60
2026-04-22,0,risk_on,0.9999979205171051,2.079483379143216e-06,1.0795191946391221e-61
2026-04-23,0,risk_on,0.9999979030439293,2.0969561130873976e-06,1.8926620054150758e-59
2026-04-24,0,risk_on,0.9999727268140581,2.7273186408367076e-05,1.1773358731061265e-58
2026-04-27,0,risk_on,0.9982456660256246,0.0017543339742029818,2.3723922128032418e-52
2026-04-28,0,risk_on,0.9826303692487536,0.017369630751222817,3.636616249385659e-52
2026-04-29,0,risk_on,0.981988459791683,0.018011540209065265,7.543712017636018e-56
2026-04-30,0,risk_on,0.9995416637863404,0.00045833621399157804,4.2856412975215785e-58
2026-05-01,0,risk_on,0.9999946882012514,5.311798519428106e-06,1.5888094317108142e-59
2026-05-04,0,risk_on,0.9999984879189078,1.5120809826296497e-06,2.7623351720855255e-61
2026-05-05,0,risk_on,0.9999994543506215,5.456493627203776e-07,5.09339306857308e-60
2026-05-06,0,risk_on,0.9999934933942082,6.5066050224221344e-06,4.1962515152012624e-60
2026-05-07,0,risk_on,0.9999998373859985,1.626142929232979e-07,1.318695573054884e-68
2026-05-08,0,risk_on,0.9999999124956995,8.750503797362609e-08,1.3213868788331248e-70
2026-05-11,0,risk_on,0.9999997552695576,2.447313129064337e-07,4.1950992158894204e-71
2026-05-12,0,risk_on,0.9999999456231322,5.4377164053506645e-08,2.6901136267850066e-76
2026-05-13,0,risk_on,0.9999999563497123,4.3649745112402766e-08,2.464562035692632e-77
2026-05-14,0,risk_on,0.9999999914416549,8.558077620066958e-09,1.832425349494561e-86
2026-05-15,0,risk_on,0.9999999832143659,1.6785880290078186e-08,2.2048827154862238e-89
2026-05-18,0,risk_on,0.9999999912161002,8.783418427544427e-09,7.925766320854121e-90
2026-05-19,0,risk_on,0.9999999779392967,2.2060895655073458e-08,4.037318821845086e-87
2026-05-20,0,risk_on,0.999999034882887,9.651175232349388e-07,2.872043796987745e-79
2026-05-21,2,defensive_risk_off,0.0,0.0,1.0
