date,regime,regime_label,prob_regime_0,prob_regime_1,prob_regime_2,prob_regime_3,prob_regime_4
2008-01-02,4,mixed_or_neutral_4,0.0,0.0,0.0,0.0,1.0
2008-01-03,4,mixed_or_neutral_4,3.775738533006918e-14,6.078332828869199e-09,1.6847030531185754e-10,0.0,0.9999999937535904
2008-01-04,4,mixed_or_neutral_4,6.593867056973027e-16,2.471200627260978e-10,5.067547531270766e-19,3.6796713600319e-18,0.9999999997526174
2008-01-07,4,mixed_or_neutral_4,4.688252030796167e-19,4.9291831457060026e-11,4.4844829844429135e-18,7.15590284907362e-22,0.9999999999508873
2008-01-08,4,mixed_or_neutral_4,1.4022199896602397e-25,3.351114672617762e-12,6.607387124503276e-26,4.578269975655266e-23,0.999999999996362
2008-01-09,4,mixed_or_neutral_4,7.468152839693145e-27,6.346165676218964e-14,2.099350778417952e-27,4.2588831469145075e-22,1.0
2008-01-10,4,mixed_or_neutral_4,5.227877612255584e-26,9.442094202371552e-14,1.608792418766754e-20,3.3264014995451413e-25,1.0
2008-01-11,4,mixed_or_neutral_4,4.997535806951797e-25,1.3165994850735833e-14,1.0063699513688103e-25,1.5662725362772736e-24,1.0
2008-01-14,4,mixed_or_neutral_4,3.5215252922566116e-30,2.696939373796321e-14,5.348623087051463e-26,4.384991686353776e-27,1.0
2008-01-15,4,mixed_or_neutral_4,7.289757498922265e-31,1.0960648714912948e-14,8.812350836508479e-36,4.334556231195196e-27,1.0
2008-01-16,4,mixed_or_neutral_4,2.0910349150871153e-30,3.0998243715712854e-15,2.996629507301431e-42,7.6904796938781815e-25,1.0
2008-01-17,4,mixed_or_neutral_4,4.246150271719568e-33,9.34837015493871e-15,5.376069421772707e-52,3.0212533564225455e-24,1.0
2008-01-18,4,mixed_or_neutral_4,8.054073391516844e-30,7.292112370365123e-18,2.0914005161455157e-56,2.375390554347859e-25,1.0
2008-01-22,4,mixed_or_neutral_4,1.6363007407003092e-31,1.2003271587430007e-15,1.7848098561553027e-59,1.5031177716864095e-23,1.0
2008-01-23,4,mixed_or_neutral_4,8.533247433673553e-30,4.8401735708974966e-15,5.1205837080639404e-48,1.327415476590728e-21,1.0
2008-01-24,4,mixed_or_neutral_4,1.178933025996029e-28,1.0235611363637644e-15,7.667675101444705e-42,4.357893091757602e-22,1.0
2008-01-25,4,mixed_or_neutral_4,2.162277097737304e-28,1.6011850546427957e-16,2.874776427847493e-45,2.8707411474823472e-24,1.0
2008-01-28,4,mixed_or_neutral_4,9.338027284149533e-30,2.801075292886396e-15,3.4440309710901067e-42,1.9424366578247974e-23,1.0
2008-01-29,4,mixed_or_neutral_4,3.7645336093366833e-31,3.034566694173416e-16,3.247563557923596e-39,2.446681498226961e-23,1.0
2008-01-30,4,mixed_or_neutral_4,1.0316654364193393e-29,2.6817209792897392e-17,3.3953620386393574e-39,2.3002188502828e-26,1.0
2008-01-31,4,mixed_or_neutral_4,8.178658135477252e-30,8.023041301272132e-17,2.089798663300708e-34,2.835690277897483e-26,1.0
2008-02-01,4,mixed_or_neutral_4,4.241693925360736e-29,4.04073961976696e-17,2.105895062258067e-29,3.97793496766837e-27,1.0
2008-02-04,4,mixed_or_neutral_4,4.0073950062181655e-31,3.119725278634917e-17,9.391818359558741e-34,1.0879537277728385e-27,1.0
2008-02-05,4,mixed_or_neutral_4,5.304901907783673e-33,6.775890081474348e-19,6.134112304634579e-49,1.364628554836994e-26,1.0
2008-02-06,4,mixed_or_neutral_4,1.717263003842617e-31,9.31378543186324e-18,6.320498848371364e-54,3.452469007933192e-28,1.0
2008-02-07,4,mixed_or_neutral_4,5.234174342658668e-32,1.1275893278836867e-17,7.939634429294754e-57,3.095410031821778e-29,1.0
2008-02-08,4,mixed_or_neutral_4,7.328249821867297e-32,4.434323850741283e-17,2.12815083236295e-56,1.6648292695841715e-27,1.0
2008-02-11,4,mixed_or_neutral_4,6.028982217602321e-32,3.719060240358391e-16,6.396025009472678e-54,1.1739122207677865e-25,1.0
2008-02-12,4,mixed_or_neutral_4,4.180069373398692e-31,2.7716446446988166e-15,1.3742265560037096e-50,1.803854622483187e-26,1.0
2008-02-13,4,mixed_or_neutral_4,6.737540703959162e-33,6.199327055113004e-15,7.768811465187057e-47,1.3995423155970757e-26,1.0
2008-02-14,4,mixed_or_neutral_4,4.421115050285939e-38,6.667324459251605e-17,1.6866757959919346e-52,1.1791774321992218e-27,1.0
2008-02-15,4,mixed_or_neutral_4,6.750811619648272e-35,6.021081403776902e-17,2.8665659879826322e-55,1.2895132952157846e-28,1.0
2008-02-19,4,mixed_or_neutral_4,1.2238064681438608e-32,1.7553784961916462e-15,1.316061489385187e-58,4.971041201864377e-27,1.0
2008-02-20,4,mixed_or_neutral_4,7.276258167044733e-36,2.664080877176063e-14,9.749158303351294e-62,4.7622864616003e-23,1.0
2008-02-21,4,mixed_or_neutral_4,2.9899890601019304e-34,1.7975700124591388e-13,2.133520874620748e-68,1.9597548886966e-24,1.0
2008-02-22,4,mixed_or_neutral_4,9.054269731889984e-38,7.992152402453714e-14,2.7306456205444786e-64,1.1562537635553124e-25,1.0
2008-02-25,4,mixed_or_neutral_4,1.2713107281640606e-37,2.472027612876888e-13,2.0495628830400662e-55,3.4694646269335236e-25,1.0
2008-02-26,4,mixed_or_neutral_4,3.879734097440329e-36,3.285283236239717e-14,5.519564858051346e-54,2.106291254609923e-25,1.0
2008-02-27,4,mixed_or_neutral_4,2.0748004341948947e-40,3.844499351492926e-15,1.3695356740164874e-51,2.3837059467544933e-27,1.0
2008-02-28,4,mixed_or_neutral_4,5.542773136871824e-39,7.564413857213062e-17,5.773168869414981e-54,5.293315894949384e-28,1.0
2008-02-29,4,mixed_or_neutral_4,3.808966785597729e-36,4.40837973398862e-15,6.294269568362652e-65,8.249848079112191e-25,1.0
2008-03-03,4,mixed_or_neutral_4,6.948615198020312e-39,2.3994941602145275e-15,1.3417394219766277e-60,6.305039055925416e-25,1.0
2008-03-04,4,mixed_or_neutral_4,3.8311367060749875e-42,4.811242405579486e-17,1.7846794466502616e-59,3.2507507247972396e-26,1.0
2008-03-05,4,mixed_or_neutral_4,5.351128445262062e-44,3.536115621425858e-17,6.258048167543906e-62,4.637389678458245e-30,1.0
2008-03-06,4,mixed_or_neutral_4,9.747484070338025e-46,3.669654276286613e-16,4.8022262535575006e-79,6.365372773217578e-29,1.0
2008-03-07,4,mixed_or_neutral_4,2.2655748849786927e-48,1.6814754895626704e-17,9.022099351800382e-88,4.026151689830423e-28,1.0
2008-03-10,4,mixed_or_neutral_4,4.2968344775064376e-49,9.152024765064183e-19,5.276868190111201e-91,1.539496410292535e-30,1.0
2008-03-11,4,mixed_or_neutral_4,9.773353791934863e-45,7.365156643634074e-17,1.3014101405071062e-72,1.6370039681098275e-34,1.0
2008-03-12,4,mixed_or_neutral_4,2.2800083560954155e-46,8.567601137217178e-18,4.1922067911663745e-76,4.41330350850829e-32,1.0
2008-03-13,4,mixed_or_neutral_4,1.1062219193892518e-47,4.0131846988934304e-17,3.4596305059662884e-71,3.296934409689557e-32,1.0
2008-03-14,4,mixed_or_neutral_4,5.18624320449018e-49,6.088898446473781e-17,4.1742495412990104e-71,6.0666327143044724e-34,1.0
2008-03-17,4,mixed_or_neutral_4,1.761557686915166e-42,2.269260047717682e-17,3.491457235610016e-77,1.5774708151708035e-30,1.0
2008-03-18,4,mixed_or_neutral_4,3.960598915376717e-46,5.525301502805215e-16,1.0066674747738279e-63,3.901069013458195e-36,1.0
2008-03-19,4,mixed_or_neutral_4,8.448106547167775e-44,4.780245604441601e-15,4.963356057412122e-72,1.1338615439983342e-31,1.0
2008-03-20,4,mixed_or_neutral_4,1.4086410221639278e-36,3.220204228531995e-16,2.9024679001924943e-65,2.8854240524702383e-28,1.0
2008-03-24,4,mixed_or_neutral_4,1.066468947045491e-38,8.631540168596503e-14,3.151778146942988e-57,1.830126708726505e-30,1.0
2008-03-25,4,mixed_or_neutral_4,1.0546218287720191e-42,2.4595060164243245e-14,1.1154275062929843e-54,7.978446785393957e-30,1.0
2008-03-26,4,mixed_or_neutral_4,6.9787901775791015e-43,3.2320868584219714e-17,6.910587162367438e-58,1.054270193556081e-30,1.0
2008-03-27,4,mixed_or_neutral_4,1.5327316990836418e-45,7.409099313852506e-18,1.011610040757896e-57,4.6671226310636457e-35,1.0
2008-03-28,4,mixed_or_neutral_4,2.2758243003052305e-44,5.818808115951508e-18,3.595264973656753e-64,3.1488276657848994e-36,1.0
2008-03-31,4,mixed_or_neutral_4,3.2449377353365964e-41,3.589257053296732e-17,8.416568825645909e-65,2.0845906923507267e-36,1.0
2008-04-01,4,mixed_or_neutral_4,2.7634211120435777e-43,5.154393160429316e-14,3.9885384187693546e-58,1.583657238498516e-38,1.0
2008-04-02,4,mixed_or_neutral_4,9.104413247086746e-44,6.146644009857969e-13,1.2620763287449509e-57,3.3131831189396485e-33,0.9999999999990905
2008-04-03,4,mixed_or_neutral_4,3.3495035010625517e-44,8.039460955463848e-13,7.914002545121734e-57,3.715921447681906e-30,0.9999999999990905
2008-04-04,4,mixed_or_neutral_4,2.8799999553837146e-39,7.486829943549203e-15,1.517474652629921e-55,6.704632416545523e-29,1.0
2008-04-07,4,mixed_or_neutral_4,2.1132608356099826e-39,8.015672576474334e-13,3.6843335849099956e-62,1.0232823867983986e-30,0.9999999999990905
2008-04-08,4,mixed_or_neutral_4,3.0055569668540727e-42,1.845927373457334e-12,1.1722477447898088e-66,1.8004490088625273e-29,0.999999999998181
2008-04-09,4,mixed_or_neutral_4,5.084598409210492e-41,3.979999209825751e-11,3.821057455352233e-73,1.1077362672852044e-27,0.9999999999599822
2008-04-10,4,mixed_or_neutral_4,4.3588486278566087e-39,1.2870122156536885e-12,1.7842159319233407e-63,6.671917702436104e-27,0.9999999999990905
2008-04-11,4,mixed_or_neutral_4,5.059828526006542e-37,6.363774032369231e-12,5.947927170330589e-76,3.083627804482802e-28,0.9999999999936335
2008-04-14,4,mixed_or_neutral_4,1.2636162979236321e-37,1.476536630685317e-11,8.48845985495823e-79,3.736246193734721e-27,0.9999999999854481
2008-04-15,4,mixed_or_neutral_4,1.7299974058965867e-37,5.7407007516961726e-11,3.7758464611962964e-85,1.6124256904492884e-29,0.9999999999427018
2008-04-16,4,mixed_or_neutral_4,9.556130860014779e-47,2.5146437442644705e-09,5.4513616796789e-79,8.69478748038652e-34,0.9999999974852471
2008-04-17,4,mixed_or_neutral_4,3.998923213993605e-39,1.2842780180516034e-11,8.365805786720968e-65,4.657470994430845e-27,0.9999999999872671
2008-04-18,4,mixed_or_neutral_4,7.449079712886487e-36,4.255592504769368e-11,7.697581718842967e-66,1.207301915607232e-27,0.9999999999572537
2008-04-21,4,mixed_or_neutral_4,1.2867598355216339e-36,2.3281465292815072e-11,1.1494054069481836e-60,1.1342628992893637e-26,0.9999999999763531
2008-04-22,4,mixed_or_neutral_4,4.644921512443622e-31,7.561547132519762e-13,5.387210390429706e-58,1.4687832977485666e-22,0.9999999999990905
2008-04-23,4,mixed_or_neutral_4,2.273913563576603e-33,7.814664184455266e-12,2.6739950778281363e-57,6.102675115804951e-26,0.9999999999918145
2008-04-24,4,mixed_or_neutral_4,3.5011441222609844e-34,5.346593624535586e-12,1.6204365082966228e-57,2.2998172096967603e-25,0.999999999994543
2008-04-25,4,mixed_or_neutral_4,6.539886145487593e-36,1.023988101925374e-12,1.6106113072813648e-55,4.247346112479296e-25,0.9999999999990905
2008-04-28,4,mixed_or_neutral_4,8.276480507224404e-37,1.0629262452728878e-12,7.233846972098223e-57,3.487895831518352e-26,0.9999999999990905
2008-04-29,4,mixed_or_neutral_4,1.2479497753662285e-35,1.451949739201739e-12,8.0034943522987535e-56,4.9784932072610005e-26,0.999999999998181
2008-04-30,4,mixed_or_neutral_4,2.105042229698668e-33,3.71290671509871e-12,1.1788967059629857e-54,2.781352194173849e-23,0.999999999996362
2008-05-01,4,mixed_or_neutral_4,2.617406987556164e-34,1.9338653577718912e-13,5.303246862377707e-47,5.119531060582357e-25,1.0
2008-05-02,4,mixed_or_neutral_4,1.038103080360717e-32,6.536206649159273e-13,1.6881016538589831e-43,4.071826090331212e-28,0.9999999999990905
2008-05-05,4,mixed_or_neutral_4,5.631626069318999e-34,7.925569924147477e-13,2.745898691908628e-44,2.2813597328691306e-28,0.9999999999990905
2008-05-06,4,mixed_or_neutral_4,9.949860923473077e-32,9.784759170157635e-13,1.4845906565962897e-39,8.798942368427792e-28,0.9999999999990905
2008-05-07,4,mixed_or_neutral_4,5.4126195530276405e-31,9.605616435734896e-12,2.517126407570776e-47,6.589023855979383e-27,0.9999999999899956
2008-05-08,4,mixed_or_neutral_4,1.277665358570109e-32,1.0193378480240619e-11,2.3853661395774305e-50,3.336617728674408e-27,0.9999999999899956
2008-05-09,4,mixed_or_neutral_4,6.987289806280501e-32,9.980883651087584e-12,1.0002302491121115e-51,1.1393134776136042e-25,0.9999999999899956
2008-05-12,4,mixed_or_neutral_4,4.3312416868741767e-32,3.764793343134652e-12,2.0853230127057012e-52,8.152029213990974e-27,0.999999999996362
2008-05-13,4,mixed_or_neutral_4,8.355680452348504e-32,4.260010672683268e-12,2.4826127879964662e-51,3.480332043948545e-27,0.9999999999954525
2008-05-14,4,mixed_or_neutral_4,1.9025098967291535e-32,4.526553878369513e-12,6.893254744681344e-49,1.5064225581240065e-27,0.9999999999954525
2008-05-15,4,mixed_or_neutral_4,1.3688877111518277e-30,4.861000508257202e-12,5.084685904230608e-43,6.016858351861643e-28,0.9999999999954525
2008-05-16,4,mixed_or_neutral_4,2.268122475502865e-30,3.108053285497776e-12,3.0830758367604564e-42,4.279064779965352e-27,0.9999999999972715
2008-05-19,4,mixed_or_neutral_4,2.17965367894995e-29,1.0134837333476583e-12,6.424476986704007e-38,9.024893105761476e-27,0.9999999999990905
2008-05-20,4,mixed_or_neutral_4,1.0371538823283717e-28,1.503944765912425e-12,1.1785202795765728e-40,5.5488699440070825e-27,0.999999999998181
2008-05-21,4,mixed_or_neutral_4,2.890639680740688e-29,8.84596090888317e-12,1.5263914753714858e-49,1.010605369236061e-25,0.999999999990905
2008-05-22,4,mixed_or_neutral_4,8.704376448320853e-29,2.057602517463799e-12,3.0682569815214935e-49,2.7510263177497185e-25,0.999999999998181
2008-05-23,4,mixed_or_neutral_4,7.276423103335453e-29,6.406243132828682e-12,4.655778262941702e-54,5.9723805697498604e-24,0.9999999999936335
2008-05-27,4,mixed_or_neutral_4,3.447300303372644e-29,5.319928986837151e-12,6.683670322101831e-47,9.508773463579195e-24,0.999999999994543
2008-05-28,4,mixed_or_neutral_4,4.811198930364262e-29,1.5702970373529232e-12,2.041188364127073e-43,9.996918344096303e-25,0.999999999998181
2008-05-29,4,mixed_or_neutral_4,1.1073382402404043e-28,4.694757191201554e-12,6.080390850596786e-44,1.0417875186392046e-25,0.9999999999954525
2008-05-30,4,mixed_or_neutral_4,1.7322070021707892e-31,2.423472510899435e-12,1.2908879602613798e-44,1.858524609254639e-24,0.9999999999972715
2008-06-02,4,mixed_or_neutral_4,2.124004111122636e-34,2.470314460950312e-13,5.363950501471928e-47,4.683152722140686e-22,1.0
2008-06-03,4,mixed_or_neutral_4,3.327465116862096e-32,9.330475163763794e-15,1.7745077768891132e-47,3.1350890755822554e-23,1.0
2008-06-04,4,mixed_or_neutral_4,1.5759826502627005e-33,2.01909022382767e-14,1.830480503200523e-46,1.5681095405533222e-24,1.0
2008-06-05,4,mixed_or_neutral_4,1.286622739391739e-32,2.4992281173278604e-15,5.917212821820006e-39,4.347389249964949e-25,1.0
2008-06-06,4,mixed_or_neutral_4,3.4969224403676522e-31,3.324563039170589e-14,5.496289658959292e-53,2.2895979334196213e-24,1.0
2008-06-09,4,mixed_or_neutral_4,6.790092032264664e-25,4.4314199904608855e-13,4.902215136226186e-53,2.44163798568665e-24,1.0
2008-06-10,4,mixed_or_neutral_4,1.3083496130822816e-25,2.739162600402728e-10,7.171171623478917e-51,1.0830648832576152e-24,0.9999999997262421
2008-06-11,4,mixed_or_neutral_4,2.6074951027103888e-27,1.0382192546986227e-10,5.951963439866231e-59,1.7749654076575415e-21,0.9999999998963176
2008-06-12,4,mixed_or_neutral_4,3.6804546214892625e-27,1.1833932783976354e-10,2.954257717308845e-57,3.460462223830695e-23,0.9999999998817657
2008-06-13,4,mixed_or_neutral_4,3.6923043300508207e-28,1.1786271702727703e-11,4.364031750586049e-54,1.2962415847862972e-23,0.9999999999881766
2008-06-16,4,mixed_or_neutral_4,1.5255068521709626e-26,9.364966033632099e-12,1.6318564065967266e-53,9.052727578783374e-24,0.999999999990905
2008-06-17,4,mixed_or_neutral_4,1.331662389827734e-29,1.2558239358594367e-09,2.2724206824402455e-50,6.206422144428538e-26,0.9999999987439878
2008-06-18,4,mixed_or_neutral_4,5.077843970945047e-28,3.240016666008889e-10,1.8159791242670957e-55,1.1663792963307746e-22,0.9999999996762199
2008-06-19,4,mixed_or_neutral_4,1.0042740491208473e-28,5.7666201932302126e-09,4.75227048400148e-55,7.3526366579585115e-25,0.9999999942338036
2008-06-20,4,mixed_or_neutral_4,4.5374182016740734e-30,1.4966172284493618e-10,3.493987385569628e-64,1.9025824507595843e-22,0.9999999998499334
2008-06-23,4,mixed_or_neutral_4,3.9397753851030224e-29,1.1289729509663778e-10,4.101679849507473e-65,9.934995541770431e-25,0.9999999998872227
2008-06-24,4,mixed_or_neutral_4,9.402321242239756e-30,6.783315729019318e-10,6.313372271162757e-70,6.37770578961141e-25,0.999999999321517
2008-06-25,4,mixed_or_neutral_4,7.227960552191612e-30,3.9511798563739756e-10,3.659469814043926e-69,1.6885924666346393e-25,0.9999999996052793
2008-06-26,4,mixed_or_neutral_4,1.3688730939979757e-33,4.016945690235313e-09,2.744350458177696e-85,5.948720518579602e-24,0.9999999959827619
2008-06-27,4,mixed_or_neutral_4,5.906672754657178e-38,3.281694061396906e-09,2.4492492186041846e-89,1.145182550182455e-24,0.9999999967185431
2008-06-30,4,mixed_or_neutral_4,1.8494810011369302e-37,2.0656763444843953e-12,6.518715667500268e-80,1.238369240975083e-22,0.999999999998181
2008-07-01,4,mixed_or_neutral_4,5.787737452673995e-35,9.570501402806201e-12,8.376307446657504e-80,9.527986444548004e-26,0.9999999999899956
2008-07-02,4,mixed_or_neutral_4,2.980149816592591e-35,2.908670020014763e-10,3.7409646213673207e-90,2.547838819177323e-24,0.9999999997089617
2008-07-03,4,mixed_or_neutral_4,4.951850388553783e-38,7.803666923274464e-10,8.872203367433035e-93,1.643136124595727e-22,0.9999999992196535
2008-07-07,4,mixed_or_neutral_4,8.330086211019778e-41,3.40340478146727e-11,1.0810621166786857e-94,1.2147727242636455e-22,0.9999999999663487
2008-07-08,4,mixed_or_neutral_4,7.393826150671626e-42,6.151874347925269e-13,6.358640474574597e-96,1.379655762635114e-24,0.9999999999990905
2008-07-09,4,mixed_or_neutral_4,4.0793292196721505e-43,6.194850047274514e-14,1.1707233026888904e-107,1.476561266718381e-25,1.0
2008-07-10,4,mixed_or_neutral_4,2.533770943279709e-41,1.8425419122407576e-14,9.918725166908285e-104,1.131126213232117e-25,1.0
2008-07-11,4,mixed_or_neutral_4,6.955360849048709e-43,1.1806483484766248e-14,3.1944412343160936e-113,3.0802742782314105e-26,1.0
2008-07-14,4,mixed_or_neutral_4,3.35346401511302e-45,8.296912865161662e-16,1.7675416306095713e-118,8.408233102703889e-26,1.0
2008-07-15,4,mixed_or_neutral_4,1.1704495378518097e-50,3.5082901651091826e-16,5.36364071110258e-131,1.4288603258069556e-25,1.0
2008-07-16,4,mixed_or_neutral_4,3.000394164092207e-46,5.886728781570369e-16,1.2864179076801937e-112,5.743739764612291e-26,1.0
2008-07-17,4,mixed_or_neutral_4,3.768529607803575e-46,1.547148817834465e-15,2.1781433307620135e-104,1.1339243031310535e-26,1.0
2008-07-18,4,mixed_or_neutral_4,1.1695717698260645e-43,3.652164047143665e-16,3.121412603602141e-102,8.046019567004831e-28,1.0
2008-07-21,4,mixed_or_neutral_4,3.669622801561203e-43,4.827097761740075e-17,3.5828562153058954e-104,1.0203369921094185e-29,1.0
2008-07-22,4,mixed_or_neutral_4,7.47536768687902e-43,4.597319966334887e-16,1.3878769370169077e-104,2.313901063772828e-31,1.0
2008-07-23,4,mixed_or_neutral_4,2.3903696850347835e-40,1.395142675289599e-16,4.315921759736442e-99,6.507225867960068e-30,1.0
2008-07-24,4,mixed_or_neutral_4,4.851565891619799e-43,4.9797219952858515e-17,4.194859050002388e-112,9.583568797457805e-31,1.0
2008-07-25,4,mixed_or_neutral_4,1.1036222961860722e-44,9.369821206072742e-19,3.18289291318604e-112,3.6929839089164067e-32,1.0
2008-07-28,4,mixed_or_neutral_4,2.0787042331778545e-43,1.3793284247117017e-19,1.2470579879421773e-130,5.9920895175531905e-33,1.0
2008-07-29,4,mixed_or_neutral_4,4.0193607775465613e-41,1.4272346205256318e-18,3.9408252306931694e-120,3.4219990705535803e-34,1.0
2008-07-30,4,mixed_or_neutral_4,1.480107908340325e-41,8.545902293392336e-17,2.704382407573953e-106,3.2758460633334004e-31,1.0
2008-07-31,4,mixed_or_neutral_4,1.7533293862478304e-44,6.669583425396564e-18,1.301471086102949e-110,5.9134961976560884e-30,1.0
2008-08-01,4,mixed_or_neutral_4,2.1279325903469117e-42,1.1196222743487295e-18,1.045905434985615e-121,1.597410223351623e-30,1.0
2008-08-04,4,mixed_or_neutral_4,3.403405197794793e-42,2.5096478943942298e-18,1.913896008752147e-126,6.9308700436616795e-31,1.0
2008-08-05,4,mixed_or_neutral_4,3.2026323545420364e-40,6.167936508143153e-18,9.635498266645715e-115,2.161053766711328e-30,1.0
2008-08-06,4,mixed_or_neutral_4,3.4498373397507546e-42,2.626673244997207e-16,1.8115433734903466e-107,3.875289496683436e-31,1.0
2008-08-07,4,mixed_or_neutral_4,4.891426139373642e-40,6.746102336152886e-16,1.913280715310754e-124,2.3442206930772466e-29,1.0
2008-08-08,4,mixed_or_neutral_4,3.2507503533165047e-40,3.994088217644355e-15,2.8952364366870206e-109,7.320191782983547e-27,1.0
2008-08-11,4,mixed_or_neutral_4,1.4879482748180862e-37,8.882078156724057e-15,2.361573390247128e-106,2.652188106075864e-23,1.0
2008-08-12,4,mixed_or_neutral_4,8.142239563885958e-40,1.0834200277736842e-14,1.2695611472813116e-115,2.129346699655291e-23,1.0
2008-08-13,4,mixed_or_neutral_4,5.534198549485098e-43,5.625554064486252e-17,1.3048242498577974e-126,3.652949258519797e-24,1.0
2008-08-14,4,mixed_or_neutral_4,1.1995192567427928e-43,1.870216636886676e-18,9.46199587120637e-113,1.0088705374182149e-28,1.0
2008-08-15,4,mixed_or_neutral_4,3.81471170116007e-41,7.224444165184899e-18,1.3849675567661227e-108,4.6054892912388825e-29,1.0
2008-08-18,4,mixed_or_neutral_4,1.9683079063846072e-41,8.629775552561702e-18,1.3328358203454906e-113,8.747693519885978e-28,1.0
2008-08-19,4,mixed_or_neutral_4,3.805750700237586e-40,1.7457565672463544e-17,9.693232219381745e-123,1.4954151331275432e-27,1.0
2008-08-20,4,mixed_or_neutral_4,8.025421297632039e-41,2.049637085903407e-15,7.797526526949886e-118,3.7610152632281585e-27,1.0
2008-08-21,4,mixed_or_neutral_4,5.861709839126233e-40,3.157718108788936e-15,4.385908449503302e-115,1.8766372083136443e-27,1.0
2008-08-22,4,mixed_or_neutral_4,1.6088291545378433e-41,8.883243912893729e-14,1.718437008415692e-112,2.5192293161715507e-25,1.0
2008-08-25,4,mixed_or_neutral_4,2.337682503288868e-41,1.2600247758243507e-14,1.5572115462061855e-124,5.950842850821656e-24,1.0
2008-08-26,4,mixed_or_neutral_4,3.31099025448035e-42,2.2797485481566797e-15,5.546174184844006e-128,5.906054177112628e-24,1.0
2008-08-27,4,mixed_or_neutral_4,9.868636207732054e-43,5.294845667953954e-16,4.13390792938267e-114,1.2209295281035342e-25,1.0
2008-08-28,4,mixed_or_neutral_4,5.534138505744175e-41,7.474426400174381e-16,1.652269129131778e-99,4.0870770866782816e-27,1.0
2008-08-29,4,mixed_or_neutral_4,4.890232085645249e-41,2.725713065333493e-15,2.2947524220928453e-109,1.3509720052065696e-25,1.0
2008-09-02,4,mixed_or_neutral_4,3.695183244968335e-41,4.051895139998146e-15,4.586088258638053e-113,1.876751822168572e-23,1.0
2008-09-03,4,mixed_or_neutral_4,1.5818159060011558e-43,1.4745835351516719e-15,2.2280513053612084e-119,6.37170430652047e-24,1.0
2008-09-04,4,mixed_or_neutral_4,5.385064758050372e-41,1.8569268260542703e-18,2.4666663123948e-129,1.8766823903131312e-26,1.0
2008-09-05,4,mixed_or_neutral_4,1.3410682017378968e-42,1.3124406918147244e-15,1.3478993996815602e-130,2.403724213761985e-28,1.0
2008-09-08,4,mixed_or_neutral_4,1.1115384703233213e-42,1.0025954280150358e-16,7.01976327295818e-117,1.5403791414561803e-24,1.0
2008-09-09,4,mixed_or_neutral_4,1.0381116373309391e-38,6.8852549485617e-16,3.398885433516901e-132,1.506777641719132e-27,1.0
2008-09-10,4,mixed_or_neutral_4,4.07900613682891e-38,2.2612518476787178e-13,1.2846401790001865e-127,1.5172196093754892e-27,1.0
2008-09-11,4,mixed_or_neutral_4,2.082512549556143e-37,1.929002134132705e-12,1.5734202156527064e-119,1.3031366309147468e-22,0.999999999998181
2008-09-12,4,mixed_or_neutral_4,3.715189789211974e-31,5.124674970601079e-11,1.630451540198955e-111,5.0594649240218725e-20,0.9999999999490683
2008-09-15,4,mixed_or_neutral_4,2.4919747407623233e-30,0.0063749415205980094,1.485264109206257e-133,5.0279924773824657e-20,0.9936250584796259
2008-09-16,1,defensive_risk_off,2.440659339718076e-31,0.8524668174575493,4.7325572080080324e-130,5.04356784193905e-13,0.1475331825423589
2008-09-17,1,defensive_risk_off,3.592650913892729e-50,0.9999999450792545,4.0764116497302677e-169,1.1038348754205275e-09,5.381685510142719e-08
2008-09-18,1,defensive_risk_off,1.481018212738219e-42,0.999999980215762,1.7970159863005894e-154,2.0573539927786867e-20,1.9784560470514e-08
2008-09-19,1,defensive_risk_off,2.6954464658014544e-43,0.9999999995825419,3.787292047773176e-134,7.61921227724711e-29,4.17618668283553e-10
2008-09-22,1,defensive_risk_off,3.844094529868812e-49,0.9999999998935891,3.696618093801207e-153,7.235975454827374e-29,1.0614898767312644e-10
2008-09-23,1,defensive_risk_off,3.8795744612115195e-46,0.9999999999299689,2.345770598197843e-161,1.0742755422646627e-30,6.967872066927069e-11
2008-09-24,1,defensive_risk_off,1.3799448573149733e-47,0.9999999998872227,2.4681744654505797e-168,3.9776853482094184e-30,1.125319928276934e-10
2008-09-25,1,defensive_risk_off,5.8068919288658445e-61,1.0,1.6149194996820608e-166,2.3844500899049534e-26,3.1442184740378096e-13
2008-09-26,1,defensive_risk_off,5.940329797771322e-67,1.0,1.2425937593151279e-175,5.7516647046814706e-30,4.677984368272154e-15
2008-09-29,1,defensive_risk_off,1.3730307104826456e-78,1.0,4.317741382976033e-227,2.657709083492079e-47,1.8338890421354912e-26
2008-09-30,1,defensive_risk_off,7.776436428512015e-88,1.0,7.451771217949303e-222,2.6314019365216662e-56,3.7750994773802764e-22
2008-10-01,1,defensive_risk_off,1.9560605153028086e-88,1.0,6.87107263860142e-229,5.813289048876618e-62,4.7730049043658915e-21
2008-10-02,1,defensive_risk_off,5.648707045296729e-100,1.0,9.171095722530929e-258,1.2871523673558526e-68,5.805884984497176e-29
2008-10-03,1,defensive_risk_off,1.0484446130993866e-116,1.0,2.5334434226757166e-295,1.3240234626268669e-59,3.231986965273667e-29
2008-10-06,1,defensive_risk_off,1.0447866803667899e-117,1.0,0.0,4.831623921238323e-72,1.4894558720761896e-36
2008-10-07,1,defensive_risk_off,2.2407043037475227e-128,1.0,0.0,2.890891293240183e-80,1.4457416503842233e-42
2008-10-08,1,defensive_risk_off,1.1948462213411116e-158,1.0,0.0,5.971895470370425e-86,4.993132153417241e-53
2008-10-09,1,defensive_risk_off,4.811444336580015e-176,1.0,0.0,4.281962488493174e-111,1.3945477674532593e-61
2008-10-10,1,defensive_risk_off,6.815362547246286e-248,1.0,0.0,8.201906672884288e-145,3.415974597800856e-95
2008-10-13,1,defensive_risk_off,5.268521070945211e-277,1.0,0.0,2.4852812269183477e-229,3.815377896829678e-74
2008-10-14,1,defensive_risk_off,1.7568285043267846e-242,1.0,0.0,5.332818387806661e-194,1.2472103936188348e-62
2008-10-15,1,defensive_risk_off,3.515992877395146e-286,1.0,0.0,3.1960990074420496e-220,8.516560859142565e-85
2008-10-16,1,defensive_risk_off,1.7020832041933732e-299,1.0,0.0,3.591483759733521e-231,4.77847040004208e-81
2008-10-17,1,defensive_risk_off,0.0,1.0,0.0,1.873879494310858e-199,7.567948311806713e-102
2008-10-20,1,defensive_risk_off,0.0,1.0,0.0,6.860215915482727e-179,3.5293050467891216e-92
2008-10-21,1,defensive_risk_off,0.0,1.0,0.0,1.1612251971804991e-172,4.6032736930711524e-93
2008-10-22,1,defensive_risk_off,0.0,1.0,0.0,1.0937521199368567e-196,6.02380809651328e-94
2008-10-23,1,defensive_risk_off,0.0,1.0,0.0,4.957133891158184e-192,1.2277187496723926e-89
2008-10-24,1,defensive_risk_off,0.0,1.0,0.0,2.9832295605370305e-248,2.8032309854660165e-111
2008-10-27,1,defensive_risk_off,0.0,1.0,0.0,1.3297873347088963e-231,9.057436349778678e-117
2008-10-28,1,defensive_risk_off,0.0,1.0,0.0,4.285940827350479e-218,9.569077844983268e-98
2008-10-29,1,defensive_risk_off,0.0,1.0,0.0,2.1558677009405536e-223,5.3479326053867254e-101
2008-10-30,1,defensive_risk_off,0.0,1.0,0.0,2.6590166400314044e-220,3.100957571665335e-101
2008-10-31,1,defensive_risk_off,0.0,1.0,0.0,1.4617252929861717e-206,2.372031443944958e-99
2008-11-03,1,defensive_risk_off,6.29958e-318,1.0,0.0,9.32060998432078e-205,1.0585014937283254e-102
2008-11-04,1,defensive_risk_off,1.9746269296e-314,1.0,0.0,4.67890159875375e-165,6.482634271525955e-92
2008-11-05,1,defensive_risk_off,1.5423685085485066e-276,1.0,0.0,3.942039882651718e-150,1.0665449264379e-87
2008-11-06,1,defensive_risk_off,5.331555433171229e-259,1.0,0.0,8.227095190232925e-175,4.720618873430664e-89
2008-11-07,1,defensive_risk_off,1.7150037048767409e-255,1.0,0.0,7.207755883019073e-134,3.503536303363154e-75
2008-11-10,1,defensive_risk_off,1.1186146784507007e-227,1.0,0.0,1.7411189730568902e-111,6.914308371059221e-86
2008-11-11,1,defensive_risk_off,7.057627428839294e-241,1.0,0.0,4.252250866537843e-79,8.596175800793158e-99
2008-11-12,1,defensive_risk_off,3.512879179517849e-232,1.0,0.0,1.0139190205790634e-83,1.988928226504831e-101
2008-11-13,1,defensive_risk_off,5.2477953585908977e-225,1.0,0.0,2.722364731661093e-72,6.964819133674185e-97
2008-11-14,1,defensive_risk_off,1.3047858891785035e-219,1.0,0.0,8.721078741224702e-73,9.669651057452376e-107
2008-11-17,1,defensive_risk_off,3.5014206554809826e-216,1.0,0.0,9.81955221894957e-78,8.31617516491003e-138
2008-11-18,1,defensive_risk_off,1.4081555136166348e-261,1.0,0.0,1.1668953552252228e-83,4.792301175817816e-151
2008-11-19,1,defensive_risk_off,2.0527725815886236e-285,1.0,0.0,4.593913181460146e-94,5.242605901739025e-162
2008-11-20,1,defensive_risk_off,5e-324,1.0,0.0,6.937759447903494e-100,9.806697208356753e-181
2008-11-21,1,defensive_risk_off,0.0,1.0,0.0,7.714370796924643e-89,4.279156811398935e-161
2008-11-24,1,defensive_risk_off,2.95118505595919e-309,1.0,0.0,2.205400283692138e-66,1.890288003979388e-152
2008-11-25,1,defensive_risk_off,1.783079930240574e-291,1.0,0.0,1.1199198855082604e-51,4.542759994938748e-144
2008-11-26,1,defensive_risk_off,1.5981625244911316e-264,1.0,0.0,3.9606106198832285e-32,8.079070330750771e-144
2008-11-28,1,defensive_risk_off,7.34964915962092e-300,1.0,0.0,7.380628442812596e-47,1.0327400369580888e-164
2008-12-01,1,defensive_risk_off,0.0,1.0,0.0,2.606195860850698e-60,3.8062324787460756e-174
2008-12-02,1,defensive_risk_off,0.0,1.0,0.0,9.430535291594024e-46,6.527856606764387e-159
2008-12-03,1,defensive_risk_off,0.0,1.0,0.0,1.5708490710672825e-46,4.1318880346213804e-154
2008-12-04,1,defensive_risk_off,0.0,1.0,0.0,1.3834515631042348e-50,3.669007024654215e-158
2008-12-05,1,defensive_risk_off,0.0,1.0,0.0,1.7456873493161768e-51,2.0865720575826495e-148
2008-12-08,1,defensive_risk_off,0.0,1.0,0.0,2.38028600205197e-49,3.4556540420768556e-133
2008-12-09,1,defensive_risk_off,0.0,1.0,0.0,3.835616014154816e-52,6.649320759311203e-137
2008-12-10,1,defensive_risk_off,1.1814219733e-314,1.0,0.0,1.5214646427004447e-44,2.1829326440144511e-131
2008-12-11,1,defensive_risk_off,5.89380537e-315,1.0,0.0,5.696114891954079e-41,3.9657548204707406e-136
2008-12-12,1,defensive_risk_off,2.33692516283515e-309,1.0,0.0,1.4531922035123601e-38,9.992033944347682e-131
2008-12-15,1,defensive_risk_off,4.390655100135576e-298,1.0,0.0,2.8997396432215053e-37,4.2269899238524514e-137
2008-12-16,1,defensive_risk_off,5.715760529841989e-302,1.0,0.0,5.5491079000710035e-33,6.135689437796464e-128
2008-12-17,1,defensive_risk_off,1.4557367908928557e-280,1.0,0.0,1.731998190313993e-14,1.0200276273216362e-132
2008-12-18,3,recovery_or_normalization,8.020622447227855e-290,3.170701007690552e-09,0.0,0.9999999968295015,1.724774727671402e-140
2008-12-19,3,recovery_or_normalization,0.0,6.741672948783716e-23,0.0,1.0,1.0059502539501835e-162
2008-12-22,3,recovery_or_normalization,0.0,1.7781076842857564e-45,0.0,1.0,5.78111982601421e-181
2008-12-23,3,recovery_or_normalization,0.0,4.699483325969568e-60,0.0,1.0,7.7196927980994165e-193
2008-12-24,3,recovery_or_normalization,0.0,2.6081744950050436e-65,0.0,1.0,3.5709683864252614e-213
2008-12-26,3,recovery_or_normalization,0.0,2.313412154122058e-72,0.0,1.0,1.644590944074003e-207
2008-12-29,3,recovery_or_normalization,0.0,1.898668742491075e-66,0.0,1.0,1.221788390086344e-210
2008-12-30,3,recovery_or_normalization,0.0,5.479096697835413e-65,0.0,1.0,4.062704102280727e-236
2008-12-31,3,recovery_or_normalization,0.0,2.722310566190166e-91,0.0,1.0,6.628306358323253e-221
2009-01-02,3,recovery_or_normalization,0.0,1.4183952138159073e-90,0.0,1.0,3.974842200106848e-259
2009-01-05,3,recovery_or_normalization,0.0,5.786437330006814e-131,0.0,1.0,3.972283285005307e-294
2009-01-06,3,recovery_or_normalization,0.0,2.1570732516683063e-133,0.0,1.0,4.266137764355406e-281
2009-01-07,3,recovery_or_normalization,0.0,7.697505226272897e-127,0.0,1.0,5.9379798978661e-279
2009-01-08,3,recovery_or_normalization,0.0,4.136674994492002e-120,0.0,1.0,2.24284491387e-312
2009-01-09,3,recovery_or_normalization,0.0,1.399087756618583e-141,0.0,1.0,9.75325e-319
2009-01-12,3,recovery_or_normalization,0.0,8.64414468082086e-135,0.0,1.0,1.4301268743347259e-269
2009-01-13,3,recovery_or_normalization,0.0,5.508632667477146e-86,0.0,1.0,4.0309162797128636e-238
2009-01-14,3,recovery_or_normalization,0.0,2.105635997147042e-75,0.0,1.0,3.3597619961233844e-244
2009-01-15,3,recovery_or_normalization,0.0,1.7310416883676583e-78,0.0,1.0,1.0502337598268741e-246
2009-01-16,3,recovery_or_normalization,0.0,5.007770445570389e-85,0.0,1.0,2.4971445079117612e-250
2009-01-20,3,recovery_or_normalization,0.0,2.4777528204089543e-71,0.0,1.0,1.9404490039089937e-208
2009-01-21,3,recovery_or_normalization,0.0,2.4266126165906987e-47,0.0,1.0,5.14909235293912e-193
2009-01-22,3,recovery_or_normalization,3.36090814037604e-308,1.9987297179703813e-52,0.0,1.0,2.4827264951075525e-193
2009-01-23,3,recovery_or_normalization,8.8934981846649e-310,7.909868843804149e-46,0.0,1.0,7.844185734246703e-189
2009-01-26,3,recovery_or_normalization,3.14198e-318,5.2889268767883804e-42,0.0,1.0,7.97979909000874e-197
2009-01-27,3,recovery_or_normalization,0.0,1.0802219620982453e-49,0.0,1.0,2.1111875538626932e-205
2009-01-28,3,recovery_or_normalization,2.190921551677615e-289,9.609184364284212e-63,0.0,1.0,4.734221489094971e-170
2009-01-29,3,recovery_or_normalization,1.1727941837602238e-303,6.938271641080371e-30,0.0,1.0,1.1184190664283618e-181
2009-01-30,3,recovery_or_normalization,1.85592675551607e-309,1.8441484922549763e-34,0.0,1.0,4.093474290411928e-184
2009-02-02,3,recovery_or_normalization,0.0,3.0647052943696905e-27,0.0,1.0,2.6775490031206456e-187
2009-02-03,3,recovery_or_normalization,0.0,2.2467912653622603e-28,0.0,1.0,1.1056895490034796e-187
2009-02-04,3,recovery_or_normalization,0.0,1.6946096117832692e-26,0.0,1.0,8.346983245718777e-191
2009-02-05,3,recovery_or_normalization,0.0,2.210281327730133e-20,0.0,1.0,7.625556054014176e-179
2009-02-06,3,recovery_or_normalization,3.054e-320,5.601472469934173e-23,0.0,1.0,1.6167799191379357e-167
2009-02-09,3,recovery_or_normalization,2.1213995925344318e-286,5.726524156368121e-32,0.0,1.0,1.9670705613843665e-152
2009-02-10,3,recovery_or_normalization,2.1271874349171884e-275,1.8298225337520674e-22,0.0,1.0,2.250206480255499e-155
2009-02-11,3,recovery_or_normalization,6.812863674176433e-268,6.7299809287870055e-21,0.0,1.0,7.88381252254235e-147
2009-02-12,3,recovery_or_normalization,1.7338300659282052e-265,4.7526398413223135e-24,0.0,1.0,2.2600903581999375e-163
2009-02-13,3,recovery_or_normalization,3.4369192563765944e-262,1.7798759727171934e-32,0.0,1.0,2.2951145782868355e-144
2009-02-17,3,recovery_or_normalization,2.6372744102666667e-258,3.1560156088623304e-20,0.0,1.0,3.1434935611497157e-159
2009-02-18,3,recovery_or_normalization,1.7369398952980408e-264,1.3579823658849307e-23,0.0,1.0,1.3284434490927174e-148
2009-02-19,3,recovery_or_normalization,9.781578673099389e-247,5.7293887389183545e-21,0.0,1.0,2.2929624155769915e-141
2009-02-20,3,recovery_or_normalization,5.90166412222781e-247,8.208619848297014e-23,0.0,1.0,1.2038257949496515e-152
2009-02-23,3,recovery_or_normalization,2.5382753155720856e-281,5.048389530033802e-22,0.0,1.0,3.845788950302457e-167
2009-02-24,3,recovery_or_normalization,7.774500713453659e-259,1.2972994466238112e-34,0.0,1.0,6.608378353732155e-153
2009-02-25,3,recovery_or_normalization,1.1668128164397546e-248,2.07060480786516e-20,0.0,1.0,1.2748067448894068e-132
2009-02-26,3,recovery_or_normalization,8.519273493356306e-243,4.359977338608065e-07,0.0,0.9999995640019774,5.428060163258485e-125
2009-02-27,3,recovery_or_normalization,3.257835232417481e-253,0.00026432538875485994,0.0,0.999735674610802,3.482927883993714e-139
2009-03-02,1,defensive_risk_off,1.4627640429538673e-265,0.9984337175158903,0.0,0.0015662824842332505,1.966061889135156e-130
2009-03-03,1,defensive_risk_off,1.0186624978590705e-257,0.9999996187817304,0.0,3.812185964068694e-07,1.0191228270723898e-129
2009-03-04,1,defensive_risk_off,1.2789555108304881e-256,0.9999992027345338,0.0,7.972654153422704e-07,3.0155396974677187e-120
2009-03-05,1,defensive_risk_off,1.0970498976181643e-260,0.9999999696683521,0.0,3.033183546115282e-08,7.130500099540952e-133
2009-03-06,1,defensive_risk_off,6.98285664887304e-266,0.9999999864112397,0.0,1.3588453380559488e-08,1.254520667744227e-138
2009-03-09,1,defensive_risk_off,3.1823978276958967e-276,0.9999999985939212,0.0,1.4061939588758474e-09,1.5142317990924313e-134
2009-03-10,1,defensive_risk_off,1.4350842407530706e-257,0.9999999999972715,0.0,2.3160903779400038e-12,5.514210221936108e-128
2009-03-11,1,defensive_risk_off,2.232784966026992e-250,0.9999999999799911,0.0,2.0173932985930823e-11,7.451864705296888e-119
2009-03-12,1,defensive_risk_off,4.008575253146566e-241,0.9999999998572093,0.0,1.4319423436935039e-10,3.830185338569905e-105
2009-03-13,1,defensive_risk_off,1.9732437797851506e-229,0.9999999998153726,0.0,1.84280360455819e-10,1.5478400229976324e-102
2009-03-16,1,defensive_risk_off,5.517464639465802e-225,0.9999999999936335,0.0,6.451382716652306e-12,4.4419249509907476e-98
2009-03-17,1,defensive_risk_off,2.581524190690599e-229,0.9999999997489795,0.0,2.5063666831770797e-10,6.70363403064211e-100
2009-03-18,1,defensive_risk_off,5.868411115926747e-218,1.0,0.0,1.1600538972116746e-14,2.371538379173585e-96
2009-03-19,1,defensive_risk_off,1.0342038005240814e-219,0.9999999973697413,0.0,2.630462585504604e-09,1.6988961625600698e-87
2009-03-20,1,defensive_risk_off,3.227183213045217e-212,0.9999999265337491,0.0,7.346604004076393e-08,9.485706265830143e-93
2009-03-23,1,defensive_risk_off,2.1430315050975162e-224,0.9995210142472486,0.0,0.0004789857525489245,1.9438921682737007e-88
2009-03-24,3,recovery_or_normalization,2.930886006013769e-226,0.0009272965867027699,0.0,0.9990727034136371,1.8700413501723127e-92
2009-03-25,3,recovery_or_normalization,1.1569188867317942e-247,3.6380284580266083e-09,0.0,0.9999999963620212,3.004261425912393e-100
2009-03-26,3,recovery_or_normalization,1.9908822593865253e-255,3.554261047496261e-13,0.0,1.0,7.853522413066576e-103
2009-03-27,3,recovery_or_normalization,1.2122529272081262e-262,2.3071145999640865e-13,0.0,1.0,1.4898116806029385e-99
2009-03-30,3,recovery_or_normalization,4.72789684733272e-258,5.315783230099183e-12,0.0,0.999999999994543,2.747128425266506e-106
2009-03-31,3,recovery_or_normalization,1.6044266655233198e-265,1.1965414297079207e-14,0.0,1.0,2.1656671588443826e-102
2009-04-01,3,recovery_or_normalization,8.087226484507132e-268,6.763455890529094e-16,0.0,1.0,7.245390005505448e-109
2009-04-02,3,recovery_or_normalization,3.246189398994938e-296,3.948591817395259e-20,0.0,1.0,2.0011943013149817e-125
2009-04-03,3,recovery_or_normalization,0.0,2.758462922542311e-38,0.0,1.0,6.838065947634844e-125
2009-04-06,3,recovery_or_normalization,0.0,3.679852400495281e-39,0.0,1.0,3.8936757420601625e-128
2009-04-07,3,recovery_or_normalization,0.0,3.919849905563488e-38,0.0,1.0,7.789824259731893e-114
2009-04-08,3,recovery_or_normalization,1.6512133980969354e-293,2.7616238262108696e-25,0.0,1.0,4.68613991752424e-116
2009-04-09,3,recovery_or_normalization,8.084432228435475e-304,1.3372948126928032e-28,0.0,1.0,2.672091550785745e-112
2009-04-13,3,recovery_or_normalization,7.84899129208101e-286,2.6129612780386488e-23,0.0,1.0,5.456887570282222e-111
2009-04-14,3,recovery_or_normalization,4.0634846183158685e-269,6.11952790271326e-20,0.0,1.0,3.769371056967995e-111
2009-04-15,3,recovery_or_normalization,4.667002061730879e-271,3.1113233238345735e-18,0.0,1.0,7.639293463926063e-114
2009-04-16,3,recovery_or_normalization,2.2705191323604814e-275,4.040699850580293e-24,0.0,1.0,4.584003499754038e-122
2009-04-17,3,recovery_or_normalization,1.5050726532023816e-298,6.783058573090408e-28,0.0,1.0,6.605311170009962e-114
2009-04-20,3,recovery_or_normalization,1.4169857868851154e-259,6.148823104797098e-20,0.0,1.0,2.4972418128141182e-123
2009-04-21,3,recovery_or_normalization,2.0218251622343316e-262,5.34027917951811e-25,0.0,1.0,1.109923429863163e-121
2009-04-22,3,recovery_or_normalization,3.4960915901651e-260,4.00251163317898e-22,0.0,1.0,2.8123583116590027e-125
2009-04-23,3,recovery_or_normalization,6.974080455585384e-261,5.53731997692151e-23,0.0,1.0,1.572451130862561e-123
2009-04-24,3,recovery_or_normalization,3.6744625030957636e-252,1.147602251929369e-24,0.0,1.0,7.792487846449589e-123
2009-04-27,3,recovery_or_normalization,8.124936145799417e-245,8.110604126403203e-22,0.0,1.0,1.4727647519907775e-128
2009-04-28,3,recovery_or_normalization,3.8751951352239613e-259,5.770657391217645e-22,0.0,1.0,8.69857191652232e-134
2009-04-29,3,recovery_or_normalization,9.140216899073656e-295,1.0823046647716208e-29,0.0,1.0,3.7219438663153066e-127
2009-04-30,3,recovery_or_normalization,3.5788228489225564e-285,5.551194139069365e-31,0.0,1.0,1.1892963405473058e-134
2009-05-01,3,recovery_or_normalization,7.115755039783606e-283,3.1591027777281697e-35,0.0,1.0,1.4948324627898726e-132
2009-05-04,3,recovery_or_normalization,1.3640494911716934e-251,6.79398209051344e-33,0.0,1.0,4.433843364391673e-130
2009-05-05,3,recovery_or_normalization,3.949258205264493e-257,1.791806608627462e-28,0.0,1.0,6.640512371769152e-136
2009-05-06,3,recovery_or_normalization,5.4166285510847855e-253,2.489284674076914e-31,0.0,1.0,1.0880877514492543e-132
2009-05-07,3,recovery_or_normalization,5.768421330860474e-254,3.337298694768367e-28,0.0,1.0,3.9070774955490165e-130
2009-05-08,3,recovery_or_normalization,1.176409438138643e-249,1.6040064342656273e-26,0.0,1.0,2.959255703362566e-118
2009-05-11,3,recovery_or_normalization,5.278180174213409e-239,3.219088659757271e-23,0.0,1.0,6.297586675943133e-137
2009-05-12,3,recovery_or_normalization,2.3433022548593053e-250,5.207946043923486e-31,0.0,1.0,8.852790740246535e-135
2009-05-13,3,recovery_or_normalization,8.01046253766709e-251,2.3785404045302542e-27,0.0,1.0,3.282929647427624e-131
2009-05-14,3,recovery_or_normalization,2.606044157684613e-247,4.4841558287449875e-27,0.0,1.0,2.8137704283355175e-132
2009-05-15,3,recovery_or_normalization,1.729022567091535e-262,4.6515581944825785e-29,0.0,1.0,1.9829466914987812e-150
2009-05-18,3,recovery_or_normalization,3.063952205598564e-272,2.8679824953862515e-43,0.0,1.0,1.980518138287287e-153
2009-05-19,3,recovery_or_normalization,1.1389122745412172e-273,7.293829864629638e-45,0.0,1.0,3.671331465943161e-138
2009-05-20,3,recovery_or_normalization,4.973749953275728e-254,1.0170684888898835e-48,0.0,1.0,1.4116360695887696e-142
2009-05-21,3,recovery_or_normalization,3.6477573542030717e-273,4.003905002281645e-52,0.0,1.0,1.2390492644956435e-164
2009-05-22,3,recovery_or_normalization,1.1476887447538696e-275,1.7783903533955003e-66,0.0,1.0,1.3063720294926695e-150
2009-05-26,3,recovery_or_normalization,8.243511098407908e-266,4.18271471050528e-56,0.0,1.0,1.0945613646777755e-153
2009-05-27,3,recovery_or_normalization,2.979638593500562e-292,3.440357697577595e-59,0.0,1.0,1.3993322076617253e-161
2009-05-28,3,recovery_or_normalization,2.125499840945889e-301,1.0599380763051582e-69,0.0,1.0,5.242749245969715e-171
2009-05-29,3,recovery_or_normalization,0.0,3.320731886998543e-84,0.0,1.0,2.754458003515357e-216
2009-06-01,3,recovery_or_normalization,0.0,7.662265364257477e-123,0.0,1.0,1.145557559753975e-223
2009-06-02,3,recovery_or_normalization,0.0,1.2635130179498154e-135,0.0,1.0,7.71758309981569e-214
2009-06-03,3,recovery_or_normalization,0.0,2.594807430426969e-122,0.0,1.0,7.89329652182139e-246
2009-06-04,3,recovery_or_normalization,0.0,8.092813633720126e-153,0.0,1.0,1.2997925893600216e-234
2009-06-05,3,recovery_or_normalization,0.0,1.8397358181541512e-141,0.0,1.0,1.6091229717792969e-232
2009-06-08,3,recovery_or_normalization,2.19141466184151e-309,1.4243881094578436e-148,0.0,1.0,1.8402830305519296e-190
2009-06-09,3,recovery_or_normalization,7.125827069702386e-294,3.898245919380237e-111,0.0,1.0,2.729730075583922e-182
2009-06-10,3,recovery_or_normalization,2.921336965536499e-275,1.740398578122371e-105,0.0,1.0,1.8587410866641714e-156
2009-06-11,3,recovery_or_normalization,1.4158420114819366e-258,1.5777533410123791e-83,0.0,1.0,4.555416561007004e-146
2009-06-12,3,recovery_or_normalization,6.496476048039895e-250,2.9999564264890726e-78,0.0,1.0,1.043336197649077e-138
2009-06-15,3,recovery_or_normalization,7.121080316191006e-232,2.7859006273840106e-77,0.0,1.0,9.695583097278076e-129
2009-06-16,3,recovery_or_normalization,1.0114671838346212e-224,2.24212753049498e-61,0.0,1.0,5.7519831511360865e-121
2009-06-17,3,recovery_or_normalization,4.7979485424522895e-228,7.736113726330126e-57,0.0,1.0,1.615593327280268e-134
2009-06-18,3,recovery_or_normalization,8.637651239606309e-248,4.3543150911142325e-63,0.0,1.0,2.3359013656887228e-136
2009-06-19,3,recovery_or_normalization,1.1344295452561296e-214,8.037633593999286e-70,0.0,1.0,7.886668759805812e-110
2009-06-22,3,recovery_or_normalization,1.9985327437716198e-220,5.4484549841307274e-45,0.0,1.0,5.29237975361771e-117
2009-06-23,3,recovery_or_normalization,3.1594199291178036e-214,1.749576302251484e-52,0.0,1.0,6.408379126088707e-117
2009-06-24,3,recovery_or_normalization,1.689065403384421e-212,1.773759757911381e-48,0.0,1.0,5.707124487570284e-105
2009-06-25,3,recovery_or_normalization,3.1083827872957415e-194,1.3327123159671176e-45,0.0,1.0,5.852060857437933e-103
2009-06-26,3,recovery_or_normalization,1.3557742374926562e-195,4.244681047184956e-49,0.0,1.0,2.4708107562794726e-112
2009-06-29,3,recovery_or_normalization,2.1999621208647916e-197,4.379137753792976e-56,0.0,1.0,5.225881786986999e-105
2009-06-30,3,recovery_or_normalization,9.86521794009737e-184,3.838751578843184e-59,0.0,1.0,2.1414396987824377e-108
2009-07-01,3,recovery_or_normalization,1.7794227773868536e-176,2.269003226737912e-54,0.0,1.0,3.034182314695834e-88
2009-07-02,3,recovery_or_normalization,2.732043839290512e-166,4.6290968983571136e-45,0.0,1.0,3.6150105409810503e-87
2009-07-06,3,recovery_or_normalization,7.857899895200802e-167,5.510527499699408e-46,0.0,1.0,1.3852131698892836e-88
2009-07-07,3,recovery_or_normalization,1.3448098542845713e-174,1.39265038472261e-47,0.0,1.0,6.269011736020981e-94
2009-07-08,3,recovery_or_normalization,1.3127020234785893e-165,1.220361566087256e-53,0.0,1.0,6.19484318005469e-85
2009-07-09,3,recovery_or_normalization,7.874165572802137e-156,3.687950271467463e-49,0.0,1.0,5.501117295760868e-77
2009-07-10,3,recovery_or_normalization,6.189504958355197e-153,1.2781836343131736e-44,0.0,1.0,1.5084658579640616e-81
2009-07-13,3,recovery_or_normalization,3.914084273348667e-161,1.404184425323659e-45,0.0,1.0,1.6723873305529672e-82
2009-07-14,3,recovery_or_normalization,1.0017824093250016e-159,1.7008839078225326e-48,0.0,1.0,5.016191380905664e-79
2009-07-15,3,recovery_or_normalization,8.010330439647034e-150,6.133880073560218e-46,0.0,1.0,3.6528745069538277e-72
2009-07-16,3,recovery_or_normalization,3.431585942274736e-147,2.172300078173791e-43,0.0,1.0,1.8130638964841016e-69
2009-07-17,3,recovery_or_normalization,1.5157181318136243e-159,4.379656964633711e-45,0.0,1.0,1.1081240065766715e-80
2009-07-20,3,recovery_or_normalization,7.184092526365052e-152,2.7702329250984647e-59,0.0,1.0,7.806521382624322e-81
2009-07-21,3,recovery_or_normalization,4.7883458298776125e-158,4.444659654106911e-54,0.0,1.0,1.1207396083245937e-79
2009-07-22,3,recovery_or_normalization,1.8667049132357428e-154,3.481131865201313e-58,0.0,1.0,3.4390627188447113e-74
2009-07-23,3,recovery_or_normalization,1.4065734575632112e-153,8.362859711460318e-55,0.0,1.0,3.2068055749075937e-72
2009-07-24,3,recovery_or_normalization,2.95963783343533e-147,4.150905600645213e-55,0.0,1.0,1.7305236659019258e-70
2009-07-27,3,recovery_or_normalization,4.2208886729201603e-147,5.784899969762499e-53,0.0,1.0,1.3348703602080357e-71
2009-07-28,3,recovery_or_normalization,9.517599258070788e-142,1.081522836057451e-52,0.0,1.0,1.5723283939410043e-66
2009-07-29,3,recovery_or_normalization,2.2418500817137555e-140,1.1937263359437155e-47,0.0,1.0,4.175627372434736e-71
2009-07-30,3,recovery_or_normalization,2.0334872385830376e-139,4.4117820978902566e-51,0.0,1.0,8.895682363425453e-68
2009-07-31,3,recovery_or_normalization,1.3903239689493873e-129,3.6100700330924107e-50,0.0,1.0,2.0275559297256733e-64
2009-08-03,3,recovery_or_normalization,1.443229843765097e-137,5.991193561271008e-46,0.0,1.0,3.109939294570785e-64
2009-08-04,3,recovery_or_normalization,1.257939653465469e-140,4.721790908574326e-47,0.0,1.0,4.421327776928736e-65
2009-08-05,3,recovery_or_normalization,5.774502815875969e-146,2.20489211135098e-46,0.0,1.0,5.099458881599658e-62
2009-08-06,3,recovery_or_normalization,1.2732572564419607e-138,1.4177512005133252e-44,0.0,1.0,1.1414975205658844e-59
2009-08-07,3,recovery_or_normalization,1.8698191576077332e-137,1.3854536012230802e-42,0.0,1.0,1.6302034887807136e-64
2009-08-10,3,recovery_or_normalization,9.957985494949816e-145,7.364408904786727e-44,0.0,1.0,2.8933415384256855e-62
2009-08-11,3,recovery_or_normalization,9.997032678908861e-146,6.399286981663521e-42,0.0,1.0,2.506356709418698e-66
2009-08-12,3,recovery_or_normalization,2.5337115153609796e-143,2.561939390988223e-47,0.0,1.0,8.051457723341547e-69
2009-08-13,3,recovery_or_normalization,3.0258089757130496e-132,5.595252500495073e-48,0.0,1.0,2.6510424499415233e-67
2009-08-14,3,recovery_or_normalization,2.4350526753298745e-123,2.4337052070063557e-49,0.0,1.0,2.239156140033244e-63
2009-08-17,3,recovery_or_normalization,8.297689606665185e-122,7.209828272749837e-43,0.0,1.0,5.564268413566447e-60
2009-08-18,3,recovery_or_normalization,4.614408489683958e-118,3.341183116053559e-42,1e-323,1.0,2.9128589462439207e-59
2009-08-19,3,recovery_or_normalization,6.564831506739298e-120,1.034875639974187e-42,6.27346e-317,1.0,1.6426385938533788e-63
2009-08-20,3,recovery_or_normalization,9.006508183779314e-124,4.627341960855985e-46,3.44095663811147e-310,1.0,2.0437373628309527e-67
2009-08-21,3,recovery_or_normalization,4.476970260967015e-118,6.7641588542066926e-49,4.93792894287948e-285,1.0,9.309063971297334e-63
2009-08-24,3,recovery_or_normalization,2.3336766178019743e-119,1.3735062466229986e-45,5.883777498222299e-268,1.0,7.716969920368626e-64
2009-08-25,3,recovery_or_normalization,5.895530132228943e-112,2.0983495728944453e-48,8.056961943234077e-258,1.0,1.3918629884305e-59
2009-08-26,3,recovery_or_normalization,6.247190111058034e-103,4.077443878375861e-44,3.1942529208447564e-246,1.0,7.165552864032374e-51
2009-08-27,3,recovery_or_normalization,3.2106841156027946e-95,3.918902746832135e-38,2.538327325496198e-230,1.0,4.116520972829028e-45
2009-08-28,3,recovery_or_normalization,1.3339144206808221e-87,2.9765213475592233e-36,4.995401258991253e-202,1.0,3.198568779041993e-42
2009-08-31,3,recovery_or_normalization,7.710949412342451e-91,1.6845372782510997e-33,2.9074198028802893e-190,1.0,1.9506716321335344e-41
2009-09-01,3,recovery_or_normalization,3.253994984336605e-91,7.486128666384024e-40,1.7002023599316712e-192,1.0,3.190263858794677e-35
2009-09-02,3,recovery_or_normalization,1.9756460019960663e-92,3.9976330824452866e-39,1.0873249789291545e-179,1.0,2.0801406091850433e-28
2009-09-03,3,recovery_or_normalization,2.627830782609577e-93,1.6903012034417894e-40,4.908573251494335e-171,1.0,1.107843046986485e-21
2009-09-04,3,recovery_or_normalization,1.5196074804643768e-92,2.6167929289975126e-41,2.8666665318735172e-155,1.0,2.68323812766614e-14
2009-09-08,3,recovery_or_normalization,2.3568017315907027e-84,9.187441216522898e-42,6.675778150910244e-129,0.9999999999090505,9.074958807830835e-11
2009-09-09,3,recovery_or_normalization,5.533120253877749e-84,4.628395491365174e-41,1.8428092014943075e-121,0.9999998432158587,1.567837240892298e-07
2009-09-10,3,recovery_or_normalization,9.91067629389184e-77,1.5936329905985475e-39,1.2006494223061284e-116,0.9999771757169569,2.2824282844148714e-05
2009-09-11,3,recovery_or_normalization,1.7759398539082857e-76,6.676583652320468e-35,1.1972702314502898e-106,0.8082605581435423,0.1917394418562148
2009-09-14,4,mixed_or_neutral_4,1.3130200952632607e-77,2.3215618019791577e-36,9.952117413627335e-89,0.01525168105903455,0.9847483189405761
2009-09-15,4,mixed_or_neutral_4,4.592074700126644e-78,1.1136564653817154e-39,1.8668050980072366e-91,0.0018239068951138658,0.9981760931045581
2009-09-16,4,mixed_or_neutral_4,7.4659026931908465e-81,1.4240295105791306e-37,1.4767323186105477e-98,0.0010633529093763523,0.9989366470905121
2009-09-17,4,mixed_or_neutral_4,7.646331411585945e-75,2.348055181450084e-37,7.931161460474149e-89,0.00016551958084024692,0.999834480419099
2009-09-18,4,mixed_or_neutral_4,4.7424561652800395e-77,2.7355492243123713e-36,1.0178348944845176e-84,1.1686097853182444e-07,0.9999998831390327
2009-09-21,4,mixed_or_neutral_4,1.0393524467578266e-82,1.0160203498454911e-39,1.6519533503015997e-65,4.783055692873795e-13,0.9999999999990905
2009-09-22,4,mixed_or_neutral_4,3.6080055034079015e-74,4.422116297742295e-45,1.9971927615536902e-53,2.0089885852303637e-20,1.0
2009-09-23,4,mixed_or_neutral_4,3.1336678863168817e-68,2.1146438238249197e-42,1.622823824911132e-58,1.856409770865166e-27,1.0
2009-09-24,4,mixed_or_neutral_4,1.764088289508115e-67,2.4091554450863055e-34,2.930087621758754e-60,3.878932635192998e-34,1.0
2009-09-25,4,mixed_or_neutral_4,8.154498162999394e-54,1.0146808470231114e-33,4.60345348132149e-61,7.038564701615483e-39,1.0
2009-09-28,4,mixed_or_neutral_4,2.2101869884566325e-52,1.7328022637277146e-32,2.7890968135640328e-24,2.9376591084446264e-49,1.0
2009-09-29,4,mixed_or_neutral_4,2.980998263997889e-52,1.0386537605185734e-33,1.313867268707169e-25,1.0601568593860852e-46,1.0
2009-09-30,4,mixed_or_neutral_4,1.9023067128940673e-45,2.101418814136413e-32,1.0835276540682401e-26,2.0042799580058583e-51,1.0
2009-10-01,4,mixed_or_neutral_4,1.775680195887024e-39,3.915324740272666e-35,1.5537371956782567e-17,8.635102269754104e-58,1.0
2009-10-02,4,mixed_or_neutral_4,3.2463648992332446e-39,2.38585790752764e-33,5.469679596192112e-16,6.90927203029924e-67,1.0
2009-10-05,4,mixed_or_neutral_4,1.080980024156339e-38,4.1411970399657644e-39,8.377204200422982e-15,3.9106279272739425e-67,1.0
2009-10-06,4,mixed_or_neutral_4,2.0241304640829115e-33,1.1875209795273648e-44,1.3179898216241822e-12,5.104936973905186e-74,0.9999999999990905
2009-10-07,4,mixed_or_neutral_4,7.027325643103282e-36,2.8027007893810067e-46,2.197616968470615e-11,2.3374665887456802e-80,0.9999999999781721
2009-10-08,4,mixed_or_neutral_4,4.26631190071615e-37,3.783350720117813e-46,8.855110945728887e-14,5.1617540693067585e-83,1.0
2009-10-09,4,mixed_or_neutral_4,5.033770855535634e-39,6.658355300211968e-42,4.637257296420401e-13,1.4799049497143533e-88,0.9999999999990905
2009-10-12,4,mixed_or_neutral_4,7.037663388410878e-36,8.968709303722007e-43,3.434566143029214e-12,2.6218175381563967e-86,0.999999999996362
2009-10-13,4,mixed_or_neutral_4,1.3194657101246383e-35,7.409025421517133e-43,7.966747628988233e-10,2.961619819931083e-92,0.9999999992032826
2009-10-14,4,mixed_or_neutral_4,1.1873103879035316e-37,1.198050524783464e-44,2.0006820019981133e-10,1.1064320457486085e-90,0.9999999997999112
2009-10-15,4,mixed_or_neutral_4,3.0376798840182143e-37,1.7178026880272769e-46,7.438952529419277e-11,3.369976841612783e-95,0.9999999999254214
2009-10-16,4,mixed_or_neutral_4,1.920364516839576e-36,3.830966547878493e-42,5.386496111446454e-10,5.800585791776217e-91,0.9999999994615791
2009-10-19,4,mixed_or_neutral_4,1.339611396528705e-35,4.822856710758766e-43,8.522571631856524e-11,6.360189020010797e-87,0.9999999999145075
2009-10-20,4,mixed_or_neutral_4,3.7255970631170093e-31,8.723153017511954e-42,3.050609634481529e-10,1.6875861398062324e-83,0.9999999996953193
2009-10-21,4,mixed_or_neutral_4,1.639105008118457e-32,1.3677343445878513e-38,7.930230864970108e-08,9.265771477459688e-87,0.9999999206975221
2009-10-22,4,mixed_or_neutral_4,2.0695510503054e-31,4.008547940347177e-38,3.0926554948174683e-07,6.194879146807234e-85,0.99999969073456
2009-10-23,4,mixed_or_neutral_4,7.068719173346178e-34,2.947500319138724e-37,1.8814774571238762e-06,3.105675008617816e-83,0.9999981185228045
2009-10-26,4,mixed_or_neutral_4,8.684332857410097e-36,5.941052000692273e-37,1.319665724069784e-07,2.1022301047793457e-87,0.9999998680332369
2009-10-27,4,mixed_or_neutral_4,1.5676566755592942e-37,6.524299936303445e-40,6.5045941591660254e-09,1.857873310250333e-86,0.9999999934952939
2009-10-28,4,mixed_or_neutral_4,1.9059651471898725e-35,1.3434129389495802e-37,3.0133223493068084e-11,1.5966682319013218e-85,0.9999999999699867
2009-10-29,4,mixed_or_neutral_4,1.167983110563093e-37,2.8235771227731166e-36,2.814242521532161e-09,6.141817205343392e-85,0.9999999971860234
2009-10-30,4,mixed_or_neutral_4,1.84186215508513e-33,4.096504202181725e-28,3.820381637856941e-11,4.93413773570105e-79,0.9999999999618012
2009-11-02,4,mixed_or_neutral_4,4.464946264283917e-33,5.329265023529901e-28,1.8710489318154557e-10,1.060084895292883e-71,0.9999999998126441
2009-11-03,4,mixed_or_neutral_4,5.558350208457764e-36,4.3897523042202313e-29,2.7235136834842234e-09,2.463934050960677e-72,0.9999999972760634
2009-11-04,4,mixed_or_neutral_4,4.097800492503764e-39,1.81733404084041e-28,9.376956447909837e-11,1.8006075850503924e-74,0.999999999906322
2009-11-05,4,mixed_or_neutral_4,4.887751883250658e-36,2.443751740846035e-31,1.9788737338258606e-08,1.0916488123642918e-79,0.9999999802112145
2009-11-06,4,mixed_or_neutral_4,3.2534274258007246e-39,1.0516377259246078e-34,5.4358783791199153e-08,7.146536248427156e-82,0.9999999456413221
2009-11-09,4,mixed_or_neutral_4,6.704898977366085e-38,1.004622479374799e-43,2.288552511668815e-10,7.667608753814441e-94,0.9999999997708073
2009-11-10,4,mixed_or_neutral_4,1.876749967897295e-36,1.1130232585314637e-43,9.104994918041289e-10,4.434583644483824e-106,0.9999999990895958
2009-11-11,4,mixed_or_neutral_4,1.6320102861461403e-37,2.9326581875023757e-40,3.9539431961884254e-10,1.875085003661098e-105,0.9999999996043698
2009-11-12,4,mixed_or_neutral_4,2.2216438223347655e-35,2.277218755818019e-43,1.7657147189735586e-09,1.0080593372522352e-100,0.9999999982346708
2009-11-13,4,mixed_or_neutral_4,1.6820950974014023e-36,2.1920156605377066e-50,3.0398250321434894e-11,7.282153072866653e-106,0.9999999999699867
2009-11-16,4,mixed_or_neutral_4,1.588200880813132e-34,1.661550963505754e-51,4.291246704903707e-12,1.4521404289261249e-114,0.9999999999954525
2009-11-17,4,mixed_or_neutral_4,2.5357711896900006e-33,1.5473196839244364e-49,9.60100138269517e-11,2.7542152836469434e-114,0.9999999999035936
2009-11-18,4,mixed_or_neutral_4,7.619612140289424e-35,3.1842670360179213e-47,1.6565179265929455e-09,2.0835142760425193e-112,0.9999999983438101
2009-11-19,4,mixed_or_neutral_4,2.5311157448487373e-34,4.403899608960274e-49,1.110738625416019e-08,8.438468014163346e-113,0.9999999888923412
2009-11-20,4,mixed_or_neutral_4,2.8029273408154538e-39,5.893335742214088e-49,1.114415866935708e-08,2.9566662563616475e-111,0.9999999888559614
2009-11-23,4,mixed_or_neutral_4,4.5943872088276146e-42,4.0742447345742835e-50,9.232261284068535e-11,3.4200793871960997e-112,0.9999999999072315
2009-11-24,4,mixed_or_neutral_4,2.478836016761479e-39,1.9823346523734327e-52,5.524688638465312e-12,6.573596401445952e-113,0.999999999994543
2009-11-25,4,mixed_or_neutral_4,5.09911428367094e-37,7.764579683991409e-50,2.9255847458438326e-10,7.590604991795972e-117,0.9999999997071427
2009-11-27,4,mixed_or_neutral_4,5.5190372574471145e-36,4.8816677991046636e-46,6.333716639823195e-10,1.2222266591344998e-114,0.9999999993669917
2009-11-30,4,mixed_or_neutral_4,2.4436122206196223e-37,9.65437986582234e-50,3.012757430900012e-11,6.703996827197116e-112,0.9999999999699867
2009-12-01,4,mixed_or_neutral_4,6.45774138479154e-38,2.3389246993498766e-46,9.027268849154473e-11,4.997279299985251e-115,0.99999999990996
2009-12-02,4,mixed_or_neutral_4,1.2489133203521973e-36,1.1332480689121304e-47,3.717300713377e-10,7.187199602836907e-109,0.9999999996280167
2009-12-03,4,mixed_or_neutral_4,4.187860686499617e-37,6.817236552957747e-49,1.2137761049047642e-08,4.858985787882766e-113,0.9999999878618837
2009-12-04,4,mixed_or_neutral_4,6.078985140631872e-35,3.3871702574221023e-48,8.900807099064618e-08,1.469440605157654e-116,0.999999910992305
2009-12-07,4,mixed_or_neutral_4,1.5186736601098581e-33,3.212968434761981e-48,9.412479033753569e-08,2.304173382613636e-118,0.9999999058754883
2009-12-08,4,mixed_or_neutral_4,1.5167149724887485e-30,2.9850664531541663e-46,1.5029823661035492e-06,1.631567700839583e-115,0.999998497017479
2009-12-09,4,mixed_or_neutral_4,2.689990684462711e-28,2.362975923401477e-42,0.0001997550497043067,1.0869568496757602e-108,0.9998002449504584
2009-12-10,4,mixed_or_neutral_4,1.203846180765923e-27,1.4676989945381298e-41,0.005516900324596012,1.80680904392121e-108,0.9944830996752416
2009-12-11,4,mixed_or_neutral_4,4.739110287724612e-26,3.568293432899486e-42,0.051058090392248394,5.376958475992434e-109,0.9489419096075594
2009-12-14,2,risk_on,4.278412826999388e-28,2.3094106098068734e-43,0.8867281825129094,6.916223956882673e-108,0.11327181748745363
2009-12-15,2,risk_on,1.8686456566826378e-30,1.8697502160524879e-41,0.9937296883586706,3.260551350470543e-108,0.006270311641575619
2009-12-16,2,risk_on,3.8266847294707886e-32,1.388760093253361e-40,0.9975974324946226,1.0224114256428206e-105,0.002402567505023853
2009-12-17,2,risk_on,3.753553132703443e-30,3.495961276978884e-40,0.9996455414576473,8.775285138178472e-98,0.00035445854194532877
2009-12-18,2,risk_on,1.9633255976090413e-30,1.1742609258482834e-41,0.9999763087767575,1.8994135520695525e-97,2.3691223126630152e-05
2009-12-21,2,risk_on,3.2406314771345026e-33,9.424920088933133e-42,0.9999988994428949,2.2992113197287354e-100,1.1005568244968788e-06
2009-12-22,2,risk_on,4.601064985636591e-36,9.747441317713611e-42,0.9999998262828891,1.6312227694872283e-95,1.7371681510999293e-07
2009-12-23,2,risk_on,7.833731426280532e-36,2.9112217425822533e-41,0.9999973944420456,1.4850108331177234e-93,2.605557518462506e-06
2009-12-24,2,risk_on,1.7536104625370747e-36,4.135821278716208e-39,0.9999952225585254,2.041863228856233e-93,4.7774413850853876e-06
2009-12-28,2,risk_on,2.2118725957135063e-34,1.270509414514835e-33,0.9999966953182629,4.612665578785511e-89,3.3046819897046527e-06
2009-12-29,2,risk_on,4.087253145554962e-33,7.258854995562382e-33,0.9999974318394614,2.0910991921876075e-83,2.5681602160499956e-06
2009-12-30,2,risk_on,1.253026790712906e-32,1.5298586904115996e-33,0.9999989880375897,7.436444805662396e-81,1.0119627974037495e-06
2009-12-31,2,risk_on,1.883254122827872e-33,5.7604257575074e-38,0.9999983163821147,3.205278130882112e-82,1.6836181883504874e-06
2010-01-04,2,risk_on,9.98206173266352e-35,1.2032163959223118e-41,0.9999953542045347,2.454629286213031e-87,4.645795237935233e-06
2010-01-05,2,risk_on,4.6251626891090043e-35,2.1338037973209612e-43,0.9999985344667773,1.6619777740492957e-90,1.4655333189954612e-06
2010-01-06,2,risk_on,5.394045247341518e-37,1.4146503053821135e-47,0.9999993592575499,3.8816063299875046e-95,6.407425301470531e-07
2010-01-07,2,risk_on,5.937735684254538e-37,3.754960347929657e-47,0.9999998318981084,1.5963639573672126e-98,1.6810143837765957e-07
2010-01-08,2,risk_on,2.951601057077614e-38,3.936793256294797e-49,0.9999999863102857,2.9046484507235566e-99,1.3689961780555616e-08
2010-01-11,2,risk_on,7.614290683495297e-38,7.283767405104842e-52,0.9999999855162969,4.5180575235863683e-100,1.448349520483359e-08
2010-01-12,2,risk_on,2.0979529142180923e-35,7.8168380041875e-50,0.999999982850568,8.797483720401307e-97,1.7149566689877606e-08
2010-01-13,2,risk_on,1.7872557716262322e-34,4.577913733465985e-51,0.9999999340270755,2.62188196358686e-97,6.597336424820858e-08
2010-01-14,2,risk_on,1.4331699669907253e-37,1.4532886365535842e-53,0.9999999766960175,2.924448341791712e-101,2.330430639748247e-08
2010-01-15,2,risk_on,2.4340845542455965e-36,1.3047802684502102e-53,0.9999990447963697,2.5342463040109394e-100,9.55203962286681e-07
2010-01-19,2,risk_on,5.9260185133084874e-34,9.883386233811116e-53,0.9999999035990232,1.0976541422891856e-100,9.640122218791896e-08
2010-01-20,2,risk_on,1.356164678398665e-31,2.8301428905056824e-45,0.9999792203501643,1.702692972152556e-94,2.0779650170494597e-05
2010-01-21,2,risk_on,8.279785770265629e-33,2.078411172168215e-45,0.7794314343166342,1.1967564587403313e-85,0.2205685656830904
2010-01-22,4,mixed_or_neutral_4,7.293282505341125e-33,1.4233281799657671e-44,3.137299980395653e-05,2.5431103722532e-86,0.9999686270003775
2010-01-25,4,mixed_or_neutral_4,2.0757782420875307e-36,4.1804417731068574e-45,9.9075749062933e-08,5.953376085601624e-86,0.9999999009241995
2010-01-26,4,mixed_or_neutral_4,2.60818413777454e-38,1.0562512060910606e-43,1.5637288220462085e-08,1.8136947484320093e-82,0.9999999843630577
2010-01-27,4,mixed_or_neutral_4,6.0865511362406824e-40,2.6470936827244206e-42,2.0448229749820432e-09,2.6739116140334e-76,0.9999999979554559
2010-01-28,4,mixed_or_neutral_4,8.37024517469725e-44,1.3404990252712176e-43,3.384284658813693e-11,3.864904223875826e-74,0.9999999999663487
2010-01-29,4,mixed_or_neutral_4,2.5266865985623745e-41,2.2579944009630583e-44,8.797076589970845e-13,4.754822411448705e-72,0.9999999999990905
2010-02-01,4,mixed_or_neutral_4,8.212360779619874e-42,2.1252189963531772e-44,1.108212630908195e-09,6.5874124238721076e-77,0.9999999988922355
2010-02-02,4,mixed_or_neutral_4,3.5626905002064416e-42,2.0976897743715797e-55,3.8546072540271905e-11,3.286217351251723e-83,0.9999999999618012
2010-02-03,4,mixed_or_neutral_4,7.985960315405395e-48,8.293577971088007e-56,3.839832745332184e-09,6.518740626647797e-97,0.9999999961601134
2010-02-04,4,mixed_or_neutral_4,3.8153375798152126e-51,1.4897131124094487e-48,1.6486916918429188e-15,2.6476939294147214e-89,1.0
2010-02-05,4,mixed_or_neutral_4,2.0132476007886146e-53,1.4081905636431092e-51,7.102868784641988e-17,2.9989255799104174e-82,1.0
2010-02-08,4,mixed_or_neutral_4,6.2260545579474305e-52,2.5252380877487e-48,2.9839013653255546e-18,2.0263880653388003e-85,1.0
2010-02-09,4,mixed_or_neutral_4,2.233216985528481e-51,5.075086737463965e-46,1.388148675489393e-14,4.0032811618196214e-84,1.0
2010-02-10,4,mixed_or_neutral_4,1.2513154978582714e-48,6.320875512536442e-44,4.115749081468664e-16,1.2367156671020459e-80,1.0
2010-02-11,4,mixed_or_neutral_4,1.3917912744266285e-46,5.809330463088715e-40,6.56948642129322e-13,2.3462687599095345e-81,0.9999999999990905
2010-02-12,4,mixed_or_neutral_4,1.6597310056723342e-46,6.919318733503047e-42,6.086028642318041e-14,2.9448732823357385e-76,1.0
2010-02-16,4,mixed_or_neutral_4,3.5992051396291622e-40,3.6836676432717115e-43,6.107121688886028e-12,9.807209350482408e-83,0.9999999999936335
2010-02-17,4,mixed_or_neutral_4,7.563194652847246e-38,1.775563369052e-38,8.230186829232958e-09,2.255224524811766e-85,0.9999999917699824
2010-02-18,4,mixed_or_neutral_4,6.285794112890724e-36,5.159065428624446e-33,2.889358159995699e-07,1.2967000767200898e-79,0.9999997110644889
2010-02-19,4,mixed_or_neutral_4,1.6120960558697525e-33,1.7909603764180054e-31,1.1205327644715845e-06,1.73821612329921e-71,0.999998879467685
2010-02-22,4,mixed_or_neutral_4,1.5048327171352734e-38,1.7872810383078478e-29,1.2128496521638852e-06,7.067076514710631e-71,0.9999987871504424
2010-02-23,4,mixed_or_neutral_4,6.970746110312213e-35,7.8270922784724e-29,5.405772407000251e-10,5.192512152197427e-63,0.9999999994597601
2010-02-24,4,mixed_or_neutral_4,1.087338869533879e-37,1.9932499022632913e-30,2.822316139025918e-08,4.0087995553263267e-63,0.9999999717765609
2010-02-25,4,mixed_or_neutral_4,2.3827889923731395e-35,5.1562826219248504e-30,2.0928762226876397e-09,3.425432832824748e-63,0.9999999979072527
2010-02-26,4,mixed_or_neutral_4,1.3337606199438104e-35,3.8858190549980505e-30,1.2801603171077782e-08,9.703811935735829e-61,0.9999999871979526
2010-03-01,4,mixed_or_neutral_4,1.6234876953114183e-36,3.746374236062571e-30,1.8507210359491403e-08,1.5800553260795645e-62,0.9999999814926925
2010-03-02,4,mixed_or_neutral_4,2.0696064721353427e-36,6.255706436769739e-29,9.334035988566719e-09,3.3525212421001768e-62,0.9999999906658559
2010-03-03,4,mixed_or_neutral_4,1.2775369950977263e-34,3.817534450419241e-29,8.351883196804719e-08,1.3771263123068232e-60,0.999999916481105
2010-03-04,4,mixed_or_neutral_4,7.19242900336706e-33,1.5407238121369052e-29,3.0888188837854354e-07,2.390152854970059e-61,0.9999996911183666
2010-03-05,4,mixed_or_neutral_4,3.488362982629356e-33,2.9626343338067987e-29,7.900840499825252e-07,1.321184534788923e-63,0.9999992099158982
2010-03-08,4,mixed_or_neutral_4,2.469954115802492e-35,2.0214679591498794e-25,5.180614243090599e-07,6.396156496810466e-62,0.9999994819383097
2010-03-09,4,mixed_or_neutral_4,9.332401851265423e-38,1.4529217202577583e-24,1.6471302057716562e-07,3.102990664860164e-59,0.9999998352868851
2010-03-10,4,mixed_or_neutral_4,2.0130093603222397e-34,1.130234360736071e-24,4.472877692664863e-08,1.1426741097430404e-58,0.9999999552710516
2010-03-11,4,mixed_or_neutral_4,8.35932939523644e-32,1.649749924074851e-25,4.202880268269141e-06,4.415461918951929e-57,0.9999957971201284
2010-03-12,4,mixed_or_neutral_4,3.575223910247733e-31,4.520886638152064e-24,6.384198505074773e-05,1.1794586337789388e-54,0.9999361580146703
2010-03-15,4,mixed_or_neutral_4,1.0376181407790984e-29,9.45701189040484e-25,0.021428445570515712,2.9319854802492507e-55,0.9785715544297344
2010-03-16,4,mixed_or_neutral_4,2.7635468892213764e-29,2.074350343429594e-26,0.24826751820015255,1.4912405419932307e-55,0.7517324817995894
2010-03-17,2,risk_on,3.1800308326236314e-29,2.3360066296510753e-28,0.9838886358557877,1.0146703145013529e-57,0.01611136414430484
2010-03-18,2,risk_on,2.213543569666874e-29,1.1835953254911753e-30,0.999682834830939,1.8650522529252587e-58,0.0003171651688552159
2010-03-19,2,risk_on,2.734977027773285e-28,1.5984954790572371e-34,0.9999857105870017,2.6644534407328506e-60,1.4289412763389913e-05
2010-03-22,2,risk_on,9.889893829881967e-29,2.74723773536491e-40,0.9999998719395162,7.12081523725758e-66,1.2806040321867082e-07
2010-03-23,2,risk_on,5.312216935979757e-29,9.38108830060129e-44,0.9999999387664521,6.344370933496524e-72,6.123392390117016e-08
2010-03-24,2,risk_on,1.3462718605885858e-33,5.559771889612257e-46,0.9999999960537025,8.939693316338352e-80,3.945944212856034e-09
2010-03-25,2,risk_on,5.693467160473796e-35,1.4059810595009936e-47,0.9999999963811206,1.0049439992440262e-83,3.618757575634678e-09
2010-03-26,2,risk_on,4.497709026493714e-36,6.095127628823703e-48,0.9999999954225132,3.156971710627392e-85,4.5775479796086136e-09
2010-03-29,2,risk_on,3.609670177742709e-36,1.4320757732072504e-48,0.9999999978726919,7.334749410176551e-88,2.1273530677806226e-09
2010-03-30,2,risk_on,1.456422513651113e-35,2.1148524588856192e-49,0.9999999989886419,1.80537338365121e-89,1.0115029476008852e-09
2010-03-31,2,risk_on,1.8166368430351943e-35,2.4545705261098287e-52,0.9999999996380211,1.2320164798876439e-90,3.6234385025123977e-10
2010-04-01,2,risk_on,2.8686859981247244e-37,3.437598815089623e-52,0.9999999998826752,6.275849856751982e-93,1.1744380806469114e-10
2010-04-05,2,risk_on,3.984555412873408e-37,3.501241212553414e-49,0.9999999998099156,2.105782457817304e-89,1.8984000492919053e-10
2010-04-06,2,risk_on,1.4309856714252145e-36,2.434056326283346e-49,0.9999999998699423,4.219064383485476e-86,1.2968285906059503e-10
2010-04-07,2,risk_on,1.3933774422521143e-36,1.2219062924219125e-50,0.9999999998690328,5.204122954169056e-84,1.3103622966334215e-10
2010-04-08,2,risk_on,4.2038269473783543e-36,1.75311428509675e-49,0.9999999999408828,9.177864567753016e-86,5.934542906271986e-11
2010-04-09,2,risk_on,3.393826374923957e-36,2.3951512741165706e-50,0.9999999999490683,5.728624905717075e-85,5.098677085751929e-11
2010-04-12,2,risk_on,1.206571471813819e-35,9.601290194282608e-51,0.9999999999363354,8.840488656182094e-84,6.322572611229477e-11
2010-04-13,2,risk_on,2.8702925783906088e-34,1.7849950904857148e-50,0.9999999998426574,6.160290490141742e-84,1.5760509302929912e-10
2010-04-14,2,risk_on,8.417879510921507e-36,2.6391177017577484e-51,0.9999999998799467,1.0984674732256971e-82,1.201165196906872e-10
2010-04-15,2,risk_on,8.407404067573321e-36,4.824665227175742e-50,0.9999999998508429,4.959842662110164e-84,1.4898950306323984e-10
2010-04-16,2,risk_on,4.980953745101935e-34,4.53045068639922e-48,0.9999999951796781,2.9124705026489113e-80,4.820227603165237e-09
2010-04-19,2,risk_on,2.212259659856783e-35,4.135025479361132e-49,0.9999999972187652,4.1971740654246523e-79,2.780964556038835e-09
2010-04-20,2,risk_on,7.991123140712356e-34,1.777509494058119e-49,0.999999999742613,2.5004405495314684e-79,2.57784995395329e-10
2010-04-21,2,risk_on,5.490195841058827e-34,1.7393383364596456e-52,0.9999999998790372,8.774061785661633e-80,1.2113221062264317e-10
2010-04-22,2,risk_on,2.5766164553319245e-34,3.757633012023136e-53,0.9999999998162821,2.8899869244940174e-83,1.8341885788575744e-10
2010-04-23,2,risk_on,2.8606833457570353e-34,7.303544771091708e-53,0.9999999991860022,3.2203685783754067e-80,8.143336116812178e-10
2010-04-26,2,risk_on,7.32833952410855e-33,1.7047716808415348e-50,0.9999999936562745,9.23354661964989e-78,6.34400686338698e-09
2010-04-27,2,risk_on,2.9155250000893274e-30,4.50568142097902e-47,0.9999969835689646,3.3200683445904377e-74,3.0164313229954365e-06
2010-04-28,2,risk_on,8.254409632177112e-34,9.763392624288763e-45,0.999999934355403,3.24319930231509e-71,6.564421581479347e-08
2010-04-29,2,risk_on,1.1082290909824567e-32,7.642018302816834e-47,0.9999988927162795,5.809343471187434e-66,1.1072832857810288e-06
2010-04-30,2,risk_on,3.2308785801245186e-31,3.604043068618312e-43,0.9997874798056254,8.100094043958271e-67,0.00021252019425798018
2010-05-03,2,risk_on,7.558320665509258e-31,8.613620553274864e-41,0.9946724483060705,1.1193047398490836e-64,0.005327551693507656
2010-05-04,2,risk_on,9.0662279121386e-32,5.8376679999077655e-37,0.5592396867927284,1.0227563981875847e-59,0.44076031320702064
2010-05-05,4,mixed_or_neutral_4,2.9266522655458405e-45,4.316344102991616e-37,0.00031530542003902314,6.991720438821383e-57,0.9996846945803957
2010-05-06,4,mixed_or_neutral_4,6.264811754244194e-60,1.5278328342622218e-38,1.3970303358157396e-18,8.348967906566101e-58,1.0
2010-05-07,4,mixed_or_neutral_4,3.250421757563672e-48,4.7773427656053774e-33,8.925990888756589e-25,1.6761750657239078e-65,1.0
2010-05-10,4,mixed_or_neutral_4,6.099410113026675e-46,1.3321789055077855e-41,2.636591797972514e-16,5.7734157262480284e-61,1.0
2010-05-11,4,mixed_or_neutral_4,9.27850107977371e-46,3.562917921028283e-38,5.770794762390842e-16,2.6837663966786177e-70,1.0
2010-05-12,4,mixed_or_neutral_4,4.2370112788360247e-41,6.259810738551016e-37,1.43710153162858e-15,6.5414291370054856e-68,1.0
2010-05-13,4,mixed_or_neutral_4,9.786256613354092e-48,6.000672670768331e-37,1.5250274847860143e-14,7.236091946146665e-66,1.0
2010-05-14,4,mixed_or_neutral_4,1.091984865689334e-46,9.902857312335928e-37,8.323735398592315e-20,1.864138626501534e-66,1.0
2010-05-17,4,mixed_or_neutral_4,1.811177643137636e-49,1.638031965485348e-31,5.3157759315901056e-17,6.78469439508935e-67,1.0
2010-05-18,4,mixed_or_neutral_4,6.501497266492924e-54,3.1489178565750445e-30,1.8558531640210772e-20,1.4125327403178414e-60,1.0
2010-05-19,4,mixed_or_neutral_4,1.0259095117630701e-48,1.1149224455190409e-26,1.0101526712297343e-23,5.993296761969832e-60,1.0
2010-05-20,4,mixed_or_neutral_4,6.625848430330524e-54,1.1306933431369282e-17,1.7554867189059884e-34,2.3289901592450455e-60,1.0
2010-05-21,4,mixed_or_neutral_4,1.9464618741093503e-55,1.8233159317640514e-21,4.222810220615101e-31,7.863939217608423e-50,1.0
2010-05-24,4,mixed_or_neutral_4,5.946289283093331e-56,2.5589287694816833e-25,3.551546066107964e-30,7.82580726157286e-52,1.0
2010-05-25,4,mixed_or_neutral_4,6.516002008533437e-54,1.1194855508335956e-24,8.845327032267575e-31,4.1869843969796965e-52,1.0
2010-05-26,4,mixed_or_neutral_4,5.086876244784371e-53,2.1815389557295763e-23,1.6171135665924913e-29,2.3622820855865616e-50,1.0
2010-05-27,4,mixed_or_neutral_4,1.5654404973436496e-50,4.549075898766642e-24,4.634012921005232e-25,8.275517697236853e-57,1.0
2010-05-28,4,mixed_or_neutral_4,3.014194035408819e-50,4.1366232747927035e-23,6.89138521431826e-25,8.691782522689728e-61,1.0
2010-06-01,4,mixed_or_neutral_4,8.86873659743274e-56,1.9867468450885628e-21,7.701979613992234e-30,9.238723122576385e-58,1.0
2010-06-02,4,mixed_or_neutral_4,3.9158777306743884e-53,4.7762762170394995e-22,6.144959296452088e-26,1.3253111678066185e-59,1.0
2010-06-03,4,mixed_or_neutral_4,1.164415949162194e-51,3.9097644160606986e-22,8.643143029808154e-26,1.7380130474244596e-59,1.0
2010-06-04,4,mixed_or_neutral_4,2.0809087977433662e-47,9.039180442640976e-20,4.66272016880353e-34,1.6320511006982684e-60,1.0
2010-06-07,4,mixed_or_neutral_4,7.487571878441061e-46,2.684012429277484e-18,4.350589423236678e-42,1.2814412925257687e-54,1.0
2010-06-08,4,mixed_or_neutral_4,1.3523846531361277e-45,3.253299163290119e-17,1.322615741847428e-44,3.36127564851377e-48,1.0
2010-06-09,4,mixed_or_neutral_4,4.83675468750721e-48,8.198113421380556e-20,9.776889968844962e-36,4.606832632899121e-46,1.0
2010-06-10,4,mixed_or_neutral_4,7.196948553205792e-50,4.3695383300342675e-18,2.4351287806859128e-28,2.052189192908562e-56,1.0
2010-06-11,4,mixed_or_neutral_4,1.9102386498588277e-52,1.1094128168274374e-17,1.7039533530314226e-25,3.1169836841355746e-51,1.0
2010-06-14,4,mixed_or_neutral_4,2.0812548881133372e-50,1.6616022290792304e-17,4.868695975430938e-28,1.713241996462571e-51,1.0
2010-06-15,4,mixed_or_neutral_4,6.034440848391094e-53,5.276359598443615e-16,4.735141209530952e-28,1.548779912648087e-54,1.0
2010-06-16,4,mixed_or_neutral_4,9.107105429067151e-52,2.0402222235699323e-16,8.459873663169226e-28,1.0686113445275692e-51,1.0
2010-06-17,4,mixed_or_neutral_4,3.2554239128952066e-50,2.5662435990414676e-16,3.9847236786114046e-30,1.0241467614742937e-50,1.0
2010-06-18,4,mixed_or_neutral_4,1.0082006700334843e-49,1.052101023511409e-15,2.6690535778239213e-33,1.3479471824919332e-50,1.0
2010-06-21,4,mixed_or_neutral_4,1.7977386633994886e-51,1.7358069370806155e-13,1.9762933142298126e-49,6.800536917694634e-48,1.0
2010-06-22,4,mixed_or_neutral_4,6.965094603608767e-51,1.8013999392623163e-14,1.2420632969958043e-41,1.433288081189738e-44,1.0
2010-06-23,4,mixed_or_neutral_4,1.348160198292324e-45,2.3868884237961974e-15,7.942096427136112e-41,4.003368505148949e-46,1.0
2010-06-24,4,mixed_or_neutral_4,7.554886917735232e-46,5.144502288737613e-15,5.993009309985576e-43,1.7807238638930788e-45,1.0
2010-06-25,4,mixed_or_neutral_4,1.1828966978415969e-46,1.3825891837099104e-14,1.1860983738519286e-44,1.2859355934010017e-45,1.0
2010-06-28,4,mixed_or_neutral_4,2.305726712475435e-43,5.432667807329418e-15,9.80443843643591e-36,9.335302744133365e-43,1.0
2010-06-29,4,mixed_or_neutral_4,9.744458056164354e-41,2.656682716126749e-14,1.1105812010114217e-47,7.598986603920077e-39,1.0
2010-06-30,4,mixed_or_neutral_4,1.149089228265581e-42,2.8013908740229166e-14,6.572035199921082e-56,1.4575368793918178e-37,1.0
2010-07-01,4,mixed_or_neutral_4,1.403522814171379e-41,6.537584728911944e-15,3.4741902387913167e-56,4.352372610031513e-37,1.0
2010-07-02,4,mixed_or_neutral_4,2.1578896772129993e-40,2.083151088066613e-15,2.414858517020931e-64,2.2647176043666005e-39,1.0
2010-07-06,4,mixed_or_neutral_4,1.2081244666563702e-39,1.0246548682144285e-14,2.03308421482204e-72,9.844508452819903e-37,1.0
2010-07-07,4,mixed_or_neutral_4,1.3037373789178708e-41,1.3814061043058942e-13,7.285366448250109e-64,4.888953578971972e-40,1.0
2010-07-08,4,mixed_or_neutral_4,1.2548937330038678e-43,9.882049777806632e-15,1.1297526170835884e-55,1.0236864708216642e-41,1.0
2010-07-09,4,mixed_or_neutral_4,3.270778990366613e-42,3.272112234818314e-14,1.0400701757482069e-52,7.974168886559901e-43,1.0
2010-07-12,4,mixed_or_neutral_4,7.196447775118111e-39,1.1630050210512015e-14,3.3057266885785124e-45,6.565110205856541e-41,1.0
2010-07-13,4,mixed_or_neutral_4,1.5196022936901084e-39,2.5003574060888864e-13,1.2575575750144118e-36,4.293010287592993e-44,1.0
2010-07-14,4,mixed_or_neutral_4,2.334367953363278e-37,7.070925390197584e-13,1.6108957611293518e-37,1.753228761542631e-38,0.9999999999990905
2010-07-15,4,mixed_or_neutral_4,1.7500251037866775e-35,1.2962599735979795e-12,1.6067494078581926e-34,8.662272623315029e-35,0.9999999999990905
2010-07-16,4,mixed_or_neutral_4,7.030345641449274e-36,1.860048489814247e-12,1.4446863038157642e-45,1.1990494474198265e-36,0.999999999998181
2010-07-19,4,mixed_or_neutral_4,1.0719405731907658e-35,1.2682624205930267e-12,3.684288424823271e-42,3.079138428942475e-37,0.9999999999990905
2010-07-20,4,mixed_or_neutral_4,4.0834621275193475e-35,1.0616081075676354e-12,4.367353783982411e-41,8.23001338524476e-39,0.9999999999990905
2010-07-21,4,mixed_or_neutral_4,7.184399505957413e-34,4.565037582072836e-13,3.390645156726575e-45,1.9249475162389297e-38,0.9999999999990905
2010-07-22,4,mixed_or_neutral_4,4.094828836407894e-33,1.3706469728220703e-12,1.8972465793639695e-39,5.0707595544587386e-42,0.999999999998181
2010-07-23,4,mixed_or_neutral_4,2.0605753864824667e-34,1.1075879560518547e-12,1.901750272763058e-37,1.4311609004354149e-43,0.9999999999990905
2010-07-26,4,mixed_or_neutral_4,3.1924391689195625e-34,2.930553949332531e-12,6.776541887648987e-37,1.0541515975154664e-43,0.9999999999972715
2010-07-27,4,mixed_or_neutral_4,1.622074004344521e-33,2.397986762840422e-12,1.7454050146129663e-35,1.7712263454766989e-43,0.9999999999972715
2010-07-28,4,mixed_or_neutral_4,1.1300378584421717e-32,4.041230798785867e-12,3.5661836590686666e-37,2.8421530360573077e-41,0.999999999996362
2010-07-29,4,mixed_or_neutral_4,1.2016959171724124e-36,6.291743259311352e-12,2.767621370360907e-46,2.8521258940274075e-44,0.9999999999936335
2010-07-30,4,mixed_or_neutral_4,3.4811147869382777e-35,3.904925000331513e-13,1.802060636762305e-49,1.572309996243252e-39,1.0
2010-08-02,4,mixed_or_neutral_4,6.161740971043684e-35,4.7870687290125274e-14,2.770019596176226e-41,2.0448753935409114e-44,1.0
2010-08-03,4,mixed_or_neutral_4,9.876417188471156e-36,2.050962138234355e-14,7.523237670398143e-44,4.922187514203355e-42,1.0
2010-08-04,4,mixed_or_neutral_4,1.4387276635262562e-37,1.2339379609180657e-14,1.406982363282937e-40,7.19844840346181e-42,1.0
2010-08-05,4,mixed_or_neutral_4,1.496065591176434e-40,1.0186178884495602e-16,6.411900161002148e-35,4.008193672803969e-42,1.0
2010-08-06,4,mixed_or_neutral_4,1.2904233752294516e-36,3.564664661996569e-17,9.899689276253377e-37,3.720405726290806e-47,1.0
2010-08-09,4,mixed_or_neutral_4,1.2759353820333656e-37,5.0641403058669995e-14,1.603363543249736e-30,6.207541357754349e-46,1.0
2010-08-10,4,mixed_or_neutral_4,1.4151345159815612e-34,1.1603126957501778e-14,9.416796423475814e-31,4.21136814202808e-42,1.0
2010-08-11,4,mixed_or_neutral_4,1.0687683786147431e-35,9.287784723244069e-14,1.3584582063391412e-40,8.486892465455848e-39,1.0
2010-08-12,4,mixed_or_neutral_4,6.367253178666991e-35,2.2457465254451988e-13,7.763627215280776e-41,1.522272619565631e-36,1.0
2010-08-13,4,mixed_or_neutral_4,1.3933179983686111e-33,7.605119220637342e-14,1.4076415031032617e-39,2.616026360509854e-35,1.0
2010-08-16,4,mixed_or_neutral_4,4.411121564382422e-33,2.292705781490879e-13,7.285799903866192e-45,6.450840503513164e-30,1.0
2010-08-17,4,mixed_or_neutral_4,3.7930954618391424e-33,5.2520945428399e-14,1.6601692114029102e-39,2.1303124486152716e-33,1.0
2010-08-18,4,mixed_or_neutral_4,1.7577063734581734e-33,1.0627036441533784e-14,4.316153971857266e-37,7.746545071036673e-32,1.0
2010-08-19,4,mixed_or_neutral_4,9.411921559698767e-33,1.9521471197344514e-15,8.11969634941406e-46,1.3101702283853396e-29,1.0
2010-08-20,4,mixed_or_neutral_4,2.2532698429155085e-35,2.0864492059774885e-15,1.5928254776523683e-44,1.2684531080805834e-31,1.0
2010-08-23,4,mixed_or_neutral_4,9.927115607590557e-34,6.709761647906411e-16,1.0413311730453802e-45,2.1153080501830078e-31,1.0
2010-08-24,4,mixed_or_neutral_4,2.5088223815762605e-33,6.132641456836715e-15,3.463858687625425e-50,3.0178035964760132e-31,1.0
2010-08-25,4,mixed_or_neutral_4,1.4589405797686797e-30,1.622338304230029e-15,2.0532258287862787e-49,2.2766759849093454e-29,1.0
2010-08-26,4,mixed_or_neutral_4,7.16974750870197e-33,7.347695399192675e-13,4.5597015339742996e-48,1.4224701059637984e-29,0.9999999999990905
2010-08-27,4,mixed_or_neutral_4,4.445321949152954e-33,7.821234815389303e-14,1.9735278927866453e-45,3.3408921473718626e-27,1.0
2010-08-30,4,mixed_or_neutral_4,1.0451280484904864e-28,2.318771320591964e-13,8.73437873351213e-50,2.0642586276978123e-28,1.0
2010-08-31,4,mixed_or_neutral_4,7.299412233572506e-30,4.558339275060794e-11,1.2779919843682436e-47,1.0355626093113332e-25,0.9999999999545253
2010-09-01,4,mixed_or_neutral_4,5.181210296966423e-33,1.7772852650908707e-11,6.513243473563577e-35,1.9499762219317617e-29,0.9999999999818101
2010-09-02,4,mixed_or_neutral_4,2.74242043479595e-35,6.99646414163997e-15,5.408016694040147e-31,1.29293730168272e-29,1.0
2010-09-03,4,mixed_or_neutral_4,7.20691963730127e-34,7.314085728722663e-16,9.516287319950925e-29,5.996047860611182e-35,1.0
2010-09-07,4,mixed_or_neutral_4,5.3686147052158885e-34,8.314376612089796e-14,2.304711112797085e-30,2.2168537737126554e-34,1.0
2010-09-08,4,mixed_or_neutral_4,5.524748066124565e-31,7.24890820346429e-15,8.69984494252075e-27,7.466632437003101e-35,1.0
2010-09-09,4,mixed_or_neutral_4,8.255670545266158e-31,4.066572094428009e-12,1.1476308085932561e-22,4.168284296467619e-38,0.999999999996362
2010-09-10,4,mixed_or_neutral_4,6.326198133570496e-33,7.744648028935853e-10,8.344270010228035e-27,3.3102126675688924e-35,0.9999999992251105
2010-09-13,4,mixed_or_neutral_4,3.3731230851073843e-32,6.114085437893388e-11,8.700443633090915e-25,1.3715033903059257e-33,0.9999999999390639
2010-09-14,4,mixed_or_neutral_4,1.0405573775660267e-31,8.145968960819675e-11,2.6038214992280856e-22,4.766531859503141e-35,0.9999999999181455
2010-09-15,4,mixed_or_neutral_4,7.405671667821527e-33,1.0570974855014216e-11,4.168818374749879e-21,3.692337603193175e-36,0.9999999999890861
2010-09-16,4,mixed_or_neutral_4,6.794879437267397e-34,1.9385145742871034e-12,2.714119711473334e-20,2.1387739803007336e-37,0.999999999998181
2010-09-17,4,mixed_or_neutral_4,4.8099244476229245e-35,4.3913818954783444e-13,7.156894979430896e-20,3.2791804270162095e-38,1.0
2010-09-20,4,mixed_or_neutral_4,6.461694988102181e-36,2.6465999189181922e-14,9.7693458953138e-19,7.982368796430332e-38,1.0
2010-09-21,4,mixed_or_neutral_4,6.887933219818738e-33,4.79932855407312e-16,4.401228771832115e-20,5.607141683439189e-39,1.0
2010-09-22,4,mixed_or_neutral_4,2.27398238331387e-31,2.425854997960775e-15,4.756550537434433e-22,1.4576459977379504e-37,1.0
2010-09-23,4,mixed_or_neutral_4,4.809316523830237e-31,2.9558769853488893e-14,2.5701966706051178e-26,6.622454347069624e-38,1.0
2010-09-24,4,mixed_or_neutral_4,1.575357344142957e-30,1.5420143167678659e-15,3.3116865321215325e-21,3.3674108596655364e-41,1.0
2010-09-27,4,mixed_or_neutral_4,1.831930948163665e-33,2.2916791796349665e-14,3.6295479578773294e-22,2.9368245767145814e-40,1.0
2010-09-28,4,mixed_or_neutral_4,4.999493433147456e-34,1.4428940378025654e-18,1.4748617628114045e-20,4.755458421454906e-39,1.0
2010-09-29,4,mixed_or_neutral_4,9.761385305283984e-33,1.7862122959412908e-18,6.713426576653814e-23,1.414983723360168e-43,1.0
2010-09-30,4,mixed_or_neutral_4,5.186727295117224e-37,6.128777686796239e-18,1.7763850856882465e-24,1.189589700835725e-44,1.0
2010-10-01,4,mixed_or_neutral_4,1.4800158288856617e-37,3.657948847806855e-22,2.857193607074532e-21,3.191326975817443e-48,1.0
2010-10-04,4,mixed_or_neutral_4,6.36701902709536e-31,1.2786463786957947e-21,2.7167250241690805e-21,3.213290078353216e-55,1.0
2010-10-05,4,mixed_or_neutral_4,2.831758974623994e-32,1.3332962321388579e-20,2.3574385033274355e-14,8.087168503054345e-57,1.0
2010-10-06,4,mixed_or_neutral_4,4.757937481934459e-31,2.7415916544234533e-19,1.0806600086515946e-15,3.1472991843593347e-56,1.0
2010-10-07,4,mixed_or_neutral_4,2.5639703765738694e-31,2.1374577172610043e-19,1.8043994849548436e-15,7.282422710297725e-57,1.0
2010-10-08,4,mixed_or_neutral_4,2.9416866052975613e-30,9.395176340104195e-21,4.709315746076183e-15,2.870889470720895e-60,1.0
2010-10-11,4,mixed_or_neutral_4,2.0100569973719834e-30,2.528783627666746e-19,2.9373582371877234e-13,2.0020203663407914e-63,1.0
2010-10-12,4,mixed_or_neutral_4,1.4515981636126355e-31,4.1100171006082994e-20,7.855768213814764e-12,6.956756021402374e-64,0.9999999999918145
2010-10-13,4,mixed_or_neutral_4,1.2388587854070868e-33,3.8276136852538915e-21,1.9607537385878974e-12,5.83433683674349e-68,0.999999999998181
2010-10-14,4,mixed_or_neutral_4,2.579875457640426e-32,2.6837264781248343e-25,1.8666729462398667e-14,3.3241833231884274e-67,1.0
2010-10-15,4,mixed_or_neutral_4,2.969097455329656e-34,1.0763939163096144e-24,1.595151377953486e-13,1.1935594881607727e-76,1.0
2010-10-18,4,mixed_or_neutral_4,1.5773603000159314e-33,6.436149709684323e-25,9.56708636106513e-13,1.5730409836093077e-75,0.9999999999990905
2010-10-19,4,mixed_or_neutral_4,2.4863468158709128e-29,1.0198740065834555e-25,2.0118359668077998e-13,5.266969159087087e-72,1.0
2010-10-20,4,mixed_or_neutral_4,4.130768262152068e-29,8.682842846715325e-24,3.201135891247036e-09,1.628222402531787e-75,0.9999999967985786
2010-10-21,4,mixed_or_neutral_4,9.23912980552357e-31,5.358943715859395e-23,4.5322560802963835e-09,5.415122634514522e-72,0.9999999954679879
2010-10-22,4,mixed_or_neutral_4,2.0156587681540118e-31,1.4201968079587938e-21,9.851927342540312e-10,4.754945436288783e-72,0.9999999990150172
2010-10-25,4,mixed_or_neutral_4,1.4488453127267416e-31,3.737530591240931e-22,2.879208159825399e-09,2.158929967139142e-72,0.9999999971205398
2010-10-26,4,mixed_or_neutral_4,4.6145586990777847e-29,2.478803214883207e-22,5.500457626029487e-10,5.005535146582931e-71,0.9999999994497557
2010-10-27,4,mixed_or_neutral_4,2.3156056207904265e-31,7.989225317737319e-22,8.912617056661429e-09,2.4534830058057076e-69,0.9999999910869519
2010-10-28,4,mixed_or_neutral_4,6.320767856944122e-31,1.206221113503527e-23,4.875585716273668e-10,1.272907511110527e-72,0.9999999995125108
2010-10-29,4,mixed_or_neutral_4,7.671416679647137e-31,2.8158748447957895e-24,5.666443191311076e-10,6.2687799657338635e-77,0.9999999994333848
2010-11-01,4,mixed_or_neutral_4,3.0759954577256935e-30,6.521462253545747e-25,1.053547485346327e-09,1.386558345898238e-76,0.9999999989468051
2010-11-02,4,mixed_or_neutral_4,3.5858054817557362e-34,1.6638910387657812e-24,4.326361573636635e-09,8.37989381413274e-78,0.9999999956735337
2010-11-03,4,mixed_or_neutral_4,8.850654534940684e-38,1.2638742213426463e-24,5.856857738402564e-13,7.432835164172791e-87,0.9999999999990905
2010-11-04,4,mixed_or_neutral_4,1.943899289724159e-35,3.1276846193159697e-26,1.699873216039589e-10,2.1726219696676683e-88,0.9999999998299245
2010-11-05,4,mixed_or_neutral_4,3.3061327123568756e-35,6.736218980063334e-27,2.861837207461231e-09,5.086729838093605e-88,0.9999999971378202
2010-11-08,4,mixed_or_neutral_4,9.141566994259757e-37,1.8056016284961987e-26,2.082673631113548e-09,1.6154809909574957e-89,0.9999999979172571
2010-11-09,4,mixed_or_neutral_4,3.7841908069134224e-38,9.149609889161389e-29,2.117205119303107e-09,9.872050746202683e-89,0.9999999978826963
2010-11-10,4,mixed_or_neutral_4,1.8526082066486515e-35,1.2029329428602214e-31,2.0858718941352983e-09,2.7386871858928455e-95,0.9999999979145286
2010-11-11,4,mixed_or_neutral_4,3.254602202435059e-32,3.865173621478636e-32,1.0772787352423277e-07,6.060495615072978e-96,0.9999998922721773
2010-11-12,4,mixed_or_neutral_4,1.3202711498083532e-30,5.605325699011998e-29,4.862356864022302e-07,4.102576499038704e-90,0.9999995137642418
2010-11-15,4,mixed_or_neutral_4,3.28185395528569e-35,3.350667569102026e-29,4.1358563970233916e-05,8.90215366087234e-89,0.9999586414363877
2010-11-16,4,mixed_or_neutral_4,3.060111000914101e-35,4.947394959735e-25,8.523106043136786e-08,4.8240562770563776e-82,0.9999999147685267
2010-11-17,4,mixed_or_neutral_4,8.774079542055267e-33,1.2197929101573865e-26,4.044290492151673e-08,3.1754794278001455e-77,0.9999999595574999
2010-11-18,4,mixed_or_neutral_4,2.861980556060211e-35,2.5108355959330356e-29,4.286739846548238e-06,2.293708701520028e-82,0.9999957132605254
2010-11-19,4,mixed_or_neutral_4,5.528491535433336e-37,3.319997965922266e-30,3.1909342384952493e-07,3.2897406840082823e-83,0.9999996809065633
2010-11-22,4,mixed_or_neutral_4,2.498703205924556e-35,1.5429472657845592e-35,2.2452233852048455e-07,1.1727771262657262e-83,0.9999997754776156
2010-11-23,4,mixed_or_neutral_4,3.7719261842081526e-33,1.1921650859881916e-34,8.312041684532293e-10,6.395297338418466e-85,0.9999999991687218
2010-11-24,4,mixed_or_neutral_4,7.227434243537181e-36,1.2295516504801824e-37,8.639924258681073e-10,1.953759789621899e-88,0.99999999913598
2010-11-26,4,mixed_or_neutral_4,2.0512808127507674e-34,2.104387476410191e-37,5.712250520775382e-10,1.4009276864984367e-88,0.9999999994288373
2010-11-29,4,mixed_or_neutral_4,8.949899273101458e-30,1.8567678969685082e-41,1.0416338540714308e-09,5.152783765617876e-91,0.9999999989586286
2010-11-30,4,mixed_or_neutral_4,2.114462977859959e-24,1.1110715401212052e-39,2.298311161875422e-05,7.313009442262727e-94,0.999977016888259
2010-12-01,4,mixed_or_neutral_4,1.5234778236120814e-25,3.0598548532849463e-40,0.16721717078279805,3.894432735725835e-102,0.832782829217127
2010-12-02,4,mixed_or_neutral_4,5.503486023318258e-25,2.71781856649562e-44,0.41854471818727296,1.0816118251652192e-109,0.5814552818129639
2010-12-03,2,risk_on,3.9091246913053616e-30,2.6056862792909528e-46,0.9956128675391386,5.136618044716151e-119,0.004387132461187874
2010-12-06,2,risk_on,9.658399001160617e-32,1.3336572351041875e-54,0.99960207820768,4.188942415548288e-128,0.0003979217922000281
2010-12-07,2,risk_on,9.98770724879114e-37,7.480243551663953e-55,0.9999993890316593,1.2801606741593608e-141,6.10967976947458e-07
2010-12-08,2,risk_on,4.25675879503668e-37,2.5584721469937795e-56,0.9999999975634637,2.0104406694179327e-135,2.436636501613014e-09
2010-12-09,2,risk_on,6.893002440566389e-36,2.1746431670989735e-62,0.9999999939773261,2.842146835948794e-133,6.022252911061028e-09
2010-12-10,2,risk_on,5.245810893959933e-40,1.3690516566359502e-57,0.9999999997753548,1.132839560695528e-136,2.243158226861409e-10
2010-12-13,2,risk_on,7.038205688914225e-41,3.4124278738435364e-58,0.9999999994770405,6.199080112872377e-129,5.230036489492427e-10
2010-12-14,2,risk_on,3.582829327583761e-45,3.4128426343600323e-53,0.9999999920091796,6.573545747392956e-130,7.991166337928223e-09
2010-12-15,2,risk_on,9.267701762119561e-46,6.047761100919429e-57,0.9999999997216946,6.444754147424322e-122,2.7822123730041815e-10
2010-12-16,2,risk_on,4.960461983993417e-44,5.59716254203344e-58,0.9999999978053893,5.2191551515941955e-130,2.1944560569978143e-09
2010-12-17,2,risk_on,7.262037299379462e-41,6.4450752121339614e-59,0.999999999825377,1.2449990003357562e-122,1.7465504470979322e-10
2010-12-20,2,risk_on,1.604920944986045e-42,4.4900627914250283e-60,0.9999999988103809,9.103979735005346e-124,1.189211704170372e-09
2010-12-21,2,risk_on,1.0823441093938488e-42,2.5325071253867433e-60,0.9999999977353582,1.0894750209961113e-123,2.2643590673899846e-09
2010-12-22,2,risk_on,2.756687344134708e-44,6.55356940280069e-57,0.9999999991805453,8.180575721374266e-122,8.195510461656036e-10
2010-12-23,2,risk_on,1.2074480423659754e-45,1.4047466519150195e-55,0.9999999931842467,7.931998440291509e-125,6.815803130810566e-09
2010-12-27,2,risk_on,1.3341430775458666e-42,4.9469231653996374e-61,0.9999999995361577,1.946405163653087e-125,4.641041970450876e-10
2010-12-28,2,risk_on,1.0547754948199404e-43,7.066448367925936e-58,0.9999999946139724,1.48644951366946e-134,5.386055661265853e-09
2010-12-29,2,risk_on,1.5163417132985572e-42,1.5497854812537313e-58,0.999999995975486,5.4644712917613187e-129,4.024339396260641e-09
2010-12-30,2,risk_on,7.505227271754845e-42,4.3541794940134026e-57,0.999999967816621,2.650910087461353e-131,3.218370382964198e-08
2010-12-31,2,risk_on,4.009333760478672e-40,8.792715321601095e-61,0.9999999950814527,5.855964159692967e-130,4.9181510658940306e-09
2011-01-03,2,risk_on,1.2263929453100338e-42,1.034392528165056e-62,0.9999999895826477,5.933232941043515e-132,1.0416957827265696e-08
2011-01-04,2,risk_on,5.066625460468426e-44,1.573857434411736e-60,0.9999999982410372,1.4658827654029097e-134,1.7585242044915958e-09
2011-01-05,2,risk_on,5.863788905206714e-45,3.4712798408511367e-57,0.9999999949486664,1.310694192847616e-129,5.051206716177669e-09
2011-01-06,2,risk_on,2.0933793300347805e-41,1.7310944945005823e-61,0.9999999878291419,1.7559923466761294e-124,1.2170853911282772e-08
2011-01-07,2,risk_on,1.3548183458657187e-39,2.6315576824150476e-63,0.9999999470892377,2.037913602618076e-128,5.2910545879237074e-08
2011-01-10,2,risk_on,8.153462198172843e-41,2.2735007437228253e-59,0.9999998706043781,1.256030552793649e-128,1.29395967287335e-07
2011-01-11,2,risk_on,2.046229853973626e-40,9.442110603433708e-61,0.9999993391640966,3.005178035540637e-124,6.608358982823329e-07
2011-01-12,2,risk_on,3.7871702883384305e-41,4.5459391038248516e-57,0.9999996648930953,7.134233190701485e-121,3.351070644440307e-07
2011-01-13,2,risk_on,4.1272088245121054e-36,2.6480382518949585e-59,0.9999822502524736,1.2653647352901085e-114,1.7749747396602878e-05
2011-01-14,2,risk_on,3.0979767518580586e-36,2.1405151159614787e-56,0.9999905813399617,1.620016082292168e-113,9.418659968700146e-06
2011-01-18,2,risk_on,2.631443824903565e-37,1.4048379223011738e-56,0.9999969898772008,3.936638955540856e-112,3.01012269457648e-06
2011-01-19,2,risk_on,3.367294461357482e-39,2.3583404537947552e-54,0.9999994697892858,1.9426687074785895e-106,5.302108119425601e-07
2011-01-20,2,risk_on,2.9193306052500147e-38,1.601959987636489e-53,0.999997786371472,1.7556305051332778e-106,2.213628288598027e-06
2011-01-21,2,risk_on,9.105072344757e-37,3.5176857458611654e-53,0.999991893760239,4.137388821448598e-107,8.106239594693533e-06
2011-01-24,2,risk_on,1.1314368370565541e-36,2.3863589506737814e-52,0.9999934282075111,1.2333354356325734e-105,6.571792252511108e-06
2011-01-25,2,risk_on,8.058082709621662e-33,5.990494866760529e-54,0.9999505659884511,1.3598196778663282e-104,4.9434011498570794e-05
2011-01-26,2,risk_on,9.246451138530094e-36,3.2498520631761943e-52,0.9999704083051377,2.5368765754566145e-108,2.9591694789376296e-05
2011-01-27,2,risk_on,1.2086050879043623e-34,1.607295046667482e-54,0.9999309222752419,1.2575156324714424e-103,6.907772440239403e-05
2011-01-28,2,risk_on,2.3510778621640176e-34,9.744308997015156e-52,0.9999471163687708,7.390331181337251e-106,5.288363106174659e-05
2011-01-31,2,risk_on,2.637266578689075e-34,1.2399971010508215e-52,0.9999617826451642,9.462700755962311e-105,3.821735464466786e-05
2011-02-01,2,risk_on,5.459490968885842e-36,1.3587464954764177e-52,0.9999873257023068,4.695906447620901e-106,1.2674297926235436e-05
2011-02-02,2,risk_on,7.840449814335524e-36,4.648336529340648e-51,0.9999980562452738,5.851116491808895e-103,1.943754958892996e-06
2011-02-03,2,risk_on,2.1709631088695242e-35,1.8400521062729936e-52,0.9999992868454497,3.944753381454763e-102,7.131546775004804e-07
2011-02-04,2,risk_on,2.3942403837096347e-36,1.1749084047720164e-49,0.9999993686753615,5.853198911548396e-99,6.313250343594169e-07
2011-02-07,2,risk_on,3.234537500606747e-37,1.0422846336963214e-50,0.9999999656984079,3.351214914958902e-96,3.430134128904861e-08
2011-02-08,2,risk_on,3.544077973755475e-39,2.349580950927418e-47,0.9999999949141056,1.0213056966468808e-94,5.086083128860603e-09
2011-02-09,2,risk_on,5.684193333983668e-35,7.926416399725709e-45,0.9999999569517977,4.7651153410626407e-88,4.3048417182411636e-08
2011-02-10,2,risk_on,9.264557149229321e-35,7.131652976930917e-44,0.9999999309293367,1.009368539392224e-86,6.907046284436812e-08
2011-02-11,2,risk_on,3.491684937870583e-35,1.5547941128105667e-44,0.9999999703595681,2.1805871429432976e-83,2.9640183513635828e-08
2011-02-14,2,risk_on,7.45939895101183e-33,6.505589890561567e-44,0.9999996378720172,8.275506342979303e-84,3.6212780440522395e-07
2011-02-15,2,risk_on,1.5624258614470106e-33,4.757073100049931e-42,0.9999999938454494,8.358544266919067e-81,6.154413783326865e-09
2011-02-16,2,risk_on,2.851611443815685e-32,2.149982871721356e-48,0.9999997163213667,1.557461950593941e-81,2.836789826518455e-07
2011-02-17,2,risk_on,3.113617206036624e-32,2.695503454870877e-47,0.9999996612660317,1.0587127908690448e-88,3.3873429417233253e-07
2011-02-18,2,risk_on,1.7193528659896675e-33,6.60394224483454e-46,0.999999932500034,6.2600030870030804e-86,6.74998593867714e-08
2011-02-22,2,risk_on,5.8922595168842805e-27,2.2893602379984233e-43,0.9999865368451062,4.935108525227205e-81,1.3463155123904185e-05
2011-02-23,2,risk_on,1.0365407521587168e-28,3.1328033963663463e-40,0.9999938575008332,1.6521644763393473e-77,6.142499375733933e-06
2011-02-24,2,risk_on,5.1123369140894636e-30,1.1534294343596544e-41,0.9999956815611334,5.360970779036522e-73,4.318439014648013e-06
2011-02-25,2,risk_on,2.4341138849169515e-31,2.1099418571890235e-46,0.9999996989791269,3.739885428325291e-77,3.010209378331359e-07
2011-02-28,2,risk_on,4.0128554664392286e-32,6.822918655031007e-49,0.9999940813461383,1.1215644911182858e-82,5.918653654306669e-06
2011-03-01,2,risk_on,1.5655744684547303e-31,1.5444575614518102e-43,0.999876349226899,7.294062043562146e-85,0.00012365077298263696
2011-03-02,2,risk_on,7.954198841091163e-30,9.426650715644905e-45,0.9988752381742151,7.562380199852634e-82,0.0011247618253311996
2011-03-03,2,risk_on,2.6265504858253436e-34,5.901454702647423e-48,0.9984252080029227,1.7540764580427819e-90,0.0015747919972733566
2011-03-04,2,risk_on,1.8270090211196184e-33,2.3326728796981696e-48,0.9253315224258394,3.345721975965815e-92,0.07466847757459995
2011-03-07,4,mixed_or_neutral_4,1.62761130117017e-33,1.5400738342328273e-48,0.41970653020849413,4.5192018924809665e-93,0.5802934697917226
2011-03-08,4,mixed_or_neutral_4,1.307694954537139e-35,1.0387425302250567e-50,0.050669073427863746,2.742177129745544e-94,0.9493309265719971
2011-03-09,4,mixed_or_neutral_4,5.743373237074326e-35,4.2026778102240706e-50,0.00023348770498888346,1.604510510199183e-94,0.9997665122950216
2011-03-10,4,mixed_or_neutral_4,1.220302112756236e-33,3.887061127602952e-47,8.832208804460104e-07,4.373910433608129e-86,0.9999991167791712
2011-03-11,4,mixed_or_neutral_4,5.966201305396223e-36,1.211502613582527e-44,1.2061255942873871e-05,2.607510548017317e-83,0.9999879387441758
2011-03-14,4,mixed_or_neutral_4,2.9608633570799903e-37,4.0875198651346184e-47,3.189746720365878e-07,5.501819342527031e-82,0.999999681025707
2011-03-15,4,mixed_or_neutral_4,1.1794980979429495e-40,3.0054891468067496e-43,2.4297428235881173e-08,1.1740070577999368e-83,0.9999999757028494
2011-03-16,4,mixed_or_neutral_4,2.613651138805114e-35,7.770405165218777e-41,2.2080843306442723e-12,1.3447889910557915e-78,0.999999999998181
2011-03-17,4,mixed_or_neutral_4,2.216785557401203e-28,1.3097378360421352e-38,1.8203960585468468e-08,2.1869066580219228e-73,0.9999999817964637
2011-03-18,4,mixed_or_neutral_4,1.2685240060114286e-26,3.4369170816998495e-38,0.004090199183464593,2.337432061202107e-72,0.9959098008169034
2011-03-21,2,risk_on,1.2084943695525924e-25,8.029757522514401e-37,0.8042260546771379,6.179196269964914e-72,0.1957739453224227
2011-03-22,2,risk_on,6.674353080828188e-27,7.5638083725125e-38,0.9910507230004373,8.133707934427091e-71,0.008949276999181835
2011-03-23,2,risk_on,2.2783551211146057e-27,5.619153990439003e-35,0.9999164105906512,9.567429721731745e-73,8.358940947617767e-05
2011-03-24,2,risk_on,2.208182404628609e-26,1.44270279723587e-38,0.9999975101685851,3.687446913957476e-70,2.4898310227181213e-06
2011-03-25,2,risk_on,3.237168852403424e-26,7.832105709624595e-39,0.9999998514713407,5.708099195039609e-74,1.4852910117520756e-07
2011-03-28,2,risk_on,5.212313881395853e-27,3.38532189129196e-39,0.9999999128713208,1.802548597327535e-73,8.712843625217377e-08
2011-03-29,2,risk_on,8.473199594373289e-27,1.5019335030997455e-38,0.9999998962111986,5.4623766764348765e-76,1.037891075151042e-07
2011-03-30,2,risk_on,4.454591756920841e-26,2.559462790014284e-39,0.9999998987223131,7.394726902275584e-77,1.0127772312577683e-07
2011-03-31,2,risk_on,8.834146251512737e-27,2.2148083069195175e-39,0.9999999745277822,1.4142135154656362e-75,2.5472007357742046e-08
2011-04-01,2,risk_on,4.7085394762298245e-26,6.752831283269455e-43,0.9999997645109311,2.7796484532875193e-75,2.3548928736048304e-07
2011-04-04,2,risk_on,1.624499974523473e-27,1.6662293139433376e-41,0.9999999876890797,5.861169388612537e-82,1.2311294721857501e-08
2011-04-05,2,risk_on,1.4084863515316739e-27,2.8631211094264775e-41,0.9999999972014848,4.408505372799715e-78,2.798405449674088e-09
2011-04-06,2,risk_on,8.660042811104827e-27,3.4616673351824246e-42,0.9999999867395672,8.090853834415706e-80,1.3259985405232122e-08
2011-04-07,2,risk_on,8.676439583676014e-30,1.6738404734645132e-40,0.999999984835995,2.3492863181449667e-82,1.5164332364934844e-08
2011-04-08,2,risk_on,2.7975622899440407e-29,9.522592538924792e-40,0.999999995545295,1.9133137516568252e-80,4.45475844998031e-09
2011-04-11,2,risk_on,3.0861871358357486e-30,4.224608591956207e-39,0.999999998457497,4.485584398094846e-76,1.5422005786199375e-09
2011-04-12,2,risk_on,1.601587901139936e-30,3.7609850136869474e-34,0.9999999925757947,7.333839807842142e-73,7.424328953358156e-09
2011-04-13,2,risk_on,1.4289743733835474e-28,5.860291593673235e-31,0.9999924927742391,9.093385131930335e-69,7.507226205139529e-06
2011-04-14,2,risk_on,2.3738898436108377e-23,3.7638668265370134e-24,0.9993730585192405,9.508442300588456e-67,0.0006269414809521515
2011-04-15,2,risk_on,9.548298010891581e-27,9.96147544091495e-28,0.9999149610610868,1.0069209929056396e-62,8.503893852424604e-05
2011-04-18,2,risk_on,6.04133935300978e-26,2.1795006927774487e-33,0.9999994972923913,2.2149790705008543e-68,5.027076502893556e-07
2011-04-19,2,risk_on,7.974854290780385e-29,2.016731870806204e-40,0.9999999953151928,2.04362824682283e-73,4.684497014798157e-09
2011-04-20,2,risk_on,3.949456985221213e-29,1.081558094312236e-43,0.999999999827196,1.8383899992335734e-81,1.7275018576202625e-10
2011-04-21,2,risk_on,4.8297969536299427e-29,1.0066677901398464e-44,0.9999999998854037,8.532331016491789e-86,1.1471642655003889e-10
2011-04-25,2,risk_on,2.720943581569477e-28,3.4052555895279314e-45,0.9999999996625775,5.0464259575019965e-87,3.3728757196229297e-10
2011-04-26,2,risk_on,4.225209637158453e-28,5.375616398858713e-47,0.9999999996080078,2.121734757908922e-86,3.9209979967282676e-10
2011-04-27,2,risk_on,9.872749756971719e-28,3.293805618893993e-47,0.9999999991159711,1.8693185029107657e-89,8.8377031914664e-10
2011-04-28,2,risk_on,2.983442109019974e-29,1.1644371007138413e-46,0.9999999994661266,2.739763541524291e-88,5.341210949156247e-10
2011-04-29,2,risk_on,1.372497159742271e-28,5.383977039740409e-48,0.9999999971005309,4.40664389032704e-87,2.8999143982136513e-09
2011-05-02,2,risk_on,1.8442859141958254e-28,6.750372482553554e-47,0.9999999980627763,2.4228158502421203e-89,1.9375497578133e-09
2011-05-03,2,risk_on,5.9294640358886365e-28,7.45891199018847e-46,0.9999999968968041,4.165756604864425e-86,3.10304251980904e-09
2011-05-04,2,risk_on,2.2996281160401483e-27,2.2881762569045843e-44,0.9999999930159902,8.07937900017333e-82,6.983944411737785e-09
2011-05-05,2,risk_on,4.7934112736558716e-26,4.21166366494432e-43,0.999999877854869,1.2410251378558236e-78,1.2214519318653987e-07
2011-05-06,2,risk_on,1.2317842331823474e-26,9.698255301444911e-42,0.9999999729498089,3.028153451515182e-79,2.7049900968726017e-08
2011-05-09,2,risk_on,9.028279238126483e-26,4.264961658539603e-42,0.9999998735038469,5.3925640774940515e-79,1.264959187937791e-07
2011-05-10,2,risk_on,2.4017124741694073e-26,5.599668934425244e-41,0.9999999623096307,8.155858798393669e-81,3.7690188489118576e-08
2011-05-11,2,risk_on,1.5950673332343727e-26,4.589784931847771e-41,0.9999999636029322,6.82720267390733e-76,3.639668858428845e-08
2011-05-12,2,risk_on,5.4611084660289394e-27,4.2632641626676634e-38,0.9999999773144739,6.978407671584318e-77,2.2685583800667573e-08
2011-05-13,2,risk_on,2.0179339740596553e-25,5.143774247471189e-34,0.999999833059533,8.389164888794241e-71,1.669406067815559e-07
2011-05-16,2,risk_on,2.080479986668818e-24,7.794993772939669e-32,0.9999981467598338,4.304351418845971e-65,1.8532402199126973e-06
2011-05-17,2,risk_on,1.1502679849763467e-24,2.9379653692107385e-30,0.9999992571604738,4.6724466977445135e-61,7.428392518187363e-07
2011-05-18,2,risk_on,7.841532864608321e-25,1.8047902951093518e-29,0.9999996968636429,1.2750832435727349e-59,3.03135913414602e-07
2011-05-19,2,risk_on,4.9650190955466024e-24,1.053650288537588e-28,0.9999953832400186,4.461712349789486e-61,4.61676010358505e-06
2011-05-20,2,risk_on,9.246830336523349e-25,7.622430194667877e-29,0.9999991651342345,5.55425258080202e-62,8.348657277829367e-07
2011-05-23,2,risk_on,2.1358364711445896e-25,9.564168762324348e-32,0.9999964212020506,4.451695390531841e-61,3.5787978272281913e-06
2011-05-24,2,risk_on,1.7951446009063597e-25,3.1230343144871796e-31,0.9999988991163866,2.927039451600112e-64,1.1008840241648027e-06
2011-05-25,2,risk_on,1.0443056746374437e-25,9.134166356199263e-31,0.9999979130947343,2.9418467368403235e-64,2.0869054743009047e-06
2011-05-26,2,risk_on,2.828362033149673e-26,1.5264024084490344e-30,0.9999742542253526,3.2778629446751244e-66,2.5745774672888824e-05
2011-05-27,2,risk_on,6.73167290970494e-27,5.747739692034057e-28,0.9995774554219835,1.2644417741890597e-68,0.0004225445780182424
2011-05-31,2,risk_on,5.84207693735354e-26,8.555959945208269e-28,0.9689912578547681,7.332125261251606e-68,0.031008742144903876
2011-06-01,4,mixed_or_neutral_4,5.011011831696098e-25,7.88469854027092e-24,0.3075101486920243,5.315149740331474e-69,0.6924898513080185
2011-06-02,4,mixed_or_neutral_4,5.6511959756209455e-28,2.0118392870689326e-25,0.07710606762007205,4.294602208235459e-66,0.9228939323803664
2011-06-03,4,mixed_or_neutral_4,1.6517458400401544e-31,1.1086106224927028e-24,0.00225070077253138,8.717998714518963e-67,0.9977492992278669
2011-06-06,4,mixed_or_neutral_4,5.730579916706869e-35,4.22344101298867e-24,4.0438674018295596e-07,1.39799360677998e-66,0.9999995956132715
2011-06-07,4,mixed_or_neutral_4,1.3973348580992266e-38,1.2947664730124612e-25,1.234087658739405e-09,1.2641840368993825e-68,0.9999999987658157
2011-06-08,4,mixed_or_neutral_4,1.7112874410201243e-37,3.225747224209997e-25,1.270692505617706e-10,8.744006884106137e-68,0.9999999998726707
2011-06-09,4,mixed_or_neutral_4,8.47053910930033e-40,5.895544676886649e-28,1.2385529389924415e-08,3.615218148032396e-65,0.9999999876145012
2011-06-10,4,mixed_or_neutral_4,3.910211867839429e-41,2.2269944644908873e-27,4.11852118506854e-12,3.353271942293831e-66,0.9999999999954525
2011-06-13,4,mixed_or_neutral_4,2.2703070920017224e-37,1.9402660589006708e-28,1.1753649989330983e-11,7.198543884977825e-68,0.9999999999881766
2011-06-14,4,mixed_or_neutral_4,8.33432962545142e-40,1.0672320092629094e-27,1.196159042391889e-07,2.3758568735249543e-69,0.9999998803841734
2011-06-15,4,mixed_or_neutral_4,1.3430047183715309e-42,4.318072433745194e-28,9.620899878132022e-13,1.8044832064395526e-66,0.9999999999990905
2011-06-16,4,mixed_or_neutral_4,1.0672607420664265e-39,6.602779760461814e-31,8.821995878601524e-16,4.3298819133101814e-64,1.0
2011-06-17,4,mixed_or_neutral_4,8.196225935613243e-37,2.543993914005307e-29,5.061890986123924e-12,1.1284629567122054e-70,0.999999999994543
2011-06-20,4,mixed_or_neutral_4,2.316831390169023e-36,5.482333275655877e-30,3.5355161072037925e-09,2.9581549649144896e-71,0.9999999964647941
2011-06-21,4,mixed_or_neutral_4,3.750770620804507e-36,4.91271358503377e-30,3.5510865251792437e-07,1.6964386125828345e-74,0.9999996448914947
2011-06-22,4,mixed_or_neutral_4,3.97193909682827e-37,4.607161585569582e-29,2.171422157151645e-09,2.1841450001916152e-72,0.9999999978281267
2011-06-23,4,mixed_or_neutral_4,2.0119375584661997e-36,1.0143717074992153e-29,1.1514357600459288e-08,8.231071724706252e-71,0.9999999884857971
2011-06-24,4,mixed_or_neutral_4,8.5713348763293e-32,1.2452464159001698e-31,5.155152705377911e-09,2.058439801488295e-72,0.999999994844984
2011-06-27,4,mixed_or_neutral_4,4.90187731715403e-28,3.7389492028431835e-29,0.0023918996633110457,5.071356846006187e-79,0.9976081003365856
2011-06-28,2,risk_on,9.499321412868328e-27,7.216751521546464e-32,0.7253137252865631,1.2261203484232799e-79,0.27468627471385654
2011-06-29,2,risk_on,1.356319040667821e-29,2.3679034019493047e-33,0.9994507575657516,7.18064934496401e-86,0.0005492424346830901
2011-06-30,2,risk_on,2.2023662484000883e-30,6.145556975960607e-36,0.9999999747305995,3.9498251280153187e-88,2.5269126839420457e-08
2011-07-01,2,risk_on,5.059064423544839e-31,7.696293829175566e-41,0.9999999998944986,3.055190911181948e-92,1.0562421460007207e-10
2011-07-05,2,risk_on,4.688748500242101e-32,1.9492471130820775e-42,0.9999999987794581,1.1176813032251125e-98,1.2208972040870205e-09
2011-07-06,2,risk_on,2.2036254037194224e-31,1.1918544704627035e-41,0.999999999665306,3.662987403197126e-97,3.3430840751327754e-10
2011-07-07,2,risk_on,2.9175807139283086e-29,4.604609994946668e-40,0.9999999990277502,1.331099757685168e-92,9.725511221440552e-10
2011-07-08,2,risk_on,1.6500959684188046e-28,1.7279904242967296e-37,0.9999999949486664,3.525722911631253e-89,5.051622977509366e-09
2011-07-11,2,risk_on,5.776874122483327e-27,7.025004998549851e-34,0.9999998259763894,8.654413288588366e-82,1.7402358500597074e-07
2011-07-12,2,risk_on,1.0392606922244781e-23,3.36594643077768e-29,0.9999954158670814,9.543395581155541e-74,4.584132812023538e-06
2011-07-13,2,risk_on,3.867992797019023e-25,2.1266780727313388e-26,0.9999918791347734,1.9171037496231722e-70,8.120865362699836e-06
2011-07-14,2,risk_on,1.0622378962843468e-25,1.2062497062044291e-29,0.9998993163911589,1.4297281384050212e-66,0.00010068360853611135
2011-07-15,2,risk_on,4.076837725743935e-25,6.466598985881074e-27,0.9991703995434698,9.420989057883643e-72,0.0008296004566526117
2011-07-18,2,risk_on,2.2085470519309087e-23,2.266375972734206e-25,0.9949797094183315,7.942813041107595e-73,0.005020290581861253
2011-07-19,2,risk_on,2.2522952893177757e-27,2.794292383555015e-34,0.9998322372596191,1.4410750728216627e-73,0.00016776274003612123
2011-07-20,2,risk_on,7.815739564819166e-28,9.200690720168749e-39,0.999995602853805,2.465764548776308e-84,4.397145778102595e-06
2011-07-21,2,risk_on,1.0757386728142368e-29,2.186535218640421e-41,0.999999976867912,1.1166514430711618e-91,2.3131834034665503e-08
2011-07-22,2,risk_on,2.0886726354675003e-28,1.4534452974987182e-40,0.999999432486381,2.6223353507427e-88,5.675139904454936e-07
2011-07-25,2,risk_on,8.08755062991966e-28,2.6472816387338598e-39,0.999971588640414,1.4743148829726028e-91,2.8411359707426862e-05
2011-07-26,2,risk_on,1.665901110946676e-27,9.615287427627629e-34,0.9984692331662371,1.0909955439299283e-87,0.0015307668341432562
2011-07-27,2,risk_on,2.884145380737601e-26,3.7632918374526806e-35,0.9433686093830373,1.4479833421527495e-80,0.056631390616773566
2011-07-28,2,risk_on,1.2613404738082508e-28,2.2150942089635277e-34,0.6114585178952198,1.445386534888522e-79,0.3885414821045054
2011-07-29,4,mixed_or_neutral_4,3.4629469441915434e-27,2.9159259518708734e-35,0.001039348853450853,8.037915472346515e-74,0.998960651146585
2011-08-01,4,mixed_or_neutral_4,5.078316481878261e-35,5.087408191739836e-35,2.684584343855816e-06,3.0104821649909837e-70,0.9999973154153504
2011-08-02,4,mixed_or_neutral_4,3.3098778429307144e-37,1.5899708055904948e-30,3.666498935359388e-12,4.633738193747454e-61,0.999999999996362
2011-08-03,4,mixed_or_neutral_4,4.162883422250161e-49,1.0631145325609432e-30,3.1444801429656056e-12,5.999050029032913e-56,0.9999999999972715
2011-08-04,4,mixed_or_neutral_4,8.339784214493878e-54,3.1480222737966806e-25,1.9526726957131632e-25,1.4015622998613374e-55,1.0
2011-08-05,4,mixed_or_neutral_4,1.4731583252453792e-44,6.673975144112155e-28,4.841926900517837e-29,6.700870173767121e-47,1.0
2011-08-08,4,mixed_or_neutral_4,1.932140131605065e-50,9.506701299630061e-19,5.274274959480127e-59,2.918303198983574e-53,1.0
2011-08-09,4,mixed_or_neutral_4,7.576362383109365e-44,1.6716238006723396e-24,1.2019171608862728e-49,9.862902973312072e-49,1.0
2011-08-10,4,mixed_or_neutral_4,1.7815786721527484e-47,4.087546897197326e-24,4.860168719323496e-58,3.202706343192413e-57,1.0
2011-08-11,4,mixed_or_neutral_4,2.093926119542472e-43,2.3161290077288287e-22,1.881609886500269e-47,8.104001944066343e-70,1.0
2011-08-12,4,mixed_or_neutral_4,1.61866551730234e-45,1.6418224220980047e-26,1.562761435985066e-47,1.0363566514756242e-61,1.0
2011-08-15,4,mixed_or_neutral_4,2.7490648956867142e-42,8.088857109184384e-24,7.515139117986111e-39,2.5768349209781983e-74,1.0
2011-08-16,4,mixed_or_neutral_4,6.743215466597582e-43,5.975957214379793e-25,9.256706100789242e-40,1.810358707135782e-68,1.0
2011-08-17,4,mixed_or_neutral_4,2.846287230560942e-40,5.499326729054044e-24,2.9709526519784286e-36,6.400511177455248e-84,1.0
2011-08-18,4,mixed_or_neutral_4,6.261114099429466e-40,4.027405574990375e-22,4.849641588385834e-51,6.840642792255402e-80,1.0
2011-08-19,4,mixed_or_neutral_4,8.93831486967882e-43,1.8132696100325802e-22,2.557032374466875e-56,2.4991074787186077e-73,1.0
2011-08-22,4,mixed_or_neutral_4,2.247369014037059e-42,6.518816043234345e-21,9.451393539013032e-55,6.369961315590122e-72,1.0
2011-08-23,4,mixed_or_neutral_4,4.064765272327757e-41,6.415535714972029e-22,3.5967569349045065e-44,4.690845365062641e-80,1.0
2011-08-24,4,mixed_or_neutral_4,2.569727372388494e-39,5.9768665154578505e-22,7.072030156063625e-43,1.3594593352572056e-82,1.0
2011-08-25,4,mixed_or_neutral_4,1.1870192616914017e-39,2.2251231632219956e-21,2.814493671838717e-47,3.372347871963857e-79,1.0
2011-08-26,4,mixed_or_neutral_4,8.163739638588707e-38,1.1247647456889082e-20,1.2410696756258537e-42,1.6622559505091674e-78,1.0
2011-08-29,4,mixed_or_neutral_4,2.0093487281937788e-36,2.41679963697914e-18,5.508178976374507e-37,4.030298295874594e-87,1.0
2011-08-30,4,mixed_or_neutral_4,7.033423929469512e-31,3.1863373331702247e-18,3.238522329267931e-38,5.132296552899218e-75,1.0
2011-08-31,4,mixed_or_neutral_4,2.701462737327846e-26,8.760260659767466e-13,2.586491897373572e-41,1.600556876124733e-79,0.9999999999990905
2011-09-01,4,mixed_or_neutral_4,1.2341585989248274e-22,5.329488476953327e-13,8.335101853553044e-43,6.517590812757852e-72,0.9999999999990905
2011-09-02,4,mixed_or_neutral_4,1.7214462254158934e-14,3.303027847726339e-08,1.690302262965974e-54,7.103239457502032e-60,0.9999999669698815
2011-09-06,4,mixed_or_neutral_4,3.770627001164723e-15,0.0006485601455623182,3.078450165802112e-57,3.032665802456354e-48,0.9993514398547308
2011-09-07,1,defensive_risk_off,2.474683448154028e-15,0.999868364939074,5.9186655907588275e-74,9.68346834328044e-43,0.00013163506122873954
2011-09-08,1,defensive_risk_off,3.863137109642538e-31,0.9999999989158823,7.1109171413938285e-71,2.3972264443829257e-50,1.0840081727601592e-09
2011-09-09,1,defensive_risk_off,7.410485361312689e-23,0.9999999998726707,4.084714378242028e-90,7.44465607564389e-36,1.2726718063602612e-10
2011-09-12,1,defensive_risk_off,1.1834223034048365e-24,0.9999999975416358,1.912671578205628e-72,4.905512695214606e-34,2.45854038067102e-09
2011-09-13,1,defensive_risk_off,2.602823304434523e-25,0.9999999668389142,2.594184885559051e-66,4.442289506362105e-38,3.316108682519522e-08
2011-09-14,1,defensive_risk_off,2.6158939899190195e-29,0.9999999501114883,8.858433968662733e-56,2.2622834456773753e-39,4.9888659482463844e-08
2011-09-15,1,defensive_risk_off,7.669735667176612e-27,0.999990374835699,1.8233342627827263e-52,6.77457557296686e-37,9.625164516842701e-06
2011-09-16,1,defensive_risk_off,1.292126471623642e-23,0.9999897364740824,3.484911229302303e-49,5.374730738730202e-37,1.0263525955658715e-05
2011-09-19,1,defensive_risk_off,2.104622723495636e-20,0.9999998297971759,5.311834226135721e-65,1.3878769294689784e-29,1.702027441090611e-07
2011-09-20,1,defensive_risk_off,1.1855581416329754e-23,0.9999999931933417,3.277499095295634e-78,8.460553965009695e-29,6.806829875259798e-09
2011-09-21,1,defensive_risk_off,5.863555660401693e-25,1.0,4.127753139918186e-96,4.901965906174261e-39,2.861220783698334e-14
2011-09-22,1,defensive_risk_off,5.699557332775305e-35,1.0,1.7743617732733405e-109,2.9741523021846614e-35,1.5739203684244532e-16
2011-09-23,1,defensive_risk_off,3.770543333412459e-40,1.0,2.586682786028244e-106,1.7438264193151615e-36,1.594218957621254e-16
2011-09-26,1,defensive_risk_off,3.977502974339586e-40,1.0,7.939533148558367e-98,2.4938618894685105e-40,3.99454888644929e-15
2011-09-27,1,defensive_risk_off,1.3691350016952099e-37,1.0,2.262061678353258e-87,3.722000844311759e-40,3.632551578555993e-13
2011-09-28,1,defensive_risk_off,3.1049795609319e-35,1.0,1.3970773996634557e-82,1.0262484718865308e-34,2.0839598132827834e-14
2011-09-29,1,defensive_risk_off,7.10043327137604e-34,1.0,1.4185630601318019e-86,4.070473013014892e-31,4.2716694285050373e-13
2011-09-30,1,defensive_risk_off,4.0469024358497625e-41,1.0,6.201242456408357e-100,3.7378753812007227e-38,1.1055145311359479e-19
2011-10-03,1,defensive_risk_off,1.2352953744667982e-48,1.0,3.305767098857203e-117,1.4683869225844305e-33,1.7032864444570446e-20
2011-10-04,1,defensive_risk_off,3.4626940232682305e-43,1.0,1.3374621612196339e-111,8.601919742147898e-26,2.1955269909227943e-15
2011-10-05,1,defensive_risk_off,9.501954518012963e-40,1.0,4.369517791905676e-99,7.00653080812465e-30,1.9489516305473738e-13
2011-10-06,1,defensive_risk_off,2.4248953905111625e-38,1.0,1.087792619719867e-86,5.228079464282801e-32,1.3160911375818579e-13
2011-10-07,1,defensive_risk_off,2.9349751197357157e-41,1.0,1.1569705750051786e-94,1.2001515356741339e-33,8.23605657243175e-15
2011-10-10,1,defensive_risk_off,6.016850318619914e-43,1.0,3.511551683519368e-94,4.141547577623196e-39,2.3329379907904244e-15
2011-10-11,1,defensive_risk_off,1.6211914501726488e-45,0.9999999999954525,1.8048836796168332e-83,1.1014836724140618e-32,4.373827805526423e-12
2011-10-12,1,defensive_risk_off,1.9495233289071045e-44,0.9999999999790816,3.106094164313398e-76,1.5730864835460545e-35,2.0489854325507082e-11
2011-10-13,1,defensive_risk_off,9.99385096507465e-35,0.9999999953533916,6.12380927638783e-68,6.321123414637044e-31,4.646724681381552e-09
2011-10-14,1,defensive_risk_off,1.4071491638975273e-32,0.9999999946294338,3.882294559576153e-57,2.5165666944777763e-34,5.37079697261489e-09
2011-10-17,1,defensive_risk_off,6.039730649025022e-32,0.9999999782521629,1.5863180292724464e-53,2.6265185494250782e-30,2.1747841770459888e-08
2011-10-18,1,defensive_risk_off,3.914884647910597e-31,0.9999397770670251,1.7707339009307896e-46,3.9496845159083014e-29,6.0222933238954804e-05
2011-10-19,1,defensive_risk_off,1.487185036583918e-26,0.9941554440140076,8.943528332112694e-43,5.488938115038445e-27,0.0058445559855845874
2011-10-20,4,mixed_or_neutral_4,8.289040873139987e-28,0.07897141558813807,1.2630148278050804e-44,1.8721260878885204e-23,0.921028584411867
2011-10-21,4,mixed_or_neutral_4,7.29781842333464e-27,1.1880311471694647e-06,7.02005980069967e-48,6.001875993672338e-24,0.999998811968704
2011-10-24,4,mixed_or_neutral_4,6.25900011821387e-30,1.1545260076529109e-10,7.424414919676539e-49,4.986420107288904e-31,0.9999999998844942
2011-10-25,4,mixed_or_neutral_4,1.4380640892770705e-25,8.39674315741157e-09,8.071593330796992e-44,5.057226389986975e-31,0.9999999916035449
2011-10-26,4,mixed_or_neutral_4,1.817147024287075e-27,2.8257106778427186e-09,3.1625593276142586e-41,3.4136273344277576e-31,0.9999999971742
2011-10-27,4,mixed_or_neutral_4,1.7915114339230117e-34,1.1611255321057186e-11,2.215339917488088e-42,3.3621585363140554e-38,0.9999999999881766
2011-10-28,4,mixed_or_neutral_4,3.561950250537833e-34,1.574428165437061e-12,4.9341714262390815e-42,6.135450254471083e-39,0.999999999998181
2011-10-31,4,mixed_or_neutral_4,1.2980547698547998e-29,9.052241094204116e-14,1.2315627804351853e-52,2.180419154321992e-35,1.0
2011-11-01,4,mixed_or_neutral_4,5.416748498362561e-30,7.145817879168605e-11,6.240597923705617e-65,1.7095036233901067e-30,0.9999999999281499
2011-11-02,4,mixed_or_neutral_4,1.4227207015787667e-37,6.805085324262843e-16,2.62304555555402e-60,8.562841808099571e-33,1.0
2011-11-03,4,mixed_or_neutral_4,2.9524554161848155e-46,1.6311829378659699e-19,6.235403575989651e-53,1.0853665541347223e-39,1.0
2011-11-04,4,mixed_or_neutral_4,1.1606879796304932e-33,2.889931559455785e-31,6.999160550412142e-48,2.327096543457383e-43,1.0
2011-11-07,4,mixed_or_neutral_4,6.511306428379208e-41,5.136061301705514e-21,5.3473745302236484e-42,1.0220998644885813e-53,1.0
2011-11-08,4,mixed_or_neutral_4,3.30189476395239e-34,1.1840901949597665e-31,5.0076845843171875e-37,1.37934126411653e-56,1.0
2011-11-09,4,mixed_or_neutral_4,2.4890210067083843e-30,2.7737448438037043e-19,2.0598088583025496e-36,1.5571744225023087e-52,1.0
2011-11-10,4,mixed_or_neutral_4,6.354686995423157e-27,1.4532834694561624e-21,1.3565932962951835e-36,5.133014900593184e-42,1.0
2011-11-11,4,mixed_or_neutral_4,1.0472339938812566e-27,2.873038910761468e-18,9.625641850918024e-34,5.5488343876888684e-45,1.0
2011-11-14,4,mixed_or_neutral_4,2.5147059537828226e-31,5.375864313735084e-20,8.454328006846428e-29,1.6413055072468438e-44,1.0
2011-11-15,4,mixed_or_neutral_4,3.074691031233204e-36,1.4883073080198068e-20,4.815915435897515e-28,2.3298377061486286e-46,1.0
2011-11-16,4,mixed_or_neutral_4,4.729614104549973e-37,1.9484655338598245e-27,5.10334380262715e-29,1.1185886703404891e-46,1.0
2011-11-17,4,mixed_or_neutral_4,4.872993026054095e-34,5.267748385582325e-28,1.5661359475912461e-35,4.317722694658417e-49,1.0
2011-11-18,4,mixed_or_neutral_4,1.7846312849077988e-29,2.9261785465807e-28,1.6013301791416586e-38,1.1008376296518688e-54,1.0
2011-11-21,4,mixed_or_neutral_4,3.446333507345077e-30,2.451391779395769e-20,1.0815950918448952e-40,5.4742198105895e-53,1.0
2011-11-22,4,mixed_or_neutral_4,5.536798377192952e-36,6.94886149952702e-18,6.302828967389594e-48,1.6227656465578498e-42,1.0
2011-11-23,4,mixed_or_neutral_4,1.8388279597450572e-32,3.276322366952152e-17,2.3947960164806102e-60,4.879611902858641e-35,1.0
2011-11-25,4,mixed_or_neutral_4,1.086830647958731e-31,9.511858358087433e-16,1.1236618245855163e-55,3.3152126759528343e-38,1.0
2011-11-28,4,mixed_or_neutral_4,9.302974353461265e-31,2.218092769184226e-14,9.301786772573112e-38,5.877549147583816e-40,1.0
2011-11-29,4,mixed_or_neutral_4,8.061753406413802e-32,1.88465608916346e-13,2.966174746850192e-35,8.298743142769658e-43,1.0
2011-11-30,4,mixed_or_neutral_4,5.170705519372757e-29,1.370629790932265e-16,2.0868146608919584e-26,7.674523695906908e-48,1.0
2011-12-01,4,mixed_or_neutral_4,3.9396174842004136e-33,1.571219127628498e-17,8.927369997249992e-31,5.293658284571753e-51,1.0
2011-12-02,4,mixed_or_neutral_4,1.6855179079534386e-37,1.3760963146055462e-20,1.7429172964395455e-29,4.1225244384255655e-49,1.0
2011-12-05,4,mixed_or_neutral_4,3.100859210455531e-30,2.0290049681317015e-23,1.0608177008267674e-25,2.367386951105274e-53,1.0
2011-12-06,4,mixed_or_neutral_4,6.846827406363618e-34,6.2899151322581124e-18,1.103201139024238e-22,9.946757862408038e-58,1.0
2011-12-07,4,mixed_or_neutral_4,1.9491559826182246e-35,1.6858661327796285e-20,4.441825643223335e-21,2.786923076078203e-49,1.0
2011-12-08,4,mixed_or_neutral_4,3.0766235780326906e-38,4.0070864448019207e-23,2.9866848836153793e-25,4.632639124119467e-51,1.0
2011-12-09,4,mixed_or_neutral_4,3.895263245547514e-33,5.077146066192735e-24,2.194865065286305e-31,1.7592627663881968e-56,1.0
2011-12-12,4,mixed_or_neutral_4,6.950179260760224e-31,4.7389353627001827e-20,8.027915931521539e-34,1.3341388320247332e-60,1.0
2011-12-13,4,mixed_or_neutral_4,3.0321168609128622e-30,3.298673938520433e-17,9.303545533407181e-36,5.9041224887544125e-61,1.0
2011-12-14,4,mixed_or_neutral_4,3.5266207947133534e-26,7.568832883297003e-15,1.7485592416627896e-36,1.0809510015741307e-50,1.0
2011-12-15,4,mixed_or_neutral_4,5.0638295614997956e-26,7.934156754384543e-15,1.6313842828249182e-35,9.890460572111127e-49,1.0
2011-12-16,4,mixed_or_neutral_4,1.39313408398183e-25,2.2593769274172018e-15,2.8610802792770774e-40,3.1603744081557464e-48,1.0
2011-12-19,4,mixed_or_neutral_4,1.644381889295101e-33,1.345937460251352e-14,2.795630647629539e-49,2.0240282316907904e-49,1.0
2011-12-20,4,mixed_or_neutral_4,1.7179940841804893e-38,2.7024622615663788e-20,2.3115703808936434e-38,4.0060953353049006e-48,1.0
2011-12-21,4,mixed_or_neutral_4,9.278669897600846e-41,6.180596350019914e-24,1.9268899274234245e-48,1.766424358238268e-51,1.0
2011-12-22,4,mixed_or_neutral_4,2.45545667216039e-39,2.4247140201700284e-23,5.2486355148342394e-46,9.378282443679312e-55,1.0
2011-12-23,4,mixed_or_neutral_4,2.330041734269187e-46,1.78373801694555e-20,2.0674441719320053e-55,5.844015047627788e-56,1.0
2011-12-27,4,mixed_or_neutral_4,6.760643699579845e-50,1.5638982124158715e-18,6.392032600856038e-51,2.3475746884284382e-50,1.0
2011-12-28,4,mixed_or_neutral_4,3.3462789761570316e-39,1.4604384333162214e-22,3.902120680977227e-40,6.908084889170958e-46,1.0
2011-12-29,4,mixed_or_neutral_4,3.083399502954096e-45,7.165187321234512e-21,3.0832022602216767e-35,4.86235160395686e-51,1.0
2011-12-30,4,mixed_or_neutral_4,5.4227976907976765e-43,7.4490641738686e-27,5.517611215179006e-32,6.243053856493433e-47,1.0
2012-01-03,4,mixed_or_neutral_4,5.347994122268108e-41,1.2161799665182243e-33,2.7993079022243695e-28,1.898537331214033e-50,1.0
2012-01-04,4,mixed_or_neutral_4,1.142403185360777e-36,7.712860612240038e-30,4.735188831392574e-26,3.1751608240140124e-57,1.0
2012-01-05,4,mixed_or_neutral_4,2.3666329222101227e-35,7.903920916688595e-28,3.1413464818432205e-22,1.2787559897685114e-57,1.0
2012-01-06,4,mixed_or_neutral_4,2.7255372626402174e-36,2.3241557747282724e-23,1.919922533138665e-21,2.128242489059046e-56,1.0
2012-01-09,4,mixed_or_neutral_4,6.25702373414394e-34,1.33985665604454e-25,7.858701574459299e-22,3.119108499216744e-53,1.0
2012-01-10,4,mixed_or_neutral_4,2.127795002838808e-30,5.058660297388358e-21,8.924394449541037e-19,1.1609982257915817e-54,1.0
2012-01-11,4,mixed_or_neutral_4,8.937628063827093e-32,8.371931820514315e-20,8.008722087038962e-16,3.020598782560093e-50,1.0
2012-01-12,4,mixed_or_neutral_4,2.9809224859632604e-31,8.369654319865402e-18,7.09377229937132e-17,7.83919975408536e-52,1.0
2012-01-13,4,mixed_or_neutral_4,1.8699562745459233e-30,4.8264612816016695e-17,3.843347449637438e-18,3.226126420874121e-48,1.0
2012-01-17,4,mixed_or_neutral_4,4.48207981687093e-29,2.8566253360348736e-16,6.735469398115553e-18,2.0840810739083618e-43,1.0
2012-01-18,4,mixed_or_neutral_4,1.3904553978244666e-28,2.9742489682874103e-19,2.8280096952144153e-16,2.6649154544950523e-42,1.0
2012-01-19,4,mixed_or_neutral_4,1.452131086267754e-31,5.517126704617507e-18,5.702489971711537e-14,8.85097170343867e-47,1.0
2012-01-20,4,mixed_or_neutral_4,1.8176189913189674e-31,6.337924916349353e-20,4.768341545370388e-16,5.022892228405864e-44,1.0
2012-01-23,4,mixed_or_neutral_4,2.84770615191847e-29,1.3436084911809157e-20,1.9026620851006602e-14,1.149976599907114e-46,1.0
2012-01-24,4,mixed_or_neutral_4,2.280351270441694e-30,2.3168836732685375e-17,6.751874581868916e-13,1.5556879621857903e-48,0.9999999999990905
2012-01-25,4,mixed_or_neutral_4,9.318829106039709e-29,1.7323428981214888e-19,4.5457736874086205e-13,3.3787506684503764e-47,1.0
2012-01-26,4,mixed_or_neutral_4,2.955988993113713e-28,1.6722427776201776e-19,6.074166331193019e-13,1.2938409433458687e-50,0.9999999999990905
2012-01-27,4,mixed_or_neutral_4,4.399800185831734e-27,5.901239776153617e-20,3.1589612446412023e-13,6.639249369870069e-52,1.0
2012-01-30,4,mixed_or_neutral_4,8.19681732133311e-27,6.269340632497237e-19,2.8179692607069745e-12,1.110928631957704e-50,0.9999999999972715
2012-01-31,4,mixed_or_neutral_4,7.669861800231975e-28,7.012554814150527e-19,1.6142882914108673e-12,1.2008041077292063e-51,0.999999999998181
2012-02-01,4,mixed_or_neutral_4,1.4613585906623901e-28,1.4125409720376885e-20,7.522507998575516e-13,6.613019239767738e-52,0.9999999999990905
2012-02-02,4,mixed_or_neutral_4,8.448565172670155e-26,8.022564918812724e-23,1.2043812698613978e-14,8.617761855279767e-56,1.0
2012-02-03,4,mixed_or_neutral_4,3.2457420844539947e-26,1.7102341979389957e-22,1.8387883337660354e-11,6.331554791350732e-62,0.9999999999818101
2012-02-06,4,mixed_or_neutral_4,1.9477418197686563e-25,1.178980227249718e-20,2.8293907900714425e-10,6.290591234284031e-59,0.9999999997171471
2012-02-07,4,mixed_or_neutral_4,2.6037720102660927e-25,3.194437638600404e-20,1.0899723231067011e-10,1.0563643184786312e-53,0.9999999998908606
2012-02-08,4,mixed_or_neutral_4,6.365218814674685e-25,3.165413378070065e-20,4.096710059738739e-10,7.612737139359086e-54,0.9999999995907274
2012-02-09,4,mixed_or_neutral_4,2.65585457833293e-26,1.0018304652762827e-20,5.025955061324884e-10,6.076226644417913e-53,0.9999999994970494
2012-02-10,4,mixed_or_neutral_4,4.781359311211207e-23,2.6715788872117677e-23,4.951664986487221e-11,3.4418370701153697e-51,0.9999999999508873
2012-02-13,4,mixed_or_neutral_4,7.181736181630816e-26,1.670115000914875e-23,1.8509581374368615e-09,9.345307213413531e-58,0.9999999981491783
2012-02-14,4,mixed_or_neutral_4,1.6348962788260084e-23,2.2496328228434985e-22,4.2912388454194843e-10,4.710077307571914e-55,0.9999999995707185
2012-02-15,4,mixed_or_neutral_4,2.3686203022760336e-22,9.015070972759057e-24,9.203665220131629e-10,8.420698461114669e-55,0.9999999990795914
2012-02-16,4,mixed_or_neutral_4,4.358042445137141e-25,1.5076572522040053e-23,1.537557156155606e-09,8.532991371350962e-58,0.9999999984620445
2012-02-17,4,mixed_or_neutral_4,4.7033557226401504e-27,8.212994141453411e-24,1.2967345210228174e-10,9.289481721376517e-57,0.9999999998699423
2012-02-21,4,mixed_or_neutral_4,4.887349968409323e-27,1.1737355964219304e-24,4.5549132739768906e-11,2.12742810182968e-55,0.9999999999545253
2012-02-22,4,mixed_or_neutral_4,3.7949936919959664e-28,1.1556975537215419e-23,1.008930767343209e-10,1.4274583240068262e-56,0.9999999998990461
2012-02-23,4,mixed_or_neutral_4,8.33812239725205e-27,7.536021110468621e-26,7.448297528938946e-12,3.640691386821675e-55,0.999999999992724
2012-02-24,4,mixed_or_neutral_4,1.830352449424203e-29,2.841258595020163e-26,4.222201300987372e-11,8.564793465527751e-59,0.9999999999581632
2012-02-27,4,mixed_or_neutral_4,1.4846326695261208e-26,3.244033858537687e-29,3.4443413322823e-13,1.7367541815095e-56,1.0
2012-02-28,4,mixed_or_neutral_4,5.692177838987834e-24,1.9837487450188276e-29,1.9569071650085657e-12,1.2728016176752479e-59,0.999999999998181
2012-02-29,4,mixed_or_neutral_4,4.4608844116566526e-24,4.786708859138197e-25,2.499637748773186e-09,1.6216852032801821e-59,0.9999999975007086
2012-03-01,4,mixed_or_neutral_4,7.846829400011815e-22,2.8853693477225903e-25,7.604662333465703e-09,4.269677855171204e-56,0.9999999923957148
2012-03-02,4,mixed_or_neutral_4,5.154094263478668e-23,3.9679492110375386e-23,2.9110319944080894e-06,9.852054432742598e-61,0.9999970889681742
2012-03-05,4,mixed_or_neutral_4,6.224178910239566e-24,7.017056257524092e-23,1.7673386148618828e-06,3.542113703486034e-56,0.9999982326614528
2012-03-06,4,mixed_or_neutral_4,4.750198298381228e-22,1.7134285957926418e-22,2.369505008225164e-08,1.8878709615838136e-54,0.9999999763049349
2012-03-07,4,mixed_or_neutral_4,6.755658084648048e-22,6.267466843680387e-23,4.547923679502702e-07,3.7960922075684403e-56,0.9999995452072779
2012-03-08,4,mixed_or_neutral_4,6.645988877647314e-23,5.179545230686547e-24,8.216467447350715e-07,1.183434691541369e-59,0.9999991783528195
2012-03-09,4,mixed_or_neutral_4,1.392300569722312e-23,2.855499916889197e-24,6.048979321028133e-07,2.795483699985369e-62,0.9999993951016233
2012-03-12,4,mixed_or_neutral_4,4.750605617114261e-22,1.293771371516646e-25,6.381179372813647e-08,1.988985779693229e-62,0.9999999361880347
2012-03-13,4,mixed_or_neutral_4,2.4709974116191244e-23,4.271540360588599e-23,4.555241353705436e-06,3.484840404078304e-63,0.9999954447588676
2012-03-14,4,mixed_or_neutral_4,8.184365660545046e-25,4.0247277540229396e-24,4.5745086612901765e-06,1.1131419528736078e-58,0.9999954254913103
2012-03-15,4,mixed_or_neutral_4,3.554273412939295e-28,3.7671214883669957e-25,5.070853225465735e-07,1.0426711663947526e-59,0.9999994929149956
2012-03-16,4,mixed_or_neutral_4,9.619183759854764e-28,8.531814886840911e-26,2.2513045272219742e-08,4.575945841497166e-61,0.9999999774872779
2012-03-19,4,mixed_or_neutral_4,4.360881874380271e-28,1.938538171068086e-25,1.474508308192286e-07,1.2723091138278248e-60,0.9999998525490918
2012-03-20,4,mixed_or_neutral_4,9.454326441068306e-29,1.2126772180128397e-24,7.7184919555725e-07,4.3445300288965246e-58,0.9999992281512528
2012-03-21,4,mixed_or_neutral_4,1.5354008156096345e-27,5.088670724317994e-26,4.192452503520313e-08,1.350666459865133e-55,0.9999999580750236
2012-03-22,4,mixed_or_neutral_4,1.411636368984616e-27,1.6996634500388135e-23,5.464773602031764e-07,4.5616202819783853e-57,0.9999994535229818
2012-03-23,4,mixed_or_neutral_4,5.392774093715784e-29,1.4312196000655468e-23,9.288170780317883e-07,9.344083528155037e-55,0.9999990711826051
2012-03-26,4,mixed_or_neutral_4,4.546366066284115e-28,3.2364473386127737e-24,6.586068845098422e-07,9.31796992069887e-56,0.9999993413932665
2012-03-27,4,mixed_or_neutral_4,2.3383857098824053e-27,7.814672279251932e-25,3.18587326958694e-07,7.602688573923062e-58,0.9999996814122422
2012-03-28,4,mixed_or_neutral_4,5.377821568575338e-28,2.9902530214880312e-24,7.1304393317845e-07,3.0182305934732315e-57,0.999999286956408
2012-03-29,4,mixed_or_neutral_4,1.7186746330434307e-29,1.287657915593464e-25,1.9609499368143184e-08,2.7381487804699515e-56,0.999999980390385
2012-03-30,4,mixed_or_neutral_4,1.5634863495879047e-29,2.5292435262725708e-26,2.0331284818437783e-08,3.14091243398537e-59,0.9999999796691557
2012-04-02,4,mixed_or_neutral_4,2.777859471736355e-29,3.445922233707189e-27,1.9236869875124792e-08,3.62736829600656e-61,0.9999999807632778
2012-04-03,4,mixed_or_neutral_4,1.0464883205349436e-30,5.810478056773098e-28,1.4295935346882608e-07,7.172249843837796e-66,0.9999998570410855
2012-04-04,4,mixed_or_neutral_4,1.1015523032862081e-28,4.198997104876636e-24,1.8098395008287628e-07,7.242404008061849e-64,0.9999998190160277
2012-04-05,4,mixed_or_neutral_4,3.510199817376491e-29,4.1118299262324653e-25,7.331558048694732e-07,3.3492034279569463e-59,0.9999992668438568
2012-04-09,4,mixed_or_neutral_4,1.2727411020264875e-28,5.629075365577354e-25,1.1768234821817014e-07,1.0903741038827088e-56,0.9999998823177589
2012-04-10,4,mixed_or_neutral_4,1.964949556574795e-27,1.537342193320303e-23,8.95205020028617e-09,2.8201090625867457e-53,0.9999999910478437
2012-04-11,4,mixed_or_neutral_4,2.614174906027741e-26,1.6613730990571686e-23,1.0601729471268314e-06,1.9804428861249109e-54,0.9999989398271445
2012-04-12,4,mixed_or_neutral_4,3.6044586555317007e-28,1.2302628131922704e-24,5.8004194123358165e-06,3.2658814121315664e-57,0.9999941995806663
2012-04-13,4,mixed_or_neutral_4,2.1557368196011804e-28,2.5152427430255328e-23,3.0766342471615115e-06,1.6275771205451645e-57,0.9999969233660557
2012-04-16,4,mixed_or_neutral_4,1.2879726404952752e-25,5.720324348335149e-24,1.330933966338482e-06,2.659582047323878e-54,0.999998669066348
2012-04-17,4,mixed_or_neutral_4,2.0840838593621142e-26,1.4161873503544264e-24,9.915580206644366e-06,1.3544437238387394e-56,0.9999900844195978
2012-04-18,4,mixed_or_neutral_4,2.454946599991272e-25,8.870353209161062e-26,4.043136726829767e-06,1.2779057192818793e-57,0.9999959568631192
2012-04-19,4,mixed_or_neutral_4,3.613600441536963e-24,2.277437709822705e-25,1.4210852142070324e-05,6.707321352257699e-59,0.9999857891480345
2012-04-20,4,mixed_or_neutral_4,1.0747536013974286e-25,2.857558425578847e-24,0.00013900301090474177,1.6268640750931916e-59,0.999860996989152
2012-04-23,4,mixed_or_neutral_4,4.0852711389237143e-25,2.49929679712281e-23,0.00018130142242106517,5.278572268698647e-57,0.9998186985774475
2012-04-24,4,mixed_or_neutral_4,1.3495700867794858e-25,5.441637022022213e-23,0.00023108471315899459,7.945936441676472e-56,0.9997689152865528
2012-04-25,4,mixed_or_neutral_4,1.3516525404701816e-26,8.536544526615977e-25,0.00020810760426831365,7.994868749084465e-60,0.9997918923959829
2012-04-26,4,mixed_or_neutral_4,6.456225756509065e-27,4.919666175060348e-27,9.708995424422202e-05,3.3104745599923573e-65,0.999902910045954
2012-04-27,4,mixed_or_neutral_4,9.871075756861002e-27,1.1076990055534393e-26,5.629553526031009e-05,6.634375534966704e-67,0.9999437044646988
2012-04-30,4,mixed_or_neutral_4,1.0217223094682381e-25,2.5619308489359687e-26,2.9761925913087204e-05,1.4949046072657921e-64,0.9999702380737
2012-05-01,4,mixed_or_neutral_4,2.8921499391422282e-27,2.0042782780982042e-27,2.1440551137129557e-05,5.820916161427788e-69,0.9999785594488684
2012-05-02,4,mixed_or_neutral_4,1.1523763893269567e-25,6.441585917861031e-28,3.923895453765103e-05,3.628262112666356e-68,0.999960761045694
2012-05-03,4,mixed_or_neutral_4,1.3448149538484975e-26,2.0812892566270668e-26,0.00012564182011081795,7.908823038444012e-68,0.9998743581801128
2012-05-04,4,mixed_or_neutral_4,1.7162363432960024e-26,7.145196247978413e-27,0.00010624529978450283,4.1535022714170415e-64,0.9998937546998771
2012-05-07,4,mixed_or_neutral_4,2.1214539188706217e-28,4.0426987387492376e-26,5.638087290873673e-05,5.194909473422741e-64,0.9999436191270715
2012-05-08,4,mixed_or_neutral_4,6.627941224710588e-29,2.244972781771052e-25,2.89739308191252e-06,8.701525327554064e-62,0.9999971026069171
2012-05-09,4,mixed_or_neutral_4,2.6835652504168247e-27,1.3014856041520538e-24,4.399447370643219e-08,1.1167914221902096e-59,0.9999999560059233
2012-05-10,4,mixed_or_neutral_4,6.013124220223816e-28,7.88319949655724e-26,3.633802067954837e-07,2.0690491063338075e-61,0.9999996366196434
2012-05-11,4,mixed_or_neutral_4,2.5655536738277227e-29,1.2677806970977518e-25,1.2543991090555432e-06,1.1860345814347977e-60,0.9999987456011377
2012-05-14,4,mixed_or_neutral_4,1.6258048642476384e-26,2.820320065401444e-24,1.4291965849533281e-08,2.3517412757778066e-57,0.9999999857082003
2012-05-15,4,mixed_or_neutral_4,1.3729929232247041e-28,4.0206689455556186e-24,3.1340685440479376e-09,5.247847993120556e-56,0.9999999968658813
2012-05-16,4,mixed_or_neutral_4,7.386158632595539e-31,1.1617451041671704e-23,1.7758206524963374e-10,1.3164379011215585e-53,0.9999999998226485
2012-05-17,4,mixed_or_neutral_4,2.0384688439792694e-31,1.625716323616935e-23,2.2425978481665028e-13,3.466368213115677e-50,1.0
2012-05-18,4,mixed_or_neutral_4,2.625845644759935e-29,1.0868612951789031e-22,2.3690542413270462e-14,3.628305911031032e-53,1.0
2012-05-21,4,mixed_or_neutral_4,3.5436009882932236e-32,2.6442246927626923e-24,1.574293194776634e-10,6.759609489588207e-54,0.9999999998426574
2012-05-22,4,mixed_or_neutral_4,4.3754672690786874e-33,2.24289587463493e-24,2.5704143802462342e-11,6.94584988211197e-57,0.9999999999745341
2012-05-23,4,mixed_or_neutral_4,9.779114391783196e-32,5.936952870557697e-25,1.0615964097916488e-11,7.989107441768333e-54,0.9999999999890861
2012-05-24,4,mixed_or_neutral_4,3.372096425586814e-34,3.6872086399861912e-25,4.11601189026166e-11,1.0855390055592159e-56,0.9999999999590727
2012-05-25,4,mixed_or_neutral_4,3.9058213798399655e-32,1.3629022284112516e-25,4.7326547959691305e-11,2.2666812830989045e-57,0.9999999999527063
2012-05-29,4,mixed_or_neutral_4,2.2641894937311145e-33,5.308849265624831e-27,2.6057516383744762e-09,1.041594216820249e-58,0.9999999973942977
2012-05-30,4,mixed_or_neutral_4,1.3000987487788793e-33,4.664894436366616e-25,5.099076086859417e-11,2.3333925226547807e-59,0.9999999999490683
2012-05-31,4,mixed_or_neutral_4,7.547882014684569e-41,3.5729854193991505e-26,3.917357261229768e-12,3.2398663899078357e-59,0.999999999996362
2012-06-01,4,mixed_or_neutral_4,2.6033386393350855e-41,3.065347060971652e-23,1.2140820309416822e-17,1.1122894880744653e-56,1.0
2012-06-04,4,mixed_or_neutral_4,1.4602886962812954e-40,2.1729726857460452e-21,1.2028723313627914e-18,9.83062718810915e-52,1.0
2012-06-05,4,mixed_or_neutral_4,3.6805805866251064e-34,6.633331200347661e-21,2.6112431807496984e-18,1.226270968407832e-49,1.0
2012-06-06,4,mixed_or_neutral_4,3.5602343273849357e-34,1.1805300505067528e-22,2.777993441809108e-13,2.5513920393879397e-51,1.0
2012-06-07,4,mixed_or_neutral_4,3.779790494900279e-35,5.393507998849923e-24,3.91784207382138e-13,7.220165495775768e-55,1.0
2012-06-08,4,mixed_or_neutral_4,2.257453056417673e-36,1.214930847659767e-25,4.304989778927807e-12,3.492739512429992e-58,0.9999999999954525
2012-06-11,4,mixed_or_neutral_4,1.0958448907554795e-33,3.1902332879267337e-25,8.562107316285854e-14,5.042685299672517e-56,1.0
2012-06-12,4,mixed_or_neutral_4,7.979068434427627e-35,2.0660421109387925e-28,3.867778282843888e-12,2.130815343931417e-58,0.999999999996362
2012-06-13,4,mixed_or_neutral_4,1.1790270487182048e-29,1.251923931228804e-27,6.797663718649284e-13,4.381076737451843e-59,0.9999999999990905
2012-06-14,4,mixed_or_neutral_4,4.550804470050901e-31,2.9907556373126638e-28,2.2765560481066494e-11,1.9750793067591505e-60,0.9999999999772626
2012-06-15,4,mixed_or_neutral_4,5.394840256184192e-35,3.054190301243868e-29,4.607343396417199e-11,7.193847952510875e-63,0.9999999999536158
2012-06-18,4,mixed_or_neutral_4,1.3535491617126042e-34,3.4062086574180886e-28,1.3358250408341693e-14,1.5965867343462985e-65,1.0
2012-06-19,4,mixed_or_neutral_4,1.228910839919449e-31,1.1313001959240845e-28,8.437438419466499e-13,2.9957943306480326e-64,0.9999999999990905
2012-06-20,4,mixed_or_neutral_4,5.597472405970476e-34,4.072469023901112e-28,4.149765202077708e-11,4.2304571033472164e-63,0.9999999999581632
2012-06-21,4,mixed_or_neutral_4,1.8971311370257623e-31,7.024160583362385e-28,9.33300837941988e-13,1.5106370374586322e-59,0.9999999999990905
2012-06-22,4,mixed_or_neutral_4,8.831432374318392e-37,8.777985820196538e-28,2.7273177655329652e-12,9.37149102792552e-63,0.9999999999972715
2012-06-25,4,mixed_or_neutral_4,8.134445245455852e-36,1.1743184130085444e-29,1.3284369293147658e-14,3.647205724413131e-60,1.0
2012-06-26,4,mixed_or_neutral_4,1.9178599539097472e-31,6.717979871940392e-29,1.4111045999578662e-14,1.5002868141616618e-60,1.0
2012-06-27,4,mixed_or_neutral_4,1.1493953839863424e-34,2.2895304570680143e-29,7.585022961174063e-11,2.6849060021868314e-62,0.9999999999245119
2012-06-28,4,mixed_or_neutral_4,1.492899535215199e-30,6.54361895355167e-30,2.884302078183717e-13,2.220013958109557e-61,1.0
2012-06-29,4,mixed_or_neutral_4,9.22546007287423e-38,6.17289926909156e-31,3.607214590572129e-12,7.707060171547292e-68,0.999999999996362
2012-07-02,4,mixed_or_neutral_4,1.468359102364444e-37,6.861696851824916e-32,8.897222725110127e-16,7.829910200077793e-67,1.0
2012-07-03,4,mixed_or_neutral_4,2.5688569169746475e-36,4.8001519458562665e-31,9.34650335801638e-15,3.4093265742122703e-69,1.0
2012-07-05,4,mixed_or_neutral_4,5.808692178825441e-34,4.649507681725409e-30,2.8927661897362783e-13,1.0543998145407712e-67,1.0
2012-07-06,4,mixed_or_neutral_4,2.260345280407174e-33,1.3550247339881404e-29,1.2834193763092766e-10,1.0262489790838153e-68,0.9999999998717612
2012-07-09,4,mixed_or_neutral_4,1.8523714034537448e-30,5.912430757202263e-29,8.92930135321555e-11,3.74350728696817e-63,0.9999999999108695
2012-07-10,4,mixed_or_neutral_4,1.6296178260062744e-31,2.851222961267215e-27,1.5697754144050628e-10,1.3372967299330245e-60,0.9999999998426574
2012-07-11,4,mixed_or_neutral_4,2.5422630841205295e-32,2.417374649348653e-27,1.3326424198959033e-12,3.354749010346792e-61,0.9999999999990905
2012-07-12,4,mixed_or_neutral_4,2.5106272881686162e-30,2.1929568722812227e-28,7.082180666413405e-12,5.961081798228679e-61,0.999999999992724
2012-07-13,4,mixed_or_neutral_4,1.4417321461643155e-28,6.517494704464755e-28,1.2076579661850964e-10,7.627445253828143e-64,0.9999999998790372
2012-07-16,4,mixed_or_neutral_4,2.636672990487827e-27,3.75461272642784e-27,5.570897568447325e-09,4.066922008093651e-62,0.999999994429345
2012-07-17,4,mixed_or_neutral_4,2.1396049446174804e-27,2.9454365801819005e-30,2.38413028552053e-08,1.692894338227843e-62,0.9999999761585062
2012-07-18,4,mixed_or_neutral_4,7.104529950419618e-27,2.3101175606881007e-29,3.6618020907212776e-08,6.089529200468747e-63,0.999999963381925
2012-07-19,4,mixed_or_neutral_4,1.3513382180298144e-27,1.8059553890605572e-28,3.297021392363731e-07,1.5360233257192743e-63,0.9999996702982206
2012-07-20,4,mixed_or_neutral_4,5.095430838690702e-28,3.523389514907803e-27,1.2379391959761287e-07,8.013433353945573e-61,0.9999998762059553
2012-07-23,4,mixed_or_neutral_4,8.24626658185866e-27,1.232155669776951e-24,3.8038558011740894e-09,2.990085022279471e-56,0.9999999961964932
2012-07-24,4,mixed_or_neutral_4,1.7013248948997562e-28,6.2642053938150194e-24,2.1480874414646287e-09,3.644875269391764e-52,0.9999999978517735
2012-07-25,4,mixed_or_neutral_4,4.6896515613146374e-27,6.921621951329371e-26,1.48030268667288e-11,4.139002378124736e-52,0.9999999999854481
2012-07-26,4,mixed_or_neutral_4,1.0744600100307037e-24,4.408693100355596e-27,2.0012529777817854e-10,2.4231409437990663e-55,0.9999999997999112
2012-07-27,4,mixed_or_neutral_4,1.3272590378663918e-25,1.8473598279332576e-27,2.079471587068898e-08,8.23936837986086e-59,0.9999999792053134
2012-07-30,4,mixed_or_neutral_4,9.7626041398316e-25,2.997388793322431e-27,3.231431517790628e-08,3.623530561278103e-58,0.9999999676856538
2012-07-31,4,mixed_or_neutral_4,1.5752363471358003e-24,8.816014801060322e-28,1.579873891009852e-08,9.782359563514756e-59,0.9999999842011676
2012-08-01,4,mixed_or_neutral_4,1.2288836127993644e-26,2.69071137041257e-27,6.52981052597841e-08,2.0686462742955143e-58,0.9999999347019205
2012-08-02,4,mixed_or_neutral_4,1.2157684434114379e-24,1.7790234985373625e-26,2.9149929652143775e-09,1.37001973282403e-58,0.9999999970850695
2012-08-03,4,mixed_or_neutral_4,2.104327351193625e-25,2.9233646977901282e-27,8.642343028522963e-08,2.5735282040166046e-61,0.9999999135761792
2012-08-06,4,mixed_or_neutral_4,2.244572378498097e-25,6.103506502228326e-27,4.0241998312108166e-08,2.825732039918765e-61,0.9999999597575887
2012-08-07,4,mixed_or_neutral_4,1.2173194800182319e-24,9.161497166131945e-28,2.7323647084705247e-08,4.371913942493379e-61,0.999999972676051
2012-08-08,4,mixed_or_neutral_4,2.029913131402574e-24,5.952213616686635e-27,7.746563911844137e-08,8.744350005500567e-62,0.9999999225347013
2012-08-09,4,mixed_or_neutral_4,9.06923141892222e-25,1.39762070444298e-26,4.8821601041181015e-08,2.369729680799699e-60,0.9999999511783256
2012-08-10,4,mixed_or_neutral_4,1.1882488432922122e-24,8.430622794783723e-27,3.2632183196523435e-08,1.2946750268959538e-60,0.9999999673682402
2012-08-13,4,mixed_or_neutral_4,4.7886380533023934e-24,1.9266710791741415e-26,4.114341293302092e-08,3.058901727770894e-61,0.9999999588562796
2012-08-14,4,mixed_or_neutral_4,3.109378739766616e-24,5.451665671049702e-26,5.063699163779962e-07,6.559357373603984e-60,0.9999994936298581
2012-08-15,4,mixed_or_neutral_4,4.381034954464713e-25,6.642626609432994e-26,9.78741927047002e-07,3.712895904292967e-60,0.9999990212577601
2012-08-16,4,mixed_or_neutral_4,4.030510797385465e-25,1.8344838621781583e-25,8.623358057697969e-07,4.598716095587344e-59,0.9999991376638798
2012-08-17,4,mixed_or_neutral_4,5.223010951508006e-24,3.9969327442705106e-25,3.673470702906666e-07,2.722117443853692e-58,0.9999996326533385
2012-08-20,4,mixed_or_neutral_4,3.3158885273861024e-24,6.000456787731829e-25,4.206833797536421e-06,6.401345887853605e-58,0.9999957931665715
2012-08-21,4,mixed_or_neutral_4,3.5689400739649853e-23,2.599980553896247e-25,5.186617103949499e-06,2.3512596336151157e-57,0.9999948133825356
2012-08-22,4,mixed_or_neutral_4,5.2638125050918054e-23,2.4457809241860392e-25,1.4899766353063523e-06,1.2744346676624586e-57,0.9999985100232338
2012-08-23,4,mixed_or_neutral_4,2.278214587586616e-22,1.852563181383387e-24,4.666044731176568e-07,2.2565286298148985e-55,0.9999995333956756
2012-08-24,4,mixed_or_neutral_4,2.1703799398969316e-25,9.878775554128986e-26,1.16264381735915e-06,2.461533676320582e-56,0.9999988373563093
2012-08-27,4,mixed_or_neutral_4,1.5598531068914778e-23,7.167328687182244e-26,7.966942421001523e-09,5.372196583211699e-57,0.9999999920328264
2012-08-28,4,mixed_or_neutral_4,1.7644251737460538e-22,3.749780986816186e-26,1.2061576674184206e-08,5.12950848643979e-57,0.9999999879382813
2012-08-29,4,mixed_or_neutral_4,6.88539097199457e-23,3.066921965453659e-26,5.27812022426466e-08,5.693599068298638e-57,0.9999999472183859
2012-08-30,4,mixed_or_neutral_4,4.685225457679236e-20,6.366000405978424e-26,1.133499126454521e-08,9.199346250007028e-55,0.9999999886649675
2012-08-31,4,mixed_or_neutral_4,5.851090626728602e-24,2.154840785577473e-25,4.695422110395024e-07,1.2383776550260052e-55,0.999999530458009
2012-09-04,4,mixed_or_neutral_4,1.9784558267782523e-22,7.444738203997153e-25,1.1317243674866208e-08,4.636030149339895e-56,0.9999999886831574
2012-09-05,4,mixed_or_neutral_4,5.876589068928111e-23,6.871364244703619e-26,6.438595564688487e-08,1.8842761332667288e-57,0.9999999356141437
2012-09-06,4,mixed_or_neutral_4,4.410736344849716e-24,2.0776215545542114e-25,1.2358526635076367e-07,5.858045473402292e-57,0.9999998764151391
2012-09-07,4,mixed_or_neutral_4,9.609082190256366e-25,8.642483115595964e-25,1.648750045206362e-07,2.0242358398966454e-57,0.999999835124995
2012-09-10,4,mixed_or_neutral_4,1.0618007990702878e-24,1.1738220303217423e-24,2.6433620453640505e-07,1.5912956217359037e-55,0.9999997356635854
2012-09-11,4,mixed_or_neutral_4,3.651069376066843e-25,1.1105840164266217e-24,1.3125709035276527e-07,5.413479754956902e-55,0.9999998687426428
2012-09-12,4,mixed_or_neutral_4,7.076191957990591e-27,2.7125279197780743e-24,1.774638214543925e-07,2.394800876991902e-55,0.9999998225357716
2012-09-13,4,mixed_or_neutral_4,6.569515414283418e-29,1.5939010381999023e-23,1.9938457400471554e-07,6.900412738104107e-57,0.9999998006151344
2012-09-14,4,mixed_or_neutral_4,3.313114842306978e-29,2.879277328121107e-22,4.760839033278235e-09,2.776443860436014e-55,0.9999999952387952
2012-09-17,4,mixed_or_neutral_4,1.5515654469373743e-28,3.1142060456703402e-21,6.544551209962925e-08,1.075432453273592e-53,0.9999999345545824
2012-09-18,4,mixed_or_neutral_4,4.409154828362049e-29,3.7058295878442385e-21,1.4486586254797976e-07,4.379261686658645e-53,0.9999998551338755
2012-09-19,4,mixed_or_neutral_4,2.8084619196993367e-28,1.4519104607676736e-21,6.222856582999375e-08,1.2038630457398297e-52,0.9999999377714649
2012-09-20,4,mixed_or_neutral_4,1.9671632728365163e-27,4.938888325356636e-22,2.0951340177997147e-08,1.804532704811865e-52,0.9999999790488803
2012-09-21,4,mixed_or_neutral_4,8.232094844885143e-27,5.559461833197446e-23,4.9743994374905534e-08,1.4584305945862492e-52,0.999999950256098
2012-09-24,4,mixed_or_neutral_4,1.809087750678647e-27,1.1417907158532405e-22,5.287674649190213e-08,2.317493362042172e-52,0.999999947122889
2012-09-25,4,mixed_or_neutral_4,8.628678608380439e-29,2.98619348537484e-22,1.6305754534329701e-09,2.694412444178406e-51,0.999999998369276
2012-09-26,4,mixed_or_neutral_4,2.0503806210169023e-25,3.1789458911974117e-22,8.508054372888947e-10,1.1585083494302371e-49,0.9999999991496225
2012-09-27,4,mixed_or_neutral_4,2.0158272533694062e-25,1.4373865473474983e-22,4.021859909198208e-08,7.626789374984666e-51,0.9999999597812356
2012-09-28,4,mixed_or_neutral_4,1.8775823217923446e-26,1.2652777803543637e-24,1.9595118318762363e-08,4.8385253097507435e-53,0.9999999804049369
2012-10-01,4,mixed_or_neutral_4,2.9246188633344532e-27,6.412375210443171e-25,4.563606741621119e-09,3.0882107501403037e-56,0.9999999954361556
2012-10-02,4,mixed_or_neutral_4,9.009508669055366e-27,1.7953058590176041e-25,5.151370159099965e-10,1.2264385722368287e-55,0.999999999485226
2012-10-03,4,mixed_or_neutral_4,8.754864341959717e-27,2.255817798567226e-25,1.1393412028443092e-09,2.3132255532442733e-57,0.9999999988604031
2012-10-04,4,mixed_or_neutral_4,2.4419111862002579e-29,4.0041073562331373e-25,9.272524395843868e-10,3.607421397205881e-58,0.9999999990723154
2012-10-05,4,mixed_or_neutral_4,1.5851316218865066e-30,5.530410320847455e-26,1.4168419049275501e-11,1.2800653129587916e-59,0.9999999999854481
2012-10-08,4,mixed_or_neutral_4,2.031765648704493e-33,5.092753388212205e-25,1.7623260420733838e-10,2.7872996948000056e-61,0.999999999823558
2012-10-09,4,mixed_or_neutral_4,2.9550157239396405e-33,2.0323613618515138e-24,3.303686229315209e-12,4.585080344747486e-55,0.999999999996362
2012-10-10,4,mixed_or_neutral_4,5.140739666762064e-34,1.6499801866122057e-23,3.1853979585901144e-14,1.6194640238924652e-53,1.0
2012-10-11,4,mixed_or_neutral_4,3.128219069106757e-35,1.8406138863543616e-23,5.3446116438343443e-14,3.239718562442039e-54,1.0
2012-10-12,4,mixed_or_neutral_4,3.147582346262976e-33,6.471247370182136e-23,1.1219137188258373e-14,8.075724791074119e-53,1.0
2012-10-15,4,mixed_or_neutral_4,9.845659914877427e-33,5.851681518789383e-23,6.322055782973646e-13,1.1985567049282453e-53,0.9999999999990905
2012-10-16,4,mixed_or_neutral_4,4.7834979428893025e-29,1.953382197540545e-23,5.076588257644161e-14,1.0198873784369803e-52,1.0
2012-10-17,4,mixed_or_neutral_4,8.051946193715422e-29,5.296776621832192e-23,6.120864231523679e-11,1.0633103517238044e-53,0.9999999999390639
2012-10-18,4,mixed_or_neutral_4,1.2981919291231623e-29,2.537602276454372e-22,2.1078646220373827e-11,3.527924047577438e-51,0.9999999999790816
2012-10-19,4,mixed_or_neutral_4,8.190158062067773e-28,7.585822979530816e-20,1.4921239180346292e-11,8.178233662856183e-46,0.9999999999854481
2012-10-22,4,mixed_or_neutral_4,4.169998775896069e-25,9.959948106393962e-20,1.5638408375877028e-11,9.483483865792452e-43,0.9999999999845386
2012-10-23,4,mixed_or_neutral_4,2.9074023966929374e-24,3.974362068995502e-18,1.76102828401804e-08,1.204761765361777e-41,0.9999999823894542
2012-10-24,4,mixed_or_neutral_4,2.539950496627423e-22,4.7079529919891345e-17,2.0504108210326602e-09,1.680349329675109e-39,0.9999999979499989
2012-10-25,4,mixed_or_neutral_4,3.8151641916966986e-23,2.7679649394192923e-18,3.0489161921663627e-07,1.5333076765588544e-40,0.9999996951083187
2012-10-26,4,mixed_or_neutral_4,1.7443076565403013e-26,1.175726046054279e-20,6.688854863460203e-08,6.2929694216512694e-43,0.9999999331112144
2012-10-31,4,mixed_or_neutral_4,5.011799077216817e-25,2.4793432115776702e-20,7.902107122257919e-10,4.942509925554511e-44,0.9999999992096491
2012-11-01,4,mixed_or_neutral_4,1.4184999160174823e-24,6.1536192467010316e-21,1.0416906643085391e-08,8.281523291936639e-46,0.9999999895826477
2012-11-02,4,mixed_or_neutral_4,1.6432040553407425e-26,2.237325242903697e-20,1.3612421431992883e-08,3.845994336847146e-45,0.9999999863875928
2012-11-05,4,mixed_or_neutral_4,1.9401645251615304e-24,2.0619657411184608e-23,4.1763740603973846e-10,4.3049393201633115e-45,0.9999999995825419
2012-11-06,4,mixed_or_neutral_4,5.305556883098669e-24,1.5289888771383018e-23,1.6776585231082e-08,4.945217841803194e-49,0.9999999832234608
2012-11-07,4,mixed_or_neutral_4,1.0695232522248702e-26,9.544921198328327e-22,9.41990927504085e-09,2.926389744680409e-47,0.9999999905803634
2012-11-08,4,mixed_or_neutral_4,2.5575755998695845e-25,3.975347783270331e-20,2.087989101235079e-10,2.943727897946849e-47,0.9999999997908162
2012-11-09,4,mixed_or_neutral_4,2.4560057467227545e-23,1.2916354863717632e-19,4.432720503860437e-08,3.0543460997009547e-45,0.9999999556730482
2012-11-12,4,mixed_or_neutral_4,3.0208164870814417e-24,1.3170782060577772e-18,9.126949402890844e-08,4.9015183991170886e-46,0.9999999087303919
2012-11-13,4,mixed_or_neutral_4,8.552860254846109e-28,2.023665711567456e-18,3.9577104194178066e-08,1.1547102674668915e-45,0.9999999604233388
2012-11-14,4,mixed_or_neutral_4,2.98064506814403e-27,1.0444008024550878e-17,5.219825169245899e-11,4.9915251341324336e-45,0.9999999999481588
2012-11-15,4,mixed_or_neutral_4,1.1251091928634273e-22,7.042022560447362e-17,8.531831989344818e-10,5.7762871549760736e-46,0.999999999146894
2012-11-16,4,mixed_or_neutral_4,8.364140033547369e-20,5.509333138065939e-18,4.0070310608476854e-05,7.591584179056269e-49,0.9999599296895466
2012-11-19,2,risk_on,5.054573608421204e-19,6.030949120023899e-20,0.7610414166528753,1.0237341564972987e-51,0.23895858334715767
2012-11-20,2,risk_on,9.23687602245077e-19,1.0845839674637156e-19,0.9809815014244342,1.6331368557276917e-51,0.019018498575421216
2012-11-21,2,risk_on,1.024862285121666e-18,1.5343419351000399e-21,0.9982249275421331,4.417858358708898e-53,0.0017750724579342837
2012-11-23,2,risk_on,5.51899732423216e-20,1.2454004691982132e-23,0.9999992416654242,6.058207608132737e-53,7.583345416186581e-07
2012-11-26,2,risk_on,1.837884786982375e-17,3.3351403844787784e-26,0.9999999317578864,2.6087489673539835e-53,6.824249997150006e-08
2012-11-27,2,risk_on,5.815877452925277e-19,8.722649705215202e-28,0.9999998949269921,2.4468586529420504e-58,1.0507328992006399e-07
2012-11-28,2,risk_on,9.002587789330488e-19,9.650598614285528e-30,0.999999984303031,4.35454120762408e-59,1.5696965776458225e-08
2012-11-29,2,risk_on,6.213033986978235e-20,1.2887703464959563e-31,0.9999999896208465,1.649692196625943e-63,1.0379069705784056e-08
2012-11-30,2,risk_on,1.7127748156844783e-19,1.7332979811992645e-30,0.9999999945612217,1.1049822680217234e-64,5.438500223372679e-09
2012-12-03,2,risk_on,3.1213344391290036e-20,4.2335434935350886e-29,0.999999976281288,1.7259466949438893e-63,2.371866055299864e-08
2012-12-04,2,risk_on,4.797299644106227e-19,3.910134164061659e-26,0.999999953247426,9.757611240681888e-61,4.6752536946528415e-08
2012-12-05,2,risk_on,1.7545319511627937e-17,4.00712458152611e-25,0.9999991526832624,3.8773476428080005e-59,8.473171459951799e-07
2012-12-06,2,risk_on,3.47405833514044e-18,1.2517336886601189e-24,0.9999999110577886,8.900622803698516e-58,8.89421325268815e-08
2012-12-07,2,risk_on,3.8864735691693663e-19,2.653782653384896e-27,0.9999997315890501,6.911710877043684e-58,2.6841084629144816e-07
2012-12-10,2,risk_on,5.562667975501773e-20,2.2846423019188694e-27,0.9999997876193673,1.2746987100341372e-59,2.123806804797011e-07
2012-12-11,2,risk_on,8.580196556401352e-21,1.0735653271437634e-27,0.9999998981111328,5.955886060553563e-61,1.0188865645014612e-07
2012-12-12,2,risk_on,8.97133148693487e-22,1.3713075568234213e-27,0.9999997532004576,7.833346155644933e-60,2.467995125146767e-07
2012-12-13,2,risk_on,2.166189635328682e-22,2.7616892980399423e-26,0.999999633780202,4.51961838006464e-58,3.6621935783372855e-07
2012-12-14,2,risk_on,3.0869002077297383e-21,9.57508212174772e-26,0.9999945067380299,1.9976168873476895e-56,5.4932618745111894e-06
2012-12-17,2,risk_on,1.3253089770432398e-21,4.01865790764894e-25,0.9999951731650149,3.9351894738621914e-58,4.826834607941192e-06
2012-12-18,2,risk_on,7.852609938426306e-23,1.1886481317038785e-26,0.9999978436922503,5.716054102378156e-62,2.1563075892245708e-06
2012-12-19,2,risk_on,9.934674947522404e-22,4.110219899671606e-29,0.9999999732326618,3.629490486331195e-60,2.6767405418645198e-08
2012-12-20,2,risk_on,3.396194087834304e-20,1.9333131240618475e-30,0.9999999024967158,8.946956707597674e-63,9.75037083413353e-08
2012-12-21,2,risk_on,5.051884296957821e-20,1.3380244707223316e-30,0.9999999608453444,3.3350445713109077e-63,3.9154775662923156e-08
2012-12-24,2,risk_on,7.512934007998114e-21,2.3503126220441358e-31,0.9999999894071152,7.106250589216297e-64,1.0592806931086475e-08
2012-12-26,2,risk_on,5.908261827166678e-20,2.4805353683911822e-30,0.9999999553374447,1.59991479663893e-64,4.466294459395901e-08
2012-12-27,2,risk_on,3.3369463963981875e-19,2.6800958348629884e-28,0.9999999476322059,4.006179776991248e-60,5.2367983290474286e-08
2012-12-28,2,risk_on,2.566650379247468e-16,4.947492088708325e-26,0.9999994021729404,9.384669803546082e-57,5.978273414714349e-07
2012-12-31,2,risk_on,1.8667314966864916e-21,2.5675825490164984e-30,0.9999999526553449,3.670920982910434e-61,4.7344673054935344e-08
2013-01-02,2,risk_on,2.0153778605138187e-23,6.957576243593672e-31,0.999999953411135,6.002217188923134e-73,4.658887248756567e-08
2013-01-03,2,risk_on,1.9055309877731256e-22,1.5594106498569034e-31,0.9999999395395225,6.709123547633692e-71,6.046034101777723e-08
2013-01-04,2,risk_on,1.0101174889831662e-22,1.5149438189906165e-30,0.999999953403859,2.3352079598512424e-71,4.659635705391519e-08
2013-01-07,2,risk_on,1.0235272765074092e-23,6.347565319893793e-31,0.9999998688317732,1.4300543129182336e-71,1.3116815236056892e-07
2013-01-08,2,risk_on,4.2240891292728525e-24,5.491199656762077e-31,0.9999998867124369,5.888317923320887e-72,1.1328769975853838e-07
2013-01-09,2,risk_on,3.306375559520524e-23,2.751760011961917e-31,0.999999824969579,7.914982826779902e-72,1.750303008406225e-07
2013-01-10,2,risk_on,5.387958106281447e-23,5.161502213270757e-31,0.9999999281071749,1.3638196864050894e-72,7.189241918557126e-08
2013-01-11,2,risk_on,1.7887730823949038e-24,3.2114392203332835e-31,0.9999999839328667,1.8939573211371167e-74,1.6067215356377608e-08
2013-01-14,2,risk_on,5.1686950004322985e-23,4.0635071845211165e-32,0.9999999837446013,4.903314366421527e-73,1.6255660938932532e-08
2013-01-15,2,risk_on,1.3967110285711503e-22,3.8300609803934024e-32,0.9999999850360838,8.520789994065585e-74,1.496431724074841e-08
2013-01-16,2,risk_on,3.2386099576224816e-22,1.7134944234441443e-32,0.9999999934761945,3.235339423974861e-73,6.523792477338741e-09
2013-01-17,2,risk_on,1.2231950701015017e-22,1.138942385827671e-32,0.9999999958599801,2.8181849912036783e-74,4.13991086145678e-09
2013-01-18,2,risk_on,3.2840955645588856e-24,3.172145340886278e-34,0.9999999924466465,2.0592277077071727e-76,7.553692860070656e-09
2013-01-22,2,risk_on,2.78281883329352e-23,6.369557834566925e-33,0.9999999981664587,1.800634287592075e-76,1.8338184597911627e-09
2013-01-23,2,risk_on,4.404051303988816e-23,9.993092384762665e-34,0.9999999963283699,1.3381239715479634e-76,3.6714865325917617e-09
2013-01-24,2,risk_on,5.611616958813583e-23,2.69175982106986e-32,0.9999999982064764,1.0081550740702208e-73,1.7932590332725491e-09
2013-01-25,2,risk_on,4.711824409554993e-23,5.801884809044352e-31,0.9999999975643732,6.5572421444390975e-71,2.4351792606046064e-09
2013-01-28,2,risk_on,1.5622600460668721e-21,2.922894761556319e-31,0.9999999960982677,3.880689969332481e-68,3.902046205738908e-09
2013-01-29,2,risk_on,2.760910320097268e-21,3.5123326039811836e-28,0.9999999955389285,6.432735415028089e-68,4.460822127802556e-09
2013-01-30,2,risk_on,5.33726916311076e-18,3.496205808435868e-28,0.9999999311685338,2.193075491897341e-65,6.883132605556455e-08
2013-01-31,2,risk_on,4.045010778703906e-21,1.2131863624460561e-26,0.9999999863057383,1.99848419563664e-65,1.3694296357505575e-08
2013-02-01,2,risk_on,4.365949343845451e-21,2.778463600222305e-28,0.9999999840074453,1.8390317314811403e-63,1.599252350881224e-08
2013-02-04,2,risk_on,8.60273349920046e-22,1.0441952906655682e-26,0.9999999753263186,5.049276845350366e-67,2.4673301897313652e-08
2013-02-05,2,risk_on,4.720302858192742e-21,1.8225456294858282e-28,0.9999999923820724,4.6080824307935094e-65,7.617527352203149e-09
2013-02-06,2,risk_on,1.9867174943159374e-21,2.1739736788227667e-28,0.9999999973770173,5.100042105785201e-66,2.6232021590146806e-09
2013-02-07,2,risk_on,1.3533864200277999e-21,2.0402656619865695e-29,0.9999999957572072,1.6868312132652836e-64,4.2431733425291315e-09
2013-02-08,2,risk_on,7.704771118020184e-23,8.361386789716365e-29,0.9999999935889718,2.9184107818672296e-64,6.411470828623135e-09
2013-02-11,2,risk_on,1.10291323825571e-21,8.502928142671282e-30,0.9999999489464257,3.279819680341466e-62,5.1053665174804774e-08
2013-02-12,2,risk_on,7.404985451576026e-22,1.669556011969801e-29,0.99999995878352,6.816514863896082e-64,4.121633641555263e-08
2013-02-13,2,risk_on,3.486135382906907e-22,1.0243726349459312e-29,0.9999999910296538,1.2996260652386694e-62,8.970052621091382e-09
2013-02-14,2,risk_on,2.079774646910639e-22,5.5195237611174036e-30,0.9999999822266546,6.916475502330114e-63,1.7773631556454717e-08
2013-02-15,2,risk_on,2.186993253276379e-22,5.0241231154818166e-29,0.9999999348610821,6.661411550453352e-63,6.513891682971427e-08
2013-02-19,2,risk_on,2.9434254614577336e-22,6.470344152963627e-29,0.9999996793349569,1.2924056719038713e-63,3.2066530247717413e-07
2013-02-20,2,risk_on,2.8219002720895617e-22,4.0201520778820184e-28,0.9999998797975495,9.166117324890542e-62,1.2020271003136017e-07
2013-02-21,2,risk_on,5.621235495998708e-23,9.719100997383008e-29,0.9999999822239262,3.631992829824558e-61,1.7775640427234946e-08
2013-02-22,2,risk_on,4.3342468253468985e-23,5.786635715036378e-30,0.9999999875690264,4.544830058963548e-63,1.2430988422766178e-08
2013-02-25,2,risk_on,1.1687281761666116e-19,9.558022795913947e-28,0.999999895787374,5.816044432539368e-63,1.0421222888311868e-07
2013-02-26,2,risk_on,5.853496360813879e-20,1.0835708228985475e-28,0.9999999350111487,4.049060743852992e-62,6.498871872954594e-08
2013-02-27,2,risk_on,2.1305561221477322e-21,2.4906050164525418e-30,0.9999999742576623,2.067519423564275e-66,2.5742736966863396e-08
2013-02-28,2,risk_on,1.3817944121564885e-20,2.5648959443661033e-31,0.999999954417036,2.715372905401746e-68,4.5583343862375545e-08
2013-03-01,2,risk_on,1.9470400496982907e-21,6.509231909961023e-32,0.9999999887404556,6.504245463682378e-72,1.1259978366473825e-08
2013-03-04,2,risk_on,8.329139198836416e-22,2.764758167834166e-32,0.9999999920573828,4.412742229106369e-73,7.942590121213775e-09
2013-03-05,2,risk_on,7.451756340686822e-24,2.628925476126873e-32,0.9999999970195859,4.856815196969542e-76,2.9801631274961436e-09
2013-03-06,2,risk_on,1.4652743027143075e-22,4.294509320309986e-32,0.9999999932260835,6.73090495568404e-73,6.774034565595679e-09
2013-03-07,2,risk_on,1.2548000729101059e-23,8.145066786813659e-32,0.9999999924157237,5.476949372932756e-74,7.584432652313288e-09
2013-03-08,2,risk_on,1.1002287599906572e-24,2.2287511029247503e-31,0.9999999922056304,2.2125208907384278e-74,7.794440991929477e-09
2013-03-11,2,risk_on,3.808659180203505e-26,2.2651885915794494e-30,0.9999999974015736,3.808983883402389e-75,2.5982187495245785e-09
2013-03-12,2,risk_on,2.3289164647434834e-25,1.3607059376595936e-31,0.9999999962547008,2.1276692312671325e-73,3.745263294178602e-09
2013-03-13,2,risk_on,1.0819835824883977e-25,4.468666653388096e-31,0.9999999979709173,7.084721328158647e-75,2.029039115091569e-09
2013-03-14,2,risk_on,1.515060629537984e-26,1.3430253909534067e-31,0.9999999973670128,1.0605856987495824e-75,2.6333680886569924e-09
2013-03-15,2,risk_on,6.4381290738616196e-27,3.1542258312107425e-31,0.9999999984920578,1.433349100205322e-78,1.5075140378267417e-09
2013-03-18,2,risk_on,6.48179339882376e-25,3.7690659583572167e-31,0.9999999951487553,1.9506856916935449e-75,4.8508473500658825e-09
2013-03-19,2,risk_on,6.034572354341216e-24,7.6009716594887285e-31,0.9999999936189852,1.5997901504924035e-73,6.381436890734821e-09
2013-03-20,2,risk_on,1.9390198613823861e-25,2.1676714667172613e-32,0.9999999951369318,3.430330802918115e-76,4.863149545231991e-09
2013-03-21,2,risk_on,2.1093303353974417e-25,6.664419264175175e-32,0.999999998889507,3.3672010141684756e-77,1.11091702217202e-09
2013-03-22,2,risk_on,5.575816229258323e-24,3.093234921317658e-33,0.9999999980718712,2.01209179342744e-75,1.9276769742601e-09
2013-03-25,2,risk_on,1.755743939309032e-25,9.483028959974991e-32,0.9999999983974703,6.527063421003356e-77,1.602224942610161e-09
2013-03-26,2,risk_on,7.68701011615681e-22,2.1358346905742664e-30,0.9999999563406173,7.773391133647931e-75,4.3659405991774375e-08
2013-03-27,2,risk_on,3.0208353262344413e-23,1.5374770376046781e-29,0.9999999323617909,2.34158264185593e-75,6.763857209928017e-08
2013-03-28,2,risk_on,1.0292886884836214e-23,7.002358716297943e-30,0.9999999650099205,4.7648765876704244e-73,3.499050606305948e-08
2013-04-01,2,risk_on,2.7003359169147257e-24,7.038848137816635e-29,0.9999999794945327,3.8376549157610606e-75,2.050549449438991e-08
2013-04-02,2,risk_on,1.1501958688955947e-23,8.643097988850657e-31,0.9999999347428478,4.816305756333775e-74,6.525741663900556e-08
2013-04-03,2,risk_on,2.345901991317595e-26,1.0559308588855008e-30,0.9999999895753717,2.2822383517245493e-76,1.042489187246664e-08
2013-04-04,2,risk_on,5.6067663771921385e-28,4.813228798532169e-36,0.9999999937535904,1.2594077516277784e-78,6.246800080071312e-09
2013-04-05,2,risk_on,1.4714672041644388e-26,4.114725498007379e-34,0.9999999992005542,6.933282557003905e-82,7.990898313686576e-10
2013-04-08,2,risk_on,7.76810202852936e-27,1.8043356901312698e-35,0.9999999990905053,4.363284449597294e-81,9.093488507371589e-10
2013-04-09,2,risk_on,3.274399926956259e-27,2.4787732663119104e-35,0.9999999985648174,6.619741341613118e-86,1.4352288699014798e-09
2013-04-10,2,risk_on,1.8927842138499403e-27,1.0945517499033483e-34,0.9999999995352482,1.2022981397408833e-81,4.64836046578217e-10
2013-04-11,2,risk_on,2.7081722003612025e-27,4.485883450724974e-36,0.9999999996589395,4.0567399995338196e-82,3.4126920518433433e-10
2013-04-12,2,risk_on,3.545250295524659e-28,5.562044187014199e-34,0.9999999999445208,8.681104650194025e-82,5.550753047390137e-11
2013-04-15,2,risk_on,2.760027357171743e-25,3.510181672321896e-34,0.9999999951442078,1.0239410739777348e-74,4.8555063066749865e-09
2013-04-16,2,risk_on,6.984524925753668e-27,1.421398175054573e-32,0.9999999985138857,7.796114844898635e-77,1.4862962959255606e-09
2013-04-17,2,risk_on,3.4657293032974434e-25,3.599424411858914e-31,0.9999999894444045,1.0217635062194404e-72,1.0555698502606443e-08
2013-04-18,2,risk_on,3.3074651963097015e-23,3.85853665999833e-30,0.9999999481697173,4.2737172877645923e-69,5.18302691283599e-08
2013-04-19,2,risk_on,2.3017862959550675e-28,9.753639289662837e-32,0.9999999983438101,3.4341742662288744e-76,1.656522473683014e-09
2013-04-22,2,risk_on,4.934675003707482e-27,6.7275393138696465e-34,0.9999999982592271,2.9901708301033852e-77,1.7403732718157693e-09
2013-04-23,2,risk_on,1.0489322531285656e-27,4.160840992177085e-35,0.9999999992433004,3.920304702189226e-82,7.571088799204598e-10
2013-04-24,2,risk_on,4.487150250702704e-28,4.5223533892412144e-35,0.9999999996407496,2.6454630079918526e-83,3.588260807343232e-10
2013-04-25,2,risk_on,6.644161798138081e-28,1.5211715452411906e-35,0.9999999991878212,4.995677830753352e-84,8.119867667973058e-10
2013-04-26,2,risk_on,3.9616935970018904e-28,1.068712927550465e-34,0.9999999991478035,1.1715611725116298e-83,8.519337628713917e-10
2013-04-29,2,risk_on,1.923280746553542e-28,6.772229696109897e-36,0.9999999923475116,2.94127482304167e-87,7.652658006439308e-09
2013-04-30,2,risk_on,6.728435736368303e-28,2.4531446324196893e-34,0.999999999146894,1.1802499195243227e-85,8.526603951450125e-10
2013-05-01,2,risk_on,4.645626251725638e-28,2.6096904387722007e-34,0.999999999235115,5.084416451538263e-84,7.649600987936903e-10
2013-05-02,2,risk_on,3.8460436927036705e-27,1.3047057889110103e-33,0.9999999991523509,1.7304821646685713e-82,8.47278019807866e-10
2013-05-03,2,risk_on,9.192807378336644e-29,2.7521579326722594e-32,0.9999999989231583,9.463335127920535e-82,1.0764018895196197e-09
2013-05-06,2,risk_on,1.9227695748070844e-27,1.1762636688590694e-30,0.9999999990932338,8.683829686759642e-76,9.068859208267258e-10
2013-05-07,2,risk_on,2.1408949051761724e-27,4.482698038923626e-31,0.9999999991314326,2.34885080767149e-73,8.684745351226641e-10
2013-05-08,2,risk_on,2.0871980115304018e-27,9.83098883135571e-31,0.9999999985793693,9.501426938145475e-74,1.4206175569161653e-09
2013-05-09,2,risk_on,2.1044905911033155e-27,1.0441612571033488e-32,0.9999999992924131,1.1717280126597623e-75,7.074543395845853e-10
2013-05-10,2,risk_on,6.288177787561236e-29,1.4190481006641933e-33,0.9999999997144187,3.2869068309760286e-80,2.8526652078048176e-10
2013-05-13,2,risk_on,5.916000923834315e-28,1.1033634993643764e-33,0.9999999995907274,6.066253569102706e-79,4.097153073478445e-10
2013-05-14,2,risk_on,1.3430793846802971e-24,1.8479516154971541e-31,0.9999999997698978,2.3861674884265424e-74,2.3024367777789016e-10
2013-05-15,2,risk_on,5.819664505872928e-27,1.9104125774843986e-31,0.9999999999181455,4.917599661049735e-72,8.222676992781491e-11
2013-05-16,2,risk_on,1.4996606254165273e-24,5.478749763696357e-30,0.9999999997726263,2.7236870452919764e-69,2.2773454832601516e-10
2013-05-17,2,risk_on,9.961700639990714e-24,7.813671078051594e-29,0.9999999995552571,5.339731365446538e-70,4.451462035638497e-10
2013-05-20,2,risk_on,1.78997874952472e-25,8.601188582180879e-29,0.9999999998126441,6.080712885470956e-67,1.8702516082652393e-10
2013-05-21,2,risk_on,1.3046380966524518e-25,7.431611855748391e-29,0.999999999744432,3.05022139448888e-67,2.5536742164072097e-10
2013-05-22,2,risk_on,1.585359513832182e-25,3.594960969673444e-30,0.9999999997053237,5.459197899346882e-63,2.9438272535083947e-10
2013-05-23,2,risk_on,5.160790667651378e-26,4.08053444481552e-29,0.9999999998635758,3.948013141376424e-64,1.368212659716198e-10
2013-05-24,2,risk_on,2.7851925369972375e-25,7.606954764127807e-32,0.9999999986976036,4.582269899331797e-62,1.3021413091398325e-09
2013-05-28,2,risk_on,1.3047372261301765e-24,2.2090389403007957e-31,0.9999999997980922,5.0018363586170505e-64,2.015081367841197e-10
2013-05-29,2,risk_on,6.282911644754899e-26,5.8017213952761825e-31,0.9999999995998223,1.900040618306411e-64,4.001607947301997e-10
2013-05-30,2,risk_on,3.4855226760589914e-26,2.9227469268025745e-30,0.9999999991405275,2.5014999952745148e-64,8.598513623418644e-10
2013-05-31,2,risk_on,1.0314562680597334e-23,1.287325591603168e-29,0.9999999947003744,1.093595815827538e-61,5.299931232590113e-09
2013-06-03,2,risk_on,8.744075158184805e-24,2.4420762180834203e-31,0.9999999986121111,5.1685088015684626e-62,1.387588758263178e-09
2013-06-04,2,risk_on,5.758544075461407e-25,4.87120124606629e-32,0.9999999993397068,4.4571338330585546e-64,6.605264235367905e-10
2013-06-05,2,risk_on,3.1574550716924093e-24,7.134660448787131e-31,0.9999999260016948,9.02148193369013e-65,7.39980204471942e-08
2013-06-06,2,risk_on,2.488715910062108e-26,6.28009552746592e-32,0.9999999984438546,3.0155338269190076e-69,1.5559659043371874e-09
2013-06-07,2,risk_on,2.1504537333010574e-26,4.021485699140649e-34,0.9999999998008207,1.2758679888077876e-73,1.9956224119066498e-10
2013-06-10,2,risk_on,1.29461775404213e-27,1.8889081341595733e-34,0.9999999998299245,1.0881796427895786e-76,1.7044253201777735e-10
2013-06-11,2,risk_on,1.2783241393397817e-27,3.605876401643407e-33,0.999999999738975,8.005905826612462e-76,2.6135442596045037e-10
2013-06-12,2,risk_on,7.959736542045052e-27,4.122506876399123e-32,0.9999999998090061,3.61094694453962e-72,1.9121470655007236e-10
2013-06-13,2,risk_on,2.8218477061276955e-30,3.560967485460012e-38,0.9999999968013071,3.14238579396172e-78,3.1985076645713192e-09
2013-06-14,2,risk_on,2.9833014785242098e-28,5.754511918478565e-39,0.999999999740794,6.022809178942662e-84,2.587877232074805e-10
2013-06-17,2,risk_on,1.0527595229790169e-28,3.363447391264766e-38,0.9999999990486685,7.065068342821132e-86,9.51453381860499e-10
2013-06-18,2,risk_on,2.428224332359701e-27,6.970654707434415e-41,0.9999999948358891,4.770998829269107e-88,5.163821542279046e-09
2013-06-19,2,risk_on,3.2602775118856e-28,1.3005688264423753e-41,0.9999999998972271,1.1247688460854374e-90,1.0247154131095703e-10
2013-06-20,2,risk_on,1.4205636865780654e-26,9.378199161618597e-47,0.9999999992596713,7.00637530886935e-101,7.400506262574987e-10
2013-06-21,2,risk_on,4.4029263790889044e-26,9.84787834243061e-44,0.9999999942738214,3.532893184015768e-99,5.72639327814704e-09
2013-06-24,2,risk_on,1.7744760901554643e-24,3.764613041084368e-38,0.9999995362278408,7.005379080300651e-92,4.63772369467984e-07
2013-06-25,2,risk_on,6.443346653152484e-27,3.9480448663196335e-35,0.9999994448282172,3.595346390221e-86,5.551718271331363e-07
2013-06-26,2,risk_on,7.652739132320605e-29,5.084972696128654e-40,0.9999994220353834,1.4863734789722542e-84,5.779642205796049e-07
2013-06-27,2,risk_on,2.616977853162841e-29,2.4105678945739108e-43,0.999999924541956,9.115669553654356e-94,7.545765962562098e-08
2013-06-28,2,risk_on,4.2165309758333843e-29,1.6425816000472784e-45,0.999999926724743,9.62108378551785e-93,7.327570919030737e-08
2013-07-01,2,risk_on,8.253876205664295e-30,2.856947184632002e-47,0.9999999692508941,2.1830218757512007e-96,3.07491925667234e-08
2013-07-02,2,risk_on,3.013151436765475e-28,3.941178895004411e-49,0.9999999914407454,7.37654250569761e-99,8.559694456948217e-09
2013-07-03,2,risk_on,3.749453974916189e-30,1.1147305433674053e-48,0.9999999209048869,5.71520581938975e-98,7.909512356335886e-08
2013-07-05,2,risk_on,6.148461619416615e-31,3.776289360982997e-46,0.9999999859574018,2.6048348510784547e-102,1.4042447587297624e-08
2013-07-08,2,risk_on,4.1269952701602775e-32,3.0769771878796847e-49,0.9999999926367309,1.2512336582687987e-102,7.363422780380169e-09
2013-07-09,2,risk_on,1.5852435661505906e-32,1.0047878477575059e-52,0.9999999913916326,5.573257092034334e-106,8.608284343318835e-09
2013-07-10,2,risk_on,9.955908552133859e-33,2.8878477192332362e-55,0.9999999985238901,1.0104251980510438e-112,1.4756967326148574e-09
2013-07-11,2,risk_on,1.842875321307984e-31,7.40932282571968e-60,0.9999999880483301,1.8358995917709844e-119,1.1951500471374394e-08
2013-07-12,2,risk_on,6.236968707142179e-32,1.1727167475299943e-60,0.999999998540261,3.163698456036167e-124,1.4599463257387697e-09
2013-07-15,2,risk_on,9.894728310596394e-32,4.1621806332109665e-67,0.9999999995425242,2.0290792496155946e-131,4.5726545652366853e-10
2013-07-16,2,risk_on,1.4506438284371704e-32,5.436203250153579e-69,0.9999999998790372,2.6082840919075104e-138,1.2051225094185437e-10
2013-07-17,2,risk_on,1.9610271739437448e-32,5.962538505351555e-72,0.9999999997789928,2.1679742403474797e-142,2.208586302604189e-10
2013-07-18,2,risk_on,4.051052234452562e-32,3.642785471315672e-70,0.9999999997235136,1.0299157427589844e-146,2.7652279794981027e-10
2013-07-19,2,risk_on,9.402290873051701e-33,1.5397686478287314e-68,0.9999999992405719,1.7557863911701493e-137,7.597311390090312e-10
2013-07-22,2,risk_on,2.670714318094022e-31,1.4038712393280664e-66,0.9999999991541699,3.592772833407297e-137,8.454485269287622e-10
2013-07-23,2,risk_on,1.238508502037031e-32,2.3249500013312245e-65,0.9999999994352038,4.935508715194283e-132,5.646245107999726e-10
2013-07-24,2,risk_on,1.7120778450065602e-31,3.0367134217035334e-68,0.9999999933634172,8.798441754840772e-132,6.636668979778844e-09
2013-07-25,2,risk_on,4.763691574562577e-33,4.012993106521671e-72,0.999999999145075,2.3768701493680417e-139,8.550125127501104e-10
2013-07-26,2,risk_on,5.1591460031499284e-33,4.475919645163629e-74,0.9999999996116458,4.239371758265938e-143,3.886619333944425e-10
2013-07-29,2,risk_on,4.4341638393956546e-33,2.5528582236664674e-76,0.9999999981610017,1.4010522491712536e-149,1.839027069626342e-09
2013-07-30,2,risk_on,4.824289333134663e-33,3.419978692793851e-75,0.999999999751708,4.890735102798352e-149,2.4867107537894815e-10
2013-07-31,2,risk_on,3.40974605359974e-33,1.1528187911906653e-78,0.9999999998635758,5.621342033171633e-152,1.3656772743632533e-10
2013-08-01,2,risk_on,1.0030357299475612e-34,3.7884577063963713e-75,0.99999999981992,3.025211475451513e-150,1.8012745473968074e-10
2013-08-02,2,risk_on,2.104646577201013e-34,1.88975159214212e-81,0.9999999997107807,3.048833806712162e-152,2.888879076034142e-10
2013-08-05,2,risk_on,8.812624842246747e-36,8.449845794368859e-82,0.9999999999299689,3.371630133675703e-157,7.008359597641282e-11
2013-08-06,2,risk_on,4.493304251584878e-36,4.292749516946908e-82,0.9999999995443432,4.095790675934614e-159,4.5531917965106513e-10
2013-08-07,2,risk_on,7.362615083468919e-35,3.854868004482311e-80,0.9999999995970938,3.006222106869591e-158,4.028166350758504e-10
2013-08-08,2,risk_on,4.7326344941610925e-34,8.144541935031422e-81,0.9999999996352926,6.740282508743766e-157,3.6462542785379204e-10
2013-08-09,2,risk_on,7.036623510380189e-33,1.700166023798768e-79,0.999999999053216,1.5960671895157783e-161,9.465943652207415e-10
2013-08-12,2,risk_on,4.4234927168406865e-34,1.0382392117388717e-81,0.9999999992360245,1.9053077881606994e-160,7.638054743129671e-10
2013-08-13,2,risk_on,1.367588076523632e-35,3.1528649855908005e-85,0.9999999999863576,4.609729598458585e-167,1.3895724520636801e-11
2013-08-14,2,risk_on,2.445826677113311e-35,1.1241461144945576e-85,0.9999999999899956,2.6154739714753342e-166,9.900200009789497e-12
2013-08-15,2,risk_on,1.413257417546457e-34,9.488690737106679e-90,0.9999999999899956,2.792222553482649e-172,1.0017181472522783e-11
2013-08-16,2,risk_on,2.3582699313235087e-37,6.610018109301487e-95,0.9999999999818101,4.041080184874748e-179,1.7879280644961013e-11
2013-08-19,2,risk_on,2.550809794102106e-36,2.3634505730854917e-95,0.9999999999881766,1.360994377905549e-186,1.2109506971184616e-11
2013-08-20,2,risk_on,8.464069937294138e-37,1.3103410334518847e-96,0.9999999999990905,8.134734685729559e-188,1.0273614439274296e-12
2013-08-21,2,risk_on,1.6792134408423829e-34,2.1699650582107127e-95,0.999999999994543,1.0032895140412487e-190,5.456313571045569e-12
2013-08-22,2,risk_on,8.395533080996218e-38,1.7117380010874382e-100,1.0,3.3170679318709935e-189,4.199661005539506e-14
2013-08-23,2,risk_on,5.952826219706016e-37,3.9512213982928994e-104,1.0,3.32395217034284e-196,6.959729263279436e-14
2013-08-26,2,risk_on,6.292222561344862e-37,3.6345075073501504e-105,1.0,3.828656657778305e-202,7.305037981883878e-15
2013-08-27,2,risk_on,1.5804625830777878e-33,5.860501498720306e-100,0.9999999999936335,1.79513311476961e-192,6.533045301381602e-12
2013-08-28,2,risk_on,3.745145305985177e-34,5.419140531903948e-97,0.9999999999990905,3.474857505715035e-188,9.953117449551494e-13
2013-08-29,2,risk_on,5.438284510988538e-33,1.2879444825818306e-94,0.999999999998181,3.2547322227567327e-180,1.625670687307686e-12
2013-08-30,2,risk_on,1.3191051629477914e-30,2.4350587053267726e-94,0.9999999998808562,2.8539070569158307e-174,1.1921055148796716e-10
2013-09-03,2,risk_on,1.6921855364187443e-33,5.140192935897273e-91,0.9999999999990905,3.959652028731579e-176,5.411428947063631e-13
2013-09-04,2,risk_on,6.376410760770519e-35,8.05416795849647e-100,1.0,1.9396365456969564e-179,2.251286696709432e-13
2013-09-05,2,risk_on,3.573025892185657e-34,1.2245685101121081e-100,1.0,2.0184799869497997e-193,2.331248473603053e-13
2013-09-06,2,risk_on,3.5108335838649874e-38,3.953049990355823e-111,1.0,3.561732983456821e-205,8.086507266276735e-15
2013-09-09,2,risk_on,1.4752189812059025e-37,4.208346097458829e-115,1.0,6.6036627637559e-222,4.475641445426902e-15
2013-09-10,2,risk_on,1.6401671921153154e-39,1.6977313304591282e-118,1.0,3.4635179845641676e-233,8.555691126124573e-16
2013-09-11,2,risk_on,1.0185842779729592e-40,2.1526434689796803e-115,1.0,3.370676354604738e-227,8.768984346494096e-16
2013-09-12,2,risk_on,1.8463429653146822e-39,2.8409462336897618e-111,1.0,3.160548455364018e-215,1.6898440869191756e-14
2013-09-13,2,risk_on,1.2256905300148544e-39,1.0612949230753668e-109,1.0,3.1817075600897544e-213,9.208447736059278e-15
2013-09-16,2,risk_on,6.473997153388259e-40,1.1256953185130782e-110,1.0,1.233869926398115e-215,5.213970728010146e-15
2013-09-17,2,risk_on,1.9527716189496824e-39,1.9686667621892828e-112,1.0,1.0964912192688814e-218,5.443455654994812e-15
2013-09-18,2,risk_on,3.030099629369951e-38,4.0800061541829047e-106,1.0,5.790867648439188e-215,4.212564944602248e-14
2013-09-19,2,risk_on,5.1225363375441294e-39,5.318809035842634e-93,0.9999999999990905,3.8021364947358407e-191,7.55725112921049e-13
2013-09-20,2,risk_on,7.761490603305367e-39,6.994750947402351e-89,0.9999999999990905,8.733049614018387e-171,7.707009679563204e-13
2013-09-23,2,risk_on,9.172891620181486e-37,5.237132840947494e-90,0.9999999999863576,9.615665240444618e-169,1.363368594742456e-11
2013-09-24,2,risk_on,3.0491625045982684e-37,2.6609327773206692e-89,0.9999999999972715,1.7751341067165323e-167,2.7196233495783225e-12
2013-09-25,2,risk_on,8.554503222252209e-36,1.4152504761715121e-86,0.9999999999754436,2.8598362940840575e-164,2.4144668516394726e-11
2013-09-26,2,risk_on,4.3643913860766476e-35,1.4428980598749587e-80,0.9999999999627107,1.2307504619013089e-160,3.69470645768128e-11
2013-09-27,2,risk_on,8.688057487483944e-34,9.337383719891329e-80,0.9999999999463398,6.863118692350565e-154,5.371059055964034e-11
2013-09-30,2,risk_on,1.1199917580428056e-32,1.015078410373487e-78,0.9999999911824489,9.577006376679991e-157,8.817802517215582e-09
2013-10-01,2,risk_on,2.592036366074732e-32,1.6255256976927033e-76,0.9999999992751327,2.0952076162766924e-154,7.248169675659032e-10
2013-10-02,2,risk_on,6.292895369020374e-32,7.375951252135762e-79,0.9999999997562554,1.5926242224024756e-154,2.4373079839890806e-10
2013-10-03,2,risk_on,1.0434189782685108e-32,3.6081145500568523e-95,0.9999999998062776,1.2960728555769231e-176,1.935974396978632e-10
2013-10-04,2,risk_on,4.450017638144095e-34,1.0307045337672581e-93,0.9999999999472493,3.028534165530206e-190,5.243360147682781e-11
2013-10-07,2,risk_on,1.149458294944743e-31,2.1004030481504588e-92,0.999999999911779,9.336767609045445e-187,8.831183976185905e-11
2013-10-08,2,risk_on,1.016140095608939e-31,4.9227367016015364e-88,0.9999999997553459,1.1347920567130088e-179,2.4474260909583205e-10
2013-10-09,2,risk_on,4.617714470414687e-33,4.103932432115838e-86,0.9999999954025043,2.0457712938695713e-171,4.597879012557113e-09
2013-10-10,2,risk_on,1.8782412453870449e-34,8.032028143966233e-92,0.9999999999872671,3.2001169833459e-172,1.2636032145724255e-11
2013-10-11,2,risk_on,2.52548755207412e-34,4.896428055768027e-92,0.9999999999899956,2.300441951462911e-176,9.840718381607135e-12
2013-10-14,2,risk_on,8.33631115945209e-32,9.547298007175861e-91,0.9999999993642632,5.27911036794676e-180,6.357347047720062e-10
2013-10-15,2,risk_on,2.0159115766572724e-32,6.767684479237675e-91,0.9999999997180566,1.721334195510073e-182,2.821369435903593e-10
2013-10-16,2,risk_on,1.8558624452372658e-34,9.574944287273709e-105,0.999999999992724,6.0942795680773706e-195,7.243033178598052e-12
2013-10-17,2,risk_on,1.4960288710582117e-36,1.7856492953645082e-108,0.999999999996362,6.226129558584752e-211,3.679545055833021e-12
2013-10-18,2,risk_on,4.068012574359637e-37,5.775759712747243e-110,1.0,7.622456267039271e-212,1.4036923998043524e-13
2013-10-21,2,risk_on,3.2265322136348773e-37,3.1681849592148613e-109,1.0,7.464702163274862e-210,1.1008677457993351e-13
2013-10-22,2,risk_on,1.4144044780322198e-34,3.290205523604173e-108,0.9999999999990905,3.123728492666146e-208,8.745877752883234e-13
2013-10-23,2,risk_on,2.3192284333357576e-35,4.74292304209353e-105,1.0,1.2420812475322131e-204,2.1153205232169022e-13
2013-10-24,2,risk_on,1.936747851435966e-36,9.146961581649395e-105,1.0,6.649503314323708e-203,8.261159900001656e-14
2013-10-25,2,risk_on,1.5195606942441012e-36,5.921590870726412e-105,1.0,2.1875130022456963e-200,7.450323492640783e-14
2013-10-28,2,risk_on,9.469151945184064e-36,1.3769748669667947e-104,1.0,8.949623751004129e-202,1.2225948450349762e-13
2013-10-29,2,risk_on,5.075028113377595e-36,1.7124731653626273e-103,1.0,2.136995449358848e-202,6.845988750296512e-14
2013-10-30,2,risk_on,3.414203052883375e-37,1.326342008250655e-119,1.0,1.487334973250143e-218,5.651975523387514e-14
2013-10-31,2,risk_on,8.471107604355681e-38,3.2446423757825184e-119,1.0,5.5299204493819524e-232,2.3981684723902667e-14
2013-11-01,2,risk_on,5.775324718390751e-38,3.309209248801022e-117,1.0,9.965269518698373e-229,3.1025215944569664e-14
2013-11-04,2,risk_on,8.231743671853743e-38,4.056681482920707e-118,1.0,5.1866157646076735e-229,4.4578024271081984e-14
2013-11-05,2,risk_on,2.2319236509221468e-36,1.0578408576218371e-119,1.0,9.120018602477414e-236,8.029029584344866e-14
2013-11-06,2,risk_on,1.2458645838374441e-36,6.174229872276716e-118,1.0,3.1991669333271625e-239,5.603775865100539e-14
2013-11-07,2,risk_on,2.3046921744869514e-36,1.7626236153465643e-110,1.0,1.4997987171502317e-222,2.1816288686210254e-13
2013-11-08,2,risk_on,2.8274090832668586e-37,3.553564148911819e-98,1.0,1.018011845320075e-202,1.7359246800078664e-13
2013-11-11,2,risk_on,1.0945739750642943e-37,8.23446334683471e-100,1.0,2.74669640320069e-192,1.0446346664827187e-13
2013-11-12,2,risk_on,1.682747092740999e-38,5.531273604827094e-97,0.9999999999990905,1.019198587006325e-190,6.273053177862713e-13
2013-11-13,2,risk_on,1.9440979205251284e-34,2.4704009457002664e-89,0.999999999998181,1.5793938592463e-179,2.067040717644993e-12
2013-11-14,2,risk_on,8.417817649603774e-37,3.205465390838731e-88,0.9999999999990905,3.898069618932277e-171,6.875583560821627e-13
2013-11-15,2,risk_on,2.3113857106022777e-37,8.706073759347671e-83,0.9999999999990905,5.0540156552442e-163,1.0851875386801314e-12
2013-11-18,2,risk_on,1.8613869533763416e-35,1.4086304751176673e-81,0.9999999999890861,1.3056768042113967e-154,1.0512617369245486e-11
2013-11-19,2,risk_on,2.267044159312975e-35,7.440860330496264e-79,0.9999999999954525,3.4386756732538916e-150,4.2509918441650935e-12
2013-11-20,2,risk_on,2.8047092477161172e-37,3.580966744984237e-78,0.999999999994543,3.841355505784756e-151,5.700871292670461e-12
2013-11-21,2,risk_on,3.9929396108089455e-37,8.083084853007048e-78,0.9999999999936335,4.901957509994793e-151,6.781725344887667e-12
2013-11-22,2,risk_on,5.7650917032675805e-37,1.815283931881935e-80,0.999999999990905,2.683213689222751e-151,9.537698681783432e-12
2013-11-25,2,risk_on,4.35039452378301e-37,1.3184861777628612e-88,0.9999999999990905,6.004377484007252e-163,1.2449618057467832e-12
2013-11-26,2,risk_on,2.688234312585481e-36,1.2115823172140304e-90,0.999999999998181,2.5335992358145513e-170,1.4078009766412637e-12
2013-11-27,2,risk_on,8.463393605177921e-37,2.4224280640690898e-91,0.999999999998181,3.6444569751607445e-175,1.5135557185292104e-12
2013-11-29,2,risk_on,1.166447276217017e-36,1.124213686403748e-90,0.999999999998181,4.650776981140885e-174,1.5230185136354026e-12
2013-12-02,2,risk_on,4.558725577524581e-37,3.0091857928247416e-94,1.0,3.4567974445741414e-177,4.3367583621650407e-13
2013-12-03,2,risk_on,1.4238780029060851e-37,1.4260346216496515e-96,1.0,4.470302165473627e-180,2.4995483364692367e-13
2013-12-04,2,risk_on,2.2661694299540617e-38,1.6113860190773284e-97,1.0,2.9968417570535867e-186,1.3886740661737125e-13
2013-12-05,2,risk_on,3.5953344455314395e-39,5.260776213212131e-100,1.0,6.149274156039722e-186,1.0270797761458034e-13
2013-12-06,2,risk_on,1.4436316590840846e-40,3.1736286807276555e-105,1.0,1.793552803152677e-195,2.2643332417792466e-14
2013-12-09,2,risk_on,1.3311475773594907e-40,1.2853628556136217e-107,1.0,1.170022678945749e-202,4.307725822497576e-15
2013-12-10,2,risk_on,3.456939256560997e-39,9.042039697499974e-107,1.0,1.7664844522274578e-199,1.136545705826123e-14
2013-12-11,2,risk_on,3.0060032167111138e-40,1.542585500776739e-108,1.0,2.5434475692765333e-199,9.034845038233018e-15
2013-12-12,2,risk_on,1.050838320801363e-38,4.2393630358222784e-110,1.0,8.281984019282016e-201,3.2329636019738734e-14
2013-12-13,2,risk_on,5.626494225003296e-39,7.728528335725821e-111,1.0,9.999249463804494e-205,7.801509668750236e-15
2013-12-16,2,risk_on,2.9125863020126605e-38,4.431658358007291e-108,1.0,4.599651237370831e-207,1.6097041477996506e-14
2013-12-17,2,risk_on,1.9124212921910463e-36,4.5757070828094226e-101,1.0,2.494675297366381e-196,2.510823584892609e-13
2013-12-18,2,risk_on,9.07896774569841e-37,8.034905202922918e-96,1.0,2.568373015078425e-184,4.629151562083125e-14
2013-12-19,2,risk_on,4.214322641310926e-36,1.3749421629553023e-100,1.0,5.922639064968036e-178,1.2815294553557618e-13
2013-12-20,2,risk_on,2.923471751485469e-36,7.925551521077456e-108,1.0,4.939776866042308e-184,3.904780876994963e-15
2013-12-23,2,risk_on,1.942414911616562e-37,8.781159847827752e-110,1.0,1.2718299865500771e-188,2.121575285857695e-15
2013-12-24,2,risk_on,1.1449411329392831e-38,3.1288355250777783e-109,1.0,1.2415231144315615e-191,3.685962035873935e-15
2013-12-26,2,risk_on,3.7634910045657304e-38,1.1626890478945757e-108,1.0,1.0424390321581837e-191,3.93048931882975e-15
2013-12-27,2,risk_on,9.357037957096999e-40,8.189482887220483e-109,1.0,5.717793767909144e-192,2.9269247340264926e-15
2013-12-30,2,risk_on,4.748445888535631e-38,3.2230927777560514e-109,1.0,4.70803899751351e-192,1.0579023574349126e-14
2013-12-31,2,risk_on,6.681522858677857e-39,5.184821323838728e-109,1.0,4.404786396263067e-193,3.4439832111192357e-15
2014-01-02,2,risk_on,2.45680905601984e-37,6.24775365929385e-107,1.0,4.252806619135218e-186,2.1907663963061313e-14
2014-01-03,2,risk_on,2.3081588514160975e-37,5.657747701621739e-104,1.0,4.772438045809222e-181,2.53561453193826e-14
2014-01-06,2,risk_on,3.3224779855968057e-37,1.1853373188873958e-103,1.0,1.0014524584514077e-174,5.2251556622417725e-14
2014-01-07,2,risk_on,1.383456321876399e-36,2.5860164413836133e-107,1.0,4.769837726207927e-177,2.3845190343237497e-14
2014-01-08,2,risk_on,2.358078820793544e-37,2.3534949975071473e-108,1.0,3.0268248997824247e-183,6.777428939468942e-14
2014-01-09,2,risk_on,7.614357087486363e-36,5.387298214665538e-108,1.0,5.394782069846612e-184,1.122555192372826e-14
2014-01-10,2,risk_on,1.4785867407736532e-36,7.223935520266859e-108,1.0,7.857800254783484e-184,1.2038427006010863e-15
2014-01-13,2,risk_on,1.305022018070209e-34,1.9906380357157682e-104,1.0,2.284123864701125e-176,1.2217170636113278e-14
2014-01-14,2,risk_on,1.5417802257788013e-35,1.0328419330386896e-104,1.0,2.2034224971957282e-173,4.607640686038494e-16
2014-01-15,2,risk_on,1.36229350341044e-34,3.7910814562502415e-105,1.0,7.095334761572481e-173,2.853768559299822e-16
2014-01-16,2,risk_on,9.94556770042338e-33,1.8031768787004845e-96,1.0,4.624733491906082e-165,7.74871273325782e-16
2014-01-17,2,risk_on,4.013946929662807e-33,2.454659527309978e-91,1.0,1.0258834381250193e-151,4.871715754797417e-16
2014-01-21,2,risk_on,1.5933400442725526e-33,1.6402160222193885e-92,1.0,9.43498519301088e-148,3.2082890346380307e-16
2014-01-22,2,risk_on,3.7651048526725583e-32,7.445709065374158e-91,1.0,8.547731087304235e-146,1.0087830308085767e-16
2014-01-23,2,risk_on,4.8834663579532645e-30,1.519324726028177e-80,1.0,9.395402793427458e-134,2.3135311742804907e-15
2014-01-24,2,risk_on,1.5124385299269851e-27,1.4990436631144018e-74,1.0,6.844938374783444e-120,9.731558639077302e-14
2014-01-27,2,risk_on,1.149743466686685e-28,3.130131651391489e-76,0.9999999999990905,8.384523200160171e-116,6.496256147642691e-13
2014-01-28,2,risk_on,5.793127840889264e-30,2.25171528976964e-74,1.0,2.89009960869405e-116,4.068797732738675e-14
2014-01-29,2,risk_on,1.7303822662711867e-27,5.6345704444566923e-73,0.9999999999972715,3.106818201660885e-113,2.3958681737419307e-12
2014-01-30,2,risk_on,6.159914394691237e-27,1.0773385869907195e-71,1.0,4.727754320339258e-113,2.0605743854803058e-13
2014-01-31,2,risk_on,5.724666208628581e-26,8.744107676527003e-67,0.9999999999990905,1.9196216001766687e-107,7.515029433319482e-13
2014-02-03,2,risk_on,1.3628194536262183e-22,7.372773375753975e-58,0.9999999991459845,3.214633158083456e-95,8.541769867964121e-10
2014-02-04,2,risk_on,6.669486046025656e-24,1.007097992532178e-54,0.9999999994297468,3.6698757558939626e-88,5.698161287325053e-10
2014-02-05,2,risk_on,6.6043909053931504e-24,2.231729394740686e-56,0.9999999996744009,1.5364849101322741e-87,3.260368645932385e-10
2014-02-06,2,risk_on,1.5968435552293885e-25,4.089546130601325e-56,0.999999999990905,5.190457783173128e-90,8.96870384695842e-12
2014-02-07,2,risk_on,1.4739425108109776e-26,9.245900377886041e-61,0.999999999996362,2.175943856630667e-92,3.3343032780240293e-12
2014-02-10,2,risk_on,2.1806115347501062e-26,5.481989856254362e-63,0.999999999998181,3.752770318282779e-98,1.8615538268947283e-12
2014-02-11,2,risk_on,8.848103449448082e-27,3.4339094117269645e-68,1.0,6.017239757373844e-106,2.742005481374966e-13
2014-02-12,2,risk_on,3.981148637433826e-28,7.589959249927173e-69,1.0,4.0289058702332197e-110,6.761420504430899e-14
2014-02-13,2,risk_on,2.569836844961472e-27,2.9594084056451522e-71,1.0,9.03363690598649e-113,3.539473639105169e-13
2014-02-14,2,risk_on,1.0318297150427948e-26,1.50660669258907e-69,1.0,4.571565845895581e-115,3.959979966388865e-13
2014-02-18,2,risk_on,1.2275039961833116e-25,5.1575263141323455e-67,0.9999999999990905,4.3238845330407594e-113,1.3110087609918583e-12
2014-02-19,2,risk_on,4.328509008899959e-25,7.526617246553106e-67,0.999999999994543,3.2363776679067413e-112,5.484408259809282e-12
2014-02-20,2,risk_on,1.300279496084653e-24,7.599334283978876e-66,0.999999999996362,9.33301950764097e-112,3.3477085969524724e-12
2014-02-21,2,risk_on,7.93856665101864e-24,3.3402317341559595e-65,0.9999999999890861,8.722353242164947e-107,1.075278116084913e-11
2014-02-24,2,risk_on,1.0298715430986087e-23,8.038585247840845e-61,0.9999999999936335,1.830167539638828e-105,6.083784975443565e-12
2014-02-25,2,risk_on,1.408082876559028e-23,7.991683710490275e-61,1.0,3.3754182004037936e-99,2.7747253969705954e-13
2014-02-26,2,risk_on,1.0388737165546174e-23,1.6751697672693726e-61,1.0,4.785699768933456e-98,1.3678452148738277e-13
2014-02-27,2,risk_on,6.051035121086731e-24,1.7545352553945214e-63,1.0,4.670338759664947e-97,4.5859599967123e-14
2014-02-28,2,risk_on,1.6282995486522065e-24,6.204671408037434e-62,1.0,1.2616815776766013e-97,1.2469400859510905e-14
2014-03-03,2,risk_on,8.01744936674315e-23,2.9248043980332918e-61,1.0,8.061805921168624e-96,3.213151503661967e-14
2014-03-04,2,risk_on,1.3283238183733606e-23,1.0098146771045959e-56,1.0,1.5609842262945825e-94,1.3685287841733536e-13
2014-03-05,2,risk_on,3.7685533258058817e-22,6.885456483162509e-53,1.0,1.5388115628360108e-87,7.490197753806388e-14
2014-03-06,2,risk_on,1.5559863527902037e-23,2.6672438697739764e-54,1.0,1.0932047190922052e-83,2.5780011337711107e-14
2014-03-07,2,risk_on,1.1345650496934517e-23,4.134906754206914e-56,1.0,1.5712328480335122e-85,1.9933034723099876e-14
2014-03-10,2,risk_on,1.1809742704608365e-24,6.629840213748327e-56,1.0,3.6819499868401126e-86,1.188298447534253e-14
2014-03-11,2,risk_on,9.264466351820341e-25,7.245589124471372e-54,1.0,2.4172575108656837e-86,2.1323058121530516e-14
2014-03-12,2,risk_on,7.781253166363537e-25,2.905679447859667e-53,1.0,1.5112928751767352e-83,1.644348690658657e-14
2014-03-13,2,risk_on,1.0477823242643627e-23,2.694758212499525e-51,1.0,7.103911942610794e-80,5.5430338054019825e-14
2014-03-14,2,risk_on,5.5232446660657584e-21,3.473358166546678e-47,1.0,6.292964503760227e-77,3.876160377962676e-13
2014-03-17,2,risk_on,1.5980681206476555e-22,1.8401964568956085e-45,1.0,1.8173714546995882e-75,7.573437149967844e-14
2014-03-18,2,risk_on,1.3622834006255142e-22,5.667781576037002e-48,1.0,3.502186690657838e-76,1.1436970034050172e-13
2014-03-19,2,risk_on,6.500401113284253e-23,2.5990504557131748e-48,1.0,3.36680328359208e-77,1.6131558378201678e-14
2014-03-20,2,risk_on,2.7423014879302246e-23,5.713350378405524e-51,1.0,2.30602205441721e-78,7.21537447828686e-15
2014-03-21,2,risk_on,1.193723678455623e-22,3.1839404433514584e-52,1.0,2.2506772779874323e-80,3.268576860063004e-15
2014-03-24,2,risk_on,1.5262000973823064e-22,4.42133352445747e-51,1.0,9.699337141045373e-79,6.428981334534716e-16
2014-03-25,2,risk_on,3.3143661807533807e-22,1.1796409063389385e-49,1.0,3.573747335433293e-79,1.8221264047559495e-15
2014-03-26,2,risk_on,1.48670236056224e-22,1.367844428168273e-48,1.0,1.6932245735488772e-77,1.2726037966604797e-15
2014-03-27,2,risk_on,6.52942908262869e-22,3.1850521101186224e-48,1.0,1.6928340454145102e-75,1.9271964915346903e-15
2014-03-28,2,risk_on,1.6222512103379248e-21,1.6903823605575292e-47,1.0,4.69193672131594e-75,2.545722468777458e-15
2014-03-31,2,risk_on,6.649132629285854e-21,2.5730190375024856e-47,1.0,1.5550471756898862e-75,8.534515881263757e-15
2014-04-01,2,risk_on,2.846831563082301e-21,7.118509313330417e-46,1.0,1.0641527882534425e-74,1.7396390973620286e-14
2014-04-02,2,risk_on,2.4098393428874313e-21,3.097805043091892e-45,1.0,2.695854525339965e-71,2.594585333614848e-14
2014-04-03,2,risk_on,8.255486538007415e-21,3.789254982303083e-44,1.0,3.4119377597247856e-70,1.1951611374653065e-13
2014-04-04,2,risk_on,1.5162251895814217e-21,4.157196625299627e-43,1.0,1.8051663277652844e-68,1.5668061905424588e-13
2014-04-07,2,risk_on,1.3335800702432212e-20,7.124795690762026e-43,0.9999999999990905,7.286566793658653e-66,1.023334675791106e-12
2014-04-08,2,risk_on,7.340795400974707e-21,1.8771387042248297e-42,0.9999999999990905,1.3176209975952647e-67,7.384388717472522e-13
2014-04-09,2,risk_on,8.54426443018401e-22,5.786885862663256e-42,1.0,1.4732168119253546e-67,1.8598922083942238e-13
2014-04-10,2,risk_on,3.475659855680635e-20,4.1222071175322845e-39,0.9999999999872671,3.321234601067337e-67,1.2763530703681783e-11
2014-04-11,2,risk_on,1.957289857866052e-18,7.382222495232515e-35,0.999999999906322,6.932295224787847e-65,9.324335973698232e-11
2014-04-14,2,risk_on,8.327690533138875e-19,3.4048383565248714e-36,0.9999999999799911,2.615530887809093e-63,1.984395664179996e-11
2014-04-15,2,risk_on,2.41009816727273e-20,2.5219047148062524e-39,0.9999999999990905,8.795933011211e-64,6.318567457333267e-13
2014-04-16,2,risk_on,2.342933320408504e-20,4.934500765815338e-42,1.0,4.331010781083017e-67,2.7819051326886715e-13
2014-04-17,2,risk_on,3.570364437699584e-21,6.403612914418835e-45,1.0,1.3583132447521967e-69,1.3608703702224916e-13
2014-04-21,2,risk_on,5.84818878136976e-21,2.092213249291536e-46,1.0,2.2383445540896943e-72,2.2074845281600696e-14
2014-04-22,2,risk_on,4.56536169140802e-20,6.651755146962944e-47,1.0,1.001819624433961e-72,9.46969268636671e-15
2014-04-23,2,risk_on,5.992078951725184e-20,4.007035665102004e-48,1.0,4.2659072604818115e-73,1.0845294219812414e-14
2014-04-24,2,risk_on,4.4738101152806276e-20,5.783476789261734e-48,1.0,4.242374531315609e-72,2.2905639091552893e-15
2014-04-25,2,risk_on,6.275324988681066e-20,5.675014372795881e-49,1.0,9.01630893451378e-71,1.6519937952196143e-14
2014-04-28,2,risk_on,1.4940565476066615e-19,1.8220722030740886e-47,1.0,4.187823414150673e-73,1.4268090647642407e-14
2014-04-29,2,risk_on,5.753109164765679e-20,3.4505596333880326e-47,1.0,2.2258711661505784e-73,6.16615860120584e-15
2014-04-30,2,risk_on,8.408205882776298e-20,1.386662985032938e-49,1.0,7.728908332328689e-74,1.8499399281807436e-14
2014-05-01,2,risk_on,4.8778777189099105e-20,8.297020655041537e-50,1.0,4.457283015487261e-75,2.7245584855617937e-15
2014-05-02,2,risk_on,7.771626832659087e-20,3.887434292089371e-50,1.0,3.4963117915388566e-73,1.7772104152324768e-15
2014-05-05,2,risk_on,2.724241018551693e-20,3.253254293632599e-54,1.0,4.548857013547049e-75,1.608835709978308e-14
2014-05-06,2,risk_on,5.4032742444489896e-21,6.652125608781938e-53,1.0,6.1022702713272914e-77,8.91627266405851e-16
2014-05-07,2,risk_on,1.0101940664425903e-20,9.092115617115512e-52,1.0,5.163572290196185e-76,3.5589230397553694e-16
2014-05-08,2,risk_on,2.0728651936457347e-21,5.973843128951049e-53,1.0,3.4329556002636958e-77,6.15287999342981e-15
2014-05-09,2,risk_on,8.704766851011752e-22,1.2021501493613737e-52,1.0,3.257640218751093e-82,1.586782749125861e-15
2014-05-12,2,risk_on,9.719096518278758e-22,6.448157485733235e-52,1.0,6.3547059806377624e-80,2.6120948629806168e-17
2014-05-13,2,risk_on,2.315438912971224e-21,4.9218691441189375e-54,1.0,8.567809042185018e-78,9.067391163005858e-18
2014-05-14,2,risk_on,5.486701384801247e-21,2.293302266654838e-53,1.0,3.322606660818663e-78,9.864711428259255e-18
2014-05-15,2,risk_on,3.377511050492524e-20,1.0274726519589868e-51,1.0,1.8756146101704036e-77,8.036657417348095e-17
2014-05-16,2,risk_on,1.142541747054958e-20,3.8048866281876064e-51,1.0,1.1588683417230034e-76,1.265455448899471e-16
2014-05-19,2,risk_on,7.247555266089382e-21,8.735304457332906e-51,1.0,6.357217386830161e-76,9.462582617581043e-17
2014-05-20,2,risk_on,1.5179726975044137e-21,1.1841682203911833e-49,1.0,1.1556828882454648e-78,7.504434297008425e-16
2014-05-21,2,risk_on,1.0743280949100474e-20,6.515840977748744e-49,1.0,3.003410189517257e-79,1.0624857424143199e-15
2014-05-22,2,risk_on,5.969447594521823e-21,1.4999993110812835e-48,1.0,1.0081396376845391e-79,4.20352171690142e-16
2014-05-23,2,risk_on,6.668732613633917e-21,9.733264834491734e-52,1.0,7.48879675269667e-81,3.274329732598011e-16
2014-05-27,2,risk_on,3.139379996014423e-21,5.903018413196888e-52,1.0,3.845722879940858e-83,1.6600047508913106e-18
2014-05-28,2,risk_on,7.7034754769947e-21,6.538100390761406e-54,1.0,5.834968112888373e-82,5.603748391198738e-19
2014-05-29,2,risk_on,6.168076272679579e-21,1.787107315986217e-54,1.0,5.466745811334292e-85,3.900218275620565e-18
2014-05-30,2,risk_on,1.2872934618269084e-21,7.58176346950806e-53,1.0,3.893508810702152e-86,1.306280408837366e-18
2014-06-02,2,risk_on,2.33786495033452e-21,3.863771139694622e-53,1.0,1.3765715184788947e-82,2.759815854945056e-18
2014-06-03,2,risk_on,1.389354977578406e-22,5.111996988704345e-56,1.0,1.931409030068346e-81,6.4399804882773435e-18
2014-06-04,2,risk_on,5.156233688628199e-22,4.335934794121624e-56,1.0,4.909703902429236e-84,5.88265033242035e-18
2014-06-05,2,risk_on,3.354124799433836e-22,4.3795603118118885e-56,1.0,7.54601338668014e-83,2.791360760410063e-18
2014-06-06,2,risk_on,7.163973565612314e-23,7.003947064744184e-56,1.0,9.900275005449836e-84,1.519806873389714e-18
2014-06-09,2,risk_on,1.0015597669925623e-22,5.504261558668048e-55,1.0,8.269790448120066e-83,4.536459539339089e-19
2014-06-10,2,risk_on,1.1070321175695213e-23,1.05066722524946e-55,1.0,1.8485090188476393e-82,6.962792429731184e-19
2014-06-11,2,risk_on,1.1870583755248532e-23,3.7725317362016876e-55,1.0,1.2172833380737864e-82,1.681212702155952e-18
2014-06-12,2,risk_on,2.6177743292540032e-23,5.306190333406651e-56,1.0,5.788067010719693e-82,1.4228294871982377e-17
2014-06-13,2,risk_on,4.717929321225817e-23,2.5382842706525559e-54,1.0,2.1110537945789085e-82,1.7393473848469326e-18
2014-06-16,2,risk_on,1.1584288781246122e-22,5.002229803400106e-56,1.0,9.834247903983518e-79,3.9141133678983087e-19
2014-06-17,2,risk_on,7.53635388791608e-23,1.3967606868007488e-56,1.0,2.4478858816644017e-81,1.7704915949665548e-19
2014-06-18,2,risk_on,7.02559289037363e-24,7.480916690303684e-56,1.0,9.922063103282911e-84,1.2377804562173527e-19
2014-06-19,2,risk_on,2.2529565222180726e-24,1.5404596924419692e-57,1.0,1.0335384117347176e-82,3.5339507233895467e-19
2014-06-20,2,risk_on,6.79761907084639e-24,1.9990471367907785e-56,1.0,1.8298485621163132e-82,4.088697236884502e-19
2014-06-23,2,risk_on,6.5862098577254324e-24,1.8351250413835142e-58,1.0,3.1358678053763017e-81,1.4922192841416027e-18
2014-06-24,2,risk_on,1.7708904967220333e-23,2.633178332452712e-56,1.0,1.4222290509369117e-82,9.01355937945672e-19
2014-06-25,2,risk_on,2.4191158843856617e-23,7.02472757316596e-58,1.0,3.668492915395901e-81,1.4526427887846078e-18
2014-06-26,2,risk_on,4.986077180927842e-23,2.207178129061712e-57,1.0,5.125672080756284e-82,1.963153499804733e-18
2014-06-27,2,risk_on,1.6571877967900165e-23,8.702446641984416e-58,1.0,1.1681811801543802e-83,2.2936444034689007e-18
2014-06-30,2,risk_on,3.638044396507245e-23,7.6545533734249e-59,1.0,5.083147209334082e-83,9.205360955036991e-19
2014-07-01,2,risk_on,2.7832473670484568e-24,8.797549088757383e-60,1.0,2.778024118192406e-85,1.1709340736567857e-18
2014-07-02,2,risk_on,1.203315513192087e-24,1.5812794064084423e-60,1.0,3.83480751589283e-86,1.4222783871759815e-18
2014-07-03,2,risk_on,1.799756025667876e-24,4.21982929168913e-60,1.0,9.879051404679517e-87,4.397034340364961e-18
2014-07-07,2,risk_on,2.8422754200377118e-24,4.342402461801974e-59,1.0,5.480947987636957e-85,5.344051467077131e-18
2014-07-08,2,risk_on,7.8421497449383e-24,5.2214919672711816e-58,1.0,1.1994375841562875e-82,2.3134825617602463e-17
2014-07-09,2,risk_on,1.7308847433724264e-23,2.2793757354203007e-58,1.0,1.2774028335634464e-81,1.7562027830184684e-17
2014-07-10,2,risk_on,1.1618272485028106e-24,1.7714036173090808e-60,1.0,1.0915122065978923e-84,2.2275616858923356e-17
2014-07-11,2,risk_on,1.558960047558892e-24,2.100009200744245e-62,1.0,4.371918488319202e-86,8.749864395363606e-18
2014-07-14,2,risk_on,3.954614102011924e-24,3.7166544080502487e-63,1.0,1.2234459203801974e-88,8.235721590567259e-18
2014-07-15,2,risk_on,2.127461793193642e-24,5.048144789463622e-65,1.0,8.745902841637483e-90,1.1700534649954586e-17
2014-07-16,2,risk_on,4.669938289534322e-24,1.031724192348958e-62,1.0,8.283314674230152e-90,4.697230891108608e-18
2014-07-17,2,risk_on,2.59375555508244e-22,3.7218998840791166e-59,1.0,3.917997013109658e-86,7.247838674565573e-17
2014-07-18,2,risk_on,3.0738752743923375e-23,1.8086329817863934e-58,1.0,4.3563022550751443e-85,3.0721578259042126e-17
2014-07-21,2,risk_on,5.59091599679841e-23,2.878936639946507e-57,1.0,1.9277155117172255e-81,9.999354291209682e-19
2014-07-22,2,risk_on,1.218909402774486e-22,1.9570220027555462e-60,1.0,4.9843445832736715e-83,2.5197140881547623e-17
2014-07-23,2,risk_on,6.511591601324449e-24,2.7947584873553194e-59,1.0,2.6143884676589457e-87,9.839922596668697e-19
2014-07-24,2,risk_on,4.728550878049227e-23,1.4385581820797828e-60,1.0,9.040266547666117e-86,4.388327255516185e-19
2014-07-25,2,risk_on,1.461799783626727e-22,2.005364277719855e-58,1.0,3.958160471963733e-86,4.500217627411682e-19
2014-07-28,2,risk_on,4.855084111856665e-22,2.0960299092295493e-57,1.0,5.600787491119471e-82,5.3560411213706295e-19
2014-07-29,2,risk_on,7.491912196169608e-22,6.499054378599933e-58,1.0,1.4246431697427265e-80,2.3158122915193328e-18
2014-07-30,2,risk_on,6.17259956733564e-22,2.817156747851879e-55,1.0,2.3277910647925523e-78,2.045034545038628e-18
2014-07-31,2,risk_on,3.7337745185383845e-21,2.209534881249212e-61,1.0,6.126675694637098e-77,1.897984464527552e-15
2014-08-01,2,risk_on,7.018176036482356e-23,3.0891632919283475e-59,1.0,2.7052139132075228e-86,3.1590820352556817e-15
2014-08-04,2,risk_on,2.0607999694022373e-24,8.795399518334315e-59,1.0,3.732973596830965e-85,5.40947321243734e-16
2014-08-05,2,risk_on,8.508219629090248e-22,7.387410696119462e-59,1.0,1.4848047650587013e-82,2.8706458746507225e-15
2014-08-06,2,risk_on,5.868090237259212e-22,1.8648409740118814e-57,1.0,1.0833237425674814e-82,1.0995405746827773e-15
2014-08-07,2,risk_on,1.7763782833025703e-21,1.4171096919003539e-56,1.0,1.7467938927099845e-81,3.0510920825399906e-15
2014-08-08,2,risk_on,1.6535017426792314e-21,1.0976399464744236e-57,1.0,2.155819037287654e-81,2.266164514107668e-16
2014-08-11,2,risk_on,1.7832170728919707e-22,1.352798880480587e-58,1.0,2.269877495351386e-83,1.1881123368767617e-16
2014-08-12,2,risk_on,2.3326007693941126e-23,1.7636939489177452e-60,1.0,2.8834435409863606e-87,5.87757618235817e-16
2014-08-13,2,risk_on,5.4763225683952835e-24,2.5851849031857155e-63,1.0,1.9071885254246576e-90,6.291754924257771e-17
2014-08-14,2,risk_on,5.8422579745470844e-24,8.591437232821192e-68,1.0,6.350468214295939e-94,1.7548341030992146e-17
2014-08-15,2,risk_on,3.3418729367839466e-22,1.3691003328215198e-66,1.0,2.919531985926805e-98,8.34911911204952e-18
2014-08-18,2,risk_on,1.189895015133412e-22,1.715763364659198e-65,1.0,2.576334656960487e-97,1.6717481140573616e-17
2014-08-19,2,risk_on,5.260049530701829e-22,3.966884681959549e-64,1.0,6.81050679684394e-98,2.4008149456431838e-17
2014-08-20,2,risk_on,3.135121917777102e-22,5.712906116463803e-66,1.0,5.955922041208728e-98,1.5034839633950718e-17
2014-08-21,2,risk_on,4.6746302058830614e-23,2.2515455613535945e-68,1.0,1.3929830764248876e-99,2.235329797642781e-18
2014-08-22,2,risk_on,1.3609363351006279e-22,2.2352165117563632e-69,1.0,6.759921209717309e-99,6.8168175749812825e-19
2014-08-25,2,risk_on,1.1738133230771037e-21,5.5173987180760615e-68,1.0,4.4838368944987055e-98,4.604964395286812e-19
2014-08-26,2,risk_on,8.562109319074456e-22,3.924513113472856e-69,1.0,1.0057925612634242e-98,1.7550809225680506e-18
2014-08-27,2,risk_on,6.819685797046711e-22,8.480202012772842e-70,1.0,1.1881426105969411e-98,7.960209862497205e-20
2014-08-28,2,risk_on,7.7447054445303e-21,3.3156659673889815e-73,1.0,1.5870066638900465e-98,6.227035359875867e-20
2014-08-29,2,risk_on,1.187605291585362e-19,2.729598062338607e-68,1.0,1.6475290864875683e-96,5.5313197515156264e-21
2014-09-02,2,risk_on,1.4514228360171932e-19,3.7088882805870827e-69,1.0,7.396603211243703e-97,2.334838277998423e-18
2014-09-03,2,risk_on,3.0435836966018334e-21,1.9640146689178432e-69,1.0,1.9545739146011215e-97,6.898676945876699e-20
2014-09-04,2,risk_on,8.590453918981755e-21,4.3761375685973e-73,1.0,8.421672694003545e-101,2.169088739751423e-19
2014-09-05,2,risk_on,1.8422007633491973e-22,7.558103770269545e-73,1.0,4.383764006042768e-106,1.6739067384064315e-19
2014-09-08,2,risk_on,4.750773624121871e-22,1.2988898536432898e-72,1.0,2.588916149863062e-104,1.7318428871813867e-19
2014-09-09,2,risk_on,7.653285251157572e-22,4.6686318907597694e-73,1.0,3.80763991287387e-104,2.733269157974553e-19
2014-09-10,2,risk_on,3.27698850359694e-23,4.7991965128213545e-73,1.0,1.3163169837284055e-104,3.428304844944019e-19
2014-09-11,2,risk_on,2.4110413619779506e-23,2.3269426207478486e-74,1.0,1.0536160295955424e-105,2.812264447631421e-19
2014-09-12,2,risk_on,1.8106742659873975e-25,2.5479375529490897e-78,1.0,4.58277935930867e-112,1.1918156506377816e-18
2014-09-15,2,risk_on,1.8131041313567948e-24,7.388585021946026e-77,1.0,3.323554469033956e-116,1.957048135086726e-18
2014-09-16,2,risk_on,1.1373690534453783e-24,5.56150459370834e-76,1.0,1.2657177691119952e-116,6.913222005596766e-18
2014-09-17,2,risk_on,6.066304727102296e-24,7.943401426198968e-73,1.0,4.819033663367004e-114,3.275145904273456e-17
2014-09-18,2,risk_on,1.1594985453249905e-24,4.528239945877146e-73,1.0,3.102722523276905e-111,3.028228759819915e-17
2014-09-19,2,risk_on,3.9633743243433775e-24,4.846622080646582e-72,1.0,1.3408632928458574e-107,8.009765225994429e-18
2014-09-22,2,risk_on,5.1550126133172314e-23,8.113058158525683e-72,1.0,7.137272072351813e-106,2.7431318698490652e-17
2014-09-23,2,risk_on,2.717648051546553e-22,2.5396380546392412e-71,1.0,1.8370641443167266e-104,2.899469186431604e-17
2014-09-24,2,risk_on,5.709963675596229e-22,1.6658673299947063e-68,1.0,2.771349450996807e-103,1.4851434707804607e-16
2014-09-25,2,risk_on,6.434993082499254e-21,2.9216086581827822e-62,1.0,8.756647849897688e-95,4.595044330699893e-15
2014-09-26,2,risk_on,7.633155434518031e-20,4.2744905819436656e-61,1.0,1.1163686383003492e-89,2.451263039859415e-15
2014-09-29,2,risk_on,5.536028483382227e-19,3.102169809844519e-60,1.0,4.247867224641586e-87,1.4617285395883977e-15
2014-09-30,2,risk_on,4.365050785494345e-19,4.916961887389718e-62,1.0,7.069413366847393e-89,2.3220103166993034e-15
2014-10-01,2,risk_on,1.6247471633287929e-19,2.829595413427343e-55,1.0,7.005140514048785e-83,2.443971657182816e-14
2014-10-02,2,risk_on,7.040270245259857e-19,1.8497861079508795e-57,1.0,5.240804280698694e-80,7.770816432300295e-14
2014-10-03,2,risk_on,3.051271286236104e-20,6.727896531059631e-59,1.0,3.741503130907855e-81,6.250415748892455e-16
2014-10-06,2,risk_on,1.9563350079246614e-20,1.3412030789583275e-61,1.0,1.6546939174458298e-84,2.757982739651734e-15
2014-10-07,2,risk_on,1.6346649398199283e-18,9.598125446801784e-58,1.0,5.735731047935265e-84,2.1263640484896917e-14
2014-10-08,2,risk_on,4.0803070159153034e-20,3.203350089095766e-56,1.0,2.7937480659790116e-79,1.0279277254542862e-15
2014-10-09,2,risk_on,3.563997032596792e-18,8.277213364106194e-61,0.9999999999990905,2.2829463377209226e-80,5.526039948058271e-13
2014-10-10,2,risk_on,1.393371129277624e-17,6.314716390383792e-51,0.999999999996362,7.947999998213225e-79,3.760636299030588e-12
2014-10-13,2,risk_on,1.6835792800551983e-15,7.573633240914722e-45,0.9999999792771634,3.4685601263727457e-68,2.072256027765232e-08
2014-10-14,2,risk_on,7.861516048759885e-15,1.155155770058356e-44,0.9999999965930328,9.308162381344861e-62,3.4072220259713052e-09
2014-10-15,2,risk_on,1.1125216699168137e-14,2.4640244732390815e-44,0.9999999879682946,3.121840433167075e-63,1.2031673476891598e-08
2014-10-16,2,risk_on,3.846934151822536e-15,3.8115848398068517e-47,0.9999999894171197,2.4678079030771415e-67,1.0582710662259016e-08
2014-10-17,2,risk_on,2.9529395395735315e-17,3.566349405323526e-49,0.9999999998117346,1.1082173012302169e-70,1.886882224757241e-10
2014-10-20,2,risk_on,9.195800012367564e-19,4.050475845344149e-55,0.999999999992724,4.926812703843627e-76,7.043745264458907e-12
2014-10-21,2,risk_on,7.720056984281287e-19,3.6094684081246486e-55,1.0,4.6776007330399235e-82,1.1328315674004509e-13
2014-10-22,2,risk_on,1.1935546041840521e-17,1.714005005965255e-55,1.0,1.0547195970762926e-80,2.1681254965634356e-13
2014-10-23,2,risk_on,4.141818407092941e-18,2.1468815058710053e-55,1.0,1.4890858407412713e-82,2.0893734612505871e-13
2014-10-24,2,risk_on,1.784956356813417e-17,2.1942857978707534e-54,1.0,6.46043516687207e-82,4.2681948442583315e-14
2014-10-27,2,risk_on,1.2017738952337713e-17,2.1220533993767538e-55,1.0,5.345967454664822e-81,5.4191506642843365e-14
2014-10-28,2,risk_on,1.3192294075096138e-16,2.1204539246517475e-53,1.0,4.828396840231472e-83,1.2977910797406449e-13
2014-10-29,2,risk_on,3.4061989534315584e-16,1.1157921292828528e-49,1.0,2.4795621798771074e-75,3.501753944145494e-14
2014-10-30,2,risk_on,5.0306217984302096e-15,9.557743744427472e-50,0.9999999999990905,2.7196165967112277e-72,6.252549835392586e-13
2014-10-31,2,risk_on,9.188134340669539e-16,3.432634513424473e-48,1.0,7.907556510819543e-71,9.807986174229466e-14
2014-11-03,2,risk_on,4.012657162912026e-15,6.804787004233589e-49,1.0,7.282031876697885e-70,4.0732403526005855e-13
2014-11-04,2,risk_on,1.1816002237671197e-15,1.5870712693241884e-49,1.0,1.8561605877349857e-71,1.4537823428627044e-13
2014-11-05,2,risk_on,6.395376208071646e-16,4.124275585372306e-48,1.0,2.4975025183477947e-69,1.752405923929972e-14
2014-11-06,2,risk_on,2.3364370912571183e-16,8.786248351408029e-51,0.9999999999990905,3.6067076370917475e-74,5.395198307894001e-13
2014-11-07,2,risk_on,1.644595032887185e-17,7.389851366926088e-49,1.0,3.6053787008728313e-72,1.1536820735256583e-15
2014-11-10,2,risk_on,3.3993844334440085e-16,3.625705725091892e-46,1.0,2.700068650967153e-67,1.6639634979318136e-14
2014-11-11,2,risk_on,3.8322850018362605e-12,3.0469394591455156e-41,0.9999999999799911,5.1893401355639604e-67,1.655637538884236e-11
2014-11-12,2,risk_on,2.7482205268414856e-15,2.0126419793986824e-40,1.0,4.145568603504245e-61,3.256860019048476e-14
2014-11-13,2,risk_on,1.2223742630970804e-13,9.77402508165928e-42,1.0,2.125612589088856e-63,1.6498222156535446e-13
2014-11-14,2,risk_on,1.6139187574824346e-13,5.483338640008701e-44,1.0,3.390044714317237e-66,1.613305311607249e-13
2014-11-17,2,risk_on,8.794822226838024e-16,8.295483518438219e-47,1.0,7.713052876296177e-68,2.5700164985238436e-14
2014-11-18,2,risk_on,1.055158829420814e-17,4.0430312597042835e-49,1.0,1.6797133069921237e-70,2.8153458926946855e-14
2014-11-19,2,risk_on,2.8205642185240725e-19,7.568260401736116e-51,1.0,1.021996836292459e-73,1.1765104548181055e-14
2014-11-20,2,risk_on,2.5654605008177105e-18,5.412272738529331e-52,1.0,4.525548082213811e-77,8.371674166027388e-15
2014-11-21,2,risk_on,5.774417523817036e-19,1.995484486498289e-52,1.0,2.320400553504082e-76,4.810895705448141e-16
2014-11-24,2,risk_on,5.822763043045786e-19,1.8086141796142024e-54,1.0,9.434883590809928e-79,1.931491896358823e-15
2014-11-25,2,risk_on,3.1487345797845746e-19,4.0588274346050054e-54,1.0,1.822759320487903e-79,2.9307486176698267e-16
2014-11-26,2,risk_on,5.113077449481249e-19,8.880421409273879e-54,1.0,2.0749482571335703e-77,1.925896804540544e-16
2014-11-28,2,risk_on,1.944619140379202e-17,2.4665087004302988e-52,1.0,4.715820391908758e-75,1.4962182002841534e-15
2014-12-01,2,risk_on,2.1422514302350763e-18,5.554023818816484e-51,1.0,1.2200664669567047e-74,3.5888549901652397e-14
2014-12-02,2,risk_on,6.968443795465667e-18,4.351138978794909e-49,1.0,4.825709427287656e-74,4.9180510403948054e-14
2014-12-03,2,risk_on,1.6727440224157878e-17,4.161098938650297e-48,1.0,4.5175596551864287e-72,3.3660289265114236e-14
2014-12-04,2,risk_on,7.287575694792212e-18,9.190767540551585e-49,1.0,3.901234659719955e-71,1.0655431639927402e-14
2014-12-05,2,risk_on,5.4556220046358424e-17,1.6805288264340832e-48,1.0,1.0061008161154769e-69,6.655895080291535e-15
2014-12-08,2,risk_on,1.6251298559600091e-16,2.7025402649895254e-46,1.0,3.370567236702784e-67,1.446325706724486e-14
2014-12-09,2,risk_on,5.04872221141599e-16,2.0615388087924355e-44,1.0,9.86786673796048e-65,4.4543816647471345e-14
2014-12-10,2,risk_on,4.474035725619016e-16,2.070715333674531e-41,0.999999999998181,2.573441353794314e-60,1.797765223047305e-12
2014-12-11,2,risk_on,1.325103146949983e-14,1.2607106289326258e-33,0.9999999999899956,3.1245873180845894e-54,9.840381994794594e-12
2014-12-12,2,risk_on,4.2676921361906745e-16,2.5757024967667954e-29,0.999999998538442,7.860416417815546e-45,1.4617742070503576e-09
2014-12-15,2,risk_on,4.602652369393728e-15,4.428014037770466e-30,0.9999999968240445,1.1570099905417892e-42,3.176245294537126e-09
2014-12-16,2,risk_on,2.9983761991145945e-14,6.596760592090663e-30,0.9999999996534825,3.75630703186831e-45,3.469142408124641e-10
2014-12-17,2,risk_on,3.1049242946878136e-16,2.0576644184760817e-32,0.9999999999990905,4.205975955158571e-45,9.897111662013379e-13
2014-12-18,2,risk_on,1.8493212476186922e-14,2.490597645413342e-35,0.9999999999872671,2.0377097977592257e-52,1.2937610184902632e-11
2014-12-19,2,risk_on,1.8123092435437192e-14,9.649046035991238e-34,1.0,7.05085936950015e-54,3.9135709928097194e-13
2014-12-22,2,risk_on,1.8413799308447733e-14,1.0868650811797036e-34,1.0,1.4936261384916093e-50,3.74059439843319e-13
2014-12-23,2,risk_on,1.3779614419114974e-14,5.942079614230743e-37,0.9999999999936335,2.643742546077029e-54,6.072563922578702e-12
2014-12-24,2,risk_on,5.97350768421698e-16,1.0983852876280288e-36,0.9999999999990905,5.725057996349837e-56,7.150748919804434e-13
2014-12-26,2,risk_on,1.2520409302858218e-15,6.986011750488495e-38,1.0,4.2771835899911626e-55,3.90612517094717e-13
2014-12-29,2,risk_on,9.611709709686147e-16,4.989444087212284e-38,1.0,3.9194237590825205e-55,1.0453900059555654e-13
2014-12-30,2,risk_on,5.343477858814513e-16,3.6630160011916496e-38,1.0,6.151676558408628e-56,1.1339707628006742e-13
2014-12-31,2,risk_on,1.0570536007536884e-14,1.2346146714429697e-39,0.9999999999990905,2.764433157795077e-56,6.220517092433455e-13
2015-01-02,2,risk_on,1.7466517219436298e-15,6.272145097676219e-38,1.0,9.341781141322026e-56,1.0785640308858116e-13
2015-01-05,2,risk_on,1.1360629876856741e-13,6.117777313925725e-36,0.999999999998181,2.4827300046600456e-52,1.9752553166062178e-12
2015-01-06,2,risk_on,2.0501908669791728e-13,3.1823242120651707e-34,0.999999999996362,2.090019767330135e-50,3.530025531704758e-12
2015-01-07,2,risk_on,5.395181658644486e-14,4.5148893738870685e-36,1.0,1.720782761795203e-48,1.9856127331601367e-13
2015-01-08,2,risk_on,5.0944227087625336e-14,2.4462889324081065e-37,1.0,2.521166274195921e-53,9.932657574507728e-14
2015-01-09,2,risk_on,3.862271615951654e-14,7.466229329009227e-35,1.0,6.890433604156924e-56,1.1258869548544244e-13
2015-01-12,2,risk_on,8.98122671672622e-12,4.611256472313747e-33,0.9999999999899956,1.95109783772142e-49,1.284757076622333e-12
2015-01-13,2,risk_on,6.90989242380659e-10,1.4532539233366175e-30,0.9999999992878656,1.753991098045469e-46,2.148555684397889e-11
2015-01-14,2,risk_on,8.734655726130696e-09,4.146492096605933e-25,0.9999999901674528,1.2763295408121305e-43,1.0981449880828406e-09
2015-01-15,2,risk_on,1.1885489686399577e-08,6.430718070332953e-22,0.9999999867413862,1.657619965894596e-39,1.373574039492801e-09
2015-01-16,2,risk_on,4.3084085342177194e-07,1.1266710450851686e-26,0.9999995661456555,1.1684123865718625e-38,3.013830259336102e-09
2015-01-20,2,risk_on,1.4271002425101621e-11,2.0683176820840484e-28,0.9999999999836291,1.934967045188845e-45,2.531290186202995e-12
2015-01-21,2,risk_on,4.605355271186838e-12,5.519638125443891e-33,0.9999999999918145,1.1402453090834233e-48,3.435655376082859e-12
2015-01-22,2,risk_on,2.6167755444906913e-13,1.1429860383888567e-35,0.9999999999972715,5.189136431033302e-56,2.8190841975213397e-12
2015-01-23,2,risk_on,1.3425125502023173e-12,1.4252079993351318e-36,0.9999999999972715,1.9977321105193865e-58,1.090001522687342e-12
2015-01-26,2,risk_on,6.703476447097407e-14,1.8202882641169816e-35,1.0,1.157738456397365e-59,5.466598498795306e-14
2015-01-27,2,risk_on,1.635248615536095e-13,7.973574805983122e-36,0.9999999999990905,1.0018815429652221e-56,6.366172616743005e-13
2015-01-28,2,risk_on,4.399901879273375e-12,1.5567764977864128e-33,0.9999999999936335,4.883584262625006e-56,1.6781267929338448e-12
2015-01-29,2,risk_on,9.951700981065942e-12,8.345965909772801e-34,0.9999999999872671,1.3901781705205335e-53,2.7453049375721982e-12
2015-01-30,2,risk_on,2.0580354755473336e-11,1.905470896671904e-32,0.9999999999772626,7.873268605168783e-56,2.5241099167397976e-12
2015-02-02,2,risk_on,3.388989062813355e-11,2.2765160890827197e-33,0.9999999999663487,1.3559269967006567e-54,1.5031041755682461e-13
2015-02-03,2,risk_on,1.6841795669370778e-11,1.8371091478546356e-34,0.9999999999827196,2.197034151817702e-57,4.455705289834822e-13
2015-02-04,2,risk_on,2.069316051979057e-11,9.66872603544068e-32,0.9999999999790816,1.8514277019981943e-56,2.9903460142314917e-13
2015-02-05,2,risk_on,1.3385008825029713e-09,4.62839798998113e-31,0.9999999986557668,2.5408822461668843e-53,5.7340712298862475e-12
2015-02-06,2,risk_on,3.91804958879055e-10,4.197720166175804e-29,0.9999999995952749,1.2813645669266048e-50,1.2779238432793312e-11
2015-02-09,2,risk_on,4.2096727187172664e-10,3.4660164363721854e-31,0.999999999488864,3.238140162105991e-49,9.022313193412982e-11
2015-02-10,2,risk_on,3.398695282954269e-11,8.1322365213603e-33,0.9999999999581632,8.190678477298865e-55,7.807213500334695e-12
2015-02-11,2,risk_on,4.9647153798249656e-11,1.5069617003925896e-33,0.9999999999499778,3.9546456964167874e-56,7.754355741526405e-13
2015-02-12,2,risk_on,7.631600774711731e-11,6.701391963463888e-33,0.9999999999217835,2.1962401572736093e-58,1.999230611439778e-12
2015-02-13,2,risk_on,1.1778770459086052e-10,1.1996486863236432e-31,0.9999999998772182,3.256061941318397e-58,4.985993868334253e-12
2015-02-17,2,risk_on,1.601968623756306e-11,1.1815877250811681e-31,0.9999999999790816,5.7135750263352174e-58,4.978851440649817e-12
2015-02-18,2,risk_on,1.039980570317096e-12,1.2770829972668805e-32,0.9999999999936335,3.6740779622077196e-57,5.1780845368912515e-12
2015-02-19,2,risk_on,1.9312459048532483e-12,9.178889145519032e-34,0.9999999999608917,2.879578566251929e-59,3.676643082878143e-11
2015-02-20,2,risk_on,4.953218790536081e-14,1.385641494874401e-32,0.9999999999972715,2.4809229441247537e-59,2.289214876412193e-12
2015-02-23,2,risk_on,5.574993461475688e-14,2.484194755204871e-34,0.9999999999699867,2.076774690002378e-58,3.037251997662848e-11
2015-02-24,2,risk_on,1.1667851029504032e-15,5.320188770829069e-34,0.9999999999972715,9.250899973882034e-61,2.499306920715838e-12
2015-02-25,2,risk_on,4.16636665111601e-15,2.6664516939206306e-34,0.9999999999972715,9.219430087539662e-59,2.6565442965952523e-12
2015-02-26,2,risk_on,6.888967507958647e-14,8.80800865587966e-35,0.9999999999881766,6.35207873130178e-58,1.184780177966792e-11
2015-02-27,2,risk_on,5.042833918340919e-14,1.8677857347098457e-33,0.9999999999990905,1.9802584107459418e-59,6.115744309218963e-13
2015-03-02,2,risk_on,1.0240139173852409e-13,5.019703791200041e-36,0.999999999998181,3.498355948444259e-58,2.121273709214632e-12
2015-03-03,2,risk_on,9.524594526389819e-13,1.241530879357503e-34,0.9999999999972715,1.7269751409096558e-59,1.5010096728176072e-12
2015-03-04,2,risk_on,1.808815333486861e-13,4.550528326084265e-34,0.9999999999972715,1.1117832243568842e-57,2.7489026342767474e-12
2015-03-05,2,risk_on,6.401513366054277e-14,1.5171757067950767e-33,0.9999999999818101,1.0568386439516607e-55,1.773839455807057e-11
2015-03-06,2,risk_on,3.2280481832380645e-12,2.5459779691925962e-33,0.9999999997453415,3.7861854071256075e-55,2.511904030317356e-10
2015-03-09,2,risk_on,6.897491633991459e-14,1.930491519890898e-33,0.9999999999827196,2.15735265995146e-52,1.7141644954495733e-11
2015-03-10,2,risk_on,5.0757201904966066e-12,9.058825385372144e-33,0.9999999990677679,3.163383464469128e-50,9.27436124038984e-10
2015-03-11,2,risk_on,4.365536404560498e-11,7.250553371285155e-31,0.9999999997726263,3.4059812963824594e-49,1.836761767703899e-10
2015-03-12,2,risk_on,3.1043099007461004e-12,1.9895782468359101e-32,0.9999999999308784,3.711786878188309e-48,6.581985025728808e-11
2015-03-13,2,risk_on,1.8905432405462937e-12,1.8840252749550366e-34,0.9999999997899067,2.3382574213483897e-51,2.0855636424148007e-10
2015-03-16,2,risk_on,2.2831110128747667e-14,5.2771509413835006e-36,0.9999999999972715,2.6452817956807305e-54,2.4207376160720533e-12
2015-03-17,2,risk_on,2.151526497023535e-14,1.4551526495711726e-37,0.999999999996362,5.000170966020548e-56,3.9724032493732166e-12
2015-03-18,2,risk_on,1.719789846305266e-14,9.8206670044206e-39,0.9999999999990905,4.4336387202175845e-60,1.236451501706828e-12
2015-03-19,2,risk_on,1.4180076690956176e-13,2.4239058284127592e-40,0.9999999999809006,1.2306047485960477e-61,1.889794772312624e-11
2015-03-20,2,risk_on,3.633000482759238e-15,8.665116419360478e-43,1.0,2.6279722755443415e-65,1.0085189067828429e-13
2015-03-23,2,risk_on,8.093369974282021e-16,2.272069210917272e-51,1.0,3.4935723226374435e-72,1.8113968372331642e-13
2015-03-24,2,risk_on,5.477620650431814e-16,1.4751310981635495e-47,1.0,1.555775067535825e-77,4.285646699586094e-14
2015-03-25,2,risk_on,1.507427384442753e-15,1.4886841279256028e-49,0.9999999999990905,3.1805485782607725e-74,1.1419888555370772e-12
2015-03-26,2,risk_on,5.843493553860337e-16,1.3527314510187685e-50,0.9999999999954525,4.0973978761448884e-79,4.277194670290017e-12
2015-03-27,2,risk_on,4.0416304129105374e-16,6.933063597936488e-51,1.0,5.282430945324875e-77,7.878460814180711e-14
2015-03-30,2,risk_on,6.994358342167744e-16,5.85940465505687e-53,1.0,8.84306126057369e-78,1.6022416996594213e-13
2015-03-31,2,risk_on,1.8581662762169722e-16,1.1090954485847563e-52,0.9999999999990905,2.658264729974824e-80,9.112336701514548e-13
2015-04-01,2,risk_on,7.172691138788874e-16,5.969588234458839e-51,1.0,4.2909946205481206e-78,8.43554009155009e-14
2015-04-02,2,risk_on,7.267370257167092e-16,1.2302442769343794e-50,1.0,1.711863251191911e-75,1.4902939096172895e-13
2015-04-06,2,risk_on,4.277115639325425e-16,1.5146927238709783e-52,0.9999999999990905,7.378750716399524e-80,7.005104011774929e-13
2015-04-07,2,risk_on,4.2787592870746073e-16,3.2294939384034784e-52,1.0,3.2265286900886935e-79,1.018132053897524e-15
2015-04-08,2,risk_on,5.162849495148543e-16,1.9559326784616228e-55,1.0,7.658534616369703e-80,1.5993934095007728e-15
2015-04-09,2,risk_on,6.803097642493642e-16,3.6930950787905097e-56,1.0,5.801967683960568e-85,3.4820249278316663e-15
2015-04-10,2,risk_on,3.409415954755958e-16,5.135159891146573e-60,1.0,1.9515862483831287e-89,1.0961865465171535e-15
2015-04-13,2,risk_on,9.171307662572049e-17,1.1304028912961617e-61,1.0,1.9270342321543957e-95,3.102693799662301e-15
2015-04-14,2,risk_on,3.392026603300973e-16,9.01168512469731e-60,1.0,3.783828439539634e-96,1.4938551508130772e-15
2015-04-15,2,risk_on,7.443455546710221e-16,1.033047883900965e-57,1.0,3.959289792921569e-96,5.765904146892786e-14
2015-04-16,2,risk_on,6.161987020452332e-16,3.0343942519440775e-55,1.0,2.0078011553857632e-94,3.435870667059095e-13
2015-04-17,2,risk_on,2.422755298729507e-16,1.1065066801517202e-55,0.9999999999936335,1.168375088114612e-93,5.955224640088264e-12
2015-04-20,2,risk_on,9.659859038289971e-17,8.3973091091279e-57,1.0,1.167105167160547e-93,4.441375561416479e-14
2015-04-21,2,risk_on,6.784440472680941e-17,5.580483733157807e-58,1.0,1.0206111674964194e-94,3.311062442907383e-13
2015-04-22,2,risk_on,2.6871314531243273e-17,7.196759166448922e-58,0.999999999998181,9.55847782141908e-99,1.7872229137450514e-12
2015-04-23,2,risk_on,1.2549983922807511e-17,2.8770457713844586e-61,0.9999999999990905,2.8061429745918737e-102,1.3183903598854953e-12
2015-04-24,2,risk_on,3.7384567971215135e-18,8.061232405509654e-63,1.0,7.315383828157866e-105,2.6743671527321276e-14
2015-04-27,2,risk_on,7.403344371566821e-18,8.871205039918065e-64,1.0,4.454555302789713e-106,4.941661690834957e-14
2015-04-28,2,risk_on,4.508886096149712e-18,2.4216289601545745e-61,1.0,5.774056507722912e-106,2.357464094489687e-13
2015-04-29,2,risk_on,5.745600754151124e-19,1.492861710226976e-65,0.999999999998181,1.1978664461458183e-113,1.8435034613926333e-12
2015-04-30,2,risk_on,1.8849159543480114e-19,3.973513251082074e-65,1.0,1.0159978800214418e-117,1.5852056823859212e-13
2015-05-01,2,risk_on,7.148807157196187e-21,8.004549592735741e-69,1.0,8.013115927662875e-121,3.166219708972717e-14
2015-05-04,2,risk_on,2.0398879675945834e-21,2.511915288464076e-72,1.0,1.3513900810473086e-127,3.966520393632645e-14
2015-05-05,2,risk_on,6.304898819099512e-23,1.066931219680895e-79,1.0,3.8074597918075186e-141,9.794515199145906e-15
2015-05-06,2,risk_on,3.240370082659312e-22,3.344011160925939e-83,1.0,4.4543672418188494e-153,1.3634786548325536e-14
2015-05-07,2,risk_on,7.653772356875854e-22,6.171884502430936e-88,1.0,7.054353490680612e-164,1.4829607095546715e-15
2015-05-08,2,risk_on,9.690945270877374e-24,3.428937552653215e-89,1.0,2.3371470338731613e-166,4.982659107530358e-15
2015-05-11,2,risk_on,9.045832847604194e-24,1.2137195072219244e-91,1.0,1.1170349699625075e-175,2.0194531606648026e-14
2015-05-12,2,risk_on,2.905403900949399e-24,8.427462218055765e-94,1.0,5.901170793979493e-181,1.0313035015550579e-14
2015-05-13,2,risk_on,2.007986109673237e-24,1.3772309127063617e-92,1.0,5.749230114726495e-187,1.8212336019360112e-14
2015-05-14,2,risk_on,6.485529232614264e-25,1.5299204363880628e-96,1.0,4.534683018228685e-193,8.45649907814459e-14
2015-05-15,2,risk_on,1.8193053931422667e-26,2.340295554238081e-99,1.0,1.946129090028935e-194,3.619182107943968e-15
2015-05-18,2,risk_on,4.2091210907986066e-26,9.385863117966552e-99,1.0,2.9317984038016658e-196,1.642834937151457e-15
2015-05-19,2,risk_on,1.12993986824258e-25,2.2881598589626168e-99,1.0,1.9095179937193825e-198,1.5235483421322596e-15
2015-05-20,2,risk_on,1.4693402443617065e-26,2.080118348939443e-100,1.0,2.7833592559963375e-198,1.663930171185633e-15
2015-05-21,2,risk_on,2.8932654039049097e-28,2.2734905344175706e-102,1.0,1.6767071506075876e-196,4.334315926896067e-16
2015-05-22,2,risk_on,1.1275373661946473e-28,1.3832527989151964e-101,1.0,3.797708233318165e-198,2.1305505670503707e-16
2015-05-26,2,risk_on,8.279929221976386e-27,2.2334324463949107e-95,1.0,1.309481874432182e-185,5.428233104964378e-16
2015-05-27,2,risk_on,2.7395707111298155e-25,1.6523576748206638e-95,1.0,2.2757781523336078e-179,5.476539163323135e-16
2015-05-28,2,risk_on,8.104014894791102e-26,2.609275139504894e-95,1.0,3.0886674141142173e-180,4.0839443113366584e-15
2015-05-29,2,risk_on,3.807649226143889e-26,2.8035486804716526e-95,1.0,9.83369651971336e-179,1.0526597770934145e-15
2015-06-01,2,risk_on,6.326067598003176e-28,3.745404071676372e-99,1.0,4.032692314866792e-183,2.9828742373982654e-16
2015-06-02,2,risk_on,2.8020711629997637e-28,1.9153930160182617e-99,1.0,5.541157019749401e-189,1.9707231898652713e-15
2015-06-03,2,risk_on,2.6872277503580217e-28,5.258767669934541e-97,1.0,4.938187890549949e-189,2.3053024539538148e-15
2015-06-04,2,risk_on,2.63651495364548e-26,8.063607707742972e-93,1.0,4.792862365261981e-179,6.17435845682634e-15
2015-06-05,2,risk_on,2.2258971046317306e-26,3.2421746789587284e-82,1.0,6.484666219387995e-162,2.0269799271764106e-14
2015-06-08,2,risk_on,8.82961667313743e-26,6.638127110315587e-80,1.0,1.0932121796529753e-150,5.863623491683135e-14
2015-06-09,2,risk_on,6.982447822865539e-27,9.370977447682005e-83,1.0,3.9643912411347217e-159,1.1485593194787672e-13
2015-06-10,2,risk_on,7.428999934709796e-28,4.74457702856846e-84,1.0,5.550338798899883e-159,8.382102128112025e-14
2015-06-11,2,risk_on,6.544942759335613e-28,1.8494551805272304e-87,1.0,1.0292308919576037e-162,1.9459100471699332e-14
2015-06-12,2,risk_on,1.599013993026829e-28,3.234780700920574e-86,1.0,9.589957076321064e-163,4.3126798342683207e-14
2015-06-15,2,risk_on,1.656510803570741e-28,1.529196061394337e-83,1.0,8.849444366976517e-162,3.840225967037109e-13
2015-06-16,2,risk_on,2.077114286371735e-28,1.0096013241241768e-81,1.0,4.89084417353383e-161,1.9771389699237387e-13
2015-06-17,2,risk_on,1.4533303199940026e-27,8.143684435481987e-76,0.9999999999827196,2.7308045383913853e-151,1.7171273511723953e-11
2015-06-18,2,risk_on,1.609973232279423e-28,1.1159079630149775e-71,0.9999999998562998,2.7574808553640747e-146,1.435402564004852e-10
2015-06-19,2,risk_on,6.058457510854488e-28,1.0813352128601766e-69,0.9999999999754436,8.305593935672632e-138,2.422812058192609e-11
2015-06-22,2,risk_on,1.012361083455826e-28,8.353533896941638e-68,0.9999999999217835,2.9639879420759547e-136,7.820374241740821e-11
2015-06-23,2,risk_on,2.3811053107081127e-29,7.534549980850445e-68,0.9999999998835847,2.062455654386255e-134,1.1660127815186676e-10
2015-06-24,2,risk_on,1.8300334165515953e-26,1.6247327533786568e-59,0.9999999998162821,1.7319422957210512e-125,1.839801188615497e-10
2015-06-25,2,risk_on,4.850015704474037e-25,9.321673947410404e-57,0.9999999993278834,2.1706042400349424e-115,6.722240165643662e-10
2015-06-26,2,risk_on,1.6990362689800038e-26,2.192943710279961e-54,0.9999999986366674,6.930516759014395e-112,1.363351961923865e-09
2015-06-29,2,risk_on,1.536309147865182e-21,4.8810292759562496e-45,0.9999999694991861,1.1931176080132246e-95,3.0500476158287655e-08
2015-06-30,2,risk_on,2.693097750431215e-21,6.109988981802051e-44,0.9999999214005615,4.186671013880281e-87,7.859965148078198e-08
2015-07-01,2,risk_on,4.785965499884268e-23,1.0091700645122129e-43,0.9999999341980605,1.6832557184740758e-85,6.580208714207329e-08
2015-07-02,2,risk_on,1.4307596833228566e-23,4.498679141106584e-44,0.9999998915527671,6.910352719475522e-86,1.0844752113794869e-07
2015-07-06,2,risk_on,1.1810050720393072e-22,7.215497718240322e-45,0.9999999113742927,3.624960168140066e-85,8.862611037500227e-08
2015-07-07,2,risk_on,3.830381387886652e-23,1.9780908552771676e-46,0.9999999757355912,2.493921077278913e-85,2.426430634028477e-08
2015-07-08,2,risk_on,3.188611080785714e-21,1.0544518309500404e-43,0.9999998231733273,1.4865061645734898e-83,1.7682687268158736e-07
2015-07-09,2,risk_on,2.844858175138962e-22,2.9825857696105706e-44,0.9999997283194175,1.5873530970456846e-83,2.7168088173172363e-07
2015-07-10,2,risk_on,4.800966192426748e-24,4.576667880532702e-43,0.9999999333958862,6.55019952454306e-84,6.660447735069863e-08
2015-07-13,2,risk_on,2.6197432329267404e-24,1.0599676174777096e-43,0.9999999199735644,1.0247524693406813e-83,8.002624073130923e-08
2015-07-14,2,risk_on,1.6401262930199746e-24,6.783461997890762e-44,0.9999998683388271,5.0937543479044333e-85,1.3166122169995548e-07
2015-07-15,2,risk_on,1.5977840078270685e-24,6.702729837545458e-45,0.9999999131750921,2.9602293143337615e-86,8.682519133445982e-08
2015-07-16,2,risk_on,6.3102091865112115e-25,8.066034111675462e-48,0.9999999748415579,3.606843090547542e-90,2.5158765106504316e-08
2015-07-17,2,risk_on,8.224871879527074e-26,2.4215112490677028e-48,0.9999999929195837,6.584688725095767e-93,7.080822021967799e-09
2015-07-20,2,risk_on,1.079002947677328e-25,5.910214323541023e-53,0.9999999235096795,1.3949054980013614e-97,7.649035343925488e-08
2015-07-21,2,risk_on,6.213152461600518e-27,2.0857722007421214e-50,0.9999999830679372,5.521174089926057e-101,1.6932179223707277e-08
2015-07-22,2,risk_on,1.3089717289698308e-26,1.5752536736344694e-52,0.9999999346755452,1.8556020074044277e-96,6.532421842655432e-08
2015-07-23,2,risk_on,4.70603399093773e-27,1.6751574013801172e-51,0.9999999571846283,5.047122478407443e-96,4.281524359097153e-08
2015-07-24,2,risk_on,1.0836772478342032e-26,7.261525458358172e-50,0.9999999597403083,5.877082023064724e-92,4.0259289470374376e-08
2015-07-27,2,risk_on,1.1833119547289393e-25,4.052712275503127e-48,0.9999998680841686,8.490384700067557e-89,1.3191610462464644e-07
2015-07-28,2,risk_on,4.947757431402537e-25,2.7944460881688617e-49,0.9999998320081572,8.908045792415126e-89,1.6799201985702066e-07
2015-07-29,2,risk_on,1.49749744489003e-23,1.4327203438868303e-45,0.9999999272795348,8.890803683046495e-92,7.272062523533598e-08
2015-07-30,2,risk_on,2.6977635464828444e-24,1.1890460155630178e-44,0.9999999492692964,1.0016058835098659e-86,5.073056252936682e-08
2015-07-31,2,risk_on,3.337884043083452e-27,6.5074671712169146e-49,0.9999999946512617,1.246720153144697e-89,5.348418361610736e-09
2015-08-03,2,risk_on,1.6417758599130247e-25,6.048308116102375e-51,0.999999966967153,1.26193546036922e-92,3.303313954767914e-08
2015-08-04,2,risk_on,4.901598001317499e-25,4.593373098582151e-47,0.9999999906121957,3.159345826010975e-91,9.387634659932683e-09
2015-08-05,2,risk_on,8.709059554960522e-26,2.693438338599781e-44,0.9999999777201085,1.313135572346718e-85,2.2280318612350866e-08
2015-08-06,2,risk_on,1.2532316498164345e-22,6.998020706343606e-39,0.9999994277142651,3.58353319355081e-81,5.722853522502091e-07
2015-08-07,2,risk_on,1.037881363024381e-20,3.516032608310364e-38,0.9999866011491559,4.274455619626693e-75,1.33988504512688e-05
2015-08-10,2,risk_on,6.4932505755444606e-24,5.042526864982348e-36,0.9999991777261782,8.484979786881048e-76,8.222740533594103e-07
2015-08-11,2,risk_on,5.33142532412522e-25,2.8127716160616896e-35,0.9999998556368259,5.337537989868547e-70,1.443634543896036e-07
2015-08-12,2,risk_on,3.3149446186180655e-25,1.2120069224596217e-37,0.9999996249781155,2.2116567326308824e-71,3.750219492444777e-07
2015-08-13,2,risk_on,4.6758049003900377e-26,9.477121516349395e-38,0.9999997007462745,2.2598799139330626e-73,2.9925361123895017e-07
2015-08-14,2,risk_on,1.8905405920966131e-25,7.025108015893722e-36,0.99999954667793,1.4667276834617568e-71,4.5332216936593885e-07
2015-08-17,2,risk_on,2.1103744677542598e-24,1.001209183459086e-35,0.9999971204757079,4.985288916201588e-69,2.8795245655758657e-06
2015-08-18,2,risk_on,3.86829379595641e-24,4.480565051768051e-34,0.9999365270404806,1.6553699257275847e-68,6.347295917203633e-05
2015-08-19,2,risk_on,2.690461060265433e-24,3.4461307839953274e-32,0.9987591973377076,5.101345472728297e-66,0.0012408026621015963
2015-08-20,2,risk_on,4.0874078239020267e-25,5.1072192217749625e-28,0.9727418026581589,7.729895530982255e-59,0.027258197341387968
2015-08-21,4,mixed_or_neutral_4,3.032692014363593e-26,1.951886197059036e-24,0.0008916359446900844,6.350894890983343e-50,0.9991083640551601
2015-08-24,4,mixed_or_neutral_4,1.57694298549573e-24,2.357095590449673e-15,1.837344481990096e-19,1.0094655067879414e-50,1.0
2015-08-25,4,mixed_or_neutral_4,1.1937565804572392e-25,1.2966706419055047e-22,5.970070644124698e-20,1.3056489681089006e-42,1.0
2015-08-26,4,mixed_or_neutral_4,6.40190378826185e-28,4.819573219342498e-24,1.835631292120431e-14,2.4699880760454526e-54,1.0
2015-08-27,4,mixed_or_neutral_4,9.808493150095903e-30,2.3367962058391998e-27,1.3172993415105384e-12,4.0030434421810406e-60,0.9999999999990905
2015-08-28,4,mixed_or_neutral_4,1.4710435778209594e-30,2.8077374510222778e-27,6.264372453187416e-13,7.18235116212702e-62,0.9999999999990905
2015-08-31,4,mixed_or_neutral_4,4.330078584087913e-34,1.2536019278671845e-26,1.5464205461559308e-14,1.5349709787588597e-63,1.0
2015-09-01,4,mixed_or_neutral_4,3.512361856621566e-30,1.763029175720998e-22,5.646860470007779e-19,5.348192319889438e-60,1.0
2015-09-02,4,mixed_or_neutral_4,9.657967361394619e-32,1.9018903922679164e-23,2.0430898584579134e-16,1.4433314408444428e-56,1.0
2015-09-03,4,mixed_or_neutral_4,1.0313337305856845e-35,7.196468585081498e-24,3.0381946550999855e-16,1.0213854061263734e-55,1.0
2015-09-04,4,mixed_or_neutral_4,5.539729842383381e-32,1.4489326398189155e-21,1.4704809968700012e-19,6.024026396940429e-52,1.0
2015-09-08,4,mixed_or_neutral_4,2.0780262938375375e-33,1.1503271394902222e-19,5.659363930973071e-18,2.962499116317407e-53,1.0
2015-09-09,4,mixed_or_neutral_4,3.743349182461408e-33,3.9421995908042705e-21,4.2938123643996946e-19,5.024620067476571e-50,1.0
2015-09-10,4,mixed_or_neutral_4,4.9558108669755145e-33,7.352080701403487e-20,1.4749093769686166e-18,1.356792535278533e-53,1.0
2015-09-11,4,mixed_or_neutral_4,2.138847066491674e-35,5.28313006505076e-20,6.1673511912843705e-18,1.4618752853889474e-49,1.0
2015-09-14,4,mixed_or_neutral_4,7.60050083365214e-33,4.200429944278182e-20,4.850204675482442e-19,1.953638812748394e-49,1.0
2015-09-15,4,mixed_or_neutral_4,2.69380666922878e-31,1.194369773901624e-19,8.81455966982592e-18,1.685055368205358e-53,1.0
2015-09-16,4,mixed_or_neutral_4,3.348911060839713e-32,6.491289095907676e-20,4.370118307003567e-16,8.840102941852277e-53,1.0
2015-09-17,4,mixed_or_neutral_4,1.3672199694740097e-35,2.6188877152935314e-22,1.013393703736614e-16,3.1323170468622403e-52,1.0
2015-09-18,4,mixed_or_neutral_4,7.190884320063404e-34,1.291547712550193e-21,4.43989784575654e-19,4.9601600986999854e-52,1.0
2015-09-21,4,mixed_or_neutral_4,3.1548579807228195e-34,4.077960193610123e-21,1.6596013707954464e-18,7.437939510215044e-54,1.0
2015-09-22,4,mixed_or_neutral_4,4.8735746922135037e-23,1.2136685977392337e-19,4.266583650042675e-23,3.784453524849972e-45,1.0
2015-09-23,4,mixed_or_neutral_4,3.2212641496390287e-22,5.456852027907269e-13,6.040167620745918e-36,2.6902968498802123e-39,0.9999999999990905
2015-09-24,4,mixed_or_neutral_4,1.1624609806189277e-26,4.093026390682389e-16,4.056431256186844e-34,1.571235954586743e-29,1.0
2015-09-25,4,mixed_or_neutral_4,7.0757233460736685e-31,1.6322745179751666e-19,8.365668923623672e-27,2.2075114951463838e-36,1.0
2015-09-28,4,mixed_or_neutral_4,2.720407422762975e-33,2.4288096501452227e-17,9.175240069425756e-30,6.403976604525322e-36,1.0
2015-09-29,4,mixed_or_neutral_4,8.654582972489616e-35,9.68174726784006e-18,1.987973710047792e-30,2.1990923871473747e-33,1.0
2015-09-30,4,mixed_or_neutral_4,1.0976104893516564e-34,8.770533624254994e-20,3.3326053997077e-27,9.99222906301096e-38,1.0
2015-10-01,4,mixed_or_neutral_4,4.5098051071410223e-38,1.2313496984449072e-18,5.249388327413047e-35,1.3345943148080314e-39,1.0
2015-10-02,4,mixed_or_neutral_4,2.556989265850844e-42,5.930175755776268e-21,1.7950492687820945e-27,9.507125718473287e-42,1.0
2015-10-05,4,mixed_or_neutral_4,5.235939517557964e-39,3.427407927796641e-21,5.024919932938664e-21,4.127330370949797e-46,1.0
2015-10-06,4,mixed_or_neutral_4,2.2436502806347754e-37,4.474253555687819e-19,5.307179059612083e-24,6.156258528193262e-45,1.0
2015-10-07,4,mixed_or_neutral_4,2.8131923222174618e-36,6.3385314681825e-19,1.7354745712662953e-18,4.3473380080880285e-43,1.0
2015-10-08,4,mixed_or_neutral_4,1.8891420480578637e-34,1.2633576186801818e-19,5.658295270732856e-18,1.0591148895808088e-43,1.0
2015-10-09,4,mixed_or_neutral_4,2.7794853599771434e-36,3.9211501879239054e-21,6.667209188769567e-17,1.0864305848953623e-43,1.0
2015-10-12,4,mixed_or_neutral_4,9.68551257439769e-40,7.042998850725459e-21,5.231468391148461e-17,5.1783975916233825e-46,1.0
2015-10-13,4,mixed_or_neutral_4,4.165343671922843e-37,9.530141712968435e-22,6.454695226410175e-18,2.0208253514090856e-44,1.0
2015-10-14,4,mixed_or_neutral_4,8.487498403160268e-35,7.260914246237242e-22,9.61692963169047e-18,4.326358346297324e-47,1.0
2015-10-15,4,mixed_or_neutral_4,6.219349445862143e-34,1.8486281768273985e-21,4.251198296207996e-14,9.159046391607214e-48,1.0
2015-10-16,4,mixed_or_neutral_4,1.358303184981803e-34,3.894300769068313e-22,8.113827779927912e-14,2.9005812184802295e-47,1.0
2015-10-19,4,mixed_or_neutral_4,7.6696622293996096e-34,4.327243239528642e-22,8.447668650820412e-15,3.440159158947782e-47,1.0
2015-10-20,4,mixed_or_neutral_4,2.3173198897549622e-36,5.9160422558888615e-22,6.651077689774026e-14,2.931135356431511e-46,1.0
2015-10-21,4,mixed_or_neutral_4,2.618694126250543e-33,9.134566353885732e-21,5.496361047544785e-16,5.742245807252631e-44,1.0
2015-10-22,4,mixed_or_neutral_4,3.7394661792744853e-32,1.3883894785232334e-19,4.832270994278376e-14,3.7096625604029024e-44,1.0
2015-10-23,4,mixed_or_neutral_4,4.98123987279174e-30,2.0540708096273082e-19,6.834345236670969e-13,1.9863891692332132e-44,0.9999999999990905
2015-10-26,4,mixed_or_neutral_4,4.3548816633603945e-34,3.025743723544622e-20,3.3042462466994448e-12,1.1302197876052805e-44,0.999999999996362
2015-10-27,4,mixed_or_neutral_4,7.600278401850051e-32,4.028044574032269e-21,1.7719246121919863e-16,2.8340827947923697e-47,1.0
2015-10-28,4,mixed_or_neutral_4,6.036261585214402e-30,1.7643664181104817e-21,8.413136156520515e-15,1.1313488094813013e-48,1.0
2015-10-29,4,mixed_or_neutral_4,2.8732408462467036e-32,6.257952999445659e-23,1.084849931949472e-12,3.72894093943353e-52,0.9999999999990905
2015-10-30,4,mixed_or_neutral_4,5.97155366966465e-32,4.624881499995285e-23,1.4939056009577683e-13,3.4120294234813765e-50,1.0
2015-11-02,4,mixed_or_neutral_4,1.7155997477099854e-32,1.0818176121667301e-23,2.3124527755228596e-12,2.9336986897089305e-52,0.9999999999972715
2015-11-03,4,mixed_or_neutral_4,9.336729321879719e-30,4.1401956705927066e-24,6.178257053369247e-11,9.120208940357517e-55,0.9999999999381544
2015-11-04,4,mixed_or_neutral_4,6.058476166398531e-28,1.7313629096240156e-23,3.86082161584432e-10,2.4245191638268193e-53,0.9999999996134648
2015-11-05,4,mixed_or_neutral_4,2.0445072896196523e-28,2.9056861326087056e-23,8.038089187723095e-10,1.5747952184484697e-51,0.9999999991960067
2015-11-06,4,mixed_or_neutral_4,1.8608247903941623e-29,2.7837929417604045e-25,1.8308609090992213e-10,2.729060541268345e-53,0.9999999998171916
2015-11-09,4,mixed_or_neutral_4,2.4047214095143924e-32,3.919990296418635e-24,9.990752347589418e-11,3.589986176047186e-54,0.9999999998999556
2015-11-10,4,mixed_or_neutral_4,6.850751616563672e-30,2.5604181963426303e-23,8.471741096696755e-15,2.6654192171290643e-54,1.0
2015-11-11,4,mixed_or_neutral_4,5.960044615909788e-29,1.09377395405895e-24,1.4187231840838362e-11,7.181483663724353e-53,0.9999999999854481
2015-11-12,4,mixed_or_neutral_4,1.9034005658809336e-29,2.2717666375671994e-24,2.1749390571660934e-11,2.1350335737100948e-52,0.9999999999781721
2015-11-13,4,mixed_or_neutral_4,1.348233488631239e-27,2.656923255210799e-23,2.0358430413416405e-12,5.624439852469202e-49,0.999999999998181
2015-11-16,4,mixed_or_neutral_4,1.431546270925666e-30,5.726655294409682e-25,1.930082978946492e-11,3.8854354334301517e-50,0.9999999999809006
2015-11-17,4,mixed_or_neutral_4,2.117169282882752e-29,5.899248670947888e-24,8.772609650538217e-13,2.2832739880278606e-52,0.9999999999990905
2015-11-18,4,mixed_or_neutral_4,1.2611107715129645e-31,7.5405582141467135e-25,6.7422067387242406e-12,3.5483297263351004e-54,0.9999999999936335
2015-11-19,4,mixed_or_neutral_4,1.3465578045041913e-31,4.078317152391114e-24,4.324484721235519e-13,4.470644010246147e-54,1.0
2015-11-20,4,mixed_or_neutral_4,8.739338268515349e-33,2.1691157861436353e-23,2.2843017918018107e-13,1.2138611647197664e-50,1.0
2015-11-23,4,mixed_or_neutral_4,4.347784647567282e-30,2.163868125849537e-23,4.068338751197598e-14,2.884769693326889e-47,1.0
2015-11-24,4,mixed_or_neutral_4,1.1614531850752792e-29,1.6367562080870804e-25,6.463863124049528e-12,2.52893025847979e-53,0.9999999999936335
2015-11-25,4,mixed_or_neutral_4,1.992939828358347e-30,3.022175468861727e-26,1.0533097337878151e-10,4.3154543179321037e-57,0.9999999998944986
2015-11-27,4,mixed_or_neutral_4,1.600852647845559e-30,2.544698016310169e-26,2.5834674173669797e-11,2.6222545246740745e-57,0.9999999999745341
2015-11-30,4,mixed_or_neutral_4,1.443165516383356e-28,5.894375597977522e-25,2.7647652263876258e-11,2.7306278603760986e-55,0.9999999999727152
2015-12-01,4,mixed_or_neutral_4,3.03318345727621e-29,1.618292819434567e-26,1.1348355070621148e-10,2.0670333033534395e-55,0.9999999998863132
2015-12-02,4,mixed_or_neutral_4,3.7960526202832586e-28,2.2492401507924263e-26,6.113554792300605e-11,7.89903298341578e-57,0.9999999999390639
2015-12-03,4,mixed_or_neutral_4,4.644202171715267e-32,5.5948894749420344e-30,1.4568755545253056e-09,2.1943658769080818e-63,0.9999999985429895
2015-12-04,4,mixed_or_neutral_4,1.4471120839753145e-32,4.027637728962523e-34,9.292400153482289e-12,4.658777598120642e-73,0.999999999990905
2015-12-07,4,mixed_or_neutral_4,2.64857497116949e-34,1.0595875585499305e-38,4.124940235281066e-12,5.283400947591543e-83,0.9999999999954525
2015-12-08,4,mixed_or_neutral_4,2.0670582801908816e-34,1.4874309044371466e-38,6.731934385733142e-13,1.9833486463502711e-87,0.9999999999990905
2015-12-09,4,mixed_or_neutral_4,1.8928155313066925e-30,5.501455031453229e-38,3.361436824408937e-10,9.068872832429757e-87,0.999999999663487
2015-12-10,4,mixed_or_neutral_4,9.280299938592474e-37,2.1861841900440114e-38,7.542165045114636e-10,5.037288810004031e-87,0.9999999992460289
2015-12-11,4,mixed_or_neutral_4,2.3106601792779036e-37,4.168885036607057e-35,6.371399488834795e-14,1.4588453952823455e-81,1.0
2015-12-14,4,mixed_or_neutral_4,3.165322470759414e-33,4.90039217887922e-38,1.5420562250234595e-14,1.5516919552758738e-82,1.0
2015-12-15,4,mixed_or_neutral_4,7.704201055758759e-32,1.6252083204774325e-37,1.412919309210025e-10,5.084864155259302e-87,0.9999999998590283
2015-12-16,4,mixed_or_neutral_4,3.086033829728103e-35,1.8040930327886223e-39,4.819658272054549e-10,1.9588637598634299e-88,0.9999999995179678
2015-12-17,4,mixed_or_neutral_4,1.0400317922893093e-37,9.700569867007617e-38,1.9329725227271818e-12,1.173186840317034e-86,0.999999999998181
2015-12-18,4,mixed_or_neutral_4,1.189605362953694e-35,3.0328827893930097e-36,1.152180485545992e-13,7.475854846805588e-82,1.0
2015-12-21,4,mixed_or_neutral_4,2.5521090252140214e-34,2.6613117593451702e-37,4.427181953586652e-12,2.1982498431622826e-82,0.9999999999954525
2015-12-22,4,mixed_or_neutral_4,4.287067331745113e-33,1.787019942968889e-36,9.754675060016813e-10,1.0091277727595711e-80,0.9999999990241122
2015-12-23,4,mixed_or_neutral_4,3.1525967989359933e-32,3.0924409862968156e-36,2.947103567785245e-09,2.508398479711e-81,0.9999999970532372
2015-12-24,4,mixed_or_neutral_4,7.681505682581729e-32,8.663153503171322e-36,7.780725195632126e-09,6.305933078555838e-79,0.9999999922192728
2015-12-28,4,mixed_or_neutral_4,1.6991786359692868e-31,3.4929356586748763e-40,4.5277100131413097e-10,1.034094721040413e-85,0.9999999995470716
2015-12-29,4,mixed_or_neutral_4,3.2299539360527923e-31,3.6713979079347895e-40,2.1514077575323813e-09,7.111588675652119e-90,0.999999997849045
2015-12-30,4,mixed_or_neutral_4,3.514863694885739e-31,6.150856056933103e-41,6.50675823505091e-09,9.235108713955711e-93,0.9999999934934749
2015-12-31,4,mixed_or_neutral_4,5.934768286590316e-30,1.260729149680621e-39,1.4489466829430066e-09,1.3146539427234235e-91,0.9999999985511749
2016-01-04,4,mixed_or_neutral_4,7.765148554610686e-31,1.2785447183569327e-36,2.5044437243120014e-10,4.8309514117944914e-83,0.999999999749889
2016-01-05,4,mixed_or_neutral_4,9.380250975133258e-31,6.096817697102985e-41,1.4266888922353513e-11,1.872698032807339e-85,0.9999999999854481
2016-01-06,4,mixed_or_neutral_4,6.347567099787213e-33,1.506317916078207e-36,2.6326915947999486e-10,2.72634203482528e-83,0.999999999737156
2016-01-07,4,mixed_or_neutral_4,2.9409286265779616e-32,6.031501691521769e-35,3.2066119513592243e-12,6.335862366288607e-77,0.999999999996362
2016-01-08,4,mixed_or_neutral_4,6.857122400811577e-32,4.585384757812345e-35,1.4106825793917516e-13,6.712399867002456e-76,1.0
2016-01-11,4,mixed_or_neutral_4,6.456559688414833e-32,2.0654505510988068e-35,1.9819164281457516e-15,3.479059968893064e-75,1.0
2016-01-12,4,mixed_or_neutral_4,4.623045357082668e-41,1.611138920221825e-38,2.4139360357325408e-14,1.0239377071195305e-78,1.0
2016-01-13,4,mixed_or_neutral_4,8.05879190699755e-33,1.4805604979591324e-31,3.226884890539018e-22,1.0334541392823545e-73,1.0
2016-01-14,4,mixed_or_neutral_4,8.301172505534948e-38,2.2881866237568105e-31,9.298348716820415e-17,3.524279130696712e-67,1.0
2016-01-15,4,mixed_or_neutral_4,4.599822562980463e-38,1.1726952473438236e-31,1.4384998222852403e-20,1.4316987993499056e-63,1.0
2016-01-19,4,mixed_or_neutral_4,1.8219539228861075e-44,1.2532766861637894e-32,4.013380926150056e-21,3.861661273885984e-64,1.0
2016-01-20,4,mixed_or_neutral_4,8.648334819025353e-44,9.313384525178121e-31,8.305196163211696e-24,8.648646012148403e-64,1.0
2016-01-21,4,mixed_or_neutral_4,2.639551692858346e-38,7.324491893396334e-31,4.9869463217844715e-23,5.0583215722599126e-61,1.0
2016-01-22,4,mixed_or_neutral_4,1.2338948596899424e-43,4.429559315140674e-31,3.5287140798016327e-19,6.0038767322268886e-61,1.0
2016-01-25,4,mixed_or_neutral_4,1.5436816857763366e-40,1.0476433414211483e-32,4.1349099747094815e-22,4.547852197566619e-61,1.0
2016-01-26,4,mixed_or_neutral_4,6.468029406104536e-45,2.6842746835694658e-36,1.7256286371590085e-17,9.871712355912919e-67,1.0
2016-01-27,4,mixed_or_neutral_4,1.0344642998159866e-44,3.456136856285747e-34,8.540629549765548e-21,1.8356231061493787e-69,1.0
2016-01-28,4,mixed_or_neutral_4,6.581116695089127e-38,1.3046368623776903e-33,8.410710353615962e-20,1.022001943299832e-68,1.0
2016-01-29,4,mixed_or_neutral_4,3.140501124403842e-42,7.398421915720309e-41,2.255339794151419e-13,3.9532666785009436e-79,1.0
2016-02-01,4,mixed_or_neutral_4,2.4948295188051635e-49,3.744363648299906e-41,6.445769253973931e-15,7.143510855876527e-86,1.0
2016-02-02,4,mixed_or_neutral_4,6.499631403880455e-49,2.0823098709045238e-37,5.18240822158505e-21,1.4201102252852315e-82,1.0
2016-02-03,4,mixed_or_neutral_4,4.405847859334508e-46,7.157255013532143e-40,5.783965057672614e-19,2.6187639016663024e-81,1.0
2016-02-04,4,mixed_or_neutral_4,3.2603354239002185e-55,2.523844874859558e-41,5.999323335766159e-19,7.119535121634372e-82,1.0
2016-02-05,4,mixed_or_neutral_4,1.0883711202187594e-61,3.3014326141185165e-40,1.7413160426668831e-26,2.7558271252738774e-79,1.0
2016-02-08,4,mixed_or_neutral_4,7.305539333088866e-61,2.7578043382138437e-37,3.0015942314427373e-34,4.206014684465975e-74,1.0
2016-02-09,4,mixed_or_neutral_4,6.453160942959166e-59,6.1678511329592205e-37,4.2955124384592853e-36,3.1212955935059886e-73,1.0
2016-02-10,4,mixed_or_neutral_4,6.0073034080812446e-64,1.0821628448727742e-35,2.560078733339962e-35,1.484319254058242e-74,1.0
2016-02-11,4,mixed_or_neutral_4,1.3687410342646445e-58,1.262158513798652e-35,2.9075692708596447e-37,1.2388139681049594e-71,1.0
2016-02-12,4,mixed_or_neutral_4,1.4674533133951681e-49,2.4085400589116353e-31,2.2871110014500933e-33,1.5799450422699918e-68,1.0
2016-02-16,4,mixed_or_neutral_4,2.560987181191198e-49,8.70833003916073e-32,3.0466126630973253e-26,5.46436569612219e-67,1.0
2016-02-17,4,mixed_or_neutral_4,1.193415840023389e-48,2.1645878308065988e-29,3.802281238996483e-25,7.597133825739338e-69,1.0
2016-02-18,4,mixed_or_neutral_4,2.6583595938994715e-54,6.504314297975822e-31,3.1227898828364126e-26,3.841018787724618e-67,1.0
2016-02-19,4,mixed_or_neutral_4,1.2296097736480346e-47,1.8425152272330836e-30,4.771705462398361e-30,9.213609002055135e-67,1.0
2016-02-22,4,mixed_or_neutral_4,3.4152169460681134e-50,5.849390559982502e-35,2.255011615582342e-25,5.065521572003743e-72,1.0
2016-02-23,4,mixed_or_neutral_4,3.5432369826118196e-51,1.1248303862010298e-34,3.462086639031888e-25,4.64956911325803e-72,1.0
2016-02-24,4,mixed_or_neutral_4,9.78464238863476e-46,1.992463849161705e-34,4.524447413111991e-26,5.024964442659879e-71,1.0
2016-02-25,4,mixed_or_neutral_4,7.458602271527788e-49,6.981727227945715e-36,4.707933631260559e-22,3.0306206168714975e-73,1.0
2016-02-26,4,mixed_or_neutral_4,1.0042144665518309e-47,3.9271358868185316e-36,6.19463281696751e-24,1.5982470546985283e-71,1.0
2016-02-29,4,mixed_or_neutral_4,9.632341871470155e-43,6.380792466551406e-36,5.576505305835865e-25,4.6789323639762406e-70,1.0
2016-03-01,4,mixed_or_neutral_4,4.2463076277718954e-45,3.5161243609161876e-35,1.1760160207615765e-19,8.168247056769225e-72,1.0
2016-03-02,4,mixed_or_neutral_4,3.4103408914427762e-46,9.745420890516267e-34,2.0179601251622101e-19,1.457042584871726e-71,1.0
2016-03-03,4,mixed_or_neutral_4,1.000417476813617e-43,2.4202976970725394e-34,5.145091780168422e-21,2.6645599211851088e-70,1.0
2016-03-04,4,mixed_or_neutral_4,8.479714676467458e-44,8.515591441310164e-34,5.054807451964405e-18,5.331545469932719e-71,1.0
2016-03-07,4,mixed_or_neutral_4,1.8666782537567747e-46,1.4328952596313186e-29,2.799118429803393e-18,1.5524801562997136e-66,1.0
2016-03-08,4,mixed_or_neutral_4,5.519629470432842e-47,5.213539013327598e-30,8.159503072539055e-23,1.5321078921026329e-61,1.0
2016-03-09,4,mixed_or_neutral_4,5.540710222816584e-50,7.946340918831294e-29,6.557147492668448e-25,4.072628316517106e-62,1.0
2016-03-10,4,mixed_or_neutral_4,3.147241028480249e-51,2.5180268641645946e-27,6.434148193649633e-27,8.097877353428417e-60,1.0
2016-03-11,4,mixed_or_neutral_4,2.5044914026311392e-54,3.4263052160066725e-27,1.0945319197843861e-26,3.125930441769193e-57,1.0
2016-03-14,4,mixed_or_neutral_4,1.827878143604069e-47,4.0159143785249186e-28,3.788350715175407e-28,8.551560970078892e-57,1.0
2016-03-15,4,mixed_or_neutral_4,3.145308536679378e-39,9.437304138620915e-26,4.17873325684784e-21,4.639460597141632e-56,1.0
2016-03-16,4,mixed_or_neutral_4,3.7569434758715583e-41,1.6574545055366905e-24,4.0179641885788017e-19,9.601426442872736e-60,1.0
2016-03-17,4,mixed_or_neutral_4,5.1005158679319555e-43,1.700380456466481e-26,6.234826235311561e-17,9.900566263068318e-61,1.0
2016-03-18,4,mixed_or_neutral_4,3.644292817130895e-44,8.4686052669839e-28,9.334638686531071e-18,3.5868296186414265e-64,1.0
2016-03-21,4,mixed_or_neutral_4,9.501914909423897e-43,8.305409344522014e-26,2.802078885936387e-17,7.931135691025697e-65,1.0
2016-03-22,4,mixed_or_neutral_4,2.7327871561469694e-42,3.1966735435531206e-25,7.769387265860134e-16,1.4750123322014576e-59,1.0
2016-03-23,4,mixed_or_neutral_4,1.6507322597599819e-40,4.429787092704819e-25,4.725574213035535e-18,4.514059548929773e-59,1.0
2016-03-24,4,mixed_or_neutral_4,1.1015832035048406e-39,2.496836400407032e-26,1.8171681306292772e-16,7.979364453310247e-60,1.0
2016-03-28,4,mixed_or_neutral_4,2.2283323782960392e-39,3.271487313607576e-29,1.0650839882030153e-15,1.4805493392073407e-60,1.0
2016-03-29,4,mixed_or_neutral_4,1.3368049267106672e-41,6.63529707808181e-29,2.9813282329182704e-15,8.624826905537975e-70,1.0
2016-03-30,4,mixed_or_neutral_4,1.6280694742354229e-43,4.06497145867581e-29,1.3417035741077882e-16,1.9198611199132212e-70,1.0
2016-03-31,4,mixed_or_neutral_4,1.021187499803618e-43,7.667949329464943e-30,1.5697974354203852e-18,5.6139283675757086e-74,1.0
2016-04-01,4,mixed_or_neutral_4,1.8729825578314745e-43,5.695634935067569e-29,3.9229236430529386e-16,8.737575265584528e-75,1.0
2016-04-04,4,mixed_or_neutral_4,8.624525603400174e-44,5.084545878120427e-28,3.1912821407342404e-16,1.8471863094312214e-71,1.0
2016-04-05,4,mixed_or_neutral_4,1.1112676613335967e-39,5.666260244067632e-25,1.4028760475975268e-17,6.752561170994584e-67,1.0
2016-04-06,4,mixed_or_neutral_4,2.8484327331953975e-37,4.387425368105064e-25,2.3326741757408486e-15,2.4499095407612613e-63,1.0
2016-04-07,4,mixed_or_neutral_4,4.92565597832028e-36,1.0562730737213158e-22,4.224279902682078e-15,4.063835377251716e-61,1.0
2016-04-08,4,mixed_or_neutral_4,3.841114808039904e-35,7.619618389123793e-22,3.588519126330462e-15,3.1459440548396165e-57,1.0
2016-04-11,4,mixed_or_neutral_4,3.765154303151333e-33,1.3358453075330248e-20,2.9928331104197414e-15,1.542815816139629e-55,1.0
2016-04-12,4,mixed_or_neutral_4,1.736488372451406e-29,8.901026683724246e-21,7.683118310376834e-14,8.092145587808418e-55,1.0
2016-04-13,4,mixed_or_neutral_4,5.566214639173805e-25,1.46655182925178e-20,7.869046164985298e-11,1.932852395509441e-54,0.999999999920874
2016-04-14,4,mixed_or_neutral_4,2.4839302840783004e-24,2.774054754395537e-20,3.547078384838475e-09,3.209326500161724e-52,0.9999999964529707
2016-04-15,4,mixed_or_neutral_4,1.9562699423681865e-25,3.9081523401312784e-21,6.77680505796836e-10,4.0874820091182403e-51,0.9999999993224264
2016-04-18,4,mixed_or_neutral_4,3.500614447001404e-24,7.662486453127437e-23,2.7487832769255027e-09,5.3863043428937696e-52,0.999999997251507
2016-04-19,4,mixed_or_neutral_4,1.0116452374857291e-21,4.291688145895078e-22,1.7765067751480142e-08,2.8991788155149204e-49,0.9999999822348401
2016-04-20,4,mixed_or_neutral_4,2.4275846579220814e-20,4.1170816181259064e-22,1.3773420978314948e-08,1.9441133592617427e-46,0.9999999862266122
2016-04-21,4,mixed_or_neutral_4,8.23255071900503e-18,2.8508967065943773e-21,1.1890307813515841e-07,3.745920189701951e-45,0.9999998810972173
2016-04-22,4,mixed_or_neutral_4,1.870608449798831e-19,1.160723686073056e-20,6.347992267765935e-06,1.6102941078796536e-45,0.9999936520081552
2016-04-25,4,mixed_or_neutral_4,5.308576418106657e-18,1.3991256407100782e-20,9.222259248399172e-07,2.7538864746552005e-43,0.9999990777737071
2016-04-26,4,mixed_or_neutral_4,3.5904236185709305e-20,4.75081074678552e-20,6.770331872933427e-06,4.990788841222876e-44,0.9999932296679612
2016-04-27,4,mixed_or_neutral_4,6.52146068600025e-21,3.709131836198429e-21,4.3904285387540973e-07,1.7166915538132513e-43,0.9999995609569905
2016-04-28,4,mixed_or_neutral_4,3.4237251092442244e-22,9.532753999610077e-21,8.651260979723907e-07,1.1053804656218433e-46,0.9999991348735525
2016-04-29,4,mixed_or_neutral_4,5.94363172767892e-24,6.639967487127007e-20,2.0974857541467824e-06,7.311222391156056e-49,0.9999979025146045
2016-05-02,4,mixed_or_neutral_4,7.50634820893327e-25,9.641997636207893e-21,2.304569148558124e-06,4.196240167746529e-48,0.9999976954313022
2016-05-03,4,mixed_or_neutral_4,1.0549601922576566e-24,7.818629534140748e-20,6.100085603678196e-07,7.949763312305671e-49,0.9999993899911757
2016-05-04,4,mixed_or_neutral_4,2.4864334917258992e-25,1.340929015331786e-18,2.4764078843861203e-06,5.280916026939822e-49,0.9999975235917841
2016-05-05,4,mixed_or_neutral_4,7.549814596688184e-25,3.7048215822218396e-19,1.1577800292054983e-06,1.968356927338238e-49,0.9999988422202813
2016-05-06,4,mixed_or_neutral_4,9.810348641826814e-23,1.1540049007317319e-18,5.6677265251663915e-06,1.747536494583091e-50,0.9999943322733633
2016-05-09,4,mixed_or_neutral_4,1.3742715245533715e-21,1.106058308973953e-19,1.4993488842875256e-05,5.598836619980357e-50,0.9999850065110777
2016-05-10,4,mixed_or_neutral_4,7.81095611166042e-20,2.303781978818997e-20,0.00029807577652785246,3.861407457195574e-51,0.9997019242237506
2016-05-11,4,mixed_or_neutral_4,4.7473017381643536e-18,1.8488571909836208e-19,0.00047801716220288124,6.814907908808187e-49,0.9995219828374267
2016-05-12,4,mixed_or_neutral_4,7.071441585737134e-16,2.1586052368803906e-20,0.00199307574443607,2.0149670563939712e-47,0.9980069242556439
2016-05-13,4,mixed_or_neutral_4,2.5093765393490087e-15,1.0696818847204801e-20,0.13475620374075267,2.453203297221314e-49,0.8652437962596443
2016-05-16,2,risk_on,3.3840295050920597e-17,4.756852500000122e-23,0.9504281759209793,2.5754603257785247e-50,0.049571824079378074
2016-05-17,2,risk_on,8.856854814160669e-18,1.8184074608404865e-25,0.9938728307187005,1.3485455031874653e-53,0.0061271692815421585
2016-05-18,2,risk_on,2.927717311813386e-18,1.9674258595028447e-27,0.999940579093326,9.464578383251454e-55,5.942090626187818e-05
2016-05-19,2,risk_on,7.267174281347678e-17,5.092462721143252e-30,0.9999988875030617,4.85525485999682e-56,1.112496999370971e-06
2016-05-20,2,risk_on,7.004684677965736e-19,5.41371725208126e-34,0.9999999932551873,8.576280434102622e-61,6.7446823316754305e-09
2016-05-23,2,risk_on,4.898932042242451e-19,4.506578954474469e-36,0.9999999972815203,2.2468421157461516e-64,2.7186935749683874e-09
2016-05-24,2,risk_on,5.888183565358079e-19,1.5281739786059486e-37,0.9999999992687663,6.440882667430124e-67,7.312376257827574e-10
2016-05-25,2,risk_on,1.9310129750174467e-18,3.2410943968735834e-38,0.9999999994206519,1.1147363352580388e-68,5.796411813275741e-10
2016-05-26,2,risk_on,6.356292253165193e-18,2.198151243306975e-38,0.9999999983392627,1.5640631582981213e-69,1.6605729063077314e-09
2016-05-27,2,risk_on,1.1472273538233007e-17,2.2991995285192514e-38,0.9999999986521289,4.820994998384305e-70,1.3478015366935408e-09
2016-05-31,2,risk_on,4.986777735327658e-18,4.5766515418944773e-42,0.9999999997489795,6.093667181213025e-70,2.5056848888451193e-10
2016-06-01,2,risk_on,3.290112994563997e-18,1.2220124802447463e-43,0.9999999997453415,1.7865501099441075e-75,2.545604731436838e-10
2016-06-02,2,risk_on,8.272556902153575e-19,2.6117902346649223e-43,0.9999999999699867,6.055731536863728e-77,3.04193565566731e-11
2016-06-03,2,risk_on,1.8527551463685436e-19,1.4786361772846605e-43,0.9999999999790816,2.7790154279987974e-76,2.1080302613710755e-11
2016-06-06,2,risk_on,4.587959323978222e-19,1.2065801885888832e-42,0.9999999999035936,8.640219675231176e-76,9.66699513774096e-11
2016-06-07,2,risk_on,5.334509710793485e-19,5.975704547362846e-41,0.9999999997144187,9.740807845743278e-75,2.857897931669749e-10
2016-06-08,2,risk_on,1.284034976254023e-19,3.044651246498027e-40,0.999999999400643,6.668475464390052e-74,5.989604635772946e-10
2016-06-09,2,risk_on,5.563124508088396e-19,5.4215205106379826e-42,0.999999999490683,2.350850149228935e-74,5.097359789217307e-10
2016-06-10,2,risk_on,3.3248106265042106e-19,4.216475841327894e-44,0.9999999999163265,6.736335728533172e-76,8.401764967771964e-11
2016-06-13,2,risk_on,1.708558518456606e-15,2.4397416813878928e-43,0.9999999990159267,1.4042213764269367e-75,9.837857413976914e-10
2016-06-14,2,risk_on,3.062266457296932e-15,5.2972455893624125e-42,0.9999999998381099,1.8532717287503858e-72,1.6207649829676286e-10
2016-06-15,2,risk_on,3.930264314145281e-16,5.034540446791469e-44,0.999999999391548,8.516349231335154e-75,6.085051446782e-10
2016-06-16,2,risk_on,5.388507775458257e-17,1.2710438073917862e-43,0.9999999999336069,2.5514720286881702e-76,6.596941449229135e-11
2016-06-17,2,risk_on,1.1797181473399826e-16,4.1382416043389316e-45,0.9999999998699423,3.2412739591685806e-77,1.3027032529482238e-10
2016-06-20,2,risk_on,1.1862831832752483e-16,1.7646536471855124e-44,0.9999999999727152,3.085456770490782e-77,2.7545044615042234e-11
2016-06-21,2,risk_on,4.210910996879734e-18,6.206789757384671e-44,0.9999999999581632,1.5293619361134907e-76,4.186989278859307e-11
2016-06-22,2,risk_on,5.059591292078692e-14,1.656696314287674e-41,0.9999999995106919,1.5903268818936496e-75,4.893895902693714e-10
2016-06-23,2,risk_on,6.4963165587574705e-18,7.965935674716029e-39,0.9999999996234692,1.743220849639731e-73,3.76926319742376e-10
2016-06-24,2,risk_on,9.323354104405717e-13,5.706955222879969e-32,0.9999995454401084,3.690239305954143e-64,4.5455914535218607e-07
2016-06-27,2,risk_on,7.009109430761165e-18,6.57995293834595e-32,0.999999947351172,2.0301088929343752e-64,5.2649163829517324e-08
2016-06-28,2,risk_on,2.3051465921306696e-23,1.936405095915432e-37,0.9999999997417035,3.040319157536828e-71,2.5797325456287595e-10
2016-06-29,2,risk_on,9.097599845940605e-20,1.6449900491722038e-39,0.9999999999290594,9.89112482274671e-73,7.071499466599029e-11
2016-06-30,2,risk_on,1.2080100189309959e-19,8.769576204697149e-41,0.9999999998381099,9.31285265696751e-77,1.6216356162240072e-10
2016-07-01,2,risk_on,4.1877086928019824e-21,2.895314044585481e-39,0.9999999999627107,9.491611182908412e-79,3.7187202632670794e-11
2016-07-05,2,risk_on,6.975425222583192e-20,7.477574533476721e-41,0.9999999997953637,1.95599231370086e-74,2.0456558834251653e-10
2016-07-06,2,risk_on,1.097374245519285e-20,5.205194177088028e-41,0.9999999999236024,4.898769232543537e-78,7.606042473464385e-11
2016-07-07,2,risk_on,5.165379634056459e-20,8.231910674488948e-42,0.9999999998835847,3.4846291080720996e-77,1.166619244401834e-10
2016-07-08,2,risk_on,4.9506935878461004e-20,5.894915927686488e-42,0.9999999999827196,1.8900963301333177e-76,1.7545308367370684e-11
2016-07-11,2,risk_on,1.548935172170857e-19,2.4522406333915746e-42,0.9999999999836291,3.001969762637984e-75,1.6065123063580005e-11
2016-07-12,2,risk_on,1.5738025762891778e-19,9.155038967074158e-42,0.9999999999936335,1.1463903569249274e-75,6.804737282510891e-12
2016-07-13,2,risk_on,2.7237504013068847e-17,3.8861531613400307e-41,0.999999999998181,1.3183987741184687e-74,1.4913182500964289e-12
2016-07-14,2,risk_on,2.4760565989090484e-17,2.2170534180976838e-40,0.9999999999899956,1.0210376378879625e-72,9.968578959264254e-12
2016-07-15,2,risk_on,9.326569042525466e-18,3.906436282337329e-39,0.9999999999599822,9.960499127966246e-72,3.996195764161668e-11
2016-07-18,2,risk_on,4.1051699010669955e-19,2.8568973752005946e-39,0.9999999999299689,7.245163964117873e-73,7.038810082439396e-11
2016-07-19,2,risk_on,7.1997805760929585e-19,4.36688130316611e-40,0.9999999999690772,6.365162218763494e-73,3.066969995396388e-11
2016-07-20,2,risk_on,1.6761575841065017e-19,7.906185842256271e-40,0.999999999992724,5.180629278879724e-74,7.1749295107900445e-12
2016-07-21,2,risk_on,7.171329398802808e-19,4.4329474355367106e-40,0.9999999999899956,3.434855326051913e-75,1.0403787037273845e-11
2016-07-22,2,risk_on,2.4826412444298122e-17,1.4554585737376234e-38,0.999999999996362,1.2403248107936842e-74,3.866231002795033e-12
2016-07-25,2,risk_on,2.3693180172088796e-17,7.604789314682529e-38,0.9999999999818101,4.080782743468681e-68,1.805040604404841e-11
2016-07-26,2,risk_on,9.745966324332273e-13,1.1972721822745881e-33,0.9999999972314981,3.45826380786677e-71,2.767975124890672e-09
2016-07-27,2,risk_on,8.860267597710551e-17,1.7736899458948736e-31,0.9999999998863132,2.7806543420320794e-68,1.1374494811420993e-10
2016-07-28,2,risk_on,4.147351009949944e-20,1.5725896334771174e-36,0.9999999999854481,1.4402722603031003e-67,1.487949988720425e-11
2016-07-29,2,risk_on,2.6956463121722976e-20,1.0293524593139763e-35,0.999999999996362,3.219808136157488e-72,3.779482434573703e-12
2016-08-01,2,risk_on,1.1551095027450112e-20,1.9961563807936948e-39,0.9999999997871782,1.9238840238647024e-72,2.13257675883724e-10
2016-08-02,2,risk_on,6.302498456969146e-21,1.739239524921275e-40,0.9999999999718057,2.7373839755106317e-72,2.8156841236778694e-11
2016-08-03,2,risk_on,2.2364916040419936e-24,1.3524904671132857e-39,0.999999999998181,4.327004056321502e-77,1.7227074945801198e-12
2016-08-04,2,risk_on,7.979733647672974e-25,1.0804408226506966e-41,0.999999999998181,3.14403327678696e-77,1.852012936671192e-12
2016-08-05,2,risk_on,4.02742248741935e-22,4.107508474668323e-41,1.0,3.193437845160777e-74,4.015792195121236e-13
2016-08-08,2,risk_on,2.8106788482283613e-21,2.8143118436307647e-42,0.999999999998181,4.6927316375464596e-74,2.021866116277295e-12
2016-08-09,2,risk_on,2.9405391319449924e-21,2.589248957794563e-41,0.9999999999990905,5.998735878666507e-76,6.751490899132222e-13
2016-08-10,2,risk_on,8.069022614325471e-18,2.1065767735987305e-40,0.9999999999990905,4.676905946557413e-72,1.3450313154803337e-12
2016-08-11,2,risk_on,1.6342299231759817e-17,8.425909935093142e-41,1.0,1.314085437380694e-68,4.186651907153167e-13
2016-08-12,2,risk_on,9.841034762140284e-17,5.5979715220100886e-40,0.9999999999972715,9.280122349527342e-71,2.8563625237233065e-12
2016-08-15,2,risk_on,4.3917771162732307e-17,3.3526218860555595e-39,0.9999999999990905,5.112619419708413e-68,6.895647018141646e-13
2016-08-16,2,risk_on,7.052896822150113e-17,9.053220194594827e-40,1.0,6.479865673786189e-66,4.1757906675119816e-13
2016-08-17,2,risk_on,5.447105426868104e-16,9.05684287273373e-38,0.999999999998181,2.5841444627520345e-66,1.603156638448269e-12
2016-08-18,2,risk_on,2.9082674390181603e-15,4.068310320524226e-37,0.999999999990905,1.8152982078130436e-65,8.969767354251866e-12
2016-08-19,2,risk_on,3.140331159066502e-16,7.281083851761015e-39,0.999999999998181,3.422639687936616e-65,1.3683968029950262e-12
2016-08-22,2,risk_on,3.994752039801604e-15,2.331990948770166e-40,1.0,7.011698421067656e-66,2.8380297253314265e-13
2016-08-23,2,risk_on,3.2284646354663643e-15,1.3299836596153145e-41,1.0,6.241086271830378e-68,1.2873448100158163e-13
2016-08-24,2,risk_on,3.664259267568414e-15,4.191575858064328e-43,1.0,3.789875981095198e-68,8.25198515868882e-14
2016-08-25,2,risk_on,5.659599283509777e-16,8.472833743607312e-44,1.0,1.9171879758556722e-69,1.3812320298822195e-13
2016-08-26,2,risk_on,4.619166570644616e-16,5.940583763240948e-44,0.9999999999990905,9.433930597726213e-70,4.963384051536641e-13
2016-08-29,2,risk_on,4.5305126910584904e-17,4.709489541831427e-43,1.0,1.6378790981292792e-69,3.376802929638515e-13
2016-08-30,2,risk_on,1.0376146654121832e-16,5.199338996214637e-42,0.999999999992724,6.440799180761668e-70,7.1913036566322634e-12
2016-08-31,2,risk_on,1.0311922509498093e-15,2.2023299098762702e-39,0.999999999992724,1.9548630353574762e-69,7.338322273381255e-12
2016-09-01,2,risk_on,2.5514090968548005e-16,2.4222488745468424e-40,0.999999999992724,3.3315219431945995e-67,7.65287537042251e-12
2016-09-02,2,risk_on,2.2006250493910633e-18,1.3781722787719857e-42,0.999999999996362,5.745872166845436e-70,3.860303683020764e-12
2016-09-06,2,risk_on,1.2660804135687066e-17,4.792786436329921e-43,0.9999999999954525,2.1082171440419863e-73,4.91918046842092e-12
2016-09-07,2,risk_on,4.78118635249148e-19,9.95209048779474e-44,0.9999999999990905,3.987460152037219e-75,7.949259844110784e-13
2016-09-08,2,risk_on,8.980196294863535e-19,1.081574419814063e-46,0.9999999999990905,3.161023038399068e-76,8.219172986767719e-13
2016-09-09,2,risk_on,3.0496480557878153e-18,2.1167415945401486e-52,1.0,4.556973240742083e-82,2.2506314273812403e-13
2016-09-12,2,risk_on,4.752073560350583e-19,2.740818286985585e-54,1.0,3.376221196744593e-89,1.3178365912355112e-13
2016-09-13,2,risk_on,1.638406664710837e-18,7.190765018343062e-56,1.0,3.1389034995817718e-93,4.4431184918514693e-13
2016-09-14,2,risk_on,2.0458500585092446e-18,2.8080946051224598e-55,0.9999999999990905,8.844176692277326e-96,8.551792170652976e-13
2016-09-15,2,risk_on,7.826689658441727e-20,6.197151645620336e-56,1.0,4.330225302401386e-96,3.6946375982892705e-13
2016-09-16,2,risk_on,8.495307014548721e-21,1.2419533896818006e-54,1.0,1.2045816803403874e-94,2.4991693899575804e-13
2016-09-19,2,risk_on,4.84293409541069e-21,2.1044105795401906e-57,1.0,1.916129265446746e-95,1.899651563045476e-13
2016-09-20,2,risk_on,5.1381248942012444e-21,7.58231892115678e-59,1.0,1.9931560132128518e-98,4.2207512001898596e-14
2016-09-21,2,risk_on,4.829204017777329e-22,1.703563419544533e-61,1.0,1.8157497488552763e-103,2.670368142354189e-15
2016-09-22,2,risk_on,3.3755938372984846e-23,1.733813234967389e-69,1.0,9.311710029183865e-114,7.920963221953639e-16
2016-09-23,2,risk_on,1.9716676395692998e-24,2.1469723984432153e-88,1.0,7.14983496126134e-149,3.53835924982294e-18
2016-09-26,2,risk_on,1.960742811550493e-23,2.0575045306921785e-105,1.0,1.8265308333501708e-189,1.1887218821143814e-19
2016-09-27,2,risk_on,2.9956961632103078e-25,1.924129240095807e-112,1.0,2.202305420356156e-210,2.0091376509295436e-20
2016-09-28,2,risk_on,8.029492360827025e-26,4.969819653624319e-121,1.0,2.8131864094581685e-230,4.162647837528905e-21
2016-09-29,2,risk_on,7.790818465142134e-26,1.170298121295553e-121,1.0,3.954839924334252e-235,4.355221331699079e-20
2016-09-30,2,risk_on,3.245432863939436e-26,8.822558435626521e-116,1.0,9.414750110819294e-232,8.518312893716242e-20
2016-10-03,2,risk_on,4.2394863129317385e-25,1.595879589270215e-119,1.0,1.9051737551985846e-234,4.548816823415628e-20
2016-10-04,2,risk_on,7.944191719326558e-27,1.8142475872202127e-124,1.0,2.3599454837153928e-241,2.284824450081202e-19
2016-10-05,2,risk_on,2.7141732768489576e-27,2.0981105887468028e-122,1.0,1.2977381643565428e-244,7.21574782635417e-20
2016-10-06,2,risk_on,5.269703701218514e-28,2.5232465306962304e-120,1.0,8.027451888303708e-236,7.116210925160695e-19
2016-10-07,2,risk_on,6.1696782002385046e-27,2.902529557835685e-124,1.0,1.8510270199320065e-239,1.8819811971859303e-18
2016-10-10,2,risk_on,1.089588684391515e-24,1.5955629488630738e-128,1.0,1.5072308633230804e-254,2.2424944110381764e-21
2016-10-11,2,risk_on,4.861084978657547e-25,1.0049665811733184e-132,1.0,1.2126489813499424e-258,1.355831258352261e-20
2016-10-12,2,risk_on,1.39459886844394e-22,2.0110857829172458e-138,1.0,1.1768187868103366e-273,1.9923842475992777e-21
2016-10-13,2,risk_on,6.861778957798706e-22,9.828711459253459e-136,1.0,1.177521613817491e-275,1.7695683936208398e-21
2016-10-14,2,risk_on,1.4699019615766649e-24,7.019102063052593e-135,1.0,1.430664573579941e-274,4.9575714154816093e-20
2016-10-17,2,risk_on,1.2573497416311977e-24,3.1221128760040786e-133,1.0,1.075695183622888e-270,1.4716129344860454e-19
2016-10-18,2,risk_on,8.539362842627903e-25,2.877449202898463e-137,1.0,8.297281277683182e-272,1.3001564638337512e-20
2016-10-19,2,risk_on,1.0340860141557726e-24,3.318998176139417e-137,1.0,3.2618637089963867e-276,1.6633765962033784e-20
2016-10-20,2,risk_on,1.0196665563454559e-26,8.047184211665512e-139,1.0,2.655418956871195e-274,4.9085386468490704e-20
2016-10-21,2,risk_on,1.6673052778200353e-27,1.4979417143046122e-139,1.0,1.0159710014278445e-276,3.4917620302273027e-20
2016-10-24,2,risk_on,6.9082862939796665e-28,8.353391527869431e-140,1.0,3.953158404495712e-273,6.7753240853403066e-21
2016-10-25,2,risk_on,1.5063122688696862e-26,1.2043412079229789e-138,1.0,2.913872899771981e-276,4.4189967408251564e-21
2016-10-26,2,risk_on,2.3776236620598487e-27,1.1272109719008395e-138,1.0,4.4991966161884725e-278,1.2487453449846632e-20
2016-10-27,2,risk_on,6.594520909977666e-27,9.902100763710698e-140,1.0,6.484157777956959e-280,1.0524832017140106e-19
2016-10-28,2,risk_on,2.221650552620549e-26,2.3037407872147716e-136,1.0,2.0493228699550594e-280,5.676764729458154e-20
2016-10-31,2,risk_on,1.4545828634165942e-24,1.144123620136429e-133,1.0,4.7957146034427984e-275,3.0677080753648523e-19
2016-11-01,2,risk_on,1.1984193802103797e-22,6.739362155476815e-130,1.0,2.995260246073873e-268,4.512738500212961e-19
2016-11-02,2,risk_on,1.029265434533012e-22,1.669918305702044e-126,1.0,1.0967137418463767e-258,1.4685856561021568e-17
2016-11-03,2,risk_on,2.3089564813935766e-20,7.700558732225201e-134,1.0,4.381301667939213e-274,5.951329271604979e-18
2016-11-04,2,risk_on,1.0158581409007509e-19,4.755914227735302e-133,1.0,7.029288926782768e-278,1.445870463490238e-18
2016-11-07,2,risk_on,1.7986527422742926e-23,6.965027841907402e-122,1.0,1.46122369483113e-252,5.127705308416233e-19
2016-11-08,2,risk_on,4.905350264980924e-22,4.7629576856097195e-118,1.0,5.805352033149832e-238,1.8901128922417867e-17
2016-11-09,2,risk_on,1.0688304501996097e-21,3.7206522632920624e-95,1.0,1.5746259866502145e-204,8.970846089072952e-16
2016-11-10,2,risk_on,1.757766209319439e-17,5.655273456538479e-90,0.999999999996362,1.3359651455832084e-183,3.688901076704266e-12
2016-11-11,2,risk_on,5.995822110868811e-17,5.988415367458475e-90,0.9999999999845386,1.3723071365435747e-183,1.5805621638188907e-11
2016-11-14,2,risk_on,1.333226034811959e-19,4.378790408808289e-94,1.0,6.907195532026583e-184,7.990394507124675e-15
2016-11-15,2,risk_on,3.692747387220008e-20,3.5071247482485544e-99,1.0,1.6847617355357033e-187,3.3740899366068873e-17
2016-11-16,2,risk_on,4.068071016956242e-19,1.908131517684554e-99,1.0,7.402154526891215e-190,3.614895834350234e-16
2016-11-17,2,risk_on,1.9062741131436065e-19,5.596064742021567e-96,1.0,2.7557175350809387e-187,3.1761544545515946e-15
2016-11-18,2,risk_on,2.554842419280725e-20,1.2014881568301361e-95,1.0,2.0536616468950588e-181,2.8034888324398307e-16
2016-11-21,2,risk_on,6.7600718123381035e-22,3.9083472631285874e-98,1.0,5.662389960662723e-181,2.485664400476302e-17
2016-11-22,2,risk_on,3.8832023729444657e-23,2.4133544126481114e-98,1.0,1.276789740996319e-184,2.661549594130894e-18
2016-11-23,2,risk_on,5.370890922997105e-22,1.8473276834894513e-100,1.0,2.4723181136526673e-183,8.767281239318025e-19
2016-11-25,2,risk_on,7.466870800673035e-23,6.034550778538877e-101,1.0,1.145710628475203e-183,1.0138322222120784e-19
2016-11-28,2,risk_on,5.749401880855924e-22,1.7835918606054502e-98,1.0,2.203920795450027e-176,6.964832499049836e-20
2016-11-29,2,risk_on,1.33816945746937e-21,5.14488392006085e-98,1.0,1.206767422004574e-174,3.765370934519878e-20
2016-11-30,2,risk_on,7.396935010016883e-21,8.372349102081803e-98,1.0,1.7415239381303627e-179,1.0371370951768462e-19
2016-12-01,2,risk_on,1.116242196459649e-19,1.0433517517941004e-97,1.0,5.714890301757523e-178,1.3817194284578542e-19
2016-12-02,2,risk_on,3.2730883198843703e-20,2.9389569497725027e-98,1.0,1.2236187554314297e-178,4.1610208412232424e-20
2016-12-05,2,risk_on,4.950790529777027e-19,4.258511410588526e-97,1.0,1.9573321558754902e-181,1.9719278056363394e-19
2016-12-06,2,risk_on,1.1928392913778357e-19,6.629821940209971e-97,1.0,1.5976999349873457e-183,1.4582101180740734e-19
2016-12-07,2,risk_on,5.645811878039731e-22,2.3274384007312574e-100,1.0,1.4579781808857905e-182,7.561582628276212e-21
2016-12-08,2,risk_on,5.2439649106305293e-20,6.811969864512659e-84,1.0,6.501411873088513e-166,4.325309151398614e-19
2016-12-09,2,risk_on,7.142703940624812e-25,2.7071556582446036e-81,1.0,1.7321944692187998e-141,6.572344809229382e-18
2016-12-12,2,risk_on,1.3187733595685445e-22,2.574426656622173e-69,1.0,3.549158882998341e-126,2.5141608567737232e-17
2016-12-13,2,risk_on,1.4663850240233864e-22,3.2583365271037456e-67,1.0,5.093173355888482e-111,1.479523075760049e-16
2016-12-14,2,risk_on,4.6892273621107476e-21,8.355900097836943e-76,1.0,6.52151117630511e-117,4.793107695033372e-18
2016-12-15,2,risk_on,1.904825467017383e-20,1.627110735387861e-81,1.0,8.237113316777672e-126,7.309535293705746e-19
2016-12-16,2,risk_on,1.3772890534353013e-21,2.667662355859922e-82,1.0,1.330124606813007e-130,5.695376685811289e-19
2016-12-19,2,risk_on,6.916956374908651e-22,3.527265330090933e-83,1.0,6.220054016272492e-131,1.344481672471596e-19
2016-12-20,2,risk_on,3.6262526695105214e-22,3.955535187120864e-80,1.0,9.681702469773272e-127,2.406247400133372e-19
2016-12-21,2,risk_on,8.348496119820447e-22,3.9736430482723098e-78,1.0,6.468032486095555e-122,3.312233099234401e-18
2016-12-22,2,risk_on,5.219495744591339e-22,1.6652873638898507e-77,1.0,5.152259061160334e-122,3.079547348920578e-18
2016-12-23,2,risk_on,2.0208091069367294e-21,6.331357225378517e-79,1.0,9.389178961861504e-122,3.7748130645310367e-19
2016-12-27,2,risk_on,9.362403356583912e-21,7.739428117936807e-78,1.0,1.471431471821114e-122,2.8129428953601737e-19
2016-12-28,2,risk_on,1.2018110161074477e-19,1.6070423552233614e-75,1.0,4.854199038450186e-119,3.414021828891036e-19
2016-12-29,2,risk_on,4.7020694358009526e-20,4.231603008158059e-75,1.0,2.329761291672255e-116,3.2250605660812173e-19
2016-12-30,2,risk_on,1.1202102961472038e-19,7.669203556409114e-79,1.0,1.0557828862308927e-117,2.4283424343467493e-19
2017-01-03,2,risk_on,1.4359033332419645e-18,8.344455175777131e-82,1.0,6.502800999089828e-123,1.829765910349973e-21
2017-01-04,2,risk_on,9.342625671541682e-19,1.339984394036252e-79,1.0,1.4939687318906474e-124,2.6692294686686223e-22
2017-01-05,2,risk_on,8.937656617039697e-20,3.72200305411972e-80,1.0,7.689081271883734e-120,1.1682140232552178e-22
2017-01-06,2,risk_on,1.8544614353018036e-20,5.5987712090952185e-80,1.0,1.0772820384363123e-119,6.275754657273976e-22
2017-01-09,2,risk_on,6.839805478548872e-20,2.531200925368034e-78,1.0,4.011925946236933e-121,7.025134050700758e-21
2017-01-10,2,risk_on,2.08622374760431e-19,4.111078947681854e-79,1.0,5.4916803433606434e-120,3.1982621706451776e-21
2017-01-11,2,risk_on,1.374215906557547e-18,1.0159818046635758e-75,1.0,1.9259421785215203e-119,5.61810855970715e-21
2017-01-12,2,risk_on,2.0985882763324198e-18,1.8818020530384574e-75,1.0,1.324301098686161e-116,1.1848367770137152e-20
2017-01-13,2,risk_on,4.5676431752446e-18,5.507798942713419e-77,1.0,1.2305341122591552e-119,2.3055764677566738e-20
2017-01-17,2,risk_on,8.346846202203674e-17,4.71664893830525e-73,1.0,1.6245047901175032e-116,1.1005621632722083e-22
2017-01-18,2,risk_on,2.0775131367305344e-15,2.859321215631237e-72,1.0,5.066574355165252e-111,4.994955737587152e-23
2017-01-19,2,risk_on,1.496872450660366e-16,1.28254815727418e-70,1.0,1.4307549551550989e-111,6.860096951665456e-22
2017-01-20,2,risk_on,7.32644820740889e-18,3.8183767876814335e-72,1.0,5.025741490728082e-110,2.758903675014622e-21
2017-01-23,2,risk_on,4.9303588046942735e-18,1.1016697473880423e-73,1.0,3.440726192579616e-111,3.473020807843011e-21
2017-01-24,2,risk_on,1.585481257565673e-17,4.2539287374041665e-73,1.0,3.510941264199284e-111,7.097323401901379e-22
2017-01-25,2,risk_on,1.671311173039997e-18,1.6247288257648419e-71,1.0,2.4574746427444227e-107,4.945128733258889e-22
2017-01-26,2,risk_on,1.952369607649905e-18,1.4812533882423167e-72,1.0,6.592141313463396e-105,3.638081153229898e-22
2017-01-27,2,risk_on,2.195988746870563e-17,1.066612515717045e-70,1.0,1.1867165983073794e-104,7.116515222448891e-22
2017-01-30,2,risk_on,1.3599728775894136e-16,2.6017439808605027e-68,1.0,1.7679987650744518e-102,2.346234138807623e-21
2017-01-31,2,risk_on,1.2648090216215786e-17,1.4183217088294002e-66,1.0,2.5116504071762135e-100,1.5517659514076609e-21
2017-02-01,2,risk_on,2.763261999563177e-17,3.271417229857176e-66,1.0,2.427057229922819e-97,8.325690187137084e-22
2017-02-02,2,risk_on,4.33449364944051e-17,2.340912843260258e-66,1.0,3.8707394175177284e-97,6.97541847498632e-21
2017-02-03,2,risk_on,1.1932821401397044e-17,7.250321952660031e-67,1.0,9.34216167861318e-98,6.291198696770596e-21
2017-02-06,2,risk_on,4.937869445360934e-17,1.3125845196814586e-65,1.0,2.649822764277282e-97,4.123887113456425e-20
2017-02-07,2,risk_on,2.368975674376725e-17,3.878708943645919e-67,1.0,2.2084494511879934e-97,1.0552330522669952e-20
2017-02-08,2,risk_on,6.914584138763131e-19,2.546193727230014e-71,1.0,1.5503091591567824e-102,9.396571658543537e-23
2017-02-09,2,risk_on,1.3161789677462548e-18,5.759342611988904e-74,1.0,1.1682311568874225e-107,1.1043866311489372e-22
2017-02-10,2,risk_on,1.705163983189376e-20,1.7624712232456888e-87,1.0,7.471257275208964e-123,9.733554010884427e-25
2017-02-13,2,risk_on,8.60950207721887e-21,1.4996594253592672e-89,1.0,2.243779670711892e-135,5.645411666193497e-25
2017-02-14,2,risk_on,3.41569831354629e-20,1.3732501056153423e-86,1.0,1.1598838091376727e-133,6.514112425128979e-25
2017-02-15,2,risk_on,6.120105120219683e-19,1.6861174810958819e-84,1.0,6.243671193473278e-130,1.1794934499310972e-24
2017-02-16,2,risk_on,5.545326673523852e-19,4.372385248132915e-83,1.0,9.268191631738168e-126,7.738253606843638e-25
2017-02-17,2,risk_on,8.870397830498477e-19,8.63962187241216e-85,1.0,4.939106833524527e-124,6.98796345146109e-26
2017-02-21,2,risk_on,3.881754473781388e-19,6.60775017336852e-87,1.0,2.082610087707836e-127,4.039269362015467e-26
2017-02-22,2,risk_on,6.636475192325953e-19,5.928078187505631e-84,1.0,1.3150293164710071e-126,2.0653457156644874e-26
2017-02-23,2,risk_on,9.0666973215383e-19,6.174807910129793e-84,1.0,1.9448912963954255e-125,1.0902206242486355e-24
2017-02-24,2,risk_on,6.915728220408248e-19,6.113585410279765e-86,1.0,1.4731302970079005e-126,4.388540869717752e-25
2017-02-27,2,risk_on,5.691898688501731e-18,7.797806673422866e-86,1.0,2.139619731549748e-127,4.501780182086234e-26
2017-02-28,2,risk_on,5.3089142345287346e-17,1.696191824456096e-84,1.0,4.1910710937426627e-126,1.381757279497869e-26
2017-03-01,2,risk_on,3.68239191451889e-17,3.012995208046409e-73,1.0,1.1874627141417833e-112,6.764479536557459e-27
2017-03-02,2,risk_on,1.0804793400799611e-17,1.0199030857696152e-74,1.0,7.585300209254589e-104,2.217262950002736e-25
2017-03-03,2,risk_on,3.589514924658967e-18,7.852667584987731e-71,1.0,3.795986812761551e-101,1.7046764193218591e-25
2017-03-06,2,risk_on,2.5761150029944514e-18,2.7032089481268574e-67,1.0,1.665953856611481e-94,3.055200467487879e-24
2017-03-07,2,risk_on,1.7287965144828726e-18,1.8406976133000603e-69,1.0,4.122045128768902e-94,1.3085986094682424e-22
2017-03-08,2,risk_on,1.6490138691190635e-19,1.8164391004447527e-70,1.0,3.388136013144335e-96,8.219572624220423e-24
2017-03-09,2,risk_on,5.043655498858151e-19,4.040708763669195e-71,1.0,7.798606132531872e-98,1.7456613902461977e-23
2017-03-10,2,risk_on,1.1566597192368024e-19,6.995494389106165e-66,1.0,1.5652479107939293e-96,1.3170713092714915e-22
2017-03-13,2,risk_on,8.33011750607201e-20,1.1052404326142632e-67,1.0,2.1103702722259176e-91,2.101712209752563e-22
2017-03-14,2,risk_on,7.79989644835683e-20,1.3566807125810583e-70,1.0,4.1233975598973146e-95,1.0273110863670127e-22
2017-03-15,2,risk_on,8.173623430701447e-21,3.9447939737816154e-76,1.0,1.0679763020761204e-103,7.776178299978167e-24
2017-03-16,2,risk_on,1.0335880457799425e-20,3.313962329736969e-77,1.0,3.297727886896014e-109,1.2408043239963689e-23
2017-03-17,2,risk_on,2.065664104172492e-19,2.716394316550023e-69,1.0,3.3506790077386915e-105,4.840284695061987e-23
2017-03-20,2,risk_on,1.5077431601388554e-19,8.184649084912165e-65,1.0,5.102574593747472e-95,6.469573414092388e-23
2017-03-21,2,risk_on,3.7447530314548326e-19,7.597883354686627e-62,1.0,2.7115316617103956e-89,9.033400636013262e-21
2017-03-22,2,risk_on,1.3237152453134336e-18,2.6908623987738887e-61,1.0,5.749234353697599e-86,3.2212171764351785e-21
2017-03-23,2,risk_on,2.271868116101264e-18,5.222400180289471e-62,1.0,7.67324171775648e-86,3.6360002380643944e-21
2017-03-24,2,risk_on,2.1701057029452794e-18,5.003492114105806e-61,1.0,1.152791775631953e-86,3.0170479826440333e-21
2017-03-27,2,risk_on,2.222129899375197e-18,2.221620862151569e-60,1.0,1.150992627796906e-86,7.809304627957136e-21
2017-03-28,2,risk_on,5.441516938887221e-18,3.64495532679434e-60,1.0,1.1257160417523719e-85,1.169397080825419e-21
2017-03-29,2,risk_on,2.707048423612342e-17,4.188488142649632e-59,1.0,1.8552623236547944e-84,1.0558911253609384e-21
2017-03-30,2,risk_on,7.938113288740789e-16,2.5704520225627517e-60,1.0,6.1296032365450385e-86,7.169712905976538e-21
2017-03-31,2,risk_on,1.4165461152853915e-16,4.586233690861939e-59,1.0,8.382067870574688e-86,2.8958535916225477e-22
2017-04-03,2,risk_on,2.4408665343056128e-17,1.6117372915515352e-59,1.0,3.4826538707600485e-84,2.0545326986851318e-22
2017-04-04,2,risk_on,3.772980056592242e-18,5.365255223772353e-60,1.0,5.405313565329706e-86,1.2222971315661536e-22
2017-04-05,2,risk_on,2.1140360944262008e-17,1.8972920896540608e-59,1.0,6.584335064892211e-85,2.932951888520698e-23
2017-04-06,2,risk_on,5.076647130484949e-17,1.416810873935567e-58,1.0,3.6276358712361596e-84,2.9834187316089225e-23
2017-04-07,2,risk_on,1.1541397566873263e-16,6.563929662294568e-59,1.0,1.9346697562996807e-83,2.4749100145917043e-23
2017-04-10,2,risk_on,1.1480123427699418e-15,3.492193076513721e-59,1.0,2.4248576204532343e-83,2.834479638463134e-23
2017-04-11,2,risk_on,8.153960668106458e-15,5.439857491637565e-58,1.0,3.1260849916219783e-82,7.398126206598187e-24
2017-04-12,2,risk_on,1.5978248066556045e-14,1.7162381040652177e-53,1.0,1.3814051835719488e-79,1.7858757179186522e-23
2017-04-13,2,risk_on,1.128172056921414e-15,2.657097223997393e-54,1.0,2.877107539831624e-78,1.1884350666583276e-21
2017-04-17,2,risk_on,2.716061375415627e-17,1.365112851991966e-56,1.0,8.58585729230951e-79,7.3871118573041e-23
2017-04-18,2,risk_on,2.239079544637379e-17,1.0181742821510519e-57,1.0,1.0450250623998546e-80,8.8255052615296e-23
2017-04-19,2,risk_on,3.877704529127605e-17,4.591906409712236e-59,1.0,1.196152196318639e-82,3.310811821028605e-22
2017-04-20,2,risk_on,1.6480771087423513e-16,8.222935894296355e-56,1.0,3.6056292126774373e-81,3.5901665687158844e-23
2017-04-21,2,risk_on,1.7695320182090175e-16,5.56889037973445e-56,1.0,6.403516802397344e-79,8.148622427526293e-23
2017-04-24,2,risk_on,3.500584471534604e-18,1.348835604945578e-56,1.0,1.3143060390812716e-82,3.8069556053006383e-23
2017-04-25,2,risk_on,2.133809523598834e-17,1.3344472477476998e-59,1.0,2.7114163771321243e-82,2.1694386140844314e-23
2017-04-26,2,risk_on,1.3235286898380765e-18,4.944444689416556e-61,1.0,6.165078164126617e-86,9.64019676500326e-24
2017-04-27,2,risk_on,5.88459603499535e-19,1.1777189983452698e-62,1.0,1.0136712246680293e-88,2.8026231780204447e-23
2017-04-28,2,risk_on,1.2549515894457956e-18,2.018191978427479e-62,1.0,1.2904776759185918e-89,4.3455399071562714e-23
2017-05-01,2,risk_on,2.0778317198744958e-19,5.118103959368132e-60,1.0,5.863563309511166e-91,2.3807897590578072e-22
2017-05-02,2,risk_on,1.2855653128768866e-18,6.9427447287219e-61,1.0,2.5318405479930874e-87,1.4630035965272564e-22
2017-05-03,2,risk_on,4.92997165951733e-18,6.010391440390257e-60,1.0,4.0408175467175525e-87,2.8544891943320725e-22
2017-05-04,2,risk_on,1.8567390029385594e-18,9.960564537388355e-60,1.0,4.5483471181910025e-86,1.690301425078089e-22
2017-05-05,2,risk_on,4.473445185677887e-19,3.258135816542829e-60,1.0,2.914103992643967e-86,2.3350468616392195e-22
2017-05-08,2,risk_on,2.010351539145338e-19,9.576020020690353e-62,1.0,7.183840943860027e-88,1.6636164644938076e-22
2017-05-09,2,risk_on,1.654953519400784e-18,7.215873073202274e-61,1.0,8.375901562272793e-88,3.1855333442657296e-23
2017-05-10,2,risk_on,9.518798023894007e-18,1.2262083985571932e-58,1.0,9.053752292300645e-87,7.374786779442422e-23
2017-05-11,2,risk_on,1.824342609186443e-16,1.416506384143837e-57,1.0,1.1921039069279743e-84,1.8284598286137408e-22
2017-05-12,2,risk_on,1.2574248707973612e-16,7.962419782241191e-58,1.0,4.854099484839853e-86,4.2412576516477074e-21
2017-05-15,2,risk_on,5.576923268197921e-17,3.549753560508605e-58,1.0,7.158727096252312e-84,1.7165946676172868e-22
2017-05-16,2,risk_on,1.730734691154274e-17,1.6535785128888044e-59,1.0,1.1796143303928211e-85,6.16321741551581e-22
2017-05-17,2,risk_on,8.618295380428275e-16,7.734587181000942e-57,1.0,1.922394387182178e-82,1.0558117239917454e-21
2017-05-18,2,risk_on,2.73249350812326e-16,4.955836936351102e-56,1.0,5.382881724762587e-81,2.0061741115223163e-22
2017-05-19,2,risk_on,8.382107379326401e-19,1.373813387251511e-57,1.0,1.0270123936141522e-83,6.047383411119867e-23
2017-05-22,2,risk_on,2.703284802446799e-19,6.366014873457024e-60,1.0,1.1830505393026679e-85,5.69335414032886e-23
2017-05-23,2,risk_on,1.0184702441455344e-20,9.66426615257288e-62,1.0,2.7545837118605415e-88,1.8086140552425182e-22
2017-05-24,2,risk_on,6.978146240532921e-21,1.1279323111624174e-63,1.0,1.7068903128679345e-90,3.6590834271305294e-23
2017-05-25,2,risk_on,2.086046036971107e-21,3.8078334312496115e-63,1.0,2.9891735222499833e-92,3.3713230789533105e-23
2017-05-26,2,risk_on,1.0416332213263678e-21,3.4005418099354874e-64,1.0,3.539604954068068e-92,1.9311121136173576e-23
2017-05-30,2,risk_on,2.433734448860603e-21,4.851279887717436e-64,1.0,3.355806745424103e-92,1.1763365819039506e-23
2017-05-31,2,risk_on,6.19482561437948e-21,2.0525053796373576e-70,1.0,6.139192736203819e-94,2.4500685846004794e-23
2017-06-01,2,risk_on,1.4213847281523756e-21,7.295675773839387e-70,1.0,1.710682639223278e-102,4.421212210162165e-24
2017-06-02,2,risk_on,1.2399619450040284e-20,3.2868133295015888e-71,1.0,8.572950169895358e-99,1.4376700977528827e-26
2017-06-05,2,risk_on,2.420964179629783e-20,2.9084940288353705e-69,1.0,2.3955426411319807e-100,7.817395543560313e-26
2017-06-06,2,risk_on,3.0816833786250897e-20,3.338597044997774e-68,1.0,5.786230518587052e-99,1.3362499079353067e-25
2017-06-07,2,risk_on,6.320405046280141e-21,2.440048760959465e-66,1.0,2.460514196042007e-96,3.920191377525578e-26
2017-06-08,2,risk_on,1.988064127567095e-20,5.7556263072222616e-67,1.0,8.671690234085961e-95,1.9531928986638712e-25
2017-06-09,2,risk_on,4.510363389373992e-20,5.104026472561198e-67,1.0,2.8446972644570372e-95,1.0346058510583126e-25
2017-06-12,2,risk_on,1.7661856648423677e-20,3.169561363801095e-67,1.0,4.628988734658484e-95,7.381366546621977e-26
2017-06-13,2,risk_on,1.2052909505894154e-21,1.8021276901961093e-67,1.0,1.0081716706230531e-95,9.591992683765506e-27
2017-06-14,2,risk_on,3.602588519852819e-20,4.236142306597977e-65,1.0,2.390825963831879e-96,1.1398980998288425e-26
2017-06-15,2,risk_on,4.5999229233673793e-20,1.5395062691814157e-63,1.0,4.162028456927567e-93,3.5287895480236356e-26
2017-06-16,2,risk_on,1.5702199053490046e-17,3.1039935317464146e-62,1.0,1.842488630800493e-93,1.8968732334708076e-26
2017-06-19,2,risk_on,1.514741951631822e-17,5.806948470972709e-60,1.0,3.4084426975312044e-89,1.4151111077779472e-27
2017-06-20,2,risk_on,3.471507457685109e-18,8.884843005048834e-60,1.0,9.229141690118007e-87,3.897578139532288e-27
2017-06-21,2,risk_on,3.3572467370123705e-18,3.6747591481208204e-61,1.0,2.6689907099120634e-87,3.96122986642403e-27
2017-06-22,2,risk_on,3.167617555629316e-18,1.3989523034213712e-59,1.0,4.178244690132522e-88,6.315209817861707e-28
2017-06-23,2,risk_on,3.194280550807996e-19,2.107893445271415e-60,1.0,2.884352650611464e-89,8.295279900532232e-27
2017-06-26,2,risk_on,2.0555354538486218e-18,8.574217143471275e-60,1.0,3.492730715508803e-89,1.7103229274022425e-27
2017-06-27,2,risk_on,4.536850626882905e-18,1.4671709445516497e-65,1.0,7.609039359931542e-87,2.740679929466767e-26
2017-06-28,2,risk_on,6.37219788110387e-19,2.2905769450008865e-64,1.0,1.575413939090063e-92,1.9979177418596355e-26
2017-06-29,2,risk_on,7.110842524246702e-18,1.7111610271793114e-69,1.0,1.2542745808378073e-90,4.1693369976038004e-26
2017-06-30,2,risk_on,6.444052277221702e-18,3.654166680968285e-67,1.0,6.495687835584348e-96,3.1183659881002747e-25
2017-07-03,2,risk_on,7.753996630288541e-17,1.2961367155141234e-67,1.0,8.871136874913901e-95,5.472708339735319e-25
2017-07-05,2,risk_on,2.8979383330685526e-17,5.480959072584614e-66,1.0,9.562573129334234e-95,1.5226323599132733e-25
2017-07-06,2,risk_on,1.1511181425501295e-16,9.825883397693763e-71,1.0,4.644773901844231e-96,1.2749690975787704e-24
2017-07-07,2,risk_on,1.2404112504493069e-17,3.0056680326093114e-70,1.0,1.1773484067328002e-100,5.212629582601537e-25
2017-07-10,2,risk_on,9.559734860319385e-18,1.926046176733013e-70,1.0,6.805518854983211e-99,5.293061421715801e-25
2017-07-11,2,risk_on,1.4848050587769572e-16,8.447080056440749e-72,1.0,9.733752846386949e-101,7.952129735840951e-25
2017-07-12,2,risk_on,7.001548136009534e-17,5.2077608209263625e-73,1.0,2.2288653178731322e-104,6.274866577258004e-26
2017-07-13,2,risk_on,2.2217719780417058e-17,7.010777635332795e-74,1.0,1.0657198248746181e-106,1.1991671122639359e-25
2017-07-14,2,risk_on,1.1857912054312682e-16,2.354452444532402e-75,1.0,1.531958391774914e-109,8.988346910987032e-26
2017-07-17,2,risk_on,1.6832183627797693e-16,2.7195389603851292e-76,1.0,2.0007392291203591e-112,1.4376333914662505e-26
2017-07-18,2,risk_on,4.7099342284435245e-17,9.12261759326179e-78,1.0,2.8388601057315443e-114,3.937695464189162e-27
2017-07-19,2,risk_on,9.088188847161285e-17,1.9289432836105808e-77,1.0,2.36545169758884e-115,4.931703956279354e-27
2017-07-20,2,risk_on,7.619079222434372e-17,1.5322033591156074e-79,1.0,4.0275008593783456e-116,5.197381293037248e-28
2017-07-21,2,risk_on,3.0624546294724444e-17,1.104178511323413e-77,1.0,2.0042696752465637e-116,2.584169654467634e-28
2017-07-24,2,risk_on,6.115427749429417e-17,7.219057512212892e-83,1.0,4.3558970880015336e-119,1.2153197990942702e-27
2017-07-25,2,risk_on,1.481095804986134e-17,3.611152914390588e-85,1.0,3.522959414323386e-126,1.0283527055524091e-27
2017-07-26,2,risk_on,3.821047940500089e-18,2.277300752013874e-87,1.0,1.1278235336507583e-130,5.003235463494802e-27
2017-07-27,2,risk_on,1.9830106181886492e-17,6.262078951067277e-88,1.0,3.4463397952935605e-131,1.9482875543245817e-28
2017-07-28,2,risk_on,6.771787351778134e-18,5.399092998977804e-89,1.0,4.765249916545709e-134,1.801848385988849e-27
2017-07-31,2,risk_on,3.5664324342903685e-17,1.2597390282725918e-91,1.0,4.1685092505643694e-135,1.2868481099907744e-29
2017-08-01,2,risk_on,7.130139474291461e-17,7.771950083180895e-93,1.0,3.400141084910471e-139,2.714405610455711e-30
2017-08-02,2,risk_on,5.940189745494374e-16,4.506103517027031e-93,1.0,1.8715830495136466e-140,1.0144071767456734e-30
2017-08-03,2,risk_on,3.844380405702806e-16,9.607689833261661e-92,1.0,3.942850520827292e-139,3.1508714075355687e-31
2017-08-04,2,risk_on,3.244110732013859e-16,8.381260642001984e-92,1.0,5.671122420713711e-137,2.3084624873029455e-32
2017-08-07,2,risk_on,1.1036433866969968e-16,3.7789300069425623e-90,1.0,1.9500730073586798e-136,3.278238339961808e-32
2017-08-08,2,risk_on,4.472691287484424e-16,1.220497322766989e-90,1.0,4.8096482078975804e-136,2.01113140983368e-31
2017-08-09,2,risk_on,1.307889259048704e-15,8.942105321971797e-89,1.0,9.374190667566599e-136,4.949293306297648e-31
2017-08-10,2,risk_on,1.7708577950841892e-13,5.201665163963872e-81,1.0,1.3998082147862517e-127,8.72219299554032e-29
2017-08-11,2,risk_on,2.4385827017756616e-14,6.063058394178259e-80,1.0,7.102506396578853e-120,3.264384690025299e-29
2017-08-14,2,risk_on,4.477275955712799e-16,3.0662241684701276e-81,1.0,8.84881122406004e-118,1.2561189355498224e-29
2017-08-15,2,risk_on,4.665588711637273e-16,1.8559412049242263e-84,1.0,1.3560108390254403e-119,6.1693856679077336e-30
2017-08-16,2,risk_on,1.7000642947474814e-16,5.162141115110756e-96,1.0,6.49929559948593e-138,4.500943929654941e-31
2017-08-17,2,risk_on,5.667618103817505e-15,1.2700057813939773e-87,1.0,3.0239910913192275e-140,1.989203245331488e-29
2017-08-18,2,risk_on,7.276072392384389e-16,8.368212169791767e-87,1.0,2.51807281546617e-131,1.4342412181224925e-29
2017-08-21,2,risk_on,1.8499815291987769e-16,4.031362210897231e-90,1.0,7.18228246243845e-132,6.973764630474708e-30
2017-08-22,2,risk_on,1.4048528662370796e-17,3.6965658461310034e-90,1.0,5.622425895782368e-133,2.05436023736494e-30
2017-08-23,2,risk_on,4.279458326814424e-17,2.781520061218708e-89,1.0,5.12554050092795e-130,8.94073223816558e-31
2017-08-24,2,risk_on,2.0885188113145827e-17,1.007935291724564e-90,1.0,1.779050998319108e-131,2.1142868148408565e-30
2017-08-25,2,risk_on,8.675847936997924e-18,9.433420480080543e-92,1.0,7.495252934500622e-133,2.413398440220612e-31
2017-08-28,2,risk_on,1.2734986051194667e-17,2.4466728713786116e-92,1.0,3.442016163852371e-134,2.3433392270692867e-31
2017-08-29,2,risk_on,2.866261191617737e-18,3.518776677646624e-92,1.0,1.578889483115588e-135,1.8857526491886328e-31
2017-08-30,2,risk_on,1.3599369273627899e-17,1.919060687924095e-93,1.0,2.1661410073355196e-136,3.6855410597387234e-31
2017-08-31,2,risk_on,3.794664595416368e-17,1.6068285082141008e-90,1.0,8.679381207781766e-136,2.405664564127744e-31
2017-09-01,2,risk_on,3.19222807661251e-17,6.1820173971646604e-89,1.0,1.573670642333092e-134,2.4431645404772995e-30
2017-09-05,2,risk_on,5.726669094597298e-17,3.0417287051471437e-83,1.0,1.5372964596443458e-125,8.092223374816584e-31
2017-09-06,2,risk_on,3.061803314487235e-17,9.325249740824699e-84,1.0,7.266109891387438e-122,7.025728092586989e-30
2017-09-07,2,risk_on,7.123535195133022e-19,2.596559572183904e-83,1.0,1.2777824414719823e-121,5.588378252036432e-31
2017-09-08,2,risk_on,2.150755961138305e-18,1.9288479376009614e-84,1.0,1.8426506362064904e-121,2.3362676877448587e-30
2017-09-11,2,risk_on,3.982438808431388e-16,1.418190677335091e-76,1.0,3.7174735772479714e-118,2.652511918712493e-30
2017-09-12,2,risk_on,1.1629057054921038e-15,2.3364223752647424e-74,1.0,1.8510006813171626e-110,1.124500379884747e-29
2017-09-13,2,risk_on,8.209796048648721e-17,1.6363332851313743e-75,1.0,5.390841213829027e-109,1.456922049823567e-29
2017-09-14,2,risk_on,1.8753194968995657e-16,1.6160208922211677e-76,1.0,6.697931382790159e-109,1.86313544160618e-30
2017-09-15,2,risk_on,3.8850167665911495e-16,5.901888750949872e-76,1.0,2.030079366945708e-109,1.1089627785831484e-30
2017-09-18,2,risk_on,3.3657922305100627e-15,5.879903774845417e-76,1.0,2.1878508641837813e-110,5.045240354857649e-31
2017-09-19,2,risk_on,3.9571815561988713e-16,6.036196275469981e-78,1.0,4.449927023972075e-112,2.0902786815672034e-31
2017-09-20,2,risk_on,4.4386228428694183e-16,5.73118583992433e-78,1.0,3.2606008436533876e-111,5.232342777348731e-32
2017-09-21,2,risk_on,1.8955245715128846e-15,8.663839123544654e-80,1.0,1.6943832500563272e-114,1.0380725730540277e-30
2017-09-22,2,risk_on,7.986805157416443e-16,2.6411716317683322e-79,1.0,1.611094502837679e-116,3.137909618764835e-31
2017-09-25,2,risk_on,2.1444609910069616e-15,1.8579182868650693e-78,1.0,1.377208611811086e-114,1.8998177157590627e-31
2017-09-26,2,risk_on,2.617788929133005e-15,8.438827798096892e-71,1.0,2.0674249197764834e-108,1.1076519634212263e-30
2017-09-27,2,risk_on,1.2859539261856675e-14,2.2301252871705284e-70,1.0,3.1108790690146734e-101,2.0862809201582985e-29
2017-09-28,2,risk_on,6.103617214442425e-15,1.18322583272874e-64,1.0,3.7623609625183337e-100,4.7636306812411035e-28
2017-09-29,2,risk_on,6.4887708692049345e-15,1.191229764652638e-65,1.0,1.5967168482151176e-93,1.3900706484060388e-28
2017-10-02,2,risk_on,1.1785691305809848e-14,1.545398691333781e-65,1.0,2.675275191460202e-94,1.35920841137255e-28
2017-10-03,2,risk_on,4.0056371491229096e-15,4.6608123163040574e-65,1.0,2.6699031089452285e-93,2.1163776675589615e-28
2017-10-04,2,risk_on,1.430538212391072e-13,1.1004059409874066e-60,1.0,4.240572208499424e-93,5.096198551742137e-28
2017-10-05,2,risk_on,2.003980346718339e-14,1.1998891778578334e-59,1.0,7.897289131724704e-89,4.87254005032709e-28
2017-10-06,2,risk_on,1.2403030169826031e-14,2.0182866632557726e-61,1.0,1.2476598470523338e-87,2.4428678795993505e-28
2017-10-09,2,risk_on,3.075613341354263e-14,2.3040468058969114e-60,1.0,2.575885246406233e-87,7.691884221422271e-29
2017-10-10,2,risk_on,2.2399042609550527e-14,1.4873581267844511e-58,1.0,3.104686859752554e-87,3.2033711791121644e-28
2017-10-11,2,risk_on,2.3301052592349093e-14,1.6927559408963606e-59,1.0,3.1229317664561936e-87,9.281227033717837e-28
2017-10-12,2,risk_on,4.341032750929752e-14,3.611049249826767e-60,1.0,2.2913145702751962e-88,9.989087375735875e-29
2017-10-13,2,risk_on,1.9683428509796822e-14,2.6064921228481138e-61,1.0,2.333005514010913e-89,2.8485687132281384e-29
2017-10-16,2,risk_on,5.31100579053017e-14,1.8970644756308856e-61,1.0,1.066593730882168e-89,5.18071117822815e-30
2017-10-17,2,risk_on,9.958916252081344e-14,7.032986416612338e-62,1.0,6.548166831237462e-90,3.326704798238598e-30
2017-10-18,2,risk_on,6.9730574999677e-14,1.4677518044624781e-61,1.0,7.794259752128733e-90,6.092433993417167e-31
2017-10-19,2,risk_on,3.2970431898041864e-13,6.630276890778631e-63,1.0,2.4795473788352253e-91,1.699589778723021e-30
2017-10-20,2,risk_on,3.73114771901712e-13,4.4847315160984424e-61,1.0,5.016184964001124e-91,1.405364606950939e-31
2017-10-23,2,risk_on,4.50881774822917e-13,1.7558376713308407e-60,1.0,5.038790760320841e-88,4.705510868330562e-31
2017-10-24,2,risk_on,5.730325869060061e-13,1.4194721197481873e-59,0.9999999999990905,4.5123546838968504e-86,6.480435255399738e-31
2017-10-25,2,risk_on,1.918656514430736e-12,9.464153046313027e-60,0.999999999998181,1.2287731012322929e-85,3.847802301902832e-30
2017-10-26,2,risk_on,1.110205777122889e-12,2.696294563045971e-60,0.9999999999990905,9.081369176724227e-88,1.7302871322012297e-29
2017-10-27,2,risk_on,1.8701358530038095e-13,1.1148963359430716e-63,1.0,1.048994182785104e-87,2.6561838133600544e-31
2017-10-30,2,risk_on,6.681922951349824e-13,1.0556428666644312e-63,0.9999999999990905,2.6418801373870787e-91,4.7965467603241e-32
2017-10-31,2,risk_on,1.1869931076095797e-12,5.014169716529055e-63,0.9999999999990905,9.889001359336715e-92,1.509194902792574e-32
2017-11-01,2,risk_on,4.325941276546965e-12,8.137410554051211e-63,0.9999999999954525,2.0820537813933563e-91,1.4768245229911912e-32
2017-11-02,2,risk_on,3.1261017521685283e-12,5.4362989687136e-63,0.9999999999972715,1.0391900353321182e-92,1.9219448688301486e-32
2017-11-03,2,risk_on,1.0127174923517815e-12,3.254009580523229e-64,0.9999999999990905,5.309564154087612e-94,3.7077985849259344e-33
2017-11-06,2,risk_on,3.852111819672651e-12,2.626747337995271e-64,0.999999999996362,2.399818552325948e-94,3.37905793124499e-34
2017-11-07,2,risk_on,6.498814707508428e-12,7.417168105560366e-64,0.9999999999936335,6.521200008010167e-95,2.1818373467189434e-34
2017-11-08,2,risk_on,1.8829952400303195e-13,6.694277460185051e-62,1.0,1.0583710553221069e-90,4.299138861020019e-35
2017-11-09,2,risk_on,9.687641556634388e-14,3.180512505049372e-64,1.0,1.4527323307529602e-88,8.32474459140564e-34
2017-11-10,2,risk_on,1.3813582003351286e-13,7.628787303996404e-70,1.0,1.641417840501717e-92,7.738542188318841e-34
2017-11-13,2,risk_on,1.0149349810716275e-13,8.000585371839901e-68,1.0,4.457319613562859e-96,9.544671953166366e-35
2017-11-14,2,risk_on,1.8992763087334512e-13,2.533321341813812e-67,1.0,5.736807085856998e-95,8.37470332787334e-34
2017-11-15,2,risk_on,1.3252944239279632e-11,2.568614885157662e-65,0.9999999999863576,1.344990586648006e-94,4.576420576792964e-34
2017-11-16,2,risk_on,3.155118395170124e-12,1.8066883184160989e-63,0.9999999999972715,9.944034574786434e-93,7.797792140787585e-35
2017-11-17,2,risk_on,2.374760947404684e-12,5.740308143828461e-63,0.9999999999972715,5.614939266297414e-91,1.2463619709940104e-35
2017-11-20,2,risk_on,2.868076020161667e-12,3.506834702296261e-65,0.9999999999972715,1.57268484320722e-93,1.3607392811351298e-35
2017-11-21,2,risk_on,4.0948966558005684e-12,3.066064159232112e-66,0.9999999999954525,2.2890092615774226e-95,7.070709042927516e-37
2017-11-22,2,risk_on,3.442542893486301e-11,4.542244650961741e-66,0.9999999999654392,5.717711318088747e-98,1.330483790946628e-36
2017-11-24,2,risk_on,1.2168347874294683e-11,5.492592818659577e-65,0.9999999999881766,1.3289605637554936e-96,1.1011496083685847e-37
2017-11-27,2,risk_on,3.399810518829954e-11,1.6622488303227604e-66,0.9999999999663487,1.671680932958545e-96,2.9178080633366706e-37
2017-11-28,2,risk_on,1.879336649186474e-12,1.4386766042462644e-67,0.999999999998181,3.930498748131697e-96,2.028318180856862e-38
2017-11-29,2,risk_on,2.5165498720300853e-12,3.1008216607947502e-71,0.9999999999972715,6.167014394554538e-98,2.6244365592221086e-38
2017-11-30,2,risk_on,7.490848742783654e-12,5.931820555966e-70,0.999999999992724,7.270716563965186e-99,5.308985473513486e-39
2017-12-01,2,risk_on,3.0666693804528614e-11,1.6285056660287382e-69,0.9999999999690772,3.9603354697378407e-100,5.167062550472099e-39
2017-12-04,2,risk_on,5.549378389412341e-11,3.138528131184871e-71,0.9999999999445208,1.4317303572615144e-100,1.4177074177312106e-39
2017-12-05,2,risk_on,4.99310767048741e-11,6.648715680303544e-70,0.9999999999499778,2.1427347524199727e-103,2.843000540891654e-39
2017-12-06,2,risk_on,1.3824474555079191e-11,1.0480924037981622e-69,0.9999999999863576,4.042104279880555e-102,2.4770446223263623e-38
2017-12-07,2,risk_on,1.9779971106128783e-11,8.679538397141337e-71,0.9999999999799911,1.278374705728038e-102,2.5685283377098935e-38
2017-12-08,2,risk_on,6.598416843682291e-12,9.678848539278098e-76,0.9999999999936335,1.253741603626165e-105,4.2505378460455165e-39
2017-12-11,2,risk_on,1.3466418222759524e-11,6.410121963151848e-78,0.9999999999863576,1.5544882810884893e-112,1.1732089435072987e-39
2017-12-12,2,risk_on,3.072045854495154e-11,3.161953895040232e-77,0.9999999999690772,1.782584437178293e-113,9.363906790161525e-41
2017-12-13,2,risk_on,2.560928086783228e-11,6.693962763706144e-77,0.9999999999745341,3.784256858597786e-112,5.102459968404153e-41
2017-12-14,2,risk_on,3.626758973146862e-11,3.962151490047568e-77,0.9999999999636202,5.7232206747907e-113,4.031501902243428e-41
2017-12-15,2,risk_on,1.0187073342219789e-10,5.580826959278192e-79,0.9999999998981366,1.7173275354278064e-115,7.093893711228895e-42
2017-12-18,2,risk_on,3.774767063674585e-11,6.443707580172289e-75,0.9999999999618012,2.237273508836166e-113,1.2122973590132082e-41
2017-12-19,2,risk_on,2.211527877379029e-11,2.761684465532553e-79,0.9999999999781721,2.9826131371290374e-111,3.646559066025092e-40
2017-12-20,2,risk_on,1.949350863047274e-11,2.707670202520539e-82,0.9999999999809006,9.15122824971177e-120,9.864347355883848e-39
2017-12-21,2,risk_on,5.905594346434949e-11,1.6776164821014302e-83,0.9999999999408828,4.2596190789751545e-124,3.3857815020643748e-40
2017-12-22,2,risk_on,5.184337550697405e-11,8.389173722768957e-84,0.9999999999481588,2.401725662297587e-126,2.5962999677728497e-40
2017-12-26,2,risk_on,8.172096467095507e-11,5.474400675681671e-85,0.9999999999181455,2.0742597762851798e-128,8.892166640100926e-41
2017-12-27,2,risk_on,6.071599135245308e-11,3.0161850783028423e-85,0.9999999999390639,4.5081532741279907e-128,2.898059408483207e-42
2017-12-28,2,risk_on,9.265741106887734e-11,1.0460240078398876e-85,0.9999999999072315,3.1659097069981257e-132,2.200034755160754e-41
2017-12-29,2,risk_on,2.1089215337071294e-10,4.004048511270956e-84,0.9999999997889972,1.0393551648176044e-131,1.9153561383072705e-41
2018-01-02,2,risk_on,5.671918189920026e-10,1.5712695488295442e-82,0.9999999994324753,2.8849370933064107e-130,1.2013702828697374e-40
2018-01-03,2,risk_on,2.170181094474923e-10,7.204206941135303e-85,0.9999999997826308,1.8337735720603787e-129,1.867560644043756e-42
2018-01-04,2,risk_on,1.1919004375004284e-09,9.670784923667078e-87,0.9999999988076524,4.666001835962394e-134,3.085664484352602e-43
2018-01-05,2,risk_on,1.057465448348133e-09,1.879638756080154e-86,0.9999999989422577,5.679057393999989e-133,1.403832436668441e-44
2018-01-08,2,risk_on,1.119809648871426e-09,1.0391823134432207e-83,0.999999998880412,1.3413618444940024e-129,2.409969509708476e-44
2018-01-09,2,risk_on,3.649118493912604e-10,4.618694704801535e-83,0.9999999996352926,5.0805911842650886e-127,1.5915318131746688e-42
2018-01-10,2,risk_on,1.1817419594786662e-10,5.983452115693166e-86,0.9999999998817657,4.9806670248257073e-129,1.4024294921627288e-41
2018-01-11,2,risk_on,3.1251013984158606e-10,1.764861782943266e-89,0.9999999996871338,7.020933749647001e-133,1.1802726438976477e-43
2018-01-12,2,risk_on,1.2723635527288794e-09,2.9549093576869594e-91,0.9999999987276169,1.3588952574930712e-139,1.0570927515564761e-44
2018-01-16,2,risk_on,4.217622393880642e-09,1.085619584739002e-90,0.9999999957826731,5.7625313907033106e-142,9.535633913984408e-46
2018-01-17,2,risk_on,1.9571048572628884e-08,1.4356273899790754e-88,0.9999999804285837,1.5642293879118027e-137,1.0917195435326415e-47
2018-01-18,2,risk_on,2.6568589308842294e-08,1.8845958466975616e-89,0.9999999734318411,9.268994876774168e-138,4.270180445284163e-46
2018-01-19,2,risk_on,4.954110193792603e-09,2.264191261078732e-90,0.9999999950459824,2.0038832050998355e-140,4.228126792328203e-45
2018-01-22,2,risk_on,4.520912715508938e-09,2.332057996966702e-93,0.9999999954789018,6.177384770062204e-139,1.3783107842697866e-47
2018-01-23,2,risk_on,4.861350847781373e-09,4.622838393768347e-95,0.9999999951387508,2.928429783456889e-140,2.3103088463957273e-49
2018-01-24,2,risk_on,6.4941565944435346e-09,3.8504588914069673e-97,0.9999999935062078,3.6847179037196803e-144,3.1777392294860398e-49
2018-01-25,2,risk_on,5.258378780605206e-09,9.870714017240155e-98,0.9999999947413016,5.756046510004148e-147,2.181100625521927e-50
2018-01-26,2,risk_on,2.2915956790176338e-08,1.9957490381260334e-90,0.9999999770843717,7.026438714829748e-139,6.903650220379379e-51
2018-01-29,2,risk_on,4.2920781138124076e-07,2.6740028777911987e-91,0.999999570792262,2.4298341939520648e-136,2.6486873762750365e-49
2018-01-30,2,risk_on,2.9687591826672256e-05,1.597207505920406e-92,0.9999703124081303,6.372446173960133e-141,8.790593986208609e-47
2018-01-31,2,risk_on,0.0004511917773856156,4.968773856293676e-89,0.9995488082228585,4.0405861830924096e-139,3.5636511952655077e-48
2018-02-01,2,risk_on,0.01827091107590748,1.5289600645644592e-90,0.9817290889240567,8.006968190790342e-145,1.2688372163665795e-43
2018-02-02,0,inflation_rates_shock,0.9928537967342049,1.390218562377939e-106,0.007146203265434852,6.223882501766089e-164,7.201749983222067e-41
2018-02-05,0,inflation_rates_shock,1.0,1.760972220352366e-75,5.316691427843778e-28,4.445889524362457e-161,3.9229562052100565e-50
2018-02-06,0,inflation_rates_shock,1.0,3.9889243049909367e-75,1.642623792496537e-20,4.108282892072681e-127,3.6920211463198014e-69
2018-02-07,0,inflation_rates_shock,1.0,3.635648908581444e-77,9.112992287859105e-19,5.191315820909519e-129,3.9022897517530965e-60
2018-02-08,0,inflation_rates_shock,1.0,9.616011554491493e-74,2.4356156065384437e-29,1.5343550359557828e-131,1.8977066376972772e-57
2018-02-09,0,inflation_rates_shock,1.0,4.117944430343151e-77,3.685585447669613e-26,6.726426718549334e-130,5.233386956616069e-65
2018-02-12,0,inflation_rates_shock,1.0,6.504516195700725e-80,2.330060921688468e-21,1.4590308260213599e-128,2.3498969477789282e-64
2018-02-13,0,inflation_rates_shock,1.0,2.202139534333099e-79,1.74403728582249e-19,1.5586541605844198e-131,1.36993212021239e-59
2018-02-14,0,inflation_rates_shock,1.0,2.1245246822211067e-79,4.300696287024869e-18,7.05617431182098e-130,6.829553625004947e-58
2018-02-15,0,inflation_rates_shock,1.0,2.0329003671484438e-82,4.965025733312999e-15,8.219214498262821e-132,5.637006075036927e-58
2018-02-16,0,inflation_rates_shock,1.0,4.667650007646498e-83,2.788668535034807e-14,1.3167577142681715e-132,5.290564343749633e-57
2018-02-20,0,inflation_rates_shock,1.0,9.988754556433957e-83,3.0298742237301044e-15,1.7651056108136243e-133,2.209500152204782e-56
2018-02-21,0,inflation_rates_shock,1.0,7.115746567115206e-85,2.073247336246177e-16,1.0088868144605968e-138,5.5748108775423006e-55
2018-02-22,0,inflation_rates_shock,1.0,2.3827284004738098e-88,1.85286990704008e-16,2.7093997960701686e-148,1.6278100555027797e-55
2018-02-23,0,inflation_rates_shock,1.0,2.2553355982260685e-92,3.4019338185553144e-14,3.1729780356193556e-147,1.5652181024200928e-58
2018-02-26,0,inflation_rates_shock,1.0,8.226486121232954e-93,1.0697825410182199e-13,2.216140282332883e-153,1.232150802167535e-57
2018-02-27,0,inflation_rates_shock,1.0,3.0790692222345918e-93,2.676802919154171e-14,2.372232071656828e-157,6.205455732287736e-57
2018-02-28,0,inflation_rates_shock,1.0,8.174544018133693e-91,1.7285322816512617e-13,3.337845955690034e-156,2.450747025132216e-57
2018-03-01,0,inflation_rates_shock,1.0,5.585489154788642e-89,1.0385750289390111e-14,1.3557850596804304e-150,6.399598988615955e-56
2018-03-02,0,inflation_rates_shock,1.0,2.952532092990993e-89,5.921878528434745e-17,1.4357125011077944e-145,3.4358376057096496e-58
2018-03-05,0,inflation_rates_shock,1.0,1.0914617221834982e-90,9.081281411137492e-15,7.2981674322909915e-143,3.810912615708908e-61
2018-03-06,0,inflation_rates_shock,0.9999999999990905,4.240256672351513e-98,8.836410469396729e-13,1.4971864895022385e-150,8.841654840824926e-60
2018-03-07,0,inflation_rates_shock,1.0,1.0989969737437397e-89,6.401703176613311e-24,2.6981046126135394e-149,6.59711148240517e-64
2018-03-08,0,inflation_rates_shock,1.0,1.8694632649556294e-95,3.9066127611657644e-16,1.3333329281444585e-140,9.087193346189554e-73
2018-03-09,0,inflation_rates_shock,0.9999999999918145,1.0456822261564752e-99,7.971306434400019e-12,5.295472381968317e-147,1.3512718455132785e-65
2018-03-12,0,inflation_rates_shock,1.0,1.000072655662598e-99,3.5868315457538247e-16,2.0136492962783067e-147,4.122257119863388e-66
2018-03-13,0,inflation_rates_shock,1.0,3.295945261884262e-98,2.234189999549961e-14,6.002896156960088e-143,2.0606520090997896e-68
2018-03-14,0,inflation_rates_shock,0.9999999999972715,2.4889712462534027e-98,2.944124415814454e-12,3.970275749094582e-141,1.632450947384645e-65
2018-03-15,0,inflation_rates_shock,1.0,4.826156982901437e-98,3.7884876961411343e-13,5.5311722589649105e-143,4.262526087583806e-62
2018-03-16,0,inflation_rates_shock,0.9999999999972715,1.715617687818624e-99,2.850677614749127e-12,9.20767960953651e-139,4.544168249749992e-63
2018-03-19,0,inflation_rates_shock,0.9999999999890861,1.152374356922008e-99,1.0987145642835332e-11,3.850712155524156e-148,1.3171864892080337e-59
2018-03-20,0,inflation_rates_shock,0.9999999999718057,2.6115425899550234e-99,2.8129160310547975e-11,2.3640265431602042e-150,1.5988422080145994e-57
2018-03-21,0,inflation_rates_shock,1.0,4.911519013704449e-98,2.4097566522853615e-13,2.4080695435449125e-144,1.2534031254266269e-57
2018-03-22,0,inflation_rates_shock,1.0,1.6375051287486426e-87,2.2030094107218693e-16,1.5977911794737732e-136,3.233216492852408e-58
2018-03-23,0,inflation_rates_shock,1.0,1.82505501675919e-88,4.620162599518313e-24,1.8297320120636175e-128,4.726998667237884e-59
2018-03-26,0,inflation_rates_shock,1.0,3.8147043756357303e-84,6.681502180375839e-18,8.285211381985247e-126,4.0667481381937215e-67
2018-03-27,0,inflation_rates_shock,1.0,2.5994802232056628e-82,3.1774480817645137e-22,5.049422090216679e-123,3.853498174845021e-58
2018-03-28,0,inflation_rates_shock,1.0,2.2458944324455e-84,1.1146156921885136e-22,1.0585572932525568e-122,2.6394049942149104e-63
2018-03-29,0,inflation_rates_shock,1.0,1.5626811790584258e-84,6.8072416912467285e-22,9.85725985080102e-123,1.0531960152479543e-65
2018-04-02,0,inflation_rates_shock,1.0,2.352662228363942e-82,1.4370072518201008e-28,2.260066150483234e-122,6.428376976463689e-64
2018-04-03,0,inflation_rates_shock,1.0,3.7385781166995956e-82,1.322433083916053e-25,4.879308850831693e-119,4.233015709983752e-70
2018-04-04,0,inflation_rates_shock,1.0,1.8861195310499443e-81,9.392293480417306e-22,1.140993702980082e-118,5.5058652458729267e-67
2018-04-05,0,inflation_rates_shock,1.0,4.197969307856292e-78,2.1438149501878329e-19,2.8151643044916745e-117,1.611868481704519e-61
2018-04-06,0,inflation_rates_shock,1.0,8.604153591515626e-76,8.900285554863025e-26,2.1328278242972884e-116,6.857630043361486e-57
2018-04-09,0,inflation_rates_shock,1.0,1.5072551995113919e-77,1.596504863562809e-23,2.112567257734178e-116,8.834241010743806e-64
2018-04-10,0,inflation_rates_shock,1.0,6.951814106558176e-76,1.484337057069328e-19,1.3803380010244182e-115,1.5469858699148216e-62
2018-04-11,0,inflation_rates_shock,1.0,2.678243744350209e-75,5.078354286131729e-21,2.503671753272717e-116,1.866315709567974e-57
2018-04-12,0,inflation_rates_shock,1.0,6.424203679356985e-75,2.505826477380046e-21,6.093007160225689e-115,2.3301472197544847e-59
2018-04-13,0,inflation_rates_shock,1.0,1.2411014808305697e-75,1.2157244102805637e-23,8.289896680047966e-116,6.522104048190835e-60
2018-04-16,0,inflation_rates_shock,1.0,5.839755054456392e-78,7.127546646132289e-22,1.6446599644732784e-117,6.877057417906612e-63
2018-04-17,0,inflation_rates_shock,1.0,3.874042992146205e-79,1.2997185538172327e-20,1.2230662625379833e-120,5.346079960456713e-63
2018-04-18,0,inflation_rates_shock,1.0,1.5790172307688569e-78,1.6594736486177136e-19,1.9456786122273536e-117,1.304886461907585e-62
2018-04-19,0,inflation_rates_shock,1.0,3.249606020869231e-76,5.564019740722411e-21,3.774945960298999e-114,2.3126515344990117e-60
2018-04-20,0,inflation_rates_shock,1.0,8.174172932340461e-82,4.04112782187475e-23,1.5489913013298297e-122,4.082513008967856e-59
2018-04-23,0,inflation_rates_shock,1.0,2.2765455970733864e-81,3.3930839275656966e-25,4.667319092835974e-120,4.11629100459769e-64
2018-04-24,0,inflation_rates_shock,1.0,3.334850176010735e-83,1.7756410980261622e-31,2.0016581451502305e-120,1.7742926538008086e-65
2018-04-25,0,inflation_rates_shock,1.0,6.632971626328572e-89,1.173655525863756e-27,2.576248676735275e-127,4.268456898587865e-70
2018-04-26,0,inflation_rates_shock,1.0,4.3242913705717127e-91,2.0164166618896635e-28,1.313174902442974e-127,1.2333931282196878e-69
2018-04-27,0,inflation_rates_shock,1.0,4.398567631691331e-92,3.2514080466592174e-29,4.768654027669154e-130,2.907148587148004e-71
2018-04-30,0,inflation_rates_shock,1.0,1.0626662855483443e-92,7.908116165353725e-31,2.5139104831797864e-132,9.231030706533327e-71
2018-05-01,0,inflation_rates_shock,1.0,1.5575170624348745e-90,2.370715278567205e-34,1.0055675389437925e-127,5.10125430863851e-74
2018-05-02,0,inflation_rates_shock,1.0,1.962675334497627e-91,3.019709991938448e-35,2.831730115346982e-128,9.488620610927565e-76
2018-05-03,0,inflation_rates_shock,1.0,5.293070517245873e-90,2.0415996898755268e-35,5.337594822368051e-128,6.864273307330367e-76
2018-05-04,0,inflation_rates_shock,1.0,1.9241845546084099e-84,1.0970323899713787e-30,1.3289430967809062e-124,8.912801808545022e-77
2018-05-07,0,inflation_rates_shock,1.0,2.291782110466558e-85,2.9020339324422313e-31,5.101285186404907e-119,1.0536522262316834e-73
2018-05-08,0,inflation_rates_shock,1.0,1.4089779298533318e-87,7.053358073830266e-29,9.800740602793672e-124,6.7327862456811156e-74
2018-05-09,0,inflation_rates_shock,1.0,6.428547098662706e-87,2.7335386329059417e-26,4.14498649373894e-126,1.94188906398521e-71
2018-05-10,0,inflation_rates_shock,1.0,1.7671182588175444e-82,2.6187761564988676e-21,1.076018389797108e-124,1.285889634074676e-69
2018-05-11,0,inflation_rates_shock,1.0,6.399870531872926e-84,1.2144580040426225e-18,2.0330642602547866e-119,3.599772398948737e-65
2018-05-14,0,inflation_rates_shock,1.0,6.633399901107808e-84,4.070921490475705e-17,3.440341177445882e-121,6.201982704726557e-62
2018-05-15,0,inflation_rates_shock,1.0,6.450703106264247e-86,1.3484695526115277e-17,4.708060799532586e-123,1.3956291523111699e-59
2018-05-16,0,inflation_rates_shock,1.0,2.6248326087331833e-89,1.4131068609611133e-16,1.6382038740687287e-129,1.8367882967062555e-59
2018-05-17,0,inflation_rates_shock,1.0,6.1966674395351305e-90,6.77923515255975e-16,1.9964756971789653e-133,3.1827710525748107e-57
2018-05-18,0,inflation_rates_shock,1.0,2.7167456721560954e-91,1.053368844692398e-16,2.3559425008535938e-135,1.1595974096551824e-56
2018-05-21,0,inflation_rates_shock,1.0,5.202876188821129e-89,4.492529214360202e-15,1.174119101651682e-131,1.5543525072272051e-59
2018-05-22,0,inflation_rates_shock,1.0,2.010917421296845e-89,2.5623492355235867e-16,3.766941491585166e-131,1.5602078470520608e-57
2018-05-23,0,inflation_rates_shock,1.0,9.085333922286632e-89,2.601892499536101e-17,2.1806916338717914e-126,2.2910288029554503e-60
2018-05-24,0,inflation_rates_shock,1.0,9.517472772438045e-84,1.191807726544767e-16,3.1047144272360325e-124,1.0939169275305693e-59
2018-05-25,0,inflation_rates_shock,1.0,1.4157159667053817e-83,2.9687718029201848e-15,1.7591991428562285e-120,1.6141044935551342e-57
2018-05-29,0,inflation_rates_shock,1.0,4.291050264841665e-81,7.956565688455355e-15,1.1287444881878588e-119,2.1163620170213217e-54
2018-05-30,0,inflation_rates_shock,1.0,9.175981296165773e-77,2.2268892755415056e-13,1.0808814403441918e-110,3.8453442051065464e-57
2018-05-31,0,inflation_rates_shock,1.0,4.421127024675844e-78,2.785109367065826e-14,9.90613462438152e-115,1.3646799636770565e-52
2018-06-01,0,inflation_rates_shock,1.0,1.162933848065039e-77,8.295739915671438e-14,5.789253737862565e-112,1.6346202130593153e-55
2018-06-04,0,inflation_rates_shock,1.0,1.0104175964074344e-76,4.546544404959742e-13,8.545368200714206e-111,1.2382531784726816e-54
2018-06-05,0,inflation_rates_shock,0.999999999998181,2.4624845550625275e-77,1.4603881708246053e-12,2.48895056508791e-112,3.2841403244678866e-52
2018-06-06,0,inflation_rates_shock,0.9999999999545253,2.267102820908253e-77,4.5834569340708695e-11,3.7925352281879977e-113,1.6408595829524777e-51
2018-06-07,0,inflation_rates_shock,0.9999999997553459,1.1320702743485968e-76,2.4446932477646026e-10,2.331614627081924e-111,3.334047470345897e-51
2018-06-08,0,inflation_rates_shock,0.9999999955261956,1.2254037012725138e-79,4.474100856091076e-09,3.424315790172275e-112,6.965545745731716e-50
2018-06-11,0,inflation_rates_shock,0.999999988333002,1.5029838919558863e-81,1.1666999827976161e-08,3.425016222243365e-118,7.587737292324194e-49
2018-06-12,0,inflation_rates_shock,0.9999999915462467,1.576400559589564e-82,8.453891387802561e-09,1.1636578964084116e-120,3.1526240156393263e-49
2018-06-13,0,inflation_rates_shock,0.9999999948458935,1.3796758352628978e-84,5.1540222112616925e-09,2.549841118970027e-123,1.0706212213795407e-50
2018-06-14,0,inflation_rates_shock,0.9999999986475814,8.851586032206215e-86,1.3527800724135247e-09,7.774396577368212e-127,5.687596356603546e-53
2018-06-15,0,inflation_rates_shock,0.9999999992696758,1.1821216577343927e-84,7.303247216095062e-10,1.63538546445846e-125,1.0762394220731061e-53
2018-06-18,0,inflation_rates_shock,0.9999999991869117,1.9027661391518498e-80,8.127495694833786e-10,4.8163631136013365e-123,1.044940043426521e-52
2018-06-19,0,inflation_rates_shock,0.999999999305146,2.9028704317991253e-78,6.947863581040027e-10,1.0058558916887955e-115,1.423196182112844e-52
2018-06-20,0,inflation_rates_shock,0.9999999994897735,2.2305762685215968e-79,5.101831447663236e-10,3.4756118202061105e-115,5.81541756632447e-51
2018-06-21,0,inflation_rates_shock,0.9999999986057446,1.3491573207963408e-76,1.3938385653004933e-09,2.3232955424033258e-114,4.292901370532729e-52
2018-06-22,0,inflation_rates_shock,0.9999999996334736,2.1213733636678965e-71,3.6687387405195113e-10,2.129413034354595e-110,5.906219045618526e-50
2018-06-25,0,inflation_rates_shock,0.999999996918632,6.247835573707468e-72,3.0814184838142536e-09,2.913532903143856e-108,6.740315111284801e-49
2018-06-26,0,inflation_rates_shock,0.9999999992387529,3.2118289821450357e-71,7.609131600422236e-10,2.2237823517860424e-109,4.92010560335486e-48
2018-06-27,0,inflation_rates_shock,0.999999999832653,6.701700405074359e-68,1.672577233150444e-10,2.2869098016014715e-109,3.3384435395289994e-47
2018-06-28,0,inflation_rates_shock,0.9999999956698957,8.730187237831299e-70,4.329741060192283e-09,2.2554494977014253e-108,1.8776205127650068e-47
2018-06-29,0,inflation_rates_shock,0.9999999984547685,6.557638856539983e-67,1.545268489442796e-09,3.647044994891829e-108,1.0148275844074936e-46
2018-07-02,0,inflation_rates_shock,0.9999997916784412,1.0490803119169987e-67,2.0832120593725234e-07,3.3783562275880913e-108,1.5727998640874501e-46
2018-07-03,0,inflation_rates_shock,0.9998921196253057,1.3982180275117302e-68,0.00010788037492271969,4.230094843540368e-111,5.399094788633368e-43
2018-07-05,0,inflation_rates_shock,0.9362910540953308,2.6546255079582037e-70,0.06370894590491412,2.599339680782238e-113,9.542734404899442e-43
2018-07-06,2,risk_on,0.32316746722444156,2.3526253331049212e-74,0.6768325327751834,2.49145545925622e-121,3.865688135453934e-41
2018-07-09,2,risk_on,0.03201507804745909,2.6019055556921575e-77,0.9679849219523213,2.459412566306171e-131,4.990257695985845e-41
2018-07-10,2,risk_on,0.00040619885992526313,4.889563027394942e-79,0.9995938011397029,4.122068339124909e-133,1.2021026986998462e-42
2018-07-11,2,risk_on,1.4216643180497506e-05,3.143286760495963e-82,0.9999857833564545,7.318117680105868e-139,1.9289857784728155e-41
2018-07-12,2,risk_on,6.871563106989844e-07,3.0477443877527787e-87,0.9999993128433377,2.039657604250932e-143,1.117261445330149e-43
2018-07-13,2,risk_on,6.121316146590494e-07,2.6690220904135158e-86,0.9999993878684164,1.4843540077983982e-146,5.603779841559723e-44
2018-07-16,2,risk_on,4.521541764775223e-07,2.5368176215161012e-89,0.9999995478457208,5.261659708766145e-150,2.666386412517122e-42
2018-07-17,2,risk_on,3.097721182420068e-07,1.0040830795377892e-88,0.9999996902279715,1.5953715968612933e-148,1.7304881876411052e-43
2018-07-18,2,risk_on,1.795026412612363e-07,1.170811299788896e-88,0.9999998204975943,1.6554450451661123e-147,9.79216954623607e-43
2018-07-19,2,risk_on,1.6908475197278264e-07,1.1585396934745282e-82,0.9999998309149448,1.0364110250344217e-141,9.709353832929222e-43
2018-07-20,2,risk_on,1.0935397772219295e-07,1.086108652014222e-78,0.999999890646001,1.6912298731915968e-132,9.025206700749424e-41
2018-07-23,2,risk_on,2.4176002929545247e-07,1.5008463256187804e-78,0.9999997582399666,3.5468744684713977e-130,1.0812814727834278e-39
2018-07-24,2,risk_on,2.2246225707310787e-07,1.0267452956346255e-76,0.9999997775376207,7.587331111220895e-132,5.2802438047991805e-39
2018-07-25,2,risk_on,5.525200875498611e-07,6.961735005883112e-76,0.9999994474803023,7.553414832263083e-129,1.6437508140979218e-41
2018-07-26,2,risk_on,3.6732335861468095e-07,4.52663548250269e-75,0.9999996326769853,1.1851418696912252e-126,1.0452319712097728e-40
2018-07-27,2,risk_on,1.5642616796754836e-06,2.2484344129653573e-72,0.9999984357385485,1.758256450547569e-123,8.362239655023822e-41
2018-07-30,2,risk_on,1.349819033338559e-06,1.0053722339033333e-73,0.9999986501807159,7.87499405312211e-126,7.989223132308352e-39
2018-07-31,2,risk_on,5.163559088702817e-07,8.551662041159252e-75,0.9999994836445208,4.701250217930929e-125,6.939758241977851e-41
2018-08-01,2,risk_on,6.406794007643815e-07,4.447810073978631e-75,0.999999359320305,1.494936306078816e-125,4.047116249541812e-40
2018-08-02,2,risk_on,8.605378441576864e-07,9.342574646888247e-76,0.9999991394619493,3.230506131518646e-128,4.11478572561086e-40
2018-08-03,2,risk_on,6.74325621076707e-07,1.417593589505817e-75,0.9999993256744801,5.843039997530949e-128,3.3830591180763693e-40
2018-08-06,2,risk_on,5.968481639850792e-07,7.610505284995836e-77,0.999999403151556,7.073383459393678e-130,3.099531663544562e-39
2018-08-07,2,risk_on,4.1062061530061937e-07,3.879590783045794e-78,0.9999995893795973,2.881728002662912e-132,4.531957960067383e-40
2018-08-08,2,risk_on,1.542803145166732e-07,1.2759000557665173e-80,0.9999998457196971,1.357382074925814e-131,9.430844152840911e-41
2018-08-09,2,risk_on,7.698236850427828e-08,4.1083639538689484e-78,0.999999923017643,2.3969967571509347e-129,1.6366022006353398e-41
2018-08-10,2,risk_on,1.8735011803211223e-07,7.271679193712823e-78,0.999999812649566,1.8408101526523027e-128,2.257483433263679e-40
2018-08-13,2,risk_on,2.256597750043371e-07,2.2697670854866683e-77,0.999999774339838,5.430877252265013e-124,7.899435849542312e-41
2018-08-14,2,risk_on,8.32492954888881e-08,2.3913176860035863e-72,0.9999999167503154,6.30559859649625e-121,1.9238394414392134e-40
2018-08-15,2,risk_on,1.9733999368106716e-07,1.835047826306937e-73,0.999999802659678,9.348275975813619e-118,7.072000940960396e-40
2018-08-16,2,risk_on,1.4227980307073374e-07,1.1123695455500292e-72,0.999999857720478,2.4862407886819235e-117,5.188429143840545e-41
2018-08-17,2,risk_on,1.921933337948702e-07,1.8101656987424937e-74,0.9999998078065075,8.581492117310643e-119,3.6795348323935506e-41
2018-08-20,2,risk_on,1.4188407136967267e-07,5.9915944139161e-75,0.9999998581161081,4.660899772410898e-120,4.133069688439043e-42
2018-08-21,2,risk_on,1.42741808678361e-07,1.2061104111074835e-73,0.9999998572584547,2.854320116802985e-119,1.2644322484152087e-42
2018-08-22,2,risk_on,2.4616411951372854e-07,4.428775659995788e-74,0.9999997538361943,7.228278978933711e-119,1.8636436412505242e-42
2018-08-23,2,risk_on,3.2667568411032877e-07,8.097620280796978e-75,0.9999996733241084,8.647479565939723e-120,6.50665499989282e-43
2018-08-24,2,risk_on,4.6510002833138263e-07,2.7637810687393233e-78,0.9999995348999791,2.1656026168119504e-124,3.3822820046158042e-44
2018-08-27,2,risk_on,1.838498814679164e-07,2.785900782236244e-81,0.9999998161502104,2.460032908254034e-127,1.7117614797719926e-47
2018-08-28,2,risk_on,2.4903859464838624e-07,3.8169520993635495e-85,0.9999997509612822,2.364338599162004e-132,8.945731914408696e-48
2018-08-29,2,risk_on,1.3924034578771028e-07,2.169877665957668e-84,0.9999998607600088,7.365675352471885e-137,7.503489716713172e-48
2018-08-30,2,risk_on,1.0469871056635545e-07,4.976734088158313e-84,0.9999998953017039,3.873216121176495e-132,4.103412555382399e-48
2018-08-31,2,risk_on,9.95139683633276e-08,1.7704312868472718e-85,0.9999999004858232,3.133556156552047e-133,1.1371190392879282e-46
2018-09-04,2,risk_on,1.0006474109970847e-07,4.279053579193959e-86,0.9999998999355789,3.864738751749387e-134,4.323395632463475e-46
2018-09-05,2,risk_on,5.074064381873049e-07,7.870588797190299e-90,0.9999994925939442,1.2690343317434173e-139,7.179992349300072e-46
2018-09-06,2,risk_on,4.447925578928127e-07,4.0982388292408506e-88,0.9999995552071675,7.03232319702613e-143,1.3641570348054303e-45
2018-09-07,2,risk_on,7.473611470266459e-07,1.7309086491227788e-90,0.9999992526384694,1.335120766165744e-144,2.1889587448290878e-45
2018-09-10,2,risk_on,1.1069111948013079e-06,1.1844300460912838e-91,0.9999988930891719,3.580558262012795e-151,2.349700717262425e-45
2018-09-11,2,risk_on,8.908901924724826e-07,2.2567332600453677e-90,0.9999991091094091,7.425687077971377e-153,3.131639363636558e-45
2018-09-12,2,risk_on,8.794547427304885e-07,2.8855091147513118e-90,0.9999991205453854,1.0424734472307071e-154,2.318233923295545e-44
2018-09-13,2,risk_on,6.564321473032558e-07,8.117030823120165e-91,0.999999343567867,3.6537989182230874e-154,4.152320032651971e-45
2018-09-14,2,risk_on,1.2047365366711875e-06,4.07291866964174e-91,0.9999987952631253,7.254462630762841e-156,2.3239171597045017e-45
2018-09-17,2,risk_on,1.9178567929621683e-06,1.2799558439191937e-89,0.9999980821430855,2.4287913974866604e-156,1.3910527692284416e-44
2018-09-18,2,risk_on,1.1477853944073182e-06,6.960386791671022e-87,0.9999988522147071,3.222664223467922e-151,1.0741063841269517e-43
2018-09-19,2,risk_on,1.870633685463594e-06,3.151271275428347e-89,0.9999981293666894,2.1319734878126712e-151,1.9826398060783113e-42
2018-09-20,2,risk_on,7.154890875607604e-07,3.81343990219572e-91,0.9999992845107786,6.672957842165149e-160,3.2795647401341687e-44
2018-09-21,2,risk_on,3.0542142376086986e-07,5.161469651806117e-92,0.9999996945789928,1.094777828120851e-160,1.0675061063330487e-43
2018-09-24,2,risk_on,5.573818782827151e-07,1.8616638314668604e-91,0.9999994426181463,5.615202602042506e-164,9.479859871046374e-44
2018-09-25,2,risk_on,7.233593773728369e-07,6.601916159464856e-92,0.9999992766409266,2.6982171697250767e-164,8.22762132247151e-43
2018-09-26,2,risk_on,2.759672343211957e-06,6.930216863610235e-94,0.9999972403276723,1.8375499526949099e-168,1.611950629570629e-43
2018-09-27,2,risk_on,2.6042686171013125e-06,3.0503121218925128e-92,0.9999973957317057,6.0300456294631304e-170,1.8012442128303945e-43
2018-09-28,2,risk_on,6.859758175356734e-06,2.0765284821815464e-92,0.9999931402415947,6.688075931724686e-169,2.1115267163510526e-42
2018-10-01,2,risk_on,1.0313305360627307e-05,2.1879314067681687e-91,0.9999896866943115,5.960273020908576e-168,2.4417255061680152e-42
2018-10-02,2,risk_on,1.95393562232783e-05,1.6027028285459362e-89,0.9999804606440121,4.127089759444537e-167,1.8166912026580497e-42
2018-10-03,2,risk_on,0.00021024791744669503,2.959001945245401e-90,0.9997897520824295,2.3250898818316393e-169,6.901807394801603e-40
2018-10-04,2,risk_on,0.002980646300355537,2.3338042055916283e-92,0.9970193536996341,2.298354570003337e-172,5.002844206571315e-40
2018-10-05,2,risk_on,0.02925428406972791,9.884159762410385e-99,0.9707457159305988,9.830515952977353e-183,3.4025719218374142e-40
2018-10-08,2,risk_on,0.13725272848209538,7.746580393175511e-99,0.8627472715179743,5.2628568443185465e-191,1.281545385755203e-39
2018-10-09,2,risk_on,0.3442510991319549,1.0035398062674245e-98,0.6557489008675992,8.062281952681292e-193,4.544935235510521e-40
2018-10-10,0,inflation_rates_shock,0.9991354531904337,2.59037830673299e-96,0.0008645468097793256,1.0294343967135754e-190,4.98314681006036e-40
2018-10-11,0,inflation_rates_shock,0.999999999398824,1.042748337268317e-80,6.014234115833436e-10,1.540113863608794e-170,2.7742079095255935e-40
2018-10-12,0,inflation_rates_shock,0.9999999922620191,7.634581052277972e-79,7.737825017290045e-09,1.1049229552963088e-149,1.772657527972418e-45
2018-10-15,0,inflation_rates_shock,0.9999999970432327,3.989575916379042e-81,2.956824639820143e-09,1.590034657727694e-147,1.9130040032034104e-43
2018-10-16,0,inflation_rates_shock,0.9999996660690715,8.335996980358431e-85,3.3393057890255914e-07,4.228030769028919e-155,8.36402117989922e-46
2018-10-17,0,inflation_rates_shock,0.9999996332163155,1.404555905622537e-84,3.6678336122798185e-07,2.8247487186899583e-159,5.772965340655889e-43
2018-10-18,0,inflation_rates_shock,0.9999999946539901,1.8319313327641865e-84,5.3456144846603995e-09,2.5142202825550596e-157,3.7508152159398544e-42
2018-10-19,0,inflation_rates_shock,0.9999999919837137,6.804503430871788e-86,8.01637277581969e-09,4.0512505872364925e-158,3.242219935156362e-45
2018-10-22,0,inflation_rates_shock,0.9999999990423021,1.027823207816927e-85,9.57670886804685e-10,1.7836113138177868e-157,3.85306104265704e-45
2018-10-23,0,inflation_rates_shock,0.9999999996880433,1.9001013540971298e-84,3.1228595497794306e-10,1.4194038431250202e-153,8.790641160292006e-46
2018-10-24,0,inflation_rates_shock,1.0,2.1135978242503127e-76,1.1983618065995878e-16,3.5141477452900445e-146,2.517783077506205e-44
2018-10-25,0,inflation_rates_shock,1.0,3.68071378500109e-71,2.0494249637208745e-13,7.920148398202849e-131,5.395777390032729e-52
2018-10-26,0,inflation_rates_shock,1.0,9.44245035554775e-67,2.287277172879949e-17,4.157948324850813e-123,6.930554303746007e-46
2018-10-29,0,inflation_rates_shock,1.0,6.445552398273016e-67,1.164380559243801e-18,3.542804205635675e-119,4.321805516920024e-49
2018-10-30,0,inflation_rates_shock,1.0,1.0416569624267488e-64,4.3400042294853964e-15,1.31389457302514e-114,6.089998142190962e-51
2018-10-31,0,inflation_rates_shock,1.0,2.849548774937172e-64,9.239894452201521e-14,6.2265069093197264e-111,3.067600975302896e-47
2018-11-01,0,inflation_rates_shock,0.999999999994543,8.125923910215735e-65,5.115130799134686e-12,4.77490984007261e-107,2.823202401479361e-46
2018-11-02,0,inflation_rates_shock,1.0,9.907929142847715e-70,4.680346500186052e-14,8.21888349591793e-118,8.788057457732299e-45
2018-11-05,0,inflation_rates_shock,0.999999999998181,2.2131430328631486e-72,1.6242735941916274e-12,1.1927938190316447e-123,4.2932407458206985e-48
2018-11-06,0,inflation_rates_shock,0.9999999999590727,3.724468712219387e-74,4.095817952421228e-11,3.820567634245872e-127,5.314002996988118e-48
2018-11-07,0,inflation_rates_shock,0.9999999999163265,3.755828524709927e-78,8.345844450547872e-11,8.397956790365169e-132,5.754483216030487e-49
2018-11-08,0,inflation_rates_shock,0.9999999997671694,5.983739754243982e-79,2.3250712601356978e-10,5.750745222010146e-137,3.966065257194709e-51
2018-11-09,0,inflation_rates_shock,1.0,3.8003113325616e-74,4.499409284386943e-13,1.5333705879747066e-129,6.595444425882754e-51
2018-11-12,0,inflation_rates_shock,0.9999999999990905,3.257456983091324e-71,5.838174948580453e-13,7.369879261326141e-122,4.381585579628799e-50
2018-11-13,0,inflation_rates_shock,1.0,2.400820740763232e-69,1.1351873422406143e-14,1.9492312134468784e-114,9.539121625151904e-50
2018-11-14,0,inflation_rates_shock,1.0,4.962597119056837e-72,1.554988839752662e-13,1.0171398317007358e-117,1.802602453014552e-48
2018-11-15,0,inflation_rates_shock,0.9999999999763531,1.0801626465674906e-70,2.4100752067331847e-11,1.140762886549167e-114,8.027086075401647e-48
2018-11-16,0,inflation_rates_shock,0.999999999998181,3.912858574228767e-68,1.5247810726300434e-12,1.1640703169242437e-110,8.780001684813316e-45
2018-11-19,0,inflation_rates_shock,1.0,2.293545081641494e-67,2.40233622604271e-16,4.251508465871841e-109,2.513279946826448e-44
2018-11-20,0,inflation_rates_shock,1.0,3.008490665143864e-67,1.723293270698836e-21,7.849007246957626e-109,1.5993998280731244e-47
2018-11-21,0,inflation_rates_shock,1.0,1.1549302024272423e-69,4.386920767510117e-23,5.086513351244486e-114,1.843456937181673e-52
2018-11-23,0,inflation_rates_shock,1.0,1.0628898213270727e-70,1.8416639746032118e-29,1.5549863463674574e-113,7.091072142756994e-56
2018-11-26,0,inflation_rates_shock,1.0,7.812720732317798e-73,1.3692650102318793e-23,9.935578770673321e-118,5.8795507442520895e-62
2018-11-27,0,inflation_rates_shock,1.0,2.4611185759246404e-78,9.582047549467262e-24,2.5071642679536784e-120,4.8674050442243207e-57
2018-11-28,0,inflation_rates_shock,1.0,4.945603927311692e-73,2.5811761874875826e-17,4.842792437164051e-114,1.7273788969057002e-59
2018-11-29,0,inflation_rates_shock,1.0,9.810696814213206e-72,1.297286101542995e-15,3.280100316154565e-113,7.421938594465584e-51
2018-11-30,0,inflation_rates_shock,0.9999999999990905,5.994746202118785e-73,1.0761350819989869e-12,5.08266669266475e-111,8.084056994679056e-49
2018-12-03,0,inflation_rates_shock,0.9999999993451638,1.1097104530866285e-73,6.546811349317886e-10,6.4174240628220744e-114,5.625340854679771e-47
2018-12-04,0,inflation_rates_shock,1.0,1.4305224756110023e-63,1.1191134645696452e-16,7.563485351625446e-107,4.982510253314575e-43
2018-12-06,0,inflation_rates_shock,1.0,5.280575417494234e-61,1.4134860858338934e-15,3.999812133408259e-95,2.0743866409549557e-48
2018-12-07,0,inflation_rates_shock,1.0,3.0757554842250594e-60,1.1042941254925097e-21,1.8836691850908415e-95,1.2888597204997828e-45
2018-12-10,0,inflation_rates_shock,1.0,2.372197179662717e-62,1.0449179055853827e-19,6.964594796163476e-95,2.6301270899651095e-51
2018-12-11,0,inflation_rates_shock,1.0,1.5548709900720206e-65,5.872170949977413e-21,1.2016297113881727e-102,2.824856695927563e-50
2018-12-12,0,inflation_rates_shock,1.0,6.872947256340305e-67,1.5039407305364153e-21,6.867311655291234e-109,1.0092319977003246e-51
2018-12-13,0,inflation_rates_shock,1.0,2.230855528190011e-67,4.6264668081980446e-26,5.0067183364973834e-111,2.1835936289125836e-52
2018-12-14,0,inflation_rates_shock,1.0,6.978315521293917e-65,3.3069425533156314e-32,2.3098173880259598e-107,1.9720424300808406e-55
2018-12-17,0,inflation_rates_shock,1.0,6.9055665962295e-60,1.2284773858853422e-38,2.2557083866574293e-104,1.6149719943682834e-59
2018-12-18,0,inflation_rates_shock,1.0,1.3021932428340798e-58,4.3002176294868465e-36,1.6915257396973052e-99,6.905879660563542e-60
2018-12-19,0,inflation_rates_shock,1.0,5.604812155317811e-60,1.6781626179168104e-44,3.303293420556881e-103,1.3295378031636134e-58
2018-12-20,0,inflation_rates_shock,1.0,1.5413488671081382e-59,8.955572034077182e-52,1.291980343099159e-100,5.604812162021085e-60
2018-12-21,0,inflation_rates_shock,1.0,3.058169749598776e-58,5.7636843389525985e-65,7.616605109034875e-99,1.5413488671081382e-59
2018-12-24,0,inflation_rates_shock,1.0,1.5110361741653954e-56,5.329434698093045e-73,9.368067737170818e-100,3.058169749598776e-58
2018-12-26,0,inflation_rates_shock,1.0,6.0209803228665645e-52,2.081318867730162e-56,7.259009205322548e-92,1.5110361741653954e-56
2018-12-27,0,inflation_rates_shock,1.0,6.388519161873177e-49,5.657733083123617e-51,4.688130590063686e-85,6.0209803228665645e-52
2018-12-28,0,inflation_rates_shock,1.0,3.576675537091161e-46,2.1811831144385076e-51,1.6729933269740644e-78,6.388519161878987e-49
2018-12-31,0,inflation_rates_shock,1.0,6.2108674580861295e-44,4.346394899026215e-45,2.239674941404282e-75,3.576675537091161e-46
2019-01-02,0,inflation_rates_shock,1.0,3.583698841859372e-43,1.889590612713649e-48,7.793816470710151e-74,6.2108674580861295e-44
2019-01-03,0,inflation_rates_shock,1.0,9.594902645601589e-44,1.336281939604341e-58,5.1818298340573214e-79,3.583698841862631e-43
2019-01-04,0,inflation_rates_shock,1.0,1.144902649685814e-44,2.68271214840578e-48,1.0327188957915956e-86,9.594902645601589e-44
2019-01-07,0,inflation_rates_shock,1.0,3.146100424874056e-47,1.4197278447478924e-49,4.8894009337799536e-85,1.1449026496868553e-44
2019-01-08,0,inflation_rates_shock,1.0,9.743784632944191e-46,4.857159907086953e-47,1.5945921055153152e-89,3.146100424874056e-47
2019-01-09,0,inflation_rates_shock,1.0,3.847275736292234e-46,4.303677346474136e-49,2.061723319626944e-84,9.743784632944191e-46
2019-01-10,0,inflation_rates_shock,1.0,5.992094296410031e-48,1.276069465491479e-48,2.0386635432231964e-88,3.8472757362992314e-46
2019-01-11,0,inflation_rates_shock,1.0,1.0579150838435429e-43,1.306078970644207e-50,3.669402880375376e-94,5.992094296410031e-48
2019-01-14,0,inflation_rates_shock,1.0,5.2072088106748636e-42,2.1626900488565195e-51,5.63287004536539e-87,1.057915083844505e-43
2019-01-15,0,inflation_rates_shock,1.0,2.628984139440182e-44,7.542349189373495e-46,1.8028827048402794e-85,5.2072088106748636e-42
2019-01-16,0,inflation_rates_shock,1.0,2.9900691686685187e-46,2.663898803016075e-47,3.034613916104951e-85,2.628984139440182e-44
2019-01-17,0,inflation_rates_shock,1.0,5.818964992761761e-50,7.391432798991065e-48,6.669270158659438e-87,2.9900691686685187e-46
2019-01-18,0,inflation_rates_shock,1.0,6.083575385206806e-50,4.767190800380891e-42,1.864403575672891e-91,5.818964992767053e-50
2019-01-22,0,inflation_rates_shock,1.0,3.8875229370266956e-51,6.704247566833231e-48,5.878235706796416e-92,6.083575385206806e-50
2019-01-23,0,inflation_rates_shock,1.0,1.6409952358454317e-53,1.7533409942008298e-52,1.7819328272465068e-96,3.887522937030231e-51
2019-01-24,0,inflation_rates_shock,1.0,2.6693407390855154e-57,4.006722741568299e-59,7.835704840946772e-99,1.6409952358469242e-53
2019-01-25,0,inflation_rates_shock,1.0,1.6329606668725381e-52,6.030102647515102e-65,2.6538502376470074e-95,2.6693407390855154e-57
2019-01-28,0,inflation_rates_shock,1.0,5.8844307938628555e-55,5.863901203038113e-52,3.823736850360806e-96,1.6329606668725381e-52
2019-01-29,0,inflation_rates_shock,1.0,1.4814334542436368e-52,4.9829912782449e-49,2.5654574736304475e-96,5.8844307938628555e-55
2019-01-30,0,inflation_rates_shock,1.0,6.75498944783286e-49,4.4400641905771786e-44,4.8839764432483106e-91,1.4814334542436368e-52
2019-01-31,0,inflation_rates_shock,1.0,1.0080674193718049e-47,2.1544924522840137e-41,2.8918872157514156e-86,6.75498944783286e-49
2019-02-01,0,inflation_rates_shock,1.0,3.818900166272641e-51,1.7709924387200548e-41,8.667310578859927e-89,1.0080674193727217e-47
2019-02-04,0,inflation_rates_shock,1.0,8.009864639688226e-55,1.0113162178180638e-43,2.6410990536627774e-88,3.818900166272641e-51
2019-02-05,0,inflation_rates_shock,1.0,3.353875745550224e-58,4.241707352631502e-36,2.2308236050445958e-95,8.009864639688226e-55
2019-02-06,0,inflation_rates_shock,1.0,1.5090760764236606e-55,1.4462420088565268e-34,3.836386896810813e-101,3.361688390880848e-58
2019-02-07,0,inflation_rates_shock,1.0,1.4801266039637417e-54,2.3882359753312333e-35,3.1129353937559233e-99,1.5137395590979674e-55
2019-02-08,0,inflation_rates_shock,1.0,7.104440564468846e-52,1.4245703283881192e-35,2.6395969719775043e-94,1.480382568699409e-54
2019-02-11,0,inflation_rates_shock,1.0,1.7500468341204918e-54,1.5847294201246648e-32,5.544338391182136e-96,7.104452330916647e-52
2019-02-12,0,inflation_rates_shock,1.0,1.1555127974050993e-55,1.2676124245558023e-28,3.458560873143398e-94,1.7680660656759817e-54
2019-02-13,0,inflation_rates_shock,1.0,5.947573565791852e-54,4.743770688759276e-28,1.0972484750376716e-96,6.93071001985433e-53
2019-02-14,0,inflation_rates_shock,1.0,3.9275928620925854e-52,1.0969560952375808e-25,1.7541829912249766e-94,6.2959027804882544e-52
2019-02-15,0,inflation_rates_shock,1.0,5.1960273182257844e-51,1.2663938666294987e-23,8.967140915625442e-92,2.1115332762918186e-50
2019-02-19,0,inflation_rates_shock,1.0,5.034334391090033e-50,3.271879224382055e-22,1.1166153379374744e-91,3.758755226435694e-48
2019-02-20,0,inflation_rates_shock,1.0,2.749496996797896e-50,5.37065128703132e-21,2.030566256146344e-90,1.724279344642515e-46
2019-02-21,0,inflation_rates_shock,1.0,3.4023611135211197e-53,4.8924281744615403e-23,1.3092831069945108e-89,2.665054111465928e-46
2019-02-22,0,inflation_rates_shock,1.0,1.4202422964874696e-51,9.04963020398946e-23,4.056415672489825e-90,1.2393536444014422e-48
2019-02-25,0,inflation_rates_shock,1.0,4.234273787157152e-52,3.647174806170479e-21,4.214104227318982e-89,1.2698200261658362e-48
2019-02-26,0,inflation_rates_shock,1.0,4.089181270185362e-52,9.257892547123869e-21,1.0132929081898625e-88,2.0531435740420734e-47
2019-02-27,0,inflation_rates_shock,1.0,1.6923013623951474e-52,4.551471676157518e-22,3.980343637932912e-87,9.158609072648478e-47
2019-02-28,0,inflation_rates_shock,1.0,1.4927890978031688e-51,2.3059785068746903e-21,5.863523174120559e-87,1.142362736977347e-47
2019-03-01,0,inflation_rates_shock,1.0,2.9213482969906295e-52,3.61360594478266e-20,2.367498004514947e-86,2.318428049918163e-45
2019-03-04,0,inflation_rates_shock,1.0,1.2850131385863413e-55,3.772280337960657e-17,1.3820728658542073e-88,6.734559475274526e-44
2019-03-05,0,inflation_rates_shock,1.0,3.100475481249199e-56,1.022180544893351e-17,1.3996717871382094e-89,3.4511944765128734e-43
2019-03-06,0,inflation_rates_shock,1.0,1.469549681959016e-54,1.2423721330171481e-17,2.7846211894843405e-89,5.9123601356513284e-43
2019-03-07,0,inflation_rates_shock,1.0,5.429550533081156e-54,3.650522142421558e-18,5.4860245238052364e-89,1.141545561289904e-41
2019-03-08,0,inflation_rates_shock,1.0,1.1382426234444847e-52,6.469720082536725e-19,3.956224328285423e-89,2.6958840390432604e-42
2019-03-11,0,inflation_rates_shock,1.0,3.8923171460120307e-53,2.948538639913905e-16,3.0956252183325155e-86,5.240913671989432e-44
2019-03-12,0,inflation_rates_shock,1.0,2.0687975341628704e-52,6.183035187933498e-16,9.139274092039485e-88,2.8198979520805587e-42
2019-03-13,0,inflation_rates_shock,1.0,7.143007450059836e-50,1.246984036922732e-14,2.1901110251620038e-84,2.164498720885003e-42
2019-03-14,0,inflation_rates_shock,1.0,2.2549755360103373e-51,1.575276274143757e-14,1.245747340594036e-84,8.828067950007279e-39
2019-03-15,0,inflation_rates_shock,1.0,3.5757387046718044e-51,1.5640683767251255e-13,9.507803698561495e-84,2.736019297311944e-40
2019-03-18,0,inflation_rates_shock,0.9999999999990905,7.103970452316784e-51,6.858184711836632e-13,7.735387227255303e-84,6.225778315969813e-39
2019-03-19,0,inflation_rates_shock,0.9999999999990905,7.709394730716076e-53,5.420506028999827e-13,3.812209124600007e-84,1.526869351201599e-38
2019-03-20,0,inflation_rates_shock,1.0,8.46838393070206e-56,4.594016377464477e-14,1.526419675223686e-88,5.93984588392873e-39
2019-03-21,0,inflation_rates_shock,0.9999999999990905,1.8030029965440592e-56,9.416946106256742e-13,1.243346060932991e-87,1.9254782099231027e-43
2019-03-22,0,inflation_rates_shock,1.0,1.364832660762397e-51,4.979476052217073e-14,9.938324484610514e-85,1.5417103251205128e-41
2019-03-25,0,inflation_rates_shock,1.0,2.003455292083811e-51,2.563821544039155e-14,1.9441087720579387e-80,6.104256490844454e-41
2019-03-26,0,inflation_rates_shock,1.0,1.2392801971259092e-53,1.0872702675040243e-15,7.743667121303922e-82,1.891602252081519e-41
2019-03-27,0,inflation_rates_shock,1.0,1.7201737482464324e-54,1.649496287107797e-17,1.8423727794528647e-83,7.8077053754283e-43
2019-03-28,0,inflation_rates_shock,0.9999997666855324,5.620946608703511e-46,2.3331477037313245e-07,4.304374541306533e-87,3.8720746647468765e-44
2019-03-29,0,inflation_rates_shock,0.9998207879558263,2.904299373324357e-45,0.00017921204419434902,1.2439934906593055e-78,3.6666093810056524e-35
2019-04-01,0,inflation_rates_shock,0.9715772734030973,2.8105583312060466e-45,0.028422726597264057,1.2482674314916091e-76,9.317043197518766e-34
2019-04-02,0,inflation_rates_shock,0.8662433679671603,6.253006169038169e-45,0.1337566320328516,1.895084335045938e-77,4.080056639757015e-32
2019-04-03,0,inflation_rates_shock,0.7626149632885071,6.7391076584834696e-46,0.2373850367116909,3.0015684921988093e-77,4.260744047261137e-31
2019-04-04,0,inflation_rates_shock,0.649606154725305,7.593372030432516e-50,0.3503938452748281,1.3961839965100473e-79,5.682437804366099e-31
2019-04-05,2,risk_on,0.023327180484189972,1.6670603480684823e-51,0.9766728195156782,9.217629562070269e-87,1.1382489348015725e-34
2019-04-08,2,risk_on,0.0003064192315462332,1.0528312811408368e-52,0.9996935807681709,1.502517652429578e-87,4.873881325368389e-34
2019-04-09,2,risk_on,1.9428243266305027e-06,1.3538145852818972e-54,0.9999980571756851,3.166155286104724e-90,7.110606076309286e-33
2019-04-10,2,risk_on,4.677556810802951e-07,1.211120734575397e-56,0.9999995322442558,4.142390552158255e-93,2.839494899206643e-32
2019-04-11,2,risk_on,1.8876980715887514e-07,9.789832749164485e-59,0.9999998112298449,1.0884858934684366e-96,8.676986287919172e-32
2019-04-12,2,risk_on,9.821252959412653e-08,3.243141611972915e-57,0.9999999017873099,2.093446930439175e-96,2.9552382344917153e-32
2019-04-15,2,risk_on,1.9500216028374692e-07,4.122166391246888e-57,0.9999998049979885,3.826920161044257e-96,2.5645538789152004e-31
2019-04-16,2,risk_on,5.0744784032175644e-08,3.1191889211789687e-57,0.9999999492556539,5.4409265266780695e-95,1.9452139207204378e-31
2019-04-17,2,risk_on,9.32297704017212e-08,2.169727676149917e-57,0.9999999067704309,1.464932611341204e-95,5.915394762734907e-31
2019-04-18,2,risk_on,6.564727582206491e-08,6.976756456775409e-57,0.9999999343526745,3.943344078574665e-96,1.7066543305400686e-30
2019-04-22,2,risk_on,2.6054998884199876e-08,1.020887885584483e-61,0.9999999739447961,8.514765164727457e-99,9.326703664482159e-30
2019-04-23,2,risk_on,6.539327903397431e-08,8.07543406103828e-64,0.9999999346064236,6.1558846413627755e-105,2.2976380047057976e-32
2019-04-24,2,risk_on,8.992187538264237e-08,6.249377051064298e-62,0.9999999100782628,2.4751823569966413e-105,4.2720837028479346e-33
2019-04-25,2,risk_on,4.126962236402838e-08,9.722307375291582e-63,0.9999999587307693,1.9016502984790917e-105,3.433863925187254e-32
2019-04-26,2,risk_on,1.4995847632866386e-08,3.3248369736654156e-63,0.9999999850042515,2.190363480320711e-104,6.775975810176063e-33
2019-04-29,2,risk_on,4.111269981480107e-08,8.626538161819114e-63,0.9999999588872024,9.782345050832221e-105,5.431231676303275e-32
2019-04-30,2,risk_on,2.118853348620176e-08,9.09872769528793e-63,0.9999999788115022,3.930102791212039e-103,1.0665602558681014e-31
2019-05-01,2,risk_on,4.6014747370902844e-08,8.69218527279927e-63,0.9999999539850262,2.9131850092983226e-104,3.4372201659146716e-32
2019-05-02,2,risk_on,2.373144033916177e-09,4.736776906630075e-63,0.9999999976271283,1.7519778968328424e-101,3.0048221025720206e-32
2019-05-03,2,risk_on,3.1264002676406353e-09,1.1137346604707987e-64,0.9999999968731572,2.4468359338701874e-102,3.0646112506956513e-33
2019-05-06,2,risk_on,2.686415247235861e-08,2.70297709173026e-63,0.9999999731362553,2.366169591933026e-101,2.435266673405581e-33
2019-05-07,2,risk_on,2.1951011330656377e-07,2.5980830278151597e-59,0.9999997804898398,7.311627061845565e-96,1.8065329880605082e-31
2019-05-08,2,risk_on,5.442121761796972e-07,5.04409134364066e-60,0.9999994557876224,2.727286621088565e-94,5.090888786318438e-32
2019-05-09,2,risk_on,2.210911570145961e-07,4.688303551664501e-58,0.9999997789091384,1.6981212568256074e-91,1.431870833138544e-32
2019-05-10,2,risk_on,7.353801820675985e-09,1.919016859331874e-56,0.9999999926458258,1.861113310823064e-89,1.621866963114014e-31
2019-05-13,2,risk_on,4.952122129744247e-07,4.2060793158336135e-54,0.9999995047875334,1.0046260223497013e-84,3.969881372786189e-28
2019-05-14,2,risk_on,1.4490492493306811e-08,3.925596848911149e-55,0.9999999855099304,6.002213545870727e-84,6.039340633015386e-30
2019-05-15,2,risk_on,1.5940400530928629e-09,6.350482092131563e-60,0.9999999984056558,3.313266257744127e-87,2.1136810546364348e-30
2019-05-16,2,risk_on,3.972335183606474e-09,4.3202476808275175e-61,0.9999999960273271,1.2861375289275256e-91,4.08364640094311e-32
2019-05-17,2,risk_on,2.1228600569422645e-09,1.1032351437885307e-59,0.9999999978772394,3.267008613631974e-91,4.5981440712462955e-32
2019-05-20,2,risk_on,1.0139444032941257e-08,3.557688746551752e-61,0.9999999898609531,3.3760034320897556e-92,9.269873010898689e-31
2019-05-21,2,risk_on,3.0425794507488725e-09,6.20999796510363e-60,0.9999999969577402,4.278395549944338e-93,8.120702751361788e-32
2019-05-22,2,risk_on,4.128371942595601e-09,5.156550773810416e-57,0.9999999958718035,1.0638795872700192e-90,1.9432238811340995e-30
2019-05-23,2,risk_on,1.268130892400406e-08,8.831223128396438e-55,0.9999999873189154,4.268571011150508e-86,1.5187929806843152e-28
2019-05-24,2,risk_on,1.1975019918653758e-08,1.7672173504227696e-54,0.9999999880246833,1.3520320276071031e-84,6.859698599209033e-29
2019-05-28,2,risk_on,2.8297549102096072e-08,1.4491713659548413e-50,0.9999999717028918,6.870767177805041e-81,4.821116771891929e-28
2019-05-29,2,risk_on,2.038066932586202e-06,3.180217817138006e-48,0.9999979619326801,7.421746112389571e-80,1.405867417832744e-25
2019-05-30,2,risk_on,2.725258006712364e-06,3.1622157241498105e-44,0.9999972747419479,1.055686884309547e-74,2.299856904712723e-26
2019-05-31,2,risk_on,0.0002205535127204516,1.5265552261934366e-39,0.9997794464872396,1.5502851439590604e-68,1.5826749265926974e-23
2019-06-03,2,risk_on,0.00022365789852806547,1.5396088797235324e-38,0.9997763421010467,1.1761887481476342e-66,1.174344913391817e-21
2019-06-04,2,risk_on,7.318733915994922e-06,3.7310835265597756e-40,0.9999926812665282,5.422567056824589e-65,6.747436911675668e-25
2019-06-05,2,risk_on,2.4455884909375684e-06,1.4201848097324522e-43,0.9999975544117552,1.981117937026905e-68,5.0352750893110885e-24
2019-06-06,2,risk_on,5.80473466585663e-06,6.907532651905046e-47,0.9999941952651389,8.2358428413719e-72,2.1124702906180513e-26
2019-06-07,2,risk_on,1.023004158769953e-06,2.511156715548182e-47,0.9999989769954257,1.6637093619659497e-71,4.208056576924581e-29
2019-06-10,2,risk_on,4.7168547337086697e-07,5.694721284173025e-51,0.999999528314331,1.4475514712105103e-74,5.942685250686297e-29
2019-06-11,2,risk_on,5.943606357569238e-08,9.445554254244459e-53,0.9999999405636135,1.0600280847354613e-78,2.265872730061532e-29
2019-06-12,2,risk_on,1.1838733940186869e-07,3.357900756827483e-54,0.9999998816129007,9.289592468990305e-80,7.835189350275665e-30
2019-06-13,2,risk_on,2.100082748033797e-08,2.532177504022244e-54,0.9999999789988581,1.496665448255254e-80,5.602195550395358e-30
2019-06-14,2,risk_on,5.046463007858019e-10,6.371539237692199e-56,0.9999999994952304,1.3532886434457604e-81,1.246687107763235e-29
2019-06-17,2,risk_on,2.4640900974382005e-09,5.720322406441835e-60,0.9999999975361789,3.731373542891004e-86,2.2369280745349923e-29
2019-06-18,2,risk_on,2.7082476618585025e-08,1.2438104953228152e-58,0.9999999729179766,4.674726197075311e-88,4.841863292051058e-31
2019-06-19,2,risk_on,5.59308420639642e-08,1.0302599100015076e-55,0.9999999440688059,2.6965885646840454e-86,1.7470068190850823e-30
2019-06-20,2,risk_on,1.5848098716182938e-06,3.7178820261181545e-54,0.999998415190367,1.129624744354617e-83,4.431924699470383e-30
2019-06-21,2,risk_on,1.2658520218817714e-06,2.039976265740464e-55,0.9999987341478853,2.420958737364455e-85,1.5346329744622437e-29
2019-06-24,2,risk_on,8.291553317934647e-07,1.8281383257078787e-53,0.9999991708449469,5.685715144525342e-85,1.7621264550656306e-30
2019-06-25,2,risk_on,3.5497579998246205e-07,2.3740291880823883e-54,0.9999996450242808,5.819278582828615e-83,2.9098280409560746e-28
2019-06-26,2,risk_on,8.373390786544389e-07,5.42750405938173e-57,0.9999991626613205,1.951709937821507e-87,3.861379663199802e-29
2019-06-27,2,risk_on,3.2084549631238075e-06,3.0696752816997273e-55,0.9999967915452174,1.7845417321305188e-87,3.882974170326721e-30
2019-06-28,2,risk_on,3.252440440110255e-05,4.7743882494508085e-56,0.9999674755959537,2.198844447116004e-89,3.097965826289411e-28
2019-07-01,2,risk_on,4.4086849570538476e-05,1.7546387984740697e-57,0.9999559131507016,8.037969514018107e-90,3.174269344376387e-29
2019-07-02,2,risk_on,1.4961997117877039e-05,1.1395188230190264e-58,0.9999850380027695,1.6477643340382162e-92,1.0451131406126363e-28
2019-07-03,2,risk_on,9.820885713143268e-07,1.0946945691527625e-59,0.9999990179117324,3.879923049010386e-97,1.2160791172883787e-29
2019-07-05,2,risk_on,1.1730259932938273e-07,1.1602718928147046e-62,0.9999998826970182,6.281293440965017e-100,4.6319824890386304e-29
2019-07-08,2,risk_on,3.735578068232258e-07,2.9158318853409126e-63,0.9999996264424014,2.3495308995984608e-105,1.1294486859859669e-27
2019-07-09,2,risk_on,2.3167710047816033e-07,8.990750172570696e-63,0.9999997683226225,2.8028609182589846e-106,7.447752464953107e-28
2019-07-10,2,risk_on,4.083845754013166e-08,1.9749039167456198e-60,0.9999999591618698,6.660061490969604e-104,3.54083261043268e-27
2019-07-11,2,risk_on,3.6456061864328144e-08,4.190923657979884e-61,0.999999963543815,1.1467742920169318e-101,2.4952271248642965e-26
2019-07-12,2,risk_on,6.240512570583245e-08,1.1052243365193504e-60,0.999999937595023,1.5036431455913397e-103,7.525479963241673e-26
2019-07-15,2,risk_on,8.003193774260399e-09,3.042196012354839e-61,0.9999999919964466,1.4755416586866101e-102,5.240772365558519e-26
2019-07-16,2,risk_on,4.596697616528058e-09,8.541201343644879e-62,0.9999999954034138,8.613763917378824e-104,5.345336383185835e-26
2019-07-17,2,risk_on,1.5777861653066018e-08,6.156599178343378e-59,0.999999984222086,9.366319326969067e-102,1.273098397117632e-25
2019-07-18,2,risk_on,5.240807271786673e-09,5.252151326503116e-57,0.9999999947594915,8.265283080311383e-99,2.817620093029047e-24
2019-07-19,2,risk_on,1.2285459221730827e-08,3.5508906894730755e-59,0.9999999877145456,1.723409175806627e-98,2.4984251241243297e-23
2019-07-22,2,risk_on,7.563924004749232e-09,2.4484487809982844e-61,0.9999999924357326,2.6230506324619364e-101,1.8453805101782573e-24
2019-07-23,2,risk_on,1.647224626003702e-08,4.3785485688213554e-63,0.9999999835281416,1.6754507417157574e-104,5.678384471612461e-26
2019-07-24,2,risk_on,1.2734228340292008e-09,5.553950578275289e-62,0.9999999987267074,9.431983219574546e-103,2.2544988118666964e-27
2019-07-25,2,risk_on,1.6551116856026696e-09,1.1649941539017802e-65,0.9999999983447196,3.266325289875261e-104,3.6633944071721176e-28
2019-07-26,2,risk_on,1.3199803238119754e-09,2.524475628895101e-65,0.9999999986803232,8.718232625020843e-105,8.474035159712174e-30
2019-07-29,2,risk_on,2.2627516884331927e-09,2.463327751848787e-66,0.9999999977371772,4.901819872592461e-106,6.03584510926896e-29
2019-07-30,2,risk_on,1.8527968096689467e-09,8.907906319274572e-67,0.9999999981473593,5.152018512541241e-106,7.158467931242692e-30
2019-07-31,2,risk_on,2.6702140310937205e-09,1.0711127184305735e-62,0.9999999973297236,1.8691609586973773e-103,1.0641503974184225e-29
2019-08-01,2,risk_on,9.859337664826284e-10,2.1715867164614978e-58,0.9999999990141077,4.3435652849711194e-94,1.456644922944948e-28
2019-08-02,2,risk_on,2.3430250144688993e-10,1.509858088892933e-54,0.9999999997653504,1.0084643807503945e-85,7.383846029010206e-28
2019-08-05,2,risk_on,2.68367818317648e-07,6.142371580513241e-49,0.9999997316317963,6.360582324187343e-78,1.749437948356181e-23
2019-08-06,2,risk_on,8.614085157937569e-11,1.669982666734852e-48,0.999999999913598,1.0633385907655665e-71,1.2036484739611194e-28
2019-08-07,2,risk_on,1.6903274424251615e-09,6.011572676704243e-54,0.9999999983092493,7.585261415918632e-76,3.0808935264695916e-27
2019-08-08,2,risk_on,7.946934667067873e-11,1.1765703598170027e-55,0.999999999920874,5.783774885499418e-81,7.44097290086482e-30
2019-08-09,2,risk_on,3.0939306639805886e-10,1.2826867113510612e-56,0.9999999996907718,4.872340671898291e-82,6.2356263870002264e-30
2019-08-12,2,risk_on,6.014242267336628e-09,7.360608820338787e-53,0.9999999939855115,6.162973676622756e-82,2.2758774264017244e-29
2019-08-13,2,risk_on,3.3070693065649056e-10,1.286290446239807e-50,0.9999999996689439,2.547274737697274e-76,5.267747405173094e-31
2019-08-14,2,risk_on,1.429774260504371e-07,1.0733331441066453e-45,0.9999998570228956,1.4447316173154316e-73,2.819066473113063e-27
2019-08-15,2,risk_on,1.5956642892970598e-08,9.541963472841745e-45,0.9999999840429156,1.5734246806506215e-67,8.148752128538144e-29
2019-08-16,2,risk_on,2.73287166089298e-09,1.0345367155975729e-47,0.9999999972669684,1.388927567111212e-69,4.620295130907261e-28
2019-08-19,2,risk_on,2.9746110916466275e-09,1.3705283424448903e-48,0.9999999970250428,2.9295581341878714e-72,2.278335711837843e-29
2019-08-20,2,risk_on,1.1063958151961837e-08,5.739959163598584e-49,0.999999988935997,8.201791890187341e-75,5.452551754182949e-29
2019-08-21,2,risk_on,1.7179938213386865e-08,6.133176034598512e-51,0.9999999828196452,7.55662671763927e-80,2.5035374052233525e-29
2019-08-22,2,risk_on,1.2284318762396761e-08,6.634039904796101e-47,0.9999999877154551,1.3469704979647907e-74,3.2348972804772016e-32
2019-08-23,2,risk_on,3.2861473644224323e-06,1.2225178171652675e-43,0.9999967138527942,1.1971422060768186e-73,1.9225420589699284e-28
2019-08-26,2,risk_on,3.901108166092054e-07,4.279156986360488e-44,0.9999996098896041,5.512573295002681e-71,3.436053288115622e-30
2019-08-27,2,risk_on,7.21290575707838e-07,1.2005287189297554e-43,0.999999278709116,3.495424812695814e-69,2.997827332181646e-32
2019-08-28,2,risk_on,2.1255810553948852e-07,2.7831716567959436e-47,0.9999997874420158,1.7759648543314166e-71,2.637016393778869e-32
2019-08-29,2,risk_on,3.4292945114252165e-08,5.01705152519829e-46,0.9999999657075028,3.6607755210237914e-69,4.7507687890297505e-35
2019-08-30,2,risk_on,1.258507914436738e-07,4.880720937890733e-47,0.999999874149588,2.6928167880381864e-67,3.770209936940516e-33
2019-09-03,2,risk_on,2.3288247611666383e-08,6.257132038624404e-50,0.9999999767114789,8.649273215400163e-70,5.066002265297953e-33
2019-09-04,2,risk_on,1.0562331355190243e-06,6.922137089853381e-50,0.9999989437670713,5.726778339698076e-70,1.6865339989736972e-34
2019-09-05,2,risk_on,2.7125210485820726e-09,2.4255828433109354e-53,0.9999999972878868,7.800771412427718e-75,5.125149471923116e-34
2019-09-06,2,risk_on,4.4665101203263713e-10,1.1871823597244818e-52,0.9999999995534381,5.149713436716142e-76,5.838589217636683e-35
2019-09-09,2,risk_on,4.8159868494481416e-11,2.6974147583847836e-56,0.9999999999517968,4.619106001114729e-80,1.1027754246098917e-31
2019-09-10,2,risk_on,1.4401276292100841e-10,1.0677308676713324e-59,0.9999999998562998,2.8502659983494913e-85,1.891484744774445e-32
2019-09-11,2,risk_on,5.42235232209225e-10,2.3956481404509742e-59,0.9999999994579412,7.290343579436312e-86,2.217603003754664e-34
2019-09-12,2,risk_on,3.246798296485901e-11,1.4051154066439912e-61,0.9999999999672582,1.1092121668479434e-87,1.5928399248775468e-33
2019-09-13,2,risk_on,3.532991428368118e-10,7.901033521197825e-64,0.9999999996471161,2.7531920074174945e-88,8.715176887335117e-35
2019-09-16,2,risk_on,2.0372778859880646e-10,4.806081659619472e-62,0.9999999997962732,1.6639032356559257e-91,1.3467926525972589e-33
2019-09-17,2,risk_on,8.55770627222782e-11,3.783972955099533e-64,0.9999999999145075,4.264607402015463e-91,5.448090937217857e-33
2019-09-18,2,risk_on,5.2968520044436384e-12,2.7098459712912633e-65,0.999999999994543,6.857735926834889e-94,5.316032415738246e-33
2019-09-19,2,risk_on,4.3798298612822275e-11,3.8719356445933505e-68,0.9999999999563443,3.256535226454479e-97,1.61965402755887e-32
2019-09-20,2,risk_on,3.5426998809777893e-10,6.168189117592197e-66,0.9999999996452971,2.4212883785011563e-97,1.8649726176399737e-33
2019-09-23,2,risk_on,3.917956647140947e-11,1.4107550400553702e-65,0.9999999999608917,8.063646352690665e-97,1.1156675078825983e-33
2019-09-24,2,risk_on,8.474684854103624e-09,4.611408166716245e-66,0.9999999915253284,4.467026088217056e-93,3.3616601192070065e-35
2019-09-25,2,risk_on,1.5717199568255884e-09,3.8428648762684746e-64,0.9999999984283932,1.0398712812159941e-94,2.314835306645403e-34
2019-09-26,2,risk_on,2.294482689265843e-09,1.2101245476288106e-65,0.9999999977053449,2.979440924101492e-93,1.2801045359586777e-34
2019-09-27,2,risk_on,7.668829101100595e-10,8.42540770411115e-65,0.999999999233296,8.854299039996384e-92,3.340848285769267e-34
2019-09-30,2,risk_on,5.194446765281875e-11,2.435776436331093e-65,0.9999999999481588,5.198210474589374e-91,3.5908544298907595e-33
2019-10-01,2,risk_on,4.761889170611099e-09,6.365522337034044e-62,0.9999999952378857,1.1292755604563428e-88,7.601833697087327e-32
2019-10-02,2,risk_on,2.3163664445643244e-08,8.596353802087848e-56,0.9999999768360797,1.8847442686837782e-83,1.2271126146449373e-28
2019-10-03,2,risk_on,1.6144165109539221e-09,2.4438238580005784e-57,0.9999999983856469,2.6733622066259477e-80,1.0926251871412933e-27
2019-10-04,2,risk_on,1.5879069940443592e-09,6.305266462004677e-59,0.9999999984120223,1.0533872868820555e-83,1.3494567348879777e-28
2019-10-07,2,risk_on,1.1848624447509481e-09,3.4188265151034305e-60,0.9999999988149284,9.977615951867567e-85,1.033546539261992e-28
2019-10-08,2,risk_on,2.7298611385871536e-09,4.046934319411839e-59,0.9999999972696969,8.490167607776851e-84,1.1911006218139408e-28
2019-10-09,2,risk_on,2.43374145365183e-09,4.325619848595171e-58,0.9999999975661922,5.400521916211404e-82,3.6649172760695075e-30
2019-10-10,2,risk_on,2.0066493876388897e-09,2.7573881302672804e-59,0.9999999979936547,7.014913931358759e-83,5.202874087415901e-29
2019-10-11,2,risk_on,3.85625609613598e-09,9.029969717214317e-61,0.9999999961437425,2.8271632608703302e-87,4.955880158926323e-29
2019-10-14,2,risk_on,2.7849308518670084e-09,3.530061220393222e-56,0.9999999972151272,2.4824738627359282e-86,1.7270350690974157e-30
2019-10-15,2,risk_on,6.754170259268421e-09,2.504620899954203e-56,0.9999999932460923,1.5320260406759109e-81,2.6856872831825183e-29
2019-10-16,2,risk_on,5.362345137162072e-09,1.0703994064598048e-56,0.9999999946376192,2.1365615847950876e-83,4.664405796368017e-28
2019-10-17,2,risk_on,3.974605573427289e-08,3.6666971220574036e-56,0.9999999602541728,5.49687686689483e-84,1.2344619593526262e-28
2019-10-18,2,risk_on,4.489109851954429e-08,1.1451358934334644e-54,0.9999999551091615,2.750610363112886e-82,1.046256631487333e-28
2019-10-21,2,risk_on,3.0232007254404266e-07,2.5756938742164626e-57,0.9999996976803689,1.629990140164446e-84,2.4669400862762696e-27
2019-10-22,2,risk_on,9.792646119229307e-08,3.709476926893653e-57,0.9999999020738007,2.4668871811790547e-85,5.048937036097284e-29
2019-10-23,2,risk_on,6.146615095293679e-08,1.6759760482090983e-56,0.9999999385336215,2.987490939559507e-84,2.931033174892735e-29
2019-10-24,2,risk_on,1.3638060713547849e-07,3.0975754628639544e-57,0.9999998636194598,3.049422661805044e-86,5.604692282984445e-28
2019-10-25,2,risk_on,3.4330708908794756e-08,4.3697217687794194e-57,0.999999965669304,4.293400695050284e-87,3.261258476331946e-29
2019-10-28,2,risk_on,1.0084231955789438e-07,1.1108237701025803e-56,0.9999998991579611,1.1920762732206061e-85,2.1576502625403066e-29
2019-10-29,2,risk_on,4.313801461177679e-08,9.309386783843741e-58,0.9999999568617577,7.668787585168029e-88,1.2846595285691432e-28
2019-10-30,2,risk_on,2.5537918382794524e-09,5.166634998521344e-58,0.9999999974461389,4.149215622497065e-86,4.528982795444951e-31
2019-10-31,2,risk_on,1.8609762073512953e-08,3.0991620587862307e-58,0.9999999813899196,1.5270475321477571e-84,9.085522354120883e-32
2019-11-01,2,risk_on,6.116714148196803e-09,6.196043292556418e-55,0.9999999938836481,1.0773110146451057e-84,1.1262071262460908e-31
2019-11-04,2,risk_on,1.1920100974903813e-09,5.599720371122005e-58,0.9999999988076524,5.970221534019341e-84,2.976040623157934e-30
2019-11-05,2,risk_on,1.796301992233617e-08,3.7964629131308965e-59,0.9999999820365703,1.5031356178942206e-87,1.8996586482397207e-30
2019-11-06,2,risk_on,3.932499482373385e-08,3.8832637700830344e-57,0.9999999606752689,9.999575253854331e-90,1.1992903558405379e-30
2019-11-07,2,risk_on,7.37336496994375e-08,8.359592895254726e-57,0.9999999262663577,1.860087790801697e-88,1.3281150556564123e-29
2019-11-08,2,risk_on,6.890238422920782e-08,1.5293623433822223e-55,0.9999999310975932,2.0804823109336934e-88,2.919118785491099e-29
2019-11-11,2,risk_on,1.647508223272298e-08,1.0275254813983958e-55,0.9999999835245036,2.5732361580769194e-85,5.744198688651208e-30
2019-11-12,2,risk_on,1.2146918702296238e-07,6.217257894386333e-57,0.9999998785306234,9.35907253819282e-91,1.2107801820962856e-28
2019-11-13,2,risk_on,4.984685096810408e-09,1.2475939788004905e-58,0.9999999950150595,9.210511199855875e-89,3.567315489292637e-31
2019-11-14,2,risk_on,1.4376833345086223e-09,1.0565036360382059e-63,0.9999999985620889,7.460001626715915e-93,2.618697712240675e-32
2019-11-15,2,risk_on,2.6235939276435523e-10,4.04756601808773e-66,0.9999999997380655,4.3845285005544705e-98,7.153076088989771e-34
2019-11-18,2,risk_on,9.613169173110654e-10,2.1633216485287792e-67,0.9999999990386641,8.791186673431291e-102,5.997615751357861e-34
2019-11-19,2,risk_on,2.2534577816278172e-09,1.2889642561772232e-67,0.9999999977462721,7.244027550063133e-104,4.757553527666028e-35
2019-11-20,2,risk_on,8.353209447813184e-10,1.5758472908540616e-65,0.9999999991650839,1.1987946159811578e-101,3.0594221338042507e-35
2019-11-21,2,risk_on,2.451979123186358e-09,3.0017659987443564e-69,0.9999999975480023,9.182877048594729e-106,3.9877161811829416e-35
2019-11-22,2,risk_on,4.662957873152654e-10,1.3837241892162944e-71,0.9999999995334292,1.0682196579036855e-110,1.7453919476498325e-36
2019-11-25,2,risk_on,8.766318204157685e-10,3.299424257456329e-73,0.9999999991232471,1.2457935859795523e-113,1.6150410535730912e-37
2019-11-26,2,risk_on,2.4641782488519837e-09,1.5501808535891686e-73,0.9999999975361789,5.732100897724779e-118,2.3025504501485975e-37
2019-11-27,2,risk_on,6.1769629166549154e-09,6.222117222818287e-72,0.999999993822712,2.145879036553468e-117,8.943875789981676e-39
2019-11-29,2,risk_on,4.205387904158009e-09,3.5261645849481572e-71,0.9999999957944965,1.331537111768177e-116,2.2634032757685398e-36
2019-12-02,2,risk_on,2.3081549393395085e-08,1.0111807488699451e-72,0.9999999769188437,3.2510839939776486e-117,1.6745543368848032e-35
2019-12-03,2,risk_on,6.908145855867439e-09,1.0228686262280453e-69,0.9999999930914782,7.434602280780352e-115,9.483311650627742e-35
2019-12-04,2,risk_on,5.220822378038756e-10,1.8995830490637382e-74,0.99999999947795,2.9883006828987593e-114,6.743621204536255e-36
2019-12-05,2,risk_on,2.493512211384381e-09,6.112018443417356e-77,0.9999999975061655,6.222405253310626e-121,5.739282612311675e-36
2019-12-06,2,risk_on,1.8423713686983424e-09,3.158605229483765e-76,0.9999999981573637,4.007228357333631e-121,3.5511843368195966e-37
2019-12-09,2,risk_on,5.442668215457313e-08,1.1290034721551863e-74,0.99999994557311,8.76647580483935e-120,1.5601920499204786e-37
2019-12-10,2,risk_on,3.6696959278430964e-08,1.0646447728036682e-73,0.9999999633027989,5.802788632856035e-117,1.3867102548398296e-38
2019-12-11,2,risk_on,3.196574544153904e-08,2.7860062723102043e-74,0.9999999680339903,2.5499071023781523e-116,1.0824545943763716e-38
2019-12-12,2,risk_on,1.265243992288348e-08,1.127112273142727e-71,0.9999999873471097,1.0286562516717463e-113,2.2824282896355916e-38
2019-12-13,2,risk_on,3.4024882211429173e-09,1.8308478386969126e-71,0.9999999965975803,1.1980059161609204e-112,2.423551147230783e-38
2019-12-16,2,risk_on,2.6751144215243724e-09,9.822110321227577e-69,0.9999999973251761,1.4344300283769922e-110,2.089604619879556e-37
2019-12-17,2,risk_on,1.444497543741396e-08,3.76402002013221e-68,0.9999999855554051,6.674450437930495e-111,2.3601021739935353e-35
2019-12-18,2,risk_on,7.987794631456632e-09,6.507038025542394e-68,0.999999992011908,5.376780131068419e-110,7.125085260774098e-35
2019-12-19,2,risk_on,9.162166818122902e-09,8.773351434060491e-69,0.9999999908377504,7.464315359047684e-111,2.3604056776217523e-35
2019-12-20,2,risk_on,4.449795827043761e-09,6.068089056203286e-70,0.9999999955498424,2.6628425662371433e-112,1.541342637785903e-35
2019-12-23,2,risk_on,5.839098101208798e-09,8.500198704253402e-71,0.999999994161044,3.4285733660695893e-113,1.544854217089493e-36
2019-12-24,2,risk_on,1.05916180879861e-08,3.823741384176785e-73,0.9999999894080247,8.835192064109927e-118,4.6609168127090234e-36
2019-12-26,2,risk_on,5.5539666843138256e-09,6.865418956346757e-73,0.9999999944457159,1.1017811700840844e-117,2.4496942953609336e-37
2019-12-27,2,risk_on,1.671774220729352e-08,2.781994071528267e-72,0.999999983282578,7.490996000447157e-117,1.0679841866266022e-36
2019-12-30,2,risk_on,2.873913953272633e-08,7.332762552035772e-71,0.9999999712608774,2.374027168681597e-114,2.3382319631634312e-36
2019-12-31,2,risk_on,5.999219138846226e-08,1.1342668555471513e-72,0.9999999400079123,5.52898156467383e-119,2.538149806736021e-35
2020-01-02,2,risk_on,8.783279627088622e-08,8.486053518995521e-73,0.999999912167372,2.575028494032377e-120,2.2148750321704291e-38
2020-01-03,2,risk_on,1.051519456617038e-07,6.231690123263929e-68,0.9999998948478661,6.798697743500009e-114,2.0472904343883658e-38
2020-01-06,2,risk_on,3.076693840209568e-09,1.6029779136341184e-65,0.9999999969231794,9.5691916325396e-104,4.3741149229331344e-38
2020-01-07,2,risk_on,8.038416902791167e-09,4.145033930147364e-66,0.9999999919618858,2.7568489257684505e-101,2.1607850992902655e-37
2020-01-08,2,risk_on,1.4050043890917665e-08,2.8592629936132087e-65,0.9999999859501258,1.4272954966556947e-100,4.377145954230924e-37
2020-01-09,2,risk_on,7.944796510582923e-08,9.29338116482509e-68,0.9999999205520029,1.1758862634360948e-103,1.0113111832581279e-38
2020-01-10,2,risk_on,5.101485795515943e-08,3.010221102751052e-67,0.999999948985534,1.3749083065230923e-105,2.048122713962773e-40
2020-01-13,2,risk_on,1.7263400667732913e-08,5.711544376140228e-70,0.9999999827368812,1.4766331731914492e-107,3.369644721938381e-40
2020-01-14,2,risk_on,3.6510346742945318e-09,5.433616300770295e-71,0.9999999963492883,1.6878017303831347e-110,1.57428529735484e-40
2020-01-15,2,risk_on,2.4412462357772593e-09,1.290312432405677e-75,0.9999999975589162,2.746139435618181e-113,1.2390692790431726e-41
2020-01-16,2,risk_on,1.917431288479945e-09,1.1282851443481581e-74,0.9999999980827852,9.119872318114689e-116,3.871685032924185e-42
2020-01-17,2,risk_on,1.1765678769322502e-09,1.7940149847113606e-75,0.9999999988231139,1.0671074459672752e-114,6.952978958976611e-42
2020-01-21,2,risk_on,1.6691977738649404e-09,2.215113700826889e-74,0.9999999983310772,5.3653196760147145e-114,1.4132699292528471e-42
2020-01-22,2,risk_on,2.8510453497987045e-09,1.2437459642791823e-75,0.9999999971487341,1.3464164103378855e-113,1.9065019890358683e-43
2020-01-23,2,risk_on,1.4204750962831712e-08,3.4151361332287665e-75,0.9999999857955117,1.7706477877772743e-116,3.824309428224739e-43
2020-01-24,2,risk_on,2.6384215884401317e-08,6.881911177527573e-72,0.999999973615559,1.3350488272241316e-115,2.1369309168849104e-42
2020-01-27,2,risk_on,3.413477056116787e-08,4.1953572807498317e-66,0.9999999658648454,8.088060026127068e-105,1.726664875138499e-41
2020-01-28,2,risk_on,5.587340004915614e-09,9.783745977220822e-68,0.999999994412974,6.778637138134349e-99,5.140984324326292e-41
2020-01-29,2,risk_on,8.334727498950052e-09,6.518856461823923e-69,0.9999999916653906,1.3924403209305242e-100,2.0747220138547958e-42
2020-01-30,2,risk_on,7.181316055197171e-09,4.728880210116854e-67,0.9999999928186298,4.716114131917871e-100,3.298681911389826e-42
2020-01-31,2,risk_on,3.818486896675432e-09,4.384305107724239e-63,0.9999999961819412,1.551254187883327e-93,6.023106125103653e-41
2020-02-03,2,risk_on,1.915200885383876e-09,1.697159792197209e-65,0.9999999980846042,2.1355966132154182e-91,1.8036503779239862e-40
2020-02-04,2,risk_on,3.2593663974273225e-09,5.538804245658755e-65,0.999999996740371,7.464651452103318e-92,1.4888824325765865e-40
2020-02-05,2,risk_on,7.073817518838216e-09,8.966876155357621e-65,0.9999999929259502,1.3264651402709027e-92,1.8631622168826175e-39
2020-02-06,2,risk_on,7.422082206298511e-09,1.892178952178267e-62,0.9999999925776137,3.4748626631188e-91,1.8001223447577542e-40
2020-02-07,2,risk_on,1.2636462434161272e-08,8.15037363074068e-62,0.9999999873634806,6.942212199983257e-92,2.0656254165238823e-39
2020-02-10,2,risk_on,1.3491278438099429e-08,4.1782732677022736e-62,0.9999999865085556,1.6467607557492659e-90,2.4170081700132808e-39
2020-02-11,2,risk_on,1.8196136130941692e-08,2.520228693864719e-62,0.9999999818037396,6.1150225528046614e-89,2.1087938251570822e-40
2020-02-12,2,risk_on,3.1684118485808124e-09,7.089686786273165e-63,0.9999999968313205,1.1017395632162131e-91,3.032553703463461e-40
2020-02-13,2,risk_on,1.7412331215621389e-09,8.616504695233537e-63,0.9999999982583176,2.4026260072281746e-90,4.3587682210138136e-41
2020-02-14,2,risk_on,2.1622839449650593e-09,5.792379951675673e-63,0.9999999978381311,4.9171466186548286e-92,3.924922051903659e-40
2020-02-18,2,risk_on,5.640339519978724e-09,1.2362942927009866e-63,0.9999999943593139,1.0022323127360668e-93,1.0850609937929797e-39
2020-02-19,2,risk_on,2.540719100721735e-09,6.632601147388446e-64,0.9999999974588718,3.220304277756666e-93,4.049686934995168e-41
2020-02-20,2,risk_on,1.6492865177701421e-09,9.324763618060905e-56,0.9999999983510861,3.099063497864499e-85,2.1080971649108515e-42
2020-02-21,2,risk_on,9.042800680033914e-06,2.985450156398299e-43,0.9999909571997296,8.559774538693682e-73,1.403655382828607e-40
2020-02-24,2,risk_on,0.2448346239282179,4.439208643587719e-31,0.7551653760713483,1.8136050570856693e-57,2.269939251940551e-35
2020-02-25,0,inflation_rates_shock,0.9999738913254574,6.099088683340839e-22,2.6108674966860677e-05,3.1272127962710294e-46,4.6789074442548626e-33
2020-02-26,0,inflation_rates_shock,0.9999999999772626,1.189891354556579e-16,2.2597999671838636e-11,4.919290921569369e-37,1.9491879115459154e-36
2020-02-27,0,inflation_rates_shock,0.9999999995470716,4.5252613526087016e-10,4.338176989138165e-25,7.755670031011707e-33,2.6750774533901794e-43
2020-02-28,0,inflation_rates_shock,0.9999998271996595,1.7280059964667682e-07,8.246081203864845e-28,3.98327371236486e-24,5.1946029934880986e-39
2020-03-02,0,inflation_rates_shock,0.9999988880332965,1.1119670375329352e-06,1.5309306273321703e-18,1.3533003287649613e-20,3.167890341061887e-32
2020-03-03,0,inflation_rates_shock,0.998970140844069,0.0010298591559457634,3.517690923801835e-23,7.713603103025689e-19,4.6824147583020246e-33
2020-03-04,0,inflation_rates_shock,0.9783028181060517,0.021697181894303526,1.2445327384313391e-22,4.447117896959364e-18,7.027767523825985e-29
2020-03-05,1,defensive_risk_off,0.002785840886794779,0.9972141591131168,3.593558524614637e-38,4.709569879329625e-19,5.710551394719476e-31
2020-03-06,1,defensive_risk_off,4.4394081042045834e-13,1.0,5.39615649008337e-68,3.581723985441151e-18,6.455514735806577e-35
2020-03-09,1,defensive_risk_off,1.2267520732305358e-43,1.0,6.024728297551327e-126,2.085817083797809e-40,2.7694296568403713e-44
2020-03-10,1,defensive_risk_off,4.542264586771199e-71,1.0,4.067043909826063e-153,3.628541457137426e-52,2.990875014691048e-38
2020-03-11,1,defensive_risk_off,2.5842623300537016e-75,1.0,5.056857282575984e-205,3.0980642874811403e-83,3.920671299131706e-45
2020-03-12,1,defensive_risk_off,1.0749556752845933e-100,1.0,5.445320838561458e-283,6.364408529735637e-134,4.75386552369042e-72
2020-03-13,1,defensive_risk_off,1.806720642793289e-128,1.0,1.451980468e-314,2.0979472417494392e-139,3.900500386214858e-52
2020-03-16,1,defensive_risk_off,1.2389130099311754e-139,1.0,0.0,2.2649089069727087e-176,3.9036403033066936e-84
2020-03-17,1,defensive_risk_off,6.946780126934031e-170,1.0,0.0,2.1270233429640914e-225,7.187282373311907e-88
2020-03-18,1,defensive_risk_off,1.1937860024645028e-175,1.0,0.0,7.254044677967121e-270,1.233654494122809e-101
2020-03-19,1,defensive_risk_off,1.1232524992927802e-213,1.0,0.0,4.3779875080431665e-259,4.25807270701618e-96
2020-03-20,1,defensive_risk_off,8.669014862302976e-233,1.0,0.0,1.3351856733058956e-255,1.370677416423837e-85
2020-03-23,1,defensive_risk_off,1.428028844122016e-233,1.0,0.0,4.5785615720868757e-175,1.5612891991745501e-69
2020-03-24,1,defensive_risk_off,2.036587272821985e-214,1.0,0.0,3.8566707638810616e-177,1.1812350293423457e-67
2020-03-25,1,defensive_risk_off,8.208995384121756e-214,1.0,0.0,2.723343282640835e-159,9.124034009001288e-68
2020-03-26,1,defensive_risk_off,2.548227638865755e-230,1.0,0.0,1.3827696672753814e-161,7.202752514834601e-72
2020-03-27,1,defensive_risk_off,5.048553621848385e-217,1.0,0.0,4.716557570943032e-151,2.5696526501783317e-61
2020-03-30,1,defensive_risk_off,3.1822115132946184e-190,1.0,0.0,8.632133944928995e-137,1.4278423270169116e-53
2020-03-31,1,defensive_risk_off,2.0956282297996853e-172,1.0,0.0,1.3703830145032996e-134,1.6870524342894595e-51
2020-04-01,1,defensive_risk_off,9.864250517719463e-159,1.0,0.0,2.6926600317949465e-145,1.6797616790975985e-46
2020-04-02,1,defensive_risk_off,7.268771613791879e-168,1.0,0.0,5.022269281181637e-133,6.925814001957242e-49
2020-04-03,1,defensive_risk_off,1.10297383219823e-158,1.0,0.0,3.8012599289198766e-122,3.7655369907977333e-47
2020-04-06,1,defensive_risk_off,1.9474314094303844e-161,1.0,0.0,5.199612495326451e-133,1.9354819369394948e-55
2020-04-07,1,defensive_risk_off,5.873640288030714e-151,1.0,0.0,1.4844733634182486e-88,7.155636741537285e-53
2020-04-08,1,defensive_risk_off,5.664224334897362e-153,1.0,0.0,7.569284309187328e-82,1.8358892276675452e-54
2020-04-09,1,defensive_risk_off,3.743562560666806e-161,1.0,0.0,5.92517275590896e-73,3.2758349414007907e-65
2020-04-13,1,defensive_risk_off,1.6954108869308986e-136,1.0,0.0,1.2561964465939426e-44,4.736000296661024e-64
2020-04-14,1,defensive_risk_off,2.1040478306901833e-137,1.0,7.949941923915062e-302,2.755732476500452e-40,2.253081222283554e-56
2020-04-15,1,defensive_risk_off,4.821406147068289e-95,1.0,0.0,3.26896329642332e-20,2.0155686379567132e-56
2020-04-16,1,defensive_risk_off,1.028749637969371e-104,1.0,0.0,1.8360062588411362e-21,1.0091611330629755e-58
2020-04-17,1,defensive_risk_off,7.228485130056196e-109,1.0,0.0,1.505965858238019e-31,4.3966630613509454e-70
2020-04-20,1,defensive_risk_off,2.895214848677311e-126,1.0,0.0,1.3214063702649677e-22,2.8455843745190155e-71
2020-04-21,3,recovery_or_normalization,2.0861461108849848e-110,2.8547913372059077e-08,0.0,0.9999999714518713,6.743535073555882e-68
2020-04-22,3,recovery_or_normalization,1.702335532734597e-98,2.1628891928849217e-22,0.0,1.0,9.023757555569577e-63
2020-04-23,3,recovery_or_normalization,3.07645005889344e-90,1.2727482747064636e-15,0.0,1.0,2.5003048248181741e-54
2020-04-24,3,recovery_or_normalization,1.954786460966201e-81,4.126110837723838e-13,0.0,1.0,3.541358141961489e-61
2020-04-27,3,recovery_or_normalization,5.866920451640756e-91,5.0966506046794245e-14,0.0,1.0,5.312626805860611e-59
2020-04-28,3,recovery_or_normalization,2.0967482856031611e-94,1.737309275459354e-12,0.0,0.999999999998181,5.605489557360103e-64
2020-04-29,3,recovery_or_normalization,6.765414999771621e-90,7.834000411745648e-19,3.825033921733077e-309,1.0,8.081386961582771e-59
2020-04-30,3,recovery_or_normalization,1.0345488273237156e-84,5.444581854712489e-23,8.291848743486e-312,1.0,2.359570860699686e-62
2020-05-01,3,recovery_or_normalization,1.3744415707304134e-87,2.4450778248826866e-27,0.0,1.0,2.030262742827754e-68
2020-05-04,3,recovery_or_normalization,9.392282195576246e-99,3.192366170726575e-33,0.0,1.0,8.030997762574736e-77
2020-05-05,3,recovery_or_normalization,6.900025980539075e-103,3.0511296181457906e-43,0.0,1.0,1.61851329461127e-77
2020-05-06,3,recovery_or_normalization,5.977383513880782e-107,4.883529211006004e-46,0.0,1.0,3.206215440934584e-83
2020-05-07,3,recovery_or_normalization,1.8986240049088457e-112,2.090425788162857e-45,0.0,1.0,2.6276131196622527e-86
2020-05-08,3,recovery_or_normalization,5.468535235381425e-106,1.588841681150974e-49,0.0,1.0,3.962803475435001e-82
2020-05-11,3,recovery_or_normalization,1.7991913069801625e-116,3.700126155899642e-45,0.0,1.0,1.1559827263661511e-89
2020-05-12,3,recovery_or_normalization,7.307598451695643e-118,3.539755716028872e-51,0.0,1.0,1.2350480547198414e-95
2020-05-13,3,recovery_or_normalization,3.9333768280191895e-124,2.774649920167403e-57,0.0,1.0,2.703647890960916e-103
2020-05-14,3,recovery_or_normalization,1.8358116079273956e-129,2.104010158594561e-62,0.0,1.0,3.7487660396508633e-106
2020-05-15,3,recovery_or_normalization,7.262353853117022e-131,2.58678180754938e-65,0.0,1.0,2.210729989344729e-106
2020-05-18,3,recovery_or_normalization,1.4868373974993032e-130,3.075332955913923e-66,0.0,1.0,3.0955091129380164e-106
2020-05-19,3,recovery_or_normalization,2.727539421588526e-138,1.7452350654517442e-65,0.0,1.0,7.388303558623066e-114
2020-05-20,3,recovery_or_normalization,1.0047833190228252e-136,3.897076481897856e-74,0.0,1.0,4.892168170363285e-116
2020-05-21,3,recovery_or_normalization,1.1203880220841182e-142,1.2494685955941417e-74,0.0,1.0,3.6210393813675765e-122
2020-05-22,3,recovery_or_normalization,4.10495366361674e-152,2.432065835663363e-78,0.0,1.0,5.295786306278046e-130
2020-05-26,3,recovery_or_normalization,4.5570130574584214e-153,7.006503120155003e-87,0.0,1.0,1.1234256901470968e-131
2020-05-27,3,recovery_or_normalization,8.14000708112776e-161,5.568933597192073e-85,0.0,1.0,1.0575332957422681e-137
2020-05-28,3,recovery_or_normalization,2.2808201135283013e-161,6.442087732045388e-89,0.0,1.0,7.029772037397046e-136
2020-05-29,3,recovery_or_normalization,2.556767245236286e-150,1.542822653448722e-89,0.0,1.0,4.643904203764872e-130
2020-06-01,3,recovery_or_normalization,1.7361152133384315e-165,2.0609945167596487e-80,0.0,1.0,1.4061261979386921e-139
2020-06-02,3,recovery_or_normalization,6.161720733592293e-157,4.813326113774724e-93,0.0,1.0,1.900720253854474e-133
2020-06-03,3,recovery_or_normalization,4.550366466467375e-162,6.060402661162787e-85,0.0,1.0,2.045098092831921e-133
2020-06-04,3,recovery_or_normalization,4.814632524516193e-158,1.6006294093161917e-86,0.0,1.0,1.5298343823768955e-132
2020-06-05,3,recovery_or_normalization,1.0248841298023323e-164,1.0255387992082388e-85,0.0,1.0,1.056966883131331e-141
2020-06-08,3,recovery_or_normalization,7.557251885814164e-142,2.3738231533558025e-97,1.18278323e-315,1.0,1.2216890028648132e-116
2020-06-09,3,recovery_or_normalization,2.2131163186714152e-141,1.00626577938466e-73,2.9871976478648313e-289,1.0,2.2348253707559456e-118
2020-06-10,3,recovery_or_normalization,1.546172398290573e-126,1.4695617601339684e-77,1.4923925678948295e-275,1.0,7.99607055952162e-107
2020-06-11,3,recovery_or_normalization,7.99607055952162e-107,1.2125531534208183e-84,5.031139524514544e-285,1.0,1.6240596132637675e-84
2020-06-12,3,recovery_or_normalization,6.815538609722552e-116,1.0935557244117664e-51,4.369825028594315e-234,1.0,5.1361916472894035e-98
2020-06-15,3,recovery_or_normalization,5.136191645855302e-98,1.16948363353114e-80,8.268859541133828e-249,1.0,3.7256942564846685e-84
2020-06-16,3,recovery_or_normalization,6.998503412902483e-122,5.584349162566233e-55,4.365876162721691e-210,1.0,1.0500750323597697e-105
2020-06-17,3,recovery_or_normalization,1.2099497850757565e-107,9.901616970775674e-85,3.175883477155363e-203,1.0,5.039254461770756e-100
2020-06-18,3,recovery_or_normalization,5.039254566803383e-100,6.545215106981804e-83,2.3483515374395484e-193,1.0,3.864872374775554e-89
2020-06-19,3,recovery_or_normalization,3.8648723748282795e-89,4.2625162369142014e-106,5.971816626055601e-191,1.0,2.388289732124314e-82
2020-06-22,3,recovery_or_normalization,2.3882901186126562e-82,3.497304615145821e-123,8.916974635735184e-191,1.0,1.0482161819569446e-72
2020-06-23,3,recovery_or_normalization,1.0482161821943281e-72,4.939301381521615e-65,1.689184251854694e-142,1.0,1.6230747469036826e-58
2020-06-24,3,recovery_or_normalization,1.62307474685054e-58,1.1331944257341493e-53,3.089134732925115e-128,1.0,5.761551035748165e-51
2020-06-25,3,recovery_or_normalization,5.648542729203648e-51,1.0002904473748023e-34,4.87008917382028e-99,1.0,2.626698470881879e-43
2020-06-26,3,recovery_or_normalization,2.6266984850866845e-43,9.816440119041744e-39,5.556312981608873e-102,1.0,6.392833111338786e-42
2020-06-29,3,recovery_or_normalization,6.651497501242879e-42,4.649250226442348e-31,8.178417774379728e-91,1.0,2.436760964000609e-36
2020-06-30,3,recovery_or_normalization,2.436764186680886e-36,2.3339216548776338e-37,1.0542863473345495e-81,1.0,9.674979187679375e-33
2020-07-01,3,recovery_or_normalization,9.677376523515045e-33,2.5794931820732745e-53,3.4839534914836013e-84,1.0,2.3375452430957206e-28
2020-07-02,3,recovery_or_normalization,2.3375814024070083e-28,7.09422693823304e-46,1.8073518608891898e-72,1.0,1.3041752433954808e-20
2020-07-06,3,recovery_or_normalization,1.3041739640582049e-20,4.338047237995525e-55,1.1325506737168706e-61,1.0,2.7866259591157123e-16
2020-07-07,3,recovery_or_normalization,2.7855306583712657e-16,9.20338689262116e-31,3.851865100008732e-41,0.9999992796331619,7.203665366601789e-07
2020-07-08,3,recovery_or_normalization,7.202540868388552e-07,1.540148501858281e-31,6.542252760588482e-29,0.9945088428768621,0.00549043686864241
2020-07-09,3,recovery_or_normalization,0.005491147471848384,1.306084970528813e-20,6.68571406421601e-21,0.8259166225208092,0.16859223000704898
2020-07-10,4,mixed_or_neutral_4,0.17408319455892454,6.274397474502444e-27,1.975765528122797e-17,2.1607221983942436e-10,0.8259168052248748
2020-07-13,0,inflation_rates_shock,0.9999999997835403,9.089516665467418e-31,3.054586229300855e-29,1.3292814330515019e-17,2.1608136356621494e-10
2020-07-14,0,inflation_rates_shock,1.0,2.715733674479169e-34,2.6105000565054493e-23,9.530607668944969e-26,1.329313848055415e-17
2020-07-15,0,inflation_rates_shock,1.0,2.734107297212958e-39,1.618871477090916e-23,2.8364288726869545e-34,9.549025236863177e-26
2020-07-16,0,inflation_rates_shock,1.0,1.625100191511799e-37,1.6998078356717526e-23,7.338492775502812e-42,2.8517577389174843e-34
2020-07-17,0,inflation_rates_shock,1.0,5.26839729972474e-34,6.872984253483953e-20,7.13297042036548e-51,7.3715438323868305e-37
2020-07-20,0,inflation_rates_shock,1.0,2.1343841155712503e-40,2.987372371105574e-20,3.467775963296082e-48,5.9951612673840525e-34
2020-07-21,0,inflation_rates_shock,1.0,4.330349210877363e-46,1.1361887368284325e-23,1.1316582931514016e-52,2.1940809024772896e-37
2020-07-22,0,inflation_rates_shock,1.0,8.864765128508447e-42,2.218045070631049e-18,4.7399497940950535e-58,1.6705145038204629e-40
2020-07-23,0,inflation_rates_shock,1.0,1.187469697331084e-39,1.6680039295689496e-18,3.423862122929711e-53,6.8184875753095e-35
2020-07-24,0,inflation_rates_shock,1.0,8.63868445631243e-35,1.984170828144092e-21,2.0484619463176715e-52,9.528822804104387e-36
2020-07-27,0,inflation_rates_shock,1.0,2.1735255245207772e-36,8.76645036081553e-18,4.9352775835497995e-52,8.697056056683637e-35
2020-07-28,0,inflation_rates_shock,1.0,7.524327325901174e-34,1.5913729085251267e-23,6.910079014889843e-51,8.623846760348183e-36
2020-07-29,0,inflation_rates_shock,1.0,4.215485084812672e-31,3.2424489648647575e-17,9.269710056721937e-49,7.524413154126399e-34
2020-07-30,0,inflation_rates_shock,1.0,1.5317122013629493e-32,4.08563860875217e-18,9.30371594765187e-47,4.497505400480031e-31
2020-07-31,0,inflation_rates_shock,1.0,5.980488160213948e-37,9.297054482427376e-18,4.438037085702547e-47,1.626592678340113e-32
2020-08-03,0,inflation_rates_shock,1.0,9.861630108148492e-40,6.584910817027908e-17,2.9848410040733014e-52,1.3942633886224306e-33
2020-08-04,0,inflation_rates_shock,1.0,3.474586249186471e-39,2.845975566151799e-17,6.575845202020194e-56,5.01343660737845e-34
2020-08-05,0,inflation_rates_shock,1.0,2.4752600602069383e-43,1.1757588126249288e-17,2.248675103765997e-56,2.274278492271633e-34
2020-08-06,0,inflation_rates_shock,1.0,4.2809318941295155e-42,8.765183514946922e-17,2.4389938795739033e-61,3.6242179813816035e-35
2020-08-07,0,inflation_rates_shock,1.0,4.168992578066677e-41,9.177052330970573e-15,9.761238081164052e-60,1.2716079241666731e-34
2020-08-10,0,inflation_rates_shock,1.0,1.2361760763271416e-43,1.2295056531081319e-14,7.955335202584359e-61,9.735850180545475e-32
2020-08-11,0,inflation_rates_shock,1.0,6.64269665582623e-46,8.664646012865521e-19,1.500380369181317e-60,1.3906063998777216e-33
2020-08-12,0,inflation_rates_shock,1.0,1.4243751966893665e-49,6.9101393548942e-19,2.7883938146096387e-62,2.621177092901346e-36
2020-08-13,0,inflation_rates_shock,1.0,1.6746917138737113e-47,3.59119068410208e-19,1.5760244937418017e-65,4.1476223813122375e-35
2020-08-14,0,inflation_rates_shock,1.0,3.738880921078733e-47,1.979205504334184e-18,3.128380856929286e-63,1.7671739311147796e-35
2020-08-17,0,inflation_rates_shock,1.0,1.3734726878388788e-41,1.166434276820668e-13,1.0281007270580645e-63,2.1314265877546147e-34
2020-08-18,0,inflation_rates_shock,1.0,2.17999944604509e-43,4.703759927089461e-15,4.2095972661152616e-58,7.04507589448425e-30
2020-08-19,0,inflation_rates_shock,1.0,1.3538096117038855e-42,5.024636354247646e-14,6.085783893304182e-60,1.2686434846783346e-31
2020-08-20,0,inflation_rates_shock,1.0,9.381804029167909e-46,1.1799294433835843e-14,2.5257103661078146e-60,1.9935876355152294e-31
2020-08-21,0,inflation_rates_shock,1.0,6.78878311197073e-48,9.55441257642385e-16,2.590798458172113e-63,1.267166914131272e-34
2020-08-24,0,inflation_rates_shock,1.0,2.3519075684146957e-45,8.415491116063377e-15,3.4120692365905597e-63,1.1357555046285622e-36
2020-08-25,0,inflation_rates_shock,1.0,3.3941684124751586e-46,7.976351511078232e-14,2.9964375749897443e-63,7.300311473515782e-35
2020-08-26,0,inflation_rates_shock,1.0,2.5400435083062778e-46,1.5567551971282178e-16,6.838983869260107e-60,5.2409248030213125e-36
2020-08-27,0,inflation_rates_shock,1.0,8.904473977876591e-48,3.0461499889935255e-17,2.5725674138852813e-61,2.652943575408798e-37
2020-08-28,0,inflation_rates_shock,1.0,4.3907088740443147e-51,1.9588612647982562e-16,6.537285526103429e-67,4.9163246109465385e-37
2020-08-31,0,inflation_rates_shock,1.0,4.803061937858701e-50,4.459873497923253e-19,6.3438659892521445e-68,1.784908994067069e-38
2020-09-01,0,inflation_rates_shock,1.0,4.0561098544118355e-51,6.68771577399907e-17,2.687896435309792e-71,1.660960786581589e-41
2020-09-02,0,inflation_rates_shock,1.0,8.313486458834597e-53,4.983667017762164e-17,7.126354023804154e-70,3.0521098083194363e-41
2020-09-03,0,inflation_rates_shock,1.0,1.3451432552427888e-41,3.16965029478236e-17,3.6515449414776055e-63,1.548382214221447e-42
2020-09-04,0,inflation_rates_shock,1.0,1.1599623919403125e-40,2.2479700424993067e-13,1.090906806580987e-55,1.434423465547092e-38
2020-09-08,0,inflation_rates_shock,1.0,1.620322108438106e-36,1.2874238580686433e-15,5.386861788544849e-53,3.116242638727171e-32
2020-09-09,0,inflation_rates_shock,0.9999999999990905,1.2814362068250187e-37,1.208414777968599e-12,3.630619800038174e-49,1.651305529487178e-33
2020-09-10,0,inflation_rates_shock,1.0,2.232543056161055e-38,4.746210109718781e-17,2.100628706784489e-51,3.127995043521668e-32
2020-09-11,0,inflation_rates_shock,1.0,3.434089223292061e-36,1.0110567310521178e-13,2.833546519896982e-53,2.913648220312308e-34
2020-09-14,0,inflation_rates_shock,0.9999999992041921,3.396457169913551e-35,7.95896491051906e-10,1.4177532149352104e-50,3.8356042892250564e-30
2020-09-15,0,inflation_rates_shock,0.9999999245355895,1.501181320057947e-35,7.546472642496566e-08,4.517246051294657e-54,1.2292919095163137e-25
2020-09-16,0,inflation_rates_shock,0.9999999874189598,1.144553547196192e-36,1.2581339971550421e-08,2.7163392678523615e-56,4.6568880169565216e-23
2020-09-17,0,inflation_rates_shock,0.999999999487045,6.061058698875067e-35,5.131112839276402e-10,1.79182286854954e-55,1.169056474940026e-23
2020-09-18,0,inflation_rates_shock,0.9999999999990905,2.552698695381515e-34,6.476973845894005e-13,8.928915174203409e-55,4.878260214467821e-24
2020-09-21,0,inflation_rates_shock,1.0,1.5911260639551422e-34,1.18185008097039e-15,7.613673460130956e-55,2.8093628728546175e-27
2020-09-22,0,inflation_rates_shock,1.0,1.9899923152448433e-35,4.475358686159241e-13,1.0439748425307242e-55,1.957538312435035e-30
2020-09-23,0,inflation_rates_shock,1.0,3.303628572313446e-35,2.789064705213074e-20,4.882720267950231e-57,1.8130601009029548e-27
2020-09-24,0,inflation_rates_shock,1.0,1.038350556866579e-34,1.3587020364369459e-17,1.0345907444114792e-56,3.3920902687214207e-34
2020-09-25,0,inflation_rates_shock,1.0,2.008376113024991e-39,5.570115677900131e-16,3.000867756057261e-60,2.5764329315550803e-31
2020-09-28,0,inflation_rates_shock,0.9999999999481588,2.453366264209803e-40,5.199752754804147e-11,1.380085173388108e-66,4.095219244349177e-29
2020-09-29,0,inflation_rates_shock,0.9999999996871338,4.981147512972922e-44,3.130964752018914e-10,9.127166123402676e-74,2.2585348061265406e-23
2020-09-30,0,inflation_rates_shock,0.9999999999899956,9.763908630220575e-47,1.0001403801495937e-11,2.2484122756269958e-79,1.8842862396614566e-26
2020-10-01,0,inflation_rates_shock,0.9999999999809006,4.763227160846325e-49,1.9082531265157354e-11,1.9489979024924146e-85,9.785433027919123e-29
2020-10-02,0,inflation_rates_shock,1.0,1.414482257923481e-54,4.1829712825886866e-13,2.2875266963663928e-97,5.570072614001018e-29
2020-10-05,0,inflation_rates_shock,1.0,1.8564760285895908e-53,1.6266264384049616e-17,5.7876552985886155e-99,1.0723430159480862e-35
2020-10-06,0,inflation_rates_shock,1.0,6.781432705841416e-51,2.5458948959073103e-15,1.7379620468901344e-93,2.5677239216096206e-38
2020-10-07,0,inflation_rates_shock,0.9999999999972715,1.412371347599648e-48,2.3764793532675193e-12,9.292815229649678e-90,1.801298431795995e-36
2020-10-08,0,inflation_rates_shock,0.9999999991632649,1.0592804014477808e-52,8.363448654274594e-10,1.5500531680272375e-95,3.5105437809475926e-31
2020-10-09,0,inflation_rates_shock,0.9999999976298568,1.9444461395332036e-52,2.3701281770247957e-09,3.2058597578572607e-97,5.31044816025733e-30
2020-10-12,0,inflation_rates_shock,0.9999997930963432,1.7997793726575175e-54,2.069033462660974e-07,4.1213903280655005e-101,7.820598994632951e-29
2020-10-13,0,inflation_rates_shock,0.9999999333485925,1.3191017699203725e-53,6.665143115590264e-08,6.2573405214774794e-102,1.5157854603029849e-27
2020-10-14,0,inflation_rates_shock,0.9999999424981086,7.431311936688655e-54,5.7502158303281005e-08,4.6613584898036055e-101,3.388601577763418e-27
2020-10-15,0,inflation_rates_shock,0.999999943442164,2.047819073645617e-54,5.6557677420977905e-08,6.828857075665962e-103,1.2242931415524179e-27
2020-10-16,0,inflation_rates_shock,0.9999999842093531,5.3524812008177296e-55,1.579057486625316e-08,2.932545092228507e-104,2.1969368873130997e-28
2020-10-19,0,inflation_rates_shock,0.9999999997935447,1.9895328425853145e-55,2.0601482628025554e-10,2.748738519119819e-104,8.450310088924096e-30
2020-10-20,0,inflation_rates_shock,0.9999999999627107,1.2138544068391144e-53,3.762663221709038e-11,1.0325939700501417e-103,1.2443052714960607e-32
2020-10-21,0,inflation_rates_shock,0.9999999995843609,3.175386798459515e-57,4.1518956175523957e-10,7.214114458138061e-107,3.5294738590040126e-32
2020-10-22,0,inflation_rates_shock,0.999999999996362,7.809645495373043e-57,3.94360621969051e-12,8.442888999422494e-109,3.330030127301067e-33
2020-10-23,0,inflation_rates_shock,0.999999999990905,7.646384822339538e-58,8.720831152808897e-12,8.130865014164106e-110,2.4477036803243983e-35
2020-10-26,0,inflation_rates_shock,1.0,2.047382049796832e-54,2.0938171543221885e-15,2.27900410525999e-108,1.002042587876646e-34
2020-10-27,0,inflation_rates_shock,1.0,4.4083224142484834e-58,2.2049028528327355e-15,8.070908040940062e-110,5.288880963904355e-38
2020-10-28,0,inflation_rates_shock,1.0,5.34565070904869e-51,4.156919189402471e-24,9.691349604150829e-110,3.9882089641165527e-41
2020-10-29,0,inflation_rates_shock,1.0,1.8795500711961923e-50,3.8717422367293084e-19,1.4030947012853423e-99,1.4149799482181383e-46
2020-10-30,0,inflation_rates_shock,1.0,6.229586006489746e-52,1.0171252115061951e-19,1.9510391152837078e-107,1.3356962747489875e-40
2020-11-02,0,inflation_rates_shock,1.0,2.1473501587765627e-53,4.543700286403867e-18,3.446607775189926e-109,5.6984590835582064e-42
2020-11-03,0,inflation_rates_shock,1.0,1.7668337606747894e-56,2.7843581155896036e-14,1.527520649828236e-112,1.4960440781127886e-39
2020-11-04,0,inflation_rates_shock,0.9999999990222932,2.2911540746204744e-65,9.78083432092131e-10,6.553015843960564e-124,1.6069264503041333e-37
2020-11-05,0,inflation_rates_shock,0.9999999984274837,2.5250348695011524e-66,1.5729682686536214e-09,6.572449027622542e-135,1.7588065223108217e-32
2020-11-06,0,inflation_rates_shock,0.9999999815790945,3.019921213817556e-65,1.8421289450778308e-08,2.519575621174821e-131,2.5251658542261487e-30
2020-11-09,0,inflation_rates_shock,0.9999999971041689,1.8690968696981036e-60,2.8962515922912742e-09,2.640691609404136e-127,1.965492990765893e-27
2020-11-10,0,inflation_rates_shock,0.9999999999163265,2.6803036054464215e-63,8.398752498776406e-11,4.857085171830272e-129,7.999364046522771e-28
2020-11-11,0,inflation_rates_shock,0.9999999885149009,9.697434628778099e-65,1.1485275098035828e-08,2.00751546341927e-129,5.9763314108819374e-30
2020-11-12,0,inflation_rates_shock,0.9999999988940544,6.573966458986264e-62,1.1057813466449469e-09,2.9352882493449313e-123,1.977052777052803e-29
2020-11-13,0,inflation_rates_shock,0.9999999991059667,3.3538872784710273e-63,8.940279055855519e-10,8.946108832179972e-121,3.1408634247499347e-30
2020-11-16,0,inflation_rates_shock,0.9999999957417458,9.795230814960404e-64,4.257983146903174e-09,3.822098794617136e-119,2.6091000945833737e-31
2020-11-17,0,inflation_rates_shock,0.9999999916162778,4.48274614409134e-60,8.383634004612003e-09,5.0420418045437755e-112,8.171403972159758e-33
2020-11-18,0,inflation_rates_shock,0.9999999960973582,5.97092815442717e-60,3.902263393949775e-09,7.266814587535632e-109,5.116710102626244e-31
2020-11-19,0,inflation_rates_shock,0.9999999992469384,1.68328881827846e-59,7.526600070526231e-10,1.3576220715773128e-102,1.0848054491997798e-32
2020-11-20,0,inflation_rates_shock,0.9999999913688953,5.944530652335944e-58,8.631342971059286e-09,2.185837757072723e-99,4.755581078407937e-33
2020-11-23,0,inflation_rates_shock,0.9999999807114366,2.3857140293158466e-62,1.928871920115758e-08,1.4127214217770446e-103,2.556398984677069e-31
2020-11-24,0,inflation_rates_shock,0.999999999992724,3.539870135216682e-62,7.674109189639587e-12,2.7654859568147026e-107,9.10866849600107e-35
2020-11-25,0,inflation_rates_shock,0.9999999999990905,6.37473829009096e-69,7.041386925147383e-13,4.095179743201336e-115,2.6945932291383896e-38
2020-11-27,0,inflation_rates_shock,1.0,5.891443835099183e-67,5.789606155163141e-20,2.5424636847849568e-120,2.9054482524158226e-46
2020-11-30,0,inflation_rates_shock,1.0,1.759565275000131e-66,2.5302082448052994e-18,1.378950580142787e-116,4.640501669644654e-51
2020-12-01,0,inflation_rates_shock,1.0,1.9051691652250332e-62,4.013996717980836e-18,3.173648141219039e-112,2.233285551584272e-49
2020-12-02,0,inflation_rates_shock,1.0,2.2320545364510287e-59,5.421527844591961e-18,4.0542120361468337e-106,1.0416476182731477e-46
2020-12-03,0,inflation_rates_shock,1.0,1.4549475121158995e-51,5.36260044967051e-16,1.3372190676398432e-97,1.6715854474900724e-45
2020-12-04,0,inflation_rates_shock,0.9999999998617568,9.494355776937273e-49,1.3783990949548716e-10,1.1736084429012962e-87,1.577498440961358e-36
2020-12-07,0,inflation_rates_shock,0.9999999991332515,5.358059076252762e-51,8.671005737599607e-10,5.633793502864491e-84,1.8311228168811135e-31
2020-12-08,0,inflation_rates_shock,0.9999998724506521,8.631252551660324e-51,1.2754943484011424e-07,8.756886803043163e-86,7.3414372553307025e-31
2020-12-09,0,inflation_rates_shock,0.9999999901001502,9.70939689857932e-55,9.900009288618834e-09,3.7788125451073466e-90,4.606270376363436e-29
2020-12-10,0,inflation_rates_shock,0.9999999671354095,2.4282142294080925e-53,3.2864832444846884e-08,7.582485079424579e-87,1.585413823651317e-32
2020-12-11,0,inflation_rates_shock,0.9999999543560999,3.871585699535704e-54,4.5644075547999614e-08,6.752477814519367e-89,8.582816118384143e-31
2020-12-14,0,inflation_rates_shock,0.9999999353203769,1.0239580085224865e-52,6.467972587710831e-08,5.777397627841074e-91,7.641650966793e-32
2020-12-15,0,inflation_rates_shock,0.9999999287038034,2.065113259469288e-52,7.12960576530455e-08,1.4710546983186983e-87,2.960184337244938e-30
2020-12-16,0,inflation_rates_shock,0.9999999933534127,5.0896461261295815e-54,6.64627783841203e-09,1.711262086616953e-91,3.441141166206495e-29
2020-12-17,0,inflation_rates_shock,0.9999999828060028,3.951691937127816e-55,1.7194013774356712e-08,6.567239938842092e-91,2.4771433525034106e-30
2020-12-18,0,inflation_rates_shock,0.999999994423888,5.547157459152267e-58,5.576139851627639e-09,4.896328141172883e-92,2.9517324792413276e-31
2020-12-21,0,inflation_rates_shock,0.9999999978190317,6.752607838372763e-58,2.180869099655909e-09,1.0717737567226706e-97,3.198549217851939e-33
2020-12-22,0,inflation_rates_shock,0.9999999919855327,1.5854303766252778e-57,8.014398712582245e-09,1.3958763760011701e-95,2.434004797530915e-33
2020-12-23,0,inflation_rates_shock,0.9999999807259885,6.861855727635061e-58,1.9274017975796494e-08,1.1217167267199978e-94,6.654782302326002e-32
2020-12-24,0,inflation_rates_shock,0.9999999856718205,5.831212628758768e-58,1.43282605731623e-08,2.0083087742736277e-95,9.839838251029833e-32
2020-12-28,0,inflation_rates_shock,0.9999998467210507,2.684580286205446e-57,1.532790495803249e-07,2.85908047970246e-96,8.765401772022296e-33
2020-12-29,0,inflation_rates_shock,0.9999999698784454,4.089402492619571e-60,3.0121312535909734e-08,6.666727275721602e-99,1.4853868378207817e-31
2020-12-30,0,inflation_rates_shock,0.9999998643925302,3.3866381134115434e-61,1.3560787865844764e-07,2.2218344594794394e-101,5.337354166587678e-34
2020-12-31,0,inflation_rates_shock,0.9999999873580236,7.801025103586245e-63,1.2641553223273588e-08,3.119222059554834e-103,4.367627547618927e-34
2021-01-04,0,inflation_rates_shock,0.9999999999472493,4.037119623721284e-60,5.277560247593574e-11,4.065623491675472e-99,6.573368231745395e-37
2021-01-05,0,inflation_rates_shock,0.9999999858282536,8.252093092469413e-61,1.4171972476477398e-08,4.362136869458453e-105,5.954675820415938e-38
2021-01-06,0,inflation_rates_shock,0.9999999958126864,3.0538475466521596e-63,4.1873484120735836e-09,2.27275827712622e-112,9.218339001864552e-33
2021-01-07,0,inflation_rates_shock,0.9999998122548454,3.1026764922262934e-62,1.8774509480422506e-07,4.850264376766292e-106,4.6763730427170175e-34
2021-01-08,0,inflation_rates_shock,0.9999921629103175,3.434522856074278e-62,7.837089355002782e-06,5.4112325510778846e-102,5.231827658167888e-32
2021-01-11,0,inflation_rates_shock,0.9999983822112325,5.144695854796441e-62,1.6177891923798413e-06,4.9455964855044454e-104,1.6830071386139493e-31
2021-01-12,0,inflation_rates_shock,0.9999972794967733,1.7133798664929074e-61,2.720503358252295e-06,9.842091816555505e-104,8.704827945521419e-32
2021-01-13,0,inflation_rates_shock,0.999994582834127,1.2872500159785452e-63,5.417165806906962e-06,4.592376143429925e-105,1.7112481236023356e-32
2021-01-14,0,inflation_rates_shock,0.9999998281018782,5.3086218554075636e-61,1.7189780684580372e-07,8.230605003472672e-102,2.0855799433553413e-33
2021-01-15,0,inflation_rates_shock,0.9999996609458897,1.2018012190730386e-61,3.3905451285478374e-07,6.175169408281401e-104,5.689670982861262e-32
2021-01-19,0,inflation_rates_shock,0.9999991896814763,2.9853166876138196e-62,8.10318279628585e-07,6.234421633515503e-103,7.918191876741454e-33
2021-01-20,0,inflation_rates_shock,0.9999990680612222,2.4222888589071713e-62,9.319386006271464e-07,3.1278530087805193e-99,2.5585898410690045e-32
2021-01-21,0,inflation_rates_shock,0.9999989039357937,1.6582342712381804e-63,1.096063790178113e-06,1.2709737542462276e-98,3.918278189921974e-32
2021-01-22,0,inflation_rates_shock,0.9999999565179688,5.34189016817587e-66,4.3481913781078416e-08,2.1282653443091382e-103,1.424129831820584e-33
2021-01-25,0,inflation_rates_shock,0.9999999960873538,3.5624210900328716e-65,3.912551726401707e-09,1.48628849440504e-104,1.6576763686603794e-37
2021-01-26,0,inflation_rates_shock,0.9999999800720618,7.761877058613831e-73,1.9927955775445905e-08,2.337663136353294e-113,1.565667535868863e-36
2021-01-27,0,inflation_rates_shock,1.0,4.726609308093607e-67,2.706565994599154e-23,6.0077201617262286e-127,2.159167914023943e-43
2021-01-28,0,inflation_rates_shock,1.0,1.9695994113953114e-68,1.1142116672114902e-13,1.7255656938442961e-115,2.388867702260476e-52
2021-01-29,0,inflation_rates_shock,1.0,7.480290322350794e-71,2.256764457371546e-15,6.492515400055223e-120,3.4516734283282844e-42
2021-02-01,0,inflation_rates_shock,1.0,1.3602513040361176e-71,6.315812902111173e-14,9.640689963329116e-122,9.171656839753945e-45
2021-02-02,0,inflation_rates_shock,0.999999999996362,6.0371735640257575e-71,3.5345555212843932e-12,9.985647293239125e-114,5.468727145240772e-41
2021-02-03,0,inflation_rates_shock,0.9999999999854481,2.771193374599845e-66,1.4334852433066233e-11,8.967736683441378e-108,9.564109401164278e-40
2021-02-04,0,inflation_rates_shock,0.999999998191015,3.946957101267915e-62,1.8086276005765944e-09,7.176574358564141e-104,3.4958094811589373e-37
2021-02-05,0,inflation_rates_shock,0.9999999452957141,3.3302664695194824e-51,5.4703949634290423e-08,5.106573592098819e-88,1.1155864080413395e-30
2021-02-08,0,inflation_rates_shock,0.9999983338525691,7.770263239032541e-49,1.666147875720065e-06,6.737488650355173e-74,2.1800705832636804e-29
2021-02-09,0,inflation_rates_shock,0.9999995989192834,3.3351673955772478e-52,4.0108079741359546e-07,1.0028260094192429e-74,1.2121034614556856e-27
2021-02-10,0,inflation_rates_shock,0.9999998263174499,7.561920025783635e-53,1.7368244145591082e-07,1.2088951711505772e-78,1.4542506351688603e-31
2021-02-11,0,inflation_rates_shock,0.9999992360329278,2.4268823639601874e-51,7.639674707607466e-07,5.413814949239755e-78,6.8784086898382085e-31
2021-02-12,0,inflation_rates_shock,0.9999940581587083,4.0274682881334116e-51,5.941841433806794e-06,3.285509901903824e-77,4.708912905367245e-29
2021-02-16,0,inflation_rates_shock,0.9999991676498947,4.385604730073252e-57,8.323503854149203e-07,6.544724469594791e-84,2.2657117438707773e-29
2021-02-17,0,inflation_rates_shock,0.9999965724286619,1.3358585676749629e-56,3.4275714302666163e-06,1.1115500361556135e-90,5.763924195997666e-31
2021-02-18,0,inflation_rates_shock,0.9999994648016195,4.223947058305576e-55,5.351986103672327e-07,8.510612943448391e-89,1.0566168872600506e-30
2021-02-19,0,inflation_rates_shock,0.9999977558261606,2.5584551282340866e-56,2.2441735769630556e-06,3.1616376454224865e-92,1.2657094686034855e-29
2021-02-22,0,inflation_rates_shock,0.999998294779833,2.6402230625937362e-58,1.7052202238347018e-06,3.7500644590614265e-97,2.2554381666194683e-28
2021-02-23,0,inflation_rates_shock,0.9999979045982526,5.359285319692498e-57,2.0954019290776395e-06,6.552541351251812e-98,2.2817865380157455e-28
2021-02-24,0,inflation_rates_shock,0.9999999119754687,1.194550392596182e-62,8.802413593456658e-08,6.592935944206355e-105,1.08209086332491e-28
2021-02-25,0,inflation_rates_shock,0.9999999999636202,4.487554344600396e-80,3.650891006014023e-11,1.0417893246744789e-141,5.237352114866204e-34
2021-02-26,0,inflation_rates_shock,1.0,1.216185926501749e-71,5.931940130192048e-21,5.303562611081704e-145,1.129976185826677e-44
2021-03-01,0,inflation_rates_shock,0.9999999999290594,1.4648117124685888e-71,7.083812206850645e-11,1.7904802434738153e-131,1.0589896962749349e-47
2021-03-02,0,inflation_rates_shock,1.0,2.047912914727374e-68,3.7332173499092837e-13,8.357140181775949e-125,1.736120195072834e-40
2021-03-03,0,inflation_rates_shock,0.9999999999918145,3.42294331907783e-65,8.215865547119393e-12,1.5655838546213702e-124,4.183421357667252e-41
2021-03-04,0,inflation_rates_shock,0.9999738444322266,6.678500124936737e-66,2.615556760776022e-05,9.875854269734319e-129,6.244867776126187e-35
2021-03-05,2,risk_on,0.29378817116673783,2.2065580437609402e-68,0.7062118288334699,1.2902189505832645e-130,1.0652012436414949e-29
2021-03-08,2,risk_on,0.15321961964485492,2.9820151185687637e-71,0.846780380355409,9.404114778501614e-141,7.193530518109256e-24
2021-03-09,2,risk_on,0.010131018299567557,1.1150482484668198e-81,0.9898689817002732,3.967885171246432e-154,1.375501304650976e-25
2021-03-10,2,risk_on,0.0014837416591423744,4.171610521282411e-83,0.9985162583407559,1.0056201763722913e-164,9.039925199762537e-26
2021-03-11,2,risk_on,0.0006161061607218366,2.090342604274632e-81,0.9993838938396975,1.0231877326935907e-164,1.0511703424077364e-24
2021-03-12,2,risk_on,7.175147125485865e-05,1.2149135614295472e-81,0.9999282485290939,1.6911580051667951e-164,6.468036534664206e-24
2021-03-15,2,risk_on,6.278595499871063e-07,6.128298046080324e-84,0.9999993721405341,1.7298049615362329e-162,2.049512084735315e-24
2021-03-16,2,risk_on,1.0197579652477447e-07,5.289557746989773e-87,0.9999998980238213,2.3899694818508004e-164,1.4049849471862936e-23
2021-03-17,2,risk_on,1.0516459679250803e-07,1.0219365193657246e-87,0.9999998948351332,2.1100882274764264e-167,9.827629687051094e-24
2021-03-18,2,risk_on,3.1535647726608377e-07,6.78376239682466e-92,0.9999996846436758,1.1604231949497218e-176,3.019777569027587e-24
2021-03-19,2,risk_on,4.8742270809112075e-09,5.564595304240536e-93,0.9999999951260179,5.354051471407662e-176,4.9026901505732595e-25
2021-03-22,2,risk_on,2.748292857032808e-10,4.5005961634538274e-99,0.9999999997253326,8.518449508474259e-176,4.00989222378269e-26
2021-03-23,2,risk_on,8.564675746858601e-10,1.9127793949509916e-95,0.999999999143256,1.5224154284609746e-174,1.3014769718905562e-26
2021-03-24,2,risk_on,5.272569305297376e-10,2.6660050523578387e-93,0.9999999994724931,1.7462276599725854e-169,1.2462668456757668e-25
2021-03-25,2,risk_on,9.307621095531872e-11,2.407333431337175e-96,0.9999999999072315,4.743781801582586e-170,1.1420791169920045e-24
2021-03-26,2,risk_on,3.281769107204499e-07,1.9580741540223406e-95,0.9999996718234426,1.3328486599555162e-169,5.337964653974591e-27
2021-03-29,2,risk_on,2.4310410155488014e-08,4.035697640688165e-93,0.999999975689207,1.0999676668047171e-178,8.550817671714789e-27
2021-03-30,2,risk_on,1.4953496669429662e-10,1.4287096614200673e-96,0.9999999998508429,2.64857307578541e-172,1.2489990163645298e-26
2021-03-31,2,risk_on,9.265630316169624e-11,4.672617246485843e-102,0.9999999999072315,8.53172257727824e-179,1.4518189880417039e-27
2021-04-01,2,risk_on,1.9332539582317704e-11,1.9033394149190855e-107,0.9999999999809006,6.0542596335475096e-179,5.867516423185927e-31
2021-04-05,2,risk_on,6.160451638595345e-10,4.8161178165261463e-107,0.9999999993842721,5.227917603898807e-177,4.5895417200006555e-32
2021-04-06,2,risk_on,3.055963136735515e-10,6.752842431029893e-107,0.9999999996944098,1.8248279344187978e-175,3.87668844051693e-31
2021-04-07,2,risk_on,8.186756985153413e-10,5.474731142659164e-106,0.9999999991814548,2.0514065677942195e-172,5.241758545352352e-31
2021-04-08,2,risk_on,3.4358444920669315e-10,7.042559175308861e-109,0.999999999656211,5.753293854086409e-179,4.2334259467542654e-30
2021-04-09,2,risk_on,7.11877002012172e-11,2.257789659318837e-113,0.9999999999290594,1.487388001558907e-186,3.782100924552984e-30
2021-04-12,2,risk_on,1.9493687649186028e-11,9.909956824630879e-116,0.9999999999809006,6.676131693877647e-193,1.68304858936455e-30
2021-04-13,2,risk_on,2.8658579536962926e-12,1.204214385758982e-115,0.9999999999972715,2.0977620268289798e-190,2.3632203433938825e-31
2021-04-14,2,risk_on,3.967463879749262e-12,2.6222774531948475e-119,0.999999999996362,1.887480596933524e-195,3.603922748326106e-30
2021-04-15,2,risk_on,1.2833785443726457e-11,1.1325810468317083e-120,0.9999999999872671,3.694553456253895e-196,2.8431591227146237e-33
2021-04-16,2,risk_on,8.255815046207361e-12,5.613383984192449e-121,0.9999999999918145,1.6813506985013497e-197,1.5722658878409176e-31
2021-04-19,2,risk_on,2.4821361802791588e-11,6.514502154970625e-122,0.9999999999754436,6.999337507501843e-196,2.4182193556924603e-34
2021-04-20,2,risk_on,1.1586148916154764e-10,1.8003419477287981e-121,0.9999999998844942,6.43299853263713e-196,5.624784232330075e-34
2021-04-21,2,risk_on,1.952033759807456e-11,1.7603373295543981e-121,0.9999999999809006,8.089673394011702e-196,6.39771752699061e-35
2021-04-22,2,risk_on,9.21470011885986e-11,2.3638335257482904e-119,0.999999999908141,6.754649750295398e-194,4.1886055410469885e-34
2021-04-23,2,risk_on,3.1154660226187304e-10,1.9944418250322423e-119,0.9999999996880433,2.134296006256589e-192,1.134530358438478e-34
2021-04-26,2,risk_on,2.375892367379932e-10,1.1951004021852379e-116,0.9999999997626219,1.4968826691582665e-190,8.070643472539105e-35
2021-04-27,2,risk_on,3.993771766212645e-11,2.0547596334707193e-119,0.9999999999599822,1.7166487098953139e-192,3.931212067743553e-33
2021-04-28,2,risk_on,1.8879402924920268e-11,1.587354645925837e-124,0.9999999999809006,2.5345427635731462e-200,1.2177597366840498e-33
2021-04-29,2,risk_on,3.417067419404278e-12,1.4305365166358472e-126,0.999999999996362,3.308749061465652e-205,8.220033335282932e-35
2021-04-30,2,risk_on,6.644144598555159e-12,7.176816044225078e-123,0.9999999999936335,1.531317662668258e-197,2.712780902209388e-34
2021-05-03,2,risk_on,5.886901751241456e-12,3.089095456743263e-123,0.999999999994543,5.5082061269995444e-198,6.582829605871301e-34
2021-05-04,2,risk_on,6.7183657159632995e-12,2.5682667546137667e-122,0.9999999999936335,1.729428537089045e-200,8.377865480886679e-35
2021-05-05,2,risk_on,1.2348710644686179e-11,9.426328452125098e-122,0.9999999999872671,2.596878258690503e-202,5.584126786232566e-34
2021-05-06,2,risk_on,4.709487765352707e-12,1.8366216056495028e-122,0.9999999999954525,5.8294625680512e-201,1.1475025346366447e-35
2021-05-07,2,risk_on,9.412629891548888e-13,4.375292137465864e-121,0.9999999999990905,1.3949441259461293e-198,4.253602372298068e-34
2021-05-10,2,risk_on,6.280321458014862e-12,4.333562182711287e-121,0.9999999999936335,4.386031992587143e-204,2.820263707736816e-32
2021-05-11,2,risk_on,1.3356796025865382e-10,2.151864527308466e-115,0.9999999998663043,1.1585609851885392e-203,4.106170802829049e-31
2021-05-12,2,risk_on,1.0131095000525976e-06,1.5988163614579256e-115,0.999998986890718,2.0099063030332823e-216,5.609973354903303e-27
2021-05-13,2,risk_on,1.8506297506924367e-10,1.3801994327383695e-119,0.9999999998153726,3.0517204337559583e-212,5.79364908833493e-30
2021-05-14,2,risk_on,6.215556628570944e-12,1.395505018702838e-129,0.9999999999936335,2.7510009034714985e-220,2.3334508760200998e-32
2021-05-17,2,risk_on,5.6533354236435765e-12,3.0940798560406506e-130,0.999999999994543,2.0516198104418331e-230,1.017892378623263e-31
2021-05-18,2,risk_on,1.1480013279466529e-11,1.5888277082374366e-130,0.9999999999881766,1.1916498740096798e-234,8.498013984958909e-31
2021-05-19,2,risk_on,1.3221833162374728e-11,1.2035599520261858e-130,0.9999999999863576,1.349131026930178e-236,2.616157964501295e-31
2021-05-20,2,risk_on,1.2902636939533833e-11,1.1899740964073498e-134,0.9999999999872671,3.8912952366929645e-239,4.4718525436759073e-32
2021-05-21,2,risk_on,1.4566421900524575e-11,9.215505423428133e-132,0.9999999999854481,5.495115810711293e-237,4.420111586149316e-33
2021-05-24,2,risk_on,1.0442534994166518e-11,1.5202313736233917e-135,0.9999999999899956,8.973427533383339e-237,1.1002613321411847e-32
2021-05-25,2,risk_on,1.101510529411052e-11,5.104794204408901e-135,0.9999999999890861,4.1082304770228014e-239,2.753534518427643e-34
2021-05-26,2,risk_on,1.3635860272866418e-11,1.06023955470275e-125,0.9999999999863576,1.7310063571643774e-219,2.251999808040638e-32
2021-05-27,2,risk_on,2.4532429422364017e-12,9.60058908232303e-140,0.9999999999972715,3.092514258088689e-227,2.329903480062036e-33
2021-05-28,2,risk_on,7.885359848280182e-13,6.669806497013576e-160,0.9999999999990905,2.8487838574817587e-276,6.35970539103541e-35
2021-06-01,2,risk_on,2.941847189498931e-13,3.0247985809949004e-160,1.0,8.40494923985247e-295,8.002415260898527e-37
2021-06-02,2,risk_on,1.7605754374075268e-12,7.843301007233841e-153,0.999999999998181,2.3802408920071925e-283,8.895898492063852e-36
2021-06-03,2,risk_on,1.5380521885473177e-11,2.121334358136707e-150,0.9999999999845386,8.785499829331208e-274,6.691511932477783e-35
2021-06-04,2,risk_on,4.637544127124651e-12,1.402523030870284e-154,0.9999999999954525,1.618929765125751e-276,2.1087723275472756e-36
2021-06-07,2,risk_on,9.986809889538761e-12,2.3505348125776307e-150,0.9999999999899956,1.106581012456558e-274,2.9410861731763785e-36
2021-06-08,2,risk_on,2.7031848092652736e-11,8.22265534231383e-146,0.9999999999727152,1.251608218418459e-266,1.4685822519429258e-34
2021-06-09,2,risk_on,9.278328250289854e-10,8.83871337665315e-145,0.9999999990723154,1.2869654266990427e-256,7.653935891156365e-37
2021-06-10,2,risk_on,1.0249942614783198e-09,2.0458982795783568e-148,0.9999999989749995,4.2129810689748327e-259,1.5644160838052294e-38
2021-06-11,2,risk_on,0.00013485106038404557,3.493789361764149e-149,0.999865148939628,2.031564086513732e-266,1.2819228537625513e-38
2021-06-14,2,risk_on,1.9924943224345375e-09,1.0720382069487644e-146,0.9999999980072971,2.510187906037985e-269,1.1399937907038872e-39
2021-06-15,2,risk_on,1.0947317819714442e-11,8.725334883087685e-154,0.9999999999890861,4.009486980851933e-270,5.6113165710704225e-39
2021-06-16,2,risk_on,4.9830950678583415e-11,8.099378124541611e-158,0.9999999999499778,2.2192100337715345e-281,1.4682418537675222e-39
2021-06-17,2,risk_on,2.414148130342402e-08,4.73395763881297e-143,0.999999975858373,3.520673739346137e-262,1.0087459869175617e-39
2021-06-18,2,risk_on,7.413860587775367e-07,3.691197634214507e-118,0.9999992586138452,7.908125918022643e-221,2.774085226918193e-39
2021-06-21,2,risk_on,1.2862897754074861e-08,4.01626406783679e-106,0.9999999871370164,3.6902590325061454e-184,6.277239219811785e-36
2021-06-22,2,risk_on,2.219830831985057e-09,2.901016560358139e-111,0.9999999977799234,7.709909048120392e-175,1.0913628905433849e-36
2021-06-23,2,risk_on,6.470763705828149e-10,1.743368662539931e-114,0.9999999993533493,1.0758918895974246e-183,6.758144461564586e-36
2021-06-24,2,risk_on,1.0671731599742945e-09,1.381276244795574e-117,0.9999999989331627,2.62237752197354e-190,1.700526930228227e-36
2021-06-25,2,risk_on,9.77298066213415e-12,1.5355639352152813e-121,0.9999999999899956,4.360628785422727e-197,1.3637310162928377e-37
2021-06-28,2,risk_on,1.4521823240698618e-11,7.554812106200283e-126,0.9999999999854481,1.4944976505155898e-203,1.900645219169936e-37
2021-06-29,2,risk_on,1.1955530078199984e-11,2.583416807681016e-124,0.9999999999881766,1.1890510524668593e-202,1.9862838163457865e-39
2021-06-30,2,risk_on,3.5482755315604274e-10,1.5199420136472817e-125,0.9999999996452971,4.552406756460365e-207,7.726142822038141e-38
2021-07-01,2,risk_on,7.501825780804987e-12,3.0082146196164817e-122,0.999999999992724,5.97960231177955e-201,1.0146911560834214e-38
2021-07-02,2,risk_on,5.2399127165379456e-12,3.359866847299074e-129,0.999999999994543,9.032942951808423e-200,1.7117985652304982e-41
2021-07-06,2,risk_on,2.3331174330463732e-11,3.197922641770688e-128,0.9999999999763531,7.408081752134232e-209,2.2344505992921754e-40
2021-07-07,2,risk_on,4.112989705261428e-11,5.0425448338026885e-127,0.9999999999590727,7.306093320955429e-204,2.8965521369402905e-42
2021-07-08,2,risk_on,5.230972761827869e-10,3.3653314763841265e-122,0.9999999994770405,2.9255187050152484e-202,5.456646887478261e-41
2021-07-09,2,risk_on,6.733272058559642e-11,1.1661462380301668e-114,0.9999999999326974,9.592881895126248e-190,8.548076924944188e-40
2021-07-12,2,risk_on,1.3998730189020664e-11,7.812160035277998e-115,0.9999999999863576,1.4798066840676095e-181,1.4628859081286e-38
2021-07-13,2,risk_on,2.212671180248778e-11,3.4294648798808424e-118,0.9999999999781721,2.582070063537073e-187,2.862475224805664e-38
2021-07-14,2,risk_on,1.4630317394868467e-11,2.9247676733679976e-117,0.9999999999854481,2.810381540299505e-185,6.468579375194986e-40
2021-07-15,2,risk_on,1.234397166883047e-10,9.313715565856117e-110,0.9999999998763087,1.4657192177161503e-175,1.2068412210239313e-39
2021-07-16,2,risk_on,4.1876313820208544e-10,5.0776115651522995e-110,0.9999999995816324,2.8216189702860425e-170,1.6879666874389637e-40
2021-07-19,2,risk_on,1.5639973852456025e-07,1.915309420098975e-92,0.9999998436005748,1.0910452558590266e-151,1.1971011211263992e-39
2021-07-20,2,risk_on,1.137156341211984e-07,6.09308323556295e-86,0.9999998862840649,4.4779001351511253e-131,1.0194463507102377e-38
2021-07-21,2,risk_on,5.659812992610771e-09,8.071812940823728e-86,0.9999999943402145,8.76425215748544e-124,2.7459575917429436e-37
2021-07-22,2,risk_on,2.4771801987667548e-09,1.5453084105100787e-88,0.9999999975225364,8.896672544719792e-124,9.05841373063559e-38
2021-07-23,2,risk_on,4.335879411135192e-09,3.0199146564059133e-86,0.9999999956644388,1.8628800835645085e-121,2.0028730060215707e-38
2021-07-26,2,risk_on,1.7977724176902032e-08,3.271859675688211e-85,0.9999999820220183,1.7788658794903584e-122,1.3007314593053046e-36
2021-07-27,2,risk_on,5.616985712275081e-08,3.102708529338548e-82,0.9999999438305183,4.3164605530583367e-119,1.4950606048878482e-36
2021-07-28,2,risk_on,1.004928436301265e-08,6.995080090882591e-81,0.999999989950993,1.4238613347312074e-115,8.751425931937068e-37
2021-07-29,2,risk_on,1.688875554819021e-08,1.6122443421192444e-83,0.999999983111593,4.18517437509136e-118,9.196801330757381e-36
2021-07-30,2,risk_on,1.1799162566668363e-08,2.7135616760925422e-81,0.9999999882011252,1.2293343677987289e-116,2.0667861168006306e-36
2021-08-02,2,risk_on,4.3381502508710886e-08,7.210872998634788e-80,0.9999999566189226,2.736332675625205e-113,8.15355562066704e-36
2021-08-03,2,risk_on,1.073671507898056e-07,7.396459938024123e-79,0.9999998926332467,9.527605823342486e-114,1.2384094532827346e-34
2021-08-04,2,risk_on,1.4710244667410852e-08,2.0168923240844563e-78,0.9999999852898327,3.0850546369818147e-113,2.7089109727516767e-34
2021-08-05,2,risk_on,5.403726026655047e-08,2.4262538087025364e-77,0.9999999459623737,1.8909322795925168e-112,3.912967831896296e-34
2021-08-06,2,risk_on,2.0100981281934986e-08,9.602125782248353e-77,0.9999999798992578,3.8229972237403894e-114,7.030876095449005e-33
2021-08-09,2,risk_on,1.3918603554454405e-08,9.952521780132486e-73,0.9999999860810931,1.1101675731802595e-108,1.3649196140076898e-31
2021-08-10,2,risk_on,2.7031284864811163e-08,1.276041705725994e-69,0.9999999729689083,2.238439818326999e-102,1.8662111520995206e-30
2021-08-11,2,risk_on,5.8669416876536376e-08,2.9107823133447664e-59,0.9999999413303176,1.4660980985235302e-88,1.638920828945151e-29
2021-08-12,2,risk_on,2.0828382693839673e-08,5.574435437549688e-60,0.9999999791716621,6.653223484429749e-81,3.850550867263218e-29
2021-08-13,2,risk_on,1.8290180175430567e-08,2.260646658589676e-58,0.9999999817100618,6.3949406435194005e-80,1.0681234671409318e-30
2021-08-16,2,risk_on,5.501427058114378e-08,4.1193230094159047e-57,0.9999999449855765,6.29629830453505e-76,1.789907979347224e-31
2021-08-17,2,risk_on,1.562149780707531e-05,1.3186487082350668e-52,0.9999843785018665,1.7447753497126616e-74,1.5254506206427506e-30
2021-08-18,2,risk_on,2.6038350065104837e-05,1.7182080169316448e-50,0.9999739616503016,5.744497162680402e-71,1.7259934445086695e-29
2021-08-19,2,risk_on,1.6784568777477852e-05,1.8689847949998716e-49,0.9999832154316026,9.133697355863325e-67,3.5228628002945975e-30
2021-08-20,2,risk_on,2.800591131392353e-07,2.740475264947095e-51,0.9999997199411547,1.4521285408758594e-66,6.425102464622144e-31
2021-08-23,2,risk_on,9.796799195209033e-07,1.2767438591405586e-52,0.9999990203200719,2.1789855382266193e-69,2.577958329694907e-30
2021-08-24,2,risk_on,7.075308713917522e-07,2.9789502750991437e-51,0.9999992924688516,6.416984494209662e-69,1.4012235127329389e-30
2021-08-25,2,risk_on,9.013237291417001e-07,1.9956110116689046e-51,0.9999990986766049,2.087894796635044e-69,1.3201151616342698e-29
2021-08-26,2,risk_on,2.3646646722325162e-06,5.723866516222714e-52,0.9999976353356707,2.2229142882180488e-70,1.6966525263723235e-29
2021-08-27,2,risk_on,5.3443749506928336e-08,1.6149657118628542e-55,0.9999999465562738,2.5791826537620177e-71,2.242828843842496e-31
2021-08-30,2,risk_on,1.8249518559218815e-08,4.0346365046444037e-56,0.9999999817500794,6.215514335788694e-73,2.543834507612919e-32
2021-08-31,2,risk_on,1.5443542576405678e-07,1.3866863068904673e-55,0.9999998455641735,7.608363474710344e-75,5.069905600071278e-31
2021-09-01,2,risk_on,3.6490755329511636e-08,1.5582837559298048e-55,0.9999999635092542,3.5328185112820587e-75,1.9034251155573168e-30
2021-09-02,2,risk_on,3.949488811945123e-08,3.7772774527333314e-53,0.9999999605051934,2.184317240918174e-72,1.9635448631856628e-31
2021-09-03,2,risk_on,3.162828226064899e-08,2.5290523301210512e-54,0.9999999683714128,1.16901125223002e-71,2.7713992969299212e-30
2021-09-07,2,risk_on,5.3132731962545736e-08,1.7074963582709734e-55,0.999999946867321,3.079833484192144e-72,2.1702778406208646e-30
2021-09-08,2,risk_on,2.8738123869202084e-08,4.217904428125708e-56,0.9999999712617869,1.938997754365942e-74,7.1167114152588745e-31
2021-09-09,2,risk_on,1.0879837997508337e-07,9.927247805360186e-52,0.9999998912017022,2.420892482211513e-70,1.0984193681711831e-31
2021-09-10,2,risk_on,1.554548451909638e-07,4.421406144659935e-53,0.9999998445455397,2.48168568441509e-70,2.957426016814084e-29
2021-09-13,2,risk_on,1.9714134055985758e-08,5.0288490583935995e-54,0.9999999802857931,7.904488913165462e-72,1.0858082029547737e-29
2021-09-14,2,risk_on,3.011860596579328e-08,1.397065000678031e-54,0.9999999698811739,7.745903400684047e-74,1.3532883815776068e-29
2021-09-15,2,risk_on,1.7138529438013314e-08,8.646956800507829e-54,0.999999982861482,1.1974063180647067e-73,3.088909909323728e-30
2021-09-16,2,risk_on,2.8742317834873566e-08,3.236145005775164e-53,0.9999999712572394,3.633648264937409e-73,3.1536124771027278e-30
2021-09-17,2,risk_on,6.186615276945093e-06,2.5544691868739465e-54,0.9999938133851551,2.8872251962326785e-74,1.3747789970300564e-29
2021-09-20,2,risk_on,0.00026587476569070906,2.4011066741654894e-49,0.9997341252344935,5.585547465752431e-76,1.6133981959787575e-28
2021-09-21,2,risk_on,5.477033975335905e-05,1.9198071705291386e-50,0.9999452296599086,5.533327465531986e-72,4.508102027441106e-28
2021-09-22,2,risk_on,3.192292438894742e-07,3.5985864566263683e-53,0.9999996807710486,1.9383175789871747e-71,7.18539975401352e-30
2021-09-23,2,risk_on,4.394577764049821e-08,4.097067147367937e-54,0.9999999560541265,4.459938136768366e-75,1.023441187789819e-28
2021-09-24,2,risk_on,1.5326561237867278e-08,2.3065072567622686e-56,0.9999999846731954,2.315749051059756e-75,8.238913687457342e-29
2021-09-27,2,risk_on,1.6270713687467975e-07,1.1173302769532788e-52,0.99999983729323,7.923038682525582e-75,7.22047053524161e-29
2021-09-28,2,risk_on,1.782238990647922e-05,3.613127978132968e-58,0.9999821776096953,3.0531936807944445e-82,7.744341040856977e-26
2021-09-29,2,risk_on,4.722678251972397e-06,4.29013138466639e-55,0.9999952773216697,2.6697399632864137e-85,2.1239487313497747e-26
2021-09-30,2,risk_on,1.2106177745081056e-05,5.992773963830519e-57,0.9999878938220469,2.8180543580373097e-84,1.730017181261163e-24
2021-10-01,2,risk_on,4.83426231874621e-07,1.5910079545483798e-58,0.9999995165736695,2.2552919323746016e-85,1.1168706518194585e-26
2021-10-04,2,risk_on,1.120555365312197e-05,5.681636959741634e-60,0.9999887944459536,1.5205668363231062e-91,2.517291389355171e-24
2021-10-05,2,risk_on,6.522532842595714e-07,1.06938322037265e-59,0.9999993477469924,3.3061499184787267e-91,2.9653259365400034e-25
2021-10-06,2,risk_on,2.6395802366770995e-07,1.7430518483241255e-62,0.999999736041935,1.065893087213243e-90,4.598603305023587e-27
2021-10-07,2,risk_on,2.042524115523094e-07,6.80998191169298e-64,0.9999997957475197,3.501062242813724e-96,3.350907190966225e-27
2021-10-08,2,risk_on,5.639690030265255e-07,8.281838038618989e-64,0.9999994360306799,1.7944740723961503e-98,3.191520881239284e-26
2021-10-11,2,risk_on,1.3747801807355835e-05,3.578785212394007e-63,0.9999862521980557,4.751951831868336e-101,1.063820803129006e-25
2021-10-12,2,risk_on,2.403693432048085e-06,7.123976311228375e-63,0.9999975963066176,1.750034483594889e-94,1.0124695510542101e-27
2021-10-13,2,risk_on,7.946479467295639e-07,8.354477326299433e-67,0.9999992053520574,9.210366208488127e-99,1.1324313754138874e-28
2021-10-14,2,risk_on,6.638173138811547e-08,2.2263883350927113e-72,0.9999999336187124,5.855411206178963e-108,2.169119951138215e-30
2021-10-15,2,risk_on,1.890283617344607e-08,1.943840407120313e-82,0.9999999810970623,2.4983876840918796e-120,1.3596119891115598e-32
2021-10-18,2,risk_on,4.073535369573033e-08,1.4098866083762834e-86,0.9999999592646426,1.2619197998975095e-132,2.2739543525346893e-35
2021-10-19,2,risk_on,7.029205705038838e-06,1.0718741095205022e-83,0.999992970793904,2.9303643722426005e-138,1.3845228914488353e-34
2021-10-20,2,risk_on,2.3131823563068437e-06,1.1345492297799054e-80,0.9999976868174978,2.2314899017080642e-135,1.1224146006705721e-33
2021-10-21,2,risk_on,2.7296702811042775e-07,7.080906619974492e-86,0.9999997270333925,1.0699629303294726e-137,5.39122340709226e-33
2021-10-22,2,risk_on,4.100397334565419e-08,1.7779591213474875e-88,0.9999999589963418,4.6400205022463855e-136,2.993443731664822e-35
2021-10-25,2,risk_on,9.842459417048779e-09,8.289465773562321e-94,0.9999999901574483,4.662452759485344e-142,8.277543269334051e-36
2021-10-26,2,risk_on,2.5576569125489052e-08,1.3299400224553726e-98,0.9999999744231903,4.1626474593361057e-147,2.2230756328681593e-38
2021-10-27,2,risk_on,1.8127145775508895e-07,1.012612370704384e-95,0.9999998187286274,2.7701306060774013e-146,2.5770944370274237e-43
2021-10-28,2,risk_on,2.988940872009338e-08,3.0305079855934144e-97,0.9999999701103666,1.3890062021202986e-145,3.1186166279313674e-43
2021-10-29,2,risk_on,5.131054714016138e-08,1.178632055216519e-97,0.9999999486890387,3.8125080982996767e-144,3.337707850824856e-44
2021-11-01,2,risk_on,1.2076618294177509e-08,1.264671828547753e-101,0.9999999879237293,1.002735014434671e-150,1.0790902535673815e-42
2021-11-02,2,risk_on,3.5513274651578966e-08,2.3528276500135996e-101,0.999999964486961,7.384807395390531e-149,3.057939634370162e-45
2021-11-03,2,risk_on,1.5416110273209025e-09,1.350736353399139e-102,0.9999999984584065,5.327819666212019e-149,1.3220064831268106e-44
2021-11-04,2,risk_on,7.700891147609987e-10,1.4464168812589404e-107,0.999999999229658,8.92990616025294e-156,2.1209950975661218e-44
2021-11-05,2,risk_on,9.477902324019494e-10,2.7497384805653507e-111,0.9999999990523065,1.7116222450766885e-162,1.6710750478899778e-46
2021-11-08,2,risk_on,7.51333030589389e-10,7.47338020317109e-114,0.9999999992487574,3.229381055774409e-167,4.514286513092156e-49
2021-11-09,2,risk_on,6.033305355394809e-09,7.548184080122539e-106,0.9999999939664121,5.9495707293077065e-158,5.8041682248238144e-52
2021-11-10,2,risk_on,2.4553715419024474e-08,2.9257905147902418e-109,0.9999999754463719,3.5543050254764933e-161,1.621461333788723e-47
2021-11-11,2,risk_on,3.069430204481239e-08,1.7649702993142866e-108,0.9999999693054638,1.271507940647308e-166,3.726547542973961e-45
2021-11-12,2,risk_on,2.031892013390585e-09,3.3298230258108055e-108,0.9999999979681888,7.524444659665953e-164,1.8428365317847175e-45
2021-11-15,2,risk_on,4.690575755096752e-10,8.163531806270969e-112,0.9999999995307007,3.9119386424460886e-168,4.519040235270645e-44
2021-11-16,2,risk_on,2.042752260497325e-09,2.0020435684644372e-112,0.9999999979572749,1.479052266301024e-169,5.0614021457734465e-45
2021-11-17,2,risk_on,1.011945497672257e-09,1.485428422220536e-111,0.9999999989877324,2.6456176892713176e-171,5.292412565353105e-45
2021-11-18,2,risk_on,1.6873248847867058e-08,2.4738517550166038e-111,0.9999999831270544,1.642434653936644e-167,6.597013299154312e-46
2021-11-19,2,risk_on,1.3304702032321268e-08,4.809200052961255e-111,0.999999986695002,2.1215644814278792e-165,2.2745353112495743e-47
2021-11-22,2,risk_on,9.288011069567675e-08,2.9445135948307066e-109,0.9999999071196769,1.30130753184528e-167,3.2358955100869995e-47
2021-11-23,2,risk_on,4.380897603443834e-06,4.463714173726871e-110,0.999995619102766,6.24763111827347e-172,3.000080418232212e-44
2021-11-24,2,risk_on,0.0014638410426871477,5.642051599963714e-109,0.9985361589574304,2.7252985019638595e-170,4.979520498292743e-46
2021-11-26,0,inflation_rates_shock,0.9995556140987069,8.929064240404145e-84,0.00044438590109559343,1.257745790020925e-151,6.019263413836496e-44
2021-11-29,0,inflation_rates_shock,0.9997282725844422,3.504713189479502e-82,0.0002717274157809809,3.5271844252079477e-121,3.4252502539231173e-44
2021-11-30,0,inflation_rates_shock,0.9999967255006547,6.831857773732572e-79,3.2744991729228785e-06,4.161810408892768e-118,1.4834287088537193e-44
2021-12-01,0,inflation_rates_shock,0.9999999999236024,9.138259734797006e-75,7.670299251391248e-11,8.32725458111612e-110,4.2309861032709276e-50
2021-12-02,0,inflation_rates_shock,0.9999999991150617,3.898023605942942e-76,8.853769490461008e-10,1.4614908158371854e-107,3.5439693164435635e-54
2021-12-03,0,inflation_rates_shock,0.9999999999954525,4.453641194794148e-70,4.138062459546302e-12,9.033228680889459e-105,8.568772133513148e-54
2021-12-06,0,inflation_rates_shock,0.999999991506229,6.637006725105543e-68,8.4934876169226e-09,1.7904492648177537e-97,4.1153315810999414e-53
2021-12-07,0,inflation_rates_shock,0.9999991728622045,2.519345090107063e-66,8.271373564890774e-07,2.7968251870517444e-93,1.1522672132286707e-48
2021-12-08,0,inflation_rates_shock,0.9999961387222325,2.9467319739188437e-69,3.861278175700409e-06,6.411525166781494e-96,6.589164895958275e-45
2021-12-09,0,inflation_rates_shock,0.9999936642044018,4.226651493557408e-67,6.335795508112571e-06,7.297759248370154e-96,4.706693804805963e-45
2021-12-10,0,inflation_rates_shock,0.9999102371401493,6.017887246687957e-69,8.97628597157496e-05,5.732778841825951e-89,5.143636245773186e-46
2021-12-13,0,inflation_rates_shock,0.9998172870048667,3.0531782791938224e-65,0.00018271299471615392,5.580519049845827e-83,1.0213289255993012e-46
2021-12-14,0,inflation_rates_shock,0.9999727693672461,2.2440460148298462e-65,2.7230632683955816e-05,1.0893217301408799e-85,2.920752111447032e-43
2021-12-15,0,inflation_rates_shock,0.9999900802677957,7.979891729955343e-62,9.919732549832264e-06,4.1386606529400565e-79,2.9926267516668716e-44
2021-12-16,0,inflation_rates_shock,0.9999468405745788,5.9386849242822774e-61,5.31594257868116e-05,1.774844453487083e-76,4.161099818367501e-43
2021-12-17,0,inflation_rates_shock,0.9998729057933121,2.9834027206225065e-59,0.00012709420670185557,6.255861186012697e-76,3.276472234665945e-42
2021-12-20,0,inflation_rates_shock,0.9999669668722162,6.041547798075744e-62,3.303312768931798e-05,1.429690413723443e-78,1.3387759133698632e-40
2021-12-21,0,inflation_rates_shock,0.9999830407742775,5.345010411622594e-63,1.6959225799860504e-05,4.919147473403125e-83,2.8922273981682165e-42
2021-12-22,0,inflation_rates_shock,0.9999775154410019,1.6380384284964087e-66,2.248455869220823e-05,1.722858620450585e-83,1.2514007504815805e-44
2021-12-23,0,inflation_rates_shock,0.999975678140995,6.519239353754533e-66,2.4321858959996812e-05,1.0047344042188088e-84,7.183894829588848e-45
2021-12-27,0,inflation_rates_shock,0.9999739159821248,4.00371412329396e-65,2.6084018233316925e-05,2.519363609154138e-83,1.0672564881707885e-45
2021-12-28,0,inflation_rates_shock,0.999999837070404,8.547673134681864e-56,1.6292968728647726e-07,2.064115518770039e-78,1.2233472858461499e-44
2021-12-29,0,inflation_rates_shock,0.9999649898935382,3.3170476755980646e-61,3.501010659604552e-05,1.4596021295823563e-79,3.6833708041868205e-43
2021-12-30,0,inflation_rates_shock,0.999998157804717,3.138416699267896e-61,1.8421955207513923e-06,4.332892878670141e-80,1.0919538182386943e-43
2021-12-31,0,inflation_rates_shock,0.9999999973742888,4.023934321025645e-55,2.6258792088837376e-09,9.824224303828288e-77,4.5216164368703465e-46
2022-01-03,0,inflation_rates_shock,0.9999999183273791,3.8345420682507775e-58,8.16727381792543e-08,3.2992391498818375e-76,4.273930565966389e-45
2022-01-04,0,inflation_rates_shock,0.9999999986684998,9.621318115176675e-56,1.3319236832200627e-09,4.3687356539553276e-77,8.257474564890064e-45
2022-01-05,0,inflation_rates_shock,0.9999367602910839,1.713997074739855e-56,6.323970849231249e-05,4.925925001479482e-78,4.2005659841139537e-44
2022-01-06,0,inflation_rates_shock,0.986325693616332,2.2977019306956693e-57,0.01367430638384982,2.9628088241422025e-81,6.408425960627927e-41
2022-01-07,0,inflation_rates_shock,0.9786088666634455,3.133253444204221e-58,0.021391133336422733,1.3372177688001724e-81,6.941334757561513e-37
2022-01-10,0,inflation_rates_shock,0.9753673522091477,4.384543196830087e-56,0.02463264779093633,6.850185717958256e-78,5.113261232064704e-38
2022-01-11,0,inflation_rates_shock,0.970013595242366,2.1456155711247263e-58,0.029986404757694683,1.2578560097096847e-78,1.3611819763750892e-37
2022-01-12,0,inflation_rates_shock,0.9702878323346957,9.014185693878802e-59,0.029712167665649474,8.648985587451948e-82,5.250850810345953e-38
2022-01-13,0,inflation_rates_shock,0.9764340896575672,5.656832040603113e-55,0.023565910342028717,1.438153323687912e-79,1.06396520821125e-37
2022-01-14,0,inflation_rates_shock,0.9851384282412331,5.87256988876442e-57,0.01486157175907341,4.764853276422846e-80,2.999858015488341e-36
2022-01-18,0,inflation_rates_shock,0.9999411925767183,1.023790947837078e-59,5.88074231314984e-05,6.234537201305117e-87,1.936124250538562e-37
2022-01-19,0,inflation_rates_shock,0.99999999424017,1.817826081157325e-62,5.759599020722524e-09,2.713699226965205e-93,3.9116818174217334e-40
2022-01-20,0,inflation_rates_shock,0.9999999999918145,8.500898413615637e-59,8.129329949420198e-12,3.5674618344738125e-86,1.2640941646295742e-46
2022-01-21,0,inflation_rates_shock,1.0,1.4141861943067346e-57,4.0484626271022305e-15,2.2219637994475666e-84,7.311819338573587e-47
2022-01-24,0,inflation_rates_shock,1.0,7.907985195024108e-57,1.3353626924832022e-14,6.556454701153538e-82,1.5716832044816858e-50
2022-01-25,0,inflation_rates_shock,1.0,5.740917213536413e-60,1.0056599313832904e-17,9.946337689336382e-86,8.784886043097973e-50
2022-01-26,0,inflation_rates_shock,1.0,5.875223254715328e-60,3.2920421401783895e-19,1.702313479811788e-89,8.82389376247061e-55
2022-01-27,0,inflation_rates_shock,1.0,2.2490505955287633e-59,3.161103860860664e-20,1.112502039057337e-87,2.0371912182705646e-56
2022-01-28,0,inflation_rates_shock,0.9999999999972715,9.727721961339174e-59,2.4531299541839018e-12,7.116133387081192e-85,8.93228601013728e-56
2022-01-31,0,inflation_rates_shock,0.9999999870924512,1.121151838600278e-57,1.2907759127368051e-08,2.094492891348593e-84,2.970323165064784e-47
2022-02-01,0,inflation_rates_shock,0.9999996774322947,2.6997522345681577e-59,3.2256785786367007e-07,2.9998188455088787e-84,2.992063449288522e-42
2022-02-02,0,inflation_rates_shock,0.9999880791530127,1.0562066565280426e-57,1.1920847013293438e-05,1.807781007659309e-79,3.1080576303326264e-42
2022-02-03,0,inflation_rates_shock,0.9999999958263288,5.126358313092008e-63,4.1733047263333245e-09,1.069301894835342e-88,3.4288277341514216e-39
2022-02-04,0,inflation_rates_shock,0.9999999977762855,1.871779640624918e-62,2.223955958684187e-09,3.064375756314446e-88,4.288275981716382e-46
2022-02-07,0,inflation_rates_shock,0.9999999996834958,5.423214768521834e-63,3.1667322556342714e-10,4.4391444147679854e-89,2.296562629861603e-45
2022-02-08,0,inflation_rates_shock,0.9999999949623088,1.9998343911002174e-64,5.037692851812355e-09,2.0281897918067006e-89,1.4584236206992546e-46
2022-02-09,0,inflation_rates_shock,0.9999998180055792,8.1283239433721e-67,1.8199429475875942e-07,1.2237512039917848e-94,3.192168198365964e-46
2022-02-10,0,inflation_rates_shock,0.9999999995043254,1.0433130008420198e-64,4.953442446574747e-10,2.5867128526657418e-102,1.6447665799769274e-46
2022-02-11,0,inflation_rates_shock,1.0,2.9068014967429893e-63,2.11101632566601e-13,2.3248968667644336e-96,2.8379699264000867e-47
2022-02-14,0,inflation_rates_shock,1.0,8.372012673512295e-63,8.408647496058979e-16,9.52868008875004e-99,5.040726302142125e-52
2022-02-15,0,inflation_rates_shock,0.999999999998181,4.9227247538138e-64,1.6627959544435056e-12,6.173953279023583e-95,5.955765863814769e-53
2022-02-16,0,inflation_rates_shock,0.999999999998181,1.0636633590651873e-64,1.3668669010636148e-12,5.699180091216183e-90,1.5824624552793237e-50
2022-02-17,0,inflation_rates_shock,1.0,1.8496993268695581e-62,7.825123603660004e-19,1.3518614955445866e-87,2.951761092999473e-51
2022-02-18,0,inflation_rates_shock,1.0,1.1040790199539242e-64,4.0822128278528147e-22,3.139596919657266e-90,7.236456817726207e-57
2022-02-22,0,inflation_rates_shock,1.0,2.9580190071545266e-62,1.0872041302744848e-28,2.8747571562293065e-86,9.014871628235854e-63
2022-02-23,0,inflation_rates_shock,1.0,2.2526607795649227e-62,1.1407349123455094e-34,4.053257000365403e-89,2.958022136161063e-62
2022-02-24,0,inflation_rates_shock,1.0,3.051364601490578e-66,1.7074247731758232e-31,4.820300625540816e-94,2.252660779579264e-62
2022-02-25,0,inflation_rates_shock,1.0,2.2179089203194533e-62,9.238521673544027e-27,1.9215818014204018e-87,3.051365600199168e-66
2022-02-28,0,inflation_rates_shock,1.0,2.1468379407262325e-62,5.76215216273566e-28,3.1913475150690657e-90,2.218371141576591e-62
2022-03-01,0,inflation_rates_shock,1.0,2.571175051488763e-60,4.865221707361211e-25,1.741564909233006e-86,2.147746214315904e-62
2022-03-02,0,inflation_rates_shock,1.0,2.1231029393494437e-56,2.16789698102472e-21,2.2140732064239787e-90,3.9044491122521244e-60
2022-03-03,0,inflation_rates_shock,1.0,1.1301534597298007e-56,6.004277846006044e-22,1.0417170096753442e-81,3.0653598710527824e-56
2022-03-04,0,inflation_rates_shock,1.0,8.316207103462313e-57,8.169808904931425e-23,1.7223773002008933e-82,3.565862426872594e-56
2022-03-07,0,inflation_rates_shock,1.0,5.781734390151559e-53,1.4566290842917867e-37,6.083486905124644e-80,8.352972699221632e-57
2022-03-08,0,inflation_rates_shock,1.0,1.7570852361030192e-54,7.310485014123378e-43,6.528133964297776e-82,5.781734390156817e-53
2022-03-09,0,inflation_rates_shock,1.0,1.6419509788967207e-55,4.555361306133038e-33,1.0118086136599518e-81,1.7570852361046173e-54
2022-03-10,0,inflation_rates_shock,1.0,1.5720215659178966e-53,1.8738707733844253e-35,1.463480046630814e-84,1.6419509796553403e-55
2022-03-11,0,inflation_rates_shock,1.0,3.983491004574642e-54,7.350452195576176e-40,1.6796448630208565e-86,1.572021565932194e-53
2022-03-14,0,inflation_rates_shock,1.0,1.9155919103574212e-61,2.9910864993108295e-42,3.225212962590044e-92,3.983491004578265e-54
2022-03-15,0,inflation_rates_shock,1.0,2.0528390663125724e-66,1.60696416485226e-36,3.6505139439660603e-103,1.9155919103574212e-61
2022-03-16,0,inflation_rates_shock,1.0,9.676595839454553e-66,1.7556444811699502e-28,3.6313182609156615e-100,2.052839071738209e-66
2022-03-17,0,inflation_rates_shock,1.0,1.6497122814113708e-66,1.8454364833263864e-22,9.459020652022997e-108,5.30973321276247e-65
2022-03-18,0,inflation_rates_shock,1.0,1.5539434951928502e-72,1.2594176986463336e-17,1.9357016110600713e-126,4.524058841373202e-57
2022-03-21,0,inflation_rates_shock,1.0,1.3633260816499626e-74,2.0547132976477124e-21,3.4355724562758965e-130,8.134155721336342e-56
2022-03-22,0,inflation_rates_shock,1.0,9.877105802005273e-75,3.3596370216060443e-20,6.442001126850272e-132,1.52177335843727e-60
2022-03-23,0,inflation_rates_shock,1.0,4.724108469902946e-77,2.5550404517337934e-25,1.524162366026499e-123,1.8078209727591552e-60
2022-03-24,0,inflation_rates_shock,1.0,1.0158822172235713e-75,1.1797523271080337e-24,5.593194472505675e-120,1.3402526870625035e-69
2022-03-25,0,inflation_rates_shock,1.0,3.9735965118415005e-77,3.123032201850425e-23,1.3736972829651477e-126,2.6130252603597563e-65
2022-03-28,0,inflation_rates_shock,1.0,6.2231960926974615e-80,2.566329308653504e-18,7.424166753675252e-131,1.1099541616650049e-63
2022-03-29,0,inflation_rates_shock,1.0,2.5332449929225864e-89,5.467794653216943e-18,7.782701333124518e-139,6.382286000302974e-60
2022-03-30,0,inflation_rates_shock,1.0,5.1889872495139124e-86,8.526916237935245e-20,1.7478855251386614e-144,1.1554936218680287e-65
2022-03-31,0,inflation_rates_shock,1.0,3.203963721431744e-87,2.787164336800085e-19,4.120790515240706e-138,1.329054871060409e-63
2022-04-01,0,inflation_rates_shock,1.0,6.921806771510205e-90,2.4249500831028286e-21,9.896859567882572e-149,1.0517301021416787e-66
2022-04-04,0,inflation_rates_shock,1.0,2.4648654308535424e-99,2.2957011067362204e-21,1.5198361218512404e-160,7.281102007787531e-69
2022-04-05,0,inflation_rates_shock,1.0,2.962435944181426e-101,1.5400186108746077e-31,1.0624898241511951e-167,2.7184602165782554e-75
2022-04-06,0,inflation_rates_shock,1.0,5.101521096596636e-95,2.0552295055202945e-36,7.941221158417267e-160,7.65152759949566e-83
2022-04-07,0,inflation_rates_shock,1.0,5.9763119216992156e-92,5.554501420554599e-29,1.5408607399772067e-156,7.097478494859937e-83
2022-04-08,0,inflation_rates_shock,1.0,7.685447152644387e-94,2.4877066087034303e-30,2.0245553205739443e-153,4.728912098357795e-73
2022-04-11,0,inflation_rates_shock,1.0,3.853338624493679e-94,2.9712494258758554e-35,1.815226147267261e-154,1.78608954869059e-75
2022-04-12,0,inflation_rates_shock,1.0,2.8192439653726387e-89,5.576468121593665e-35,9.043606854247281e-146,1.859356689380705e-77
2022-04-13,0,inflation_rates_shock,1.0,5.616817056576566e-89,9.700326919012934e-29,3.027339778827717e-141,1.6340047468486804e-73
2022-04-14,0,inflation_rates_shock,1.0,1.148323839415656e-93,1.692541494164927e-28,2.8804744594185356e-155,3.555315603753805e-67
2022-04-18,0,inflation_rates_shock,1.0,3.425830684029236e-98,3.334701774278753e-27,2.6264248861379878e-163,9.592029229394894e-68
2022-04-19,0,inflation_rates_shock,1.0,5.930616666168772e-95,2.827952854112554e-21,9.80350414837355e-164,1.4942744564766194e-68
2022-04-20,0,inflation_rates_shock,1.0,4.3605905260466064e-94,4.9992715236266254e-21,1.846299711394606e-155,1.330119816119642e-63
2022-04-21,0,inflation_rates_shock,1.0,6.0474469954260986e-96,2.5692980984750097e-24,5.040225352835558e-164,6.245587390479546e-63
2022-04-22,0,inflation_rates_shock,1.0,3.8706423476298227e-97,1.4775195038780383e-32,1.1857637183126593e-174,1.3319531785001038e-69
2022-04-25,0,inflation_rates_shock,1.0,1.5470484928337899e-99,2.919333078229242e-29,1.4156965986443417e-169,1.4777993375672025e-76
2022-04-26,0,inflation_rates_shock,1.0,6.623035217337378e-92,1.912452413194689e-36,1.0037499840540706e-162,5.18744989606346e-73
2022-04-27,0,inflation_rates_shock,1.0,3.389493424456869e-93,4.460677482072257e-37,5.491975851436646e-160,4.819425447660778e-79
2022-04-28,0,inflation_rates_shock,1.0,2.7825425474929976e-93,1.176299690107424e-28,3.7809118944161636e-166,1.1394203067912192e-79
2022-04-29,0,inflation_rates_shock,1.0,4.4488799946715426e-100,3.6000811271098734e-42,6.724870109420645e-185,7.958219962992029e-73
2022-05-02,0,inflation_rates_shock,1.0,3.90993079386536e-103,2.5216117532873797e-42,1.5406221527633743e-183,6.416297152482495e-89
2022-05-03,0,inflation_rates_shock,1.0,4.2255350399488395e-104,4.6999970076132296e-43,1.063948607845101e-185,1.0334285303911254e-89
2022-05-04,0,inflation_rates_shock,1.0,1.1579087062852962e-106,7.322977142245108e-33,4.8256092731342075e-188,7.098826473834378e-87
2022-05-05,0,inflation_rates_shock,1.0,3.3506329816815127e-106,4.902083301382542e-47,5.244640476731559e-191,5.209964048827392e-80
2022-05-06,0,inflation_rates_shock,1.0,2.616401444646364e-108,4.3860218050085897e-51,6.988526428471661e-202,5.150634142169886e-92
2022-05-09,0,inflation_rates_shock,1.0,2.2792983431588362e-104,2.120298990832577e-63,4.0462824223393877e-202,1.2586492802872892e-93
2022-05-10,0,inflation_rates_shock,1.0,1.4835996569068804e-106,3.5640520139225736e-64,1.513916677455937e-196,2.2849123384318452e-104
2022-05-11,0,inflation_rates_shock,1.0,1.3094842249411255e-99,3.1850961746580837e-74,6.9441802294486854e-186,6.48737999004654e-106
2022-05-12,0,inflation_rates_shock,1.0,5.039302120610889e-92,1.784081450354128e-77,5.472868627046521e-178,1.3094842249423165e-99
2022-05-13,0,inflation_rates_shock,1.0,1.0949683601403798e-86,1.9436473294005888e-66,4.104193094968844e-166,5.039302120610889e-92
2022-05-16,0,inflation_rates_shock,1.0,7.056487469721084e-88,1.4379248748122013e-73,1.605727592774466e-157,1.0949683601413756e-86
2022-05-17,0,inflation_rates_shock,1.0,4.107292408757485e-85,4.8697825441605405e-62,4.711316004434761e-153,7.056487469727502e-88
2022-05-18,0,inflation_rates_shock,1.0,1.0639356595127169e-79,1.3833196856065595e-77,1.3432589440383558e-151,4.1072924097847646e-85
2022-05-19,0,inflation_rates_shock,1.0,9.81540231314749e-83,1.913782436424806e-89,9.807736003282916e-153,1.0639356595136845e-79
2022-05-20,0,inflation_rates_shock,1.0,3.8904122661948183e-85,3.4562774850870444e-91,3.3010248197016834e-150,9.81540231314749e-83
2022-05-23,0,inflation_rates_shock,1.0,3.0455118474647846e-77,3.643539065876068e-86,5.275382747669561e-142,3.8904122661948183e-85
2022-05-24,0,inflation_rates_shock,1.0,8.393704860091598e-77,4.182038678364606e-88,3.9419931598902724e-135,3.0455118474647846e-77
2022-05-25,0,inflation_rates_shock,1.0,5.431637572498915e-77,2.3071512765568266e-92,7.328891741986651e-132,8.393704860099232e-77
2022-05-26,0,inflation_rates_shock,1.0,9.340584650700932e-79,3.183268999686435e-77,5.694474230947078e-131,5.4316375725038545e-77
2022-05-27,0,inflation_rates_shock,1.0,1.7722772942077528e-81,5.8950664826668845e-62,7.857628468526919e-137,9.340584650700932e-79
2022-05-31,0,inflation_rates_shock,1.0,1.139536256719395e-84,2.574904451751285e-72,3.103987336124685e-137,1.7722772942077528e-81
2022-06-01,0,inflation_rates_shock,1.0,1.7324784697293859e-90,1.1732462598193334e-75,1.0705489699670413e-146,1.1395362567204314e-84
2022-06-02,0,inflation_rates_shock,1.0,5.581529656880321e-87,6.476444890387617e-65,3.046880397311742e-146,1.7324784697293859e-90
2022-06-03,0,inflation_rates_shock,1.0,4.4261246122374626e-91,5.735372127548724e-70,7.993157105394361e-156,5.581529656880321e-87
2022-06-06,0,inflation_rates_shock,1.0,4.500248408879554e-91,2.031388076569813e-75,3.3037475343572774e-152,4.4261246122374626e-91
2022-06-07,0,inflation_rates_shock,1.0,1.273947639953661e-92,1.9402312258995185e-72,6.645786004163188e-149,4.500248408879554e-91
2022-06-08,0,inflation_rates_shock,1.0,4.425180543389731e-91,1.8848664184466474e-88,4.134152685383716e-150,1.2739476399548197e-92
2022-06-09,0,inflation_rates_shock,1.0,5.105575178944743e-91,1.111585868477022e-99,1.0606190740320935e-153,4.425180543389731e-91
2022-06-10,0,inflation_rates_shock,1.0,7.065727139525651e-97,9.823003188951732e-128,1.1766066483618032e-166,5.105575178944743e-91
2022-06-13,0,inflation_rates_shock,1.0,1.2661144781474828e-98,3.019738135497783e-149,6.121901363568312e-178,7.065727139525651e-97
2022-06-14,0,inflation_rates_shock,1.0,1.2380176333264979e-102,1.0759559976466365e-147,8.450352521187808e-187,1.2661144781474828e-98
2022-06-15,0,inflation_rates_shock,1.0,4.4349862587548325e-100,1.0579705002676732e-139,8.892097123110464e-184,1.2380176333264979e-102
2022-06-16,0,inflation_rates_shock,1.0,3.040380754055939e-100,6.456252102921365e-154,1.4543492928214325e-180,4.4349862587548325e-100
2022-06-17,0,inflation_rates_shock,1.0,2.1630463846623503e-106,7.423424972462336e-172,4.448696811641617e-183,3.040380754058704e-100
2022-06-21,0,inflation_rates_shock,1.0,4.3975749301399305e-98,2.572044062499524e-154,1.4134775589260631e-180,2.163046384660383e-106
2022-06-22,0,inflation_rates_shock,1.0,8.556420431778553e-102,9.168561787846447e-157,1.5178898512447025e-172,4.3975749301399305e-98
2022-06-23,0,inflation_rates_shock,1.0,6.417244993321593e-104,3.07503232853081e-140,5.9714552583371886e-179,8.556420431786335e-102
2022-06-24,0,inflation_rates_shock,1.0,5.468413861854732e-101,2.611558097256813e-122,5.728153610011949e-180,6.417244993321593e-104
2022-06-27,0,inflation_rates_shock,1.0,4.834718715432573e-100,2.6183542230469408e-124,2.3078161532970313e-180,5.468413861854732e-101
2022-06-28,0,inflation_rates_shock,1.0,2.6393094280626093e-95,2.5639850992958343e-130,2.4785117610478168e-175,4.834718715436971e-100
2022-06-29,0,inflation_rates_shock,1.0,3.8450762670013e-95,2.4189945545543706e-124,1.1368914998897266e-171,2.6393094280626093e-95
2022-06-30,0,inflation_rates_shock,1.0,2.1510309224183886e-95,1.158023316649411e-127,4.0934017484927406e-164,3.8450762670013e-95
2022-07-01,0,inflation_rates_shock,1.0,1.7485343761041286e-92,6.8352869987053046e-124,2.181602624930334e-150,2.1510309224183886e-95
2022-07-05,0,inflation_rates_shock,1.0,3.377653508414578e-97,4.205426260367186e-115,1.2116745333011758e-159,1.748534376105719e-92
2022-07-06,0,inflation_rates_shock,1.0,1.5327819233770821e-108,2.332149235408387e-120,1.4011352075686973e-173,3.377653508414578e-97
2022-07-07,0,inflation_rates_shock,1.0,4.5186022398407345e-107,5.859946127859303e-110,9.57661898846056e-179,1.5327819233784761e-108
2022-07-08,0,inflation_rates_shock,1.0,1.5568246545116967e-108,6.662407164126315e-114,7.317176261464392e-185,4.5186022398407345e-107
2022-07-11,0,inflation_rates_shock,1.0,6.735787838197783e-113,7.231197160127092e-121,1.665060592540304e-189,1.5568246545131126e-108
2022-07-12,0,inflation_rates_shock,1.0,2.8365813978028477e-119,1.420184847398527e-133,3.138696370990456e-190,6.735787838197783e-113
2022-07-13,0,inflation_rates_shock,1.0,1.270591419308026e-127,5.58596973341448e-150,2.357473388674288e-199,2.836581397800268e-119
2022-07-14,0,inflation_rates_shock,1.0,1.0994632190133265e-136,2.403686664655558e-176,7.879767745621571e-210,1.270591419308026e-127
2022-07-15,0,inflation_rates_shock,1.0,8.828793899391318e-128,1.031039372032486e-162,1.168854519261912e-202,1.0994632190133265e-136
2022-07-18,0,inflation_rates_shock,1.0,1.1206971455879178e-129,1.2465229379268506e-160,5.821866332574075e-212,8.828793899399348e-128
2022-07-19,0,inflation_rates_shock,1.0,7.780410190600497e-134,1.1968775312935795e-158,8.533709791766922e-207,1.1206971455879178e-129
2022-07-20,0,inflation_rates_shock,1.0,9.770980140767395e-142,1.9516900198123218e-151,4.978810405890331e-212,7.780410190600497e-134
2022-07-21,0,inflation_rates_shock,1.0,1.3517526300849475e-137,2.0812620565346405e-136,2.1467475756576252e-210,9.770980140776281e-142
2022-07-22,0,inflation_rates_shock,1.0,7.02096429207943e-128,3.715242003736965e-146,1.7639375217583658e-202,1.3517526300849475e-137
2022-07-25,0,inflation_rates_shock,1.0,1.413202449159574e-116,8.4358175928885e-140,1.9761669360594503e-192,7.02096429207943e-128
2022-07-26,0,inflation_rates_shock,1.0,5.8187188519451856e-120,2.2364204148537694e-135,3.0250764296419163e-188,1.413202449159574e-116
2022-07-27,0,inflation_rates_shock,1.0,1.7828253634797552e-118,5.89688188537609e-121,1.748146070112214e-193,5.818718851950478e-120
2022-07-28,0,inflation_rates_shock,1.0,1.44606060478156e-117,7.085489152869765e-124,2.5379770498838956e-184,1.7828253634797552e-118
2022-07-29,0,inflation_rates_shock,1.0,6.7523883572654e-117,6.361846382341405e-113,3.652909194793488e-190,1.44606060478156e-117
2022-08-01,0,inflation_rates_shock,1.0,7.990085681916372e-99,4.840924670589606e-114,1.3167595904053636e-172,6.752388357271541e-117
2022-08-02,0,inflation_rates_shock,1.0,2.5197083025984535e-103,8.203159605498577e-112,3.712687169427237e-169,7.990085681916372e-99
2022-08-03,0,inflation_rates_shock,1.0,5.682163013418206e-101,1.1810596383269885e-104,1.511532163010639e-161,2.5197083025984535e-103
2022-08-04,0,inflation_rates_shock,1.0,6.066237304450528e-100,6.776521650024669e-101,2.5133033282440245e-157,5.682163013418206e-101
2022-08-05,0,inflation_rates_shock,1.0,1.558189936575299e-94,7.659429434615466e-96,5.182463692425861e-161,6.066237304450528e-100
2022-08-08,0,inflation_rates_shock,1.0,1.2279946859878493e-93,3.228110384056884e-97,9.111223516537799e-153,1.558189936575299e-94
2022-08-09,0,inflation_rates_shock,1.0,3.714588511224145e-96,6.032730953692608e-104,3.246458198992162e-160,1.2279946859878493e-93
2022-08-10,0,inflation_rates_shock,1.0,4.492910127248604e-93,2.1524718935902481e-97,5.926081226373626e-152,3.714588511224145e-96
2022-08-11,0,inflation_rates_shock,1.0,2.7419741799579074e-101,1.5348316554862698e-99,4.000166493079495e-158,4.492910127256776e-93
2022-08-12,0,inflation_rates_shock,1.0,1.8747705652378337e-99,5.848104200782093e-91,8.213143331206557e-153,2.7419741799579074e-101
2022-08-15,0,inflation_rates_shock,1.0,2.2102336968928282e-108,6.8128265775163775e-78,1.9054659644072111e-168,1.874770565239539e-99
2022-08-16,0,inflation_rates_shock,1.0,3.8439847424900094e-103,1.2382951473859231e-79,5.76047771790997e-161,2.2102336968948387e-108
2022-08-17,0,inflation_rates_shock,1.0,1.3385039234950466e-107,1.1786418731376726e-71,2.2425862609803715e-169,3.8439847424900094e-103
2022-08-18,0,inflation_rates_shock,1.0,2.91019028006202e-102,1.1944326273811451e-70,6.840157348746575e-174,1.3385039234950466e-107
2022-08-19,0,inflation_rates_shock,1.0,3.2833040609198256e-101,2.447284200036871e-75,1.155574680284468e-177,2.91019028006202e-102
2022-08-22,0,inflation_rates_shock,1.0,4.942990865034294e-101,6.035030466005091e-86,2.7208107763770103e-182,3.2833040609198256e-101
2022-08-23,0,inflation_rates_shock,1.0,7.357520682177328e-106,3.369558158831638e-84,1.9319403420886198e-188,4.942990865034294e-101
2022-08-24,0,inflation_rates_shock,1.0,9.907243724587867e-111,2.0731993047770736e-89,1.598128402077864e-194,7.357520682177328e-106
2022-08-25,0,inflation_rates_shock,1.0,1.5841120431800262e-106,5.770180673571543e-74,1.0418503757721751e-193,9.907243724587867e-111
2022-08-26,0,inflation_rates_shock,1.0,6.9410772460895344e-102,3.0297226272748183e-85,3.003487013328874e-196,1.5841120446423788e-106
2022-08-29,0,inflation_rates_shock,1.0,4.885730191422778e-106,2.3025118086434253e-82,2.192770303811269e-192,6.9410772460895344e-102
2022-08-30,0,inflation_rates_shock,1.0,2.432307655013917e-104,1.0179929452672005e-92,4.896640591394831e-201,4.885730191422778e-106
2022-08-31,0,inflation_rates_shock,1.0,1.5570953585764964e-103,8.86497760313048e-101,5.223650049333651e-195,2.432307655013917e-104
2022-09-01,0,inflation_rates_shock,1.0,3.4611369018612284e-104,3.981320526771283e-94,2.0409886245971447e-197,1.5570953585779126e-103
2022-09-02,0,inflation_rates_shock,1.0,1.1072486452184506e-99,1.595949488989005e-104,6.3236654977946775e-196,3.4611369018612284e-104
2022-09-06,0,inflation_rates_shock,1.0,1.282494879766091e-103,1.2258020046112844e-103,1.5845688034604282e-190,1.1072486452194577e-99
2022-09-07,0,inflation_rates_shock,1.0,9.960647422222573e-110,8.884510173663641e-94,1.6247467525577325e-198,1.282494879766091e-103
2022-09-08,0,inflation_rates_shock,1.0,3.3198328867087565e-106,2.8694620684698047e-93,4.041020201376511e-201,9.960647422222573e-110
2022-09-09,0,inflation_rates_shock,1.0,1.659475998127004e-104,1.805587448047464e-80,3.4206143843592257e-193,3.3198328867087565e-106
2022-09-12,0,inflation_rates_shock,1.0,1.5057728544296665e-97,8.971351143536676e-71,2.122598641255752e-187,1.6594759981254947e-104
2022-09-13,0,inflation_rates_shock,1.0,4.4141073724389356e-82,1.7621032201802527e-99,1.5652677153458376e-180,1.505772854431036e-97
2022-09-14,0,inflation_rates_shock,1.0,7.344629531019071e-82,7.612613875897041e-100,6.097353767625781e-166,4.4141073724389356e-82
2022-09-15,0,inflation_rates_shock,1.0,8.12573361922323e-83,2.6279181899003138e-107,1.5045176790629602e-171,7.344629531019071e-82
2022-09-16,0,inflation_rates_shock,1.0,9.246660901254631e-87,8.880034165435125e-118,3.54169729391681e-172,8.125733619230621e-83
2022-09-19,0,inflation_rates_shock,1.0,1.3111242722107163e-88,2.3978978104336087e-111,1.2540765844962813e-179,9.24666090126304e-87
2022-09-20,0,inflation_rates_shock,1.0,2.7168846911241604e-94,9.670070058217048e-116,7.787556519250723e-188,1.3111242722119086e-88
2022-09-21,0,inflation_rates_shock,1.0,1.0668478909455795e-92,8.475510096696567e-135,1.2092783775988638e-192,2.7168846911241604e-94
2022-09-22,0,inflation_rates_shock,1.0,1.6454389435988677e-97,2.811041300147063e-146,5.3454500045902505e-199,1.0668478909455795e-92
2022-09-23,0,inflation_rates_shock,1.0,1.6128685168197665e-104,8.944796298752806e-147,2.8925065444567992e-213,1.6454389435988677e-97
2022-09-26,0,inflation_rates_shock,1.0,1.1330873220999776e-113,1.7152938234242428e-150,1.3671480663101295e-241,1.6128685168197665e-104
2022-09-27,0,inflation_rates_shock,1.0,1.1468496568178098e-112,5.1690563024071965e-165,7.1704195867499e-239,1.133087322101008e-113
2022-09-28,0,inflation_rates_shock,1.0,3.9725441334605385e-116,1.302948247132218e-150,1.2156422557686363e-231,1.1468496568167667e-112
2022-09-29,0,inflation_rates_shock,1.0,1.300913452274489e-116,5.52156743161438e-172,7.071691268966947e-233,3.9725441334569256e-116
2022-09-30,0,inflation_rates_shock,1.0,5.913684984047123e-120,3.3708281175261124e-190,2.0231325034724215e-235,1.300913452273306e-116
2022-10-03,0,inflation_rates_shock,1.0,2.0502023343861554e-117,8.577451055032067e-164,7.994927292112919e-235,5.913684984047123e-120
2022-10-04,0,inflation_rates_shock,1.0,2.9180379140458072e-114,2.7489648292900407e-142,7.184403960935654e-230,2.0502023343880204e-117
2022-10-05,0,inflation_rates_shock,1.0,6.458700427309456e-119,5.3323262100323685e-145,1.0434026411959773e-224,2.9180379140458072e-114
2022-10-06,0,inflation_rates_shock,1.0,2.6390280205725327e-120,4.067935105482918e-145,3.6559113201107104e-242,6.458700427303582e-119
2022-10-07,0,inflation_rates_shock,1.0,5.654014705244506e-125,3.870568380039562e-170,5.71617035669505e-258,2.6390280205725327e-120
2022-10-10,0,inflation_rates_shock,1.0,6.273647223499075e-124,5.499591395989461e-174,1.3717183231982781e-289,5.654014705244506e-125
2022-10-11,0,inflation_rates_shock,1.0,8.432360741659471e-126,1.472611043780833e-173,5.802350275995514e-270,6.273647223493369e-124
2022-10-12,0,inflation_rates_shock,1.0,1.9600084967301902e-131,1.0614633416274841e-192,4.4012191860708705e-251,8.432360741651802e-126
2022-10-13,0,inflation_rates_shock,1.0,1.378511092897297e-130,2.8296515249953994e-165,9.612427406349803e-264,1.9600084967284076e-131
2022-10-14,0,inflation_rates_shock,1.0,7.775852846066834e-130,4.7647006563531e-196,1.3275207421661344e-274,1.3785110928960434e-130
2022-10-17,0,inflation_rates_shock,1.0,1.3445373786131914e-127,8.235936853141026e-170,7.834050789293137e-268,7.775852846066834e-130
2022-10-18,0,inflation_rates_shock,1.0,1.0165870670012437e-129,6.422546495158774e-158,1.696549256292642e-262,1.3445373786131914e-127
2022-10-19,0,inflation_rates_shock,1.0,2.2187459409265093e-133,2.227119297586042e-167,3.766426193483093e-263,1.0165870670012437e-129
2022-10-20,0,inflation_rates_shock,1.0,9.222476760673496e-137,6.246116846879949e-188,1.9141817766721287e-273,2.2187459409285274e-133
2022-10-21,0,inflation_rates_shock,1.0,5.5254966710472344e-132,3.5197854340464918e-168,1.4207305725562091e-264,9.222476760665108e-137
2022-10-24,0,inflation_rates_shock,1.0,1.2955251179525937e-134,1.014827445179269e-165,9.075898313593301e-259,5.5254966710472344e-132
2022-10-25,0,inflation_rates_shock,1.0,8.293372880010817e-137,1.4000319614020334e-156,5.78963334493704e-250,1.2955251179514155e-134
2022-10-26,0,inflation_rates_shock,1.0,1.1152278251741716e-126,5.028417004527647e-164,3.542921146646239e-237,8.293372879995731e-137
2022-10-27,0,inflation_rates_shock,1.0,8.715002913631044e-130,1.649835453280225e-157,2.1931631640979924e-243,1.1152278251741716e-126
2022-10-28,0,inflation_rates_shock,1.0,3.471371440425893e-130,4.357920091754334e-153,3.438030471234332e-245,8.715002913623117e-130
2022-10-31,0,inflation_rates_shock,1.0,2.2654459859366465e-129,1.0163892811043217e-166,6.43876922373955e-243,3.4713714404227356e-130
2022-11-01,0,inflation_rates_shock,1.0,1.6331001750176106e-127,9.183136392439824e-157,1.8863915127794658e-246,2.265445985934586e-129
2022-11-02,0,inflation_rates_shock,1.0,1.5485893700116606e-127,6.093608208741211e-169,6.403221660225585e-254,1.6331001750176106e-127
2022-11-03,0,inflation_rates_shock,1.0,3.2294604416740534e-132,1.999372529211441e-181,4.9022174342897296e-257,1.5485893700088438e-127
2022-11-04,0,inflation_rates_shock,1.0,3.954386054671806e-132,5.221311752367708e-175,1.1747352945336255e-258,3.2294604416740534e-132
2022-11-07,0,inflation_rates_shock,1.0,1.0440042322548147e-139,3.451321356628307e-179,5.985136993848377e-253,3.954386054671806e-132
2022-11-08,0,inflation_rates_shock,1.0,3.527458609073401e-136,4.0986893824220603e-171,4.6514490595429925e-242,1.0440042322529156e-139
2022-11-09,0,inflation_rates_shock,1.0,3.675141558037594e-145,6.203129771237001e-190,1.454761906149571e-252,3.527458609073401e-136
2022-11-10,0,inflation_rates_shock,1.0,1.2079491113980846e-152,9.55469310999036e-158,2.2511121846502116e-261,3.675141558037594e-145
2022-11-11,0,inflation_rates_shock,1.0,3.7400266684273055e-156,9.087958036356767e-141,1.259204101469075e-280,1.2079491113958872e-152
2022-11-14,0,inflation_rates_shock,1.0,8.247470016888958e-167,2.7355597609836733e-155,8.271228887128192e-279,3.7400266684239043e-156
2022-11-15,0,inflation_rates_shock,1.0,1.7784341606161296e-161,1.2175056176233347e-134,2.625914698601918e-293,8.247470016888958e-167
2022-11-16,0,inflation_rates_shock,1.0,2.7736956554464144e-159,3.3330138526588273e-137,3.0952748369916437e-294,1.778434160614512e-161
2022-11-17,0,inflation_rates_shock,1.0,4.473922466934015e-165,1.0752314264831625e-144,1.8920792967691155e-297,2.773695655443892e-159
2022-11-18,0,inflation_rates_shock,1.0,1.0346912579451807e-158,9.591374268138913e-151,9.738772247939546e-290,4.473922466929945e-165
2022-11-21,0,inflation_rates_shock,1.0,1.5861540618107378e-158,1.0383446188116144e-144,1.1369253406444652e-289,1.0346912579442396e-158
2022-11-22,0,inflation_rates_shock,1.0,3.9584671597031084e-157,1.9796252596871888e-132,5.552276211043221e-281,1.5861540618107378e-158
2022-11-23,0,inflation_rates_shock,1.0,6.553816859765625e-157,2.2890580983216994e-123,3.8716839958773956e-291,3.9584671597031084e-157
2022-11-25,0,inflation_rates_shock,1.0,6.1327281615876e-154,4.258373757748051e-126,1.058584446804125e-301,6.553816859765625e-157
2022-11-28,0,inflation_rates_shock,1.0,1.5887469848653122e-149,6.925170743310589e-137,1.6619108687087517e-293,6.132728161576444e-154
2022-11-29,0,inflation_rates_shock,1.0,1.5615051618211549e-158,9.929943913710023e-132,4.0870748776700765e-301,1.5887469848653122e-149
2022-11-30,0,inflation_rates_shock,1.0,4.983134479407633e-161,1.1757320971181102e-112,5.644165717144467e-294,1.5615051618211549e-158
2022-12-01,0,inflation_rates_shock,1.0,1.0612704116583742e-170,6.249008708527098e-116,2.630826007093215e-306,4.9831344794031e-161
2022-12-02,0,inflation_rates_shock,1.0,3.583151555496707e-173,6.80957172938708e-130,2.793834966475313e-309,1.061270411657409e-170
2022-12-05,0,inflation_rates_shock,1.0,2.022615152344125e-171,1.565271587623118e-146,1.46e-321,3.5831515554934486e-173
2022-12-06,0,inflation_rates_shock,1.0,4.105181677517058e-173,5.370675694136016e-147,3.424e-321,2.0226151523404459e-171
2022-12-07,0,inflation_rates_shock,1.0,1.1183920709145193e-171,1.4613971706243831e-142,2.450201731223e-312,4.105181677513324e-173
2022-12-08,0,inflation_rates_shock,1.0,1.1102663675474538e-166,2.5216702904600168e-133,2.941380354115e-311,1.118392070913502e-171
2022-12-09,0,inflation_rates_shock,1.0,1.0617301740816897e-167,4.076924537460682e-152,2.2241513092243e-311,1.110266367546444e-166
2022-12-12,0,inflation_rates_shock,1.0,3.483868607122128e-163,9.03248816018444e-113,0.0,1.061730174080724e-167
2022-12-13,0,inflation_rates_shock,1.0,2.6658216883505282e-167,9.094394609938512e-111,1.0687e-318,3.4838686071189595e-163
2022-12-14,0,inflation_rates_shock,1.0,1.2368875031439258e-164,4.1844715708910925e-123,7.20132154896e-313,2.6658216883505282e-167
2022-12-15,0,inflation_rates_shock,1.0,7.860599195320052e-156,2.5236626718536978e-138,1.03334459193e-313,1.2368875031439258e-164
2022-12-16,0,inflation_rates_shock,1.0,4.637183844196041e-159,2.1473152016234365e-151,3.0517451569910136e-302,7.860599195312902e-156
2022-12-19,0,inflation_rates_shock,1.0,5.621739425014303e-160,8.028408393151515e-163,5.479596554e-314,4.637183844196041e-159
2022-12-20,0,inflation_rates_shock,1.0,2.7317476692385772e-163,8.605356519710644e-165,4.615733914e-314,5.6217394250091894e-160
2022-12-21,0,inflation_rates_shock,1.0,1.2973839110843933e-163,4.731160859627254e-158,1.600413328496866e-306,2.7317476692360925e-163
2022-12-22,0,inflation_rates_shock,1.0,2.340087981012717e-165,7.443012116307206e-164,2.27696e-318,1.2973839110832134e-163
2022-12-23,0,inflation_rates_shock,1.0,8.097171454043904e-162,7.785285104543767e-163,5.0763286e-316,2.340087981012717e-165
2022-12-27,0,inflation_rates_shock,1.0,4.7265394648989394e-157,2.6593981230522335e-163,9.422951873383e-312,8.097171454036541e-162
2022-12-28,0,inflation_rates_shock,1.0,1.9429216968097276e-158,1.4885894806842824e-174,8.2149825614e-314,4.726539464894641e-157
2022-12-29,0,inflation_rates_shock,1.0,1.8761820739995043e-149,3.52147040740332e-161,2.1350418224341958e-301,1.9429216968061934e-158
2022-12-30,0,inflation_rates_shock,1.0,6.976615434198155e-152,2.481760686422141e-161,1.498058642024961e-308,1.876182073997798e-149
2023-01-03,0,inflation_rates_shock,1.0,1.854238004025001e-154,6.643370620810241e-155,7.348781699178024e-302,6.976615434185465e-152
2023-01-04,0,inflation_rates_shock,1.0,1.0418556899622508e-166,1.067533345252641e-143,1.1287686e-317,1.854238004025001e-154
2023-01-05,0,inflation_rates_shock,1.0,9.891496290252227e-173,2.428250058895601e-139,0.0,1.0418556899622508e-166
2023-01-06,0,inflation_rates_shock,1.0,9.862852107405949e-170,1.1595424624068229e-128,2.02e-321,9.891496290261224e-173
2023-01-09,0,inflation_rates_shock,1.0,1.0908346494656146e-163,4.210451961088879e-129,4.15954e-319,9.862852107405949e-170
2023-01-10,0,inflation_rates_shock,1.0,7.934288972558003e-168,9.24690606967403e-127,7.1755113324e-314,1.0908346494646226e-163
2023-01-11,0,inflation_rates_shock,1.0,4.67112356972081e-168,1.971542443094271e-115,3.001200466744e-312,7.934288972558003e-168
2023-01-12,0,inflation_rates_shock,1.0,7.085000382064946e-165,7.527421849428838e-118,2.362351779567e-311,4.67112356972081e-168
2023-01-13,0,inflation_rates_shock,1.0,3.216176030624107e-162,2.1830944639327882e-91,2.6850741023e-314,7.0850003820520585e-165
2023-01-17,0,inflation_rates_shock,1.0,1.0037730320564222e-161,2.226164980818427e-93,1.0767e-319,8.224980537045191e-160
2023-01-18,0,inflation_rates_shock,1.0,1.707087321680412e-159,2.097442303357843e-100,2.522218518111122e-307,1.0324307735844426e-161
2023-01-19,0,inflation_rates_shock,1.0,4.2927287289864054e-162,1.0695871511177761e-107,4.1654255181034e-311,1.7070873219676407e-159
2023-01-20,0,inflation_rates_shock,1.0,1.208870854834053e-158,8.702728276244633e-98,1.5117651121441748e-299,4.292728728982501e-162
2023-01-23,0,inflation_rates_shock,1.0,1.1722706307602397e-152,3.217495651503653e-89,3.8930834958564067e-289,1.2088708548351523e-158
2023-01-24,0,inflation_rates_shock,1.0,5.381475278831751e-161,9.687194486980972e-84,2.669190171187714e-294,1.1722707296830595e-152
2023-01-25,0,inflation_rates_shock,1.0,7.701002064093607e-163,8.215285577813358e-87,9.117724168922326e-299,6.244602876290555e-158
2023-01-26,0,inflation_rates_shock,1.0,1.4822400266003117e-162,1.831939438053532e-76,7.084540540445164e-305,1.3284194270022535e-160
2023-01-27,0,inflation_rates_shock,1.0,2.9032613157969955e-166,3.3639924574454893e-77,2.6604811807497474e-303,3.0399092658687316e-154
2023-01-30,0,inflation_rates_shock,1.0,2.2328205512795145e-170,1.389693337656578e-88,6.389476972752752e-305,1.0144850051148932e-157
2023-01-31,0,inflation_rates_shock,1.0,1.0839837479677405e-177,2.07419516751585e-71,2.3543468398388e-310,4.1550559064777026e-169
2023-02-01,0,inflation_rates_shock,1.0,4.790905157663057e-178,1.7238332124523376e-70,6.215637e-315,2.2560328544835456e-156
2023-02-02,0,inflation_rates_shock,1.0,5.6253065699051724e-170,1.816141159504255e-61,3.079382678898816e-309,4.747109547332157e-156
2023-02-03,0,inflation_rates_shock,1.0,2.62202557324311e-169,8.221624480781575e-66,5.458254e-318,1.9184461629549413e-140
2023-02-06,0,inflation_rates_shock,1.0,7.879672537786985e-166,3.1728332552978295e-71,1.07279736e-315,1.1846569322570612e-147
2023-02-07,0,inflation_rates_shock,1.0,6.869337385436433e-168,1.3554224014495045e-57,1.81826e-319,9.456162542230978e-149
2023-02-08,0,inflation_rates_shock,1.0,2.1817464207710713e-165,1.4502526572134628e-60,1.52e-321,5.933996476762632e-135
2023-02-09,0,inflation_rates_shock,1.0,9.325926411908384e-164,5.962513276344575e-62,3.26e-322,2.519455849884722e-135
2023-02-10,0,inflation_rates_shock,1.0,1.7920016987329144e-157,6.1892554039034995e-59,2.10318e-318,5.740836737025044e-134
2023-02-13,0,inflation_rates_shock,1.0,8.33948762817774e-144,1.6765530938399195e-41,7.44629077142223e-296,2.2880387368880455e-127
2023-02-14,0,inflation_rates_shock,1.0,1.2659426454779525e-147,7.538085905398828e-43,2.1412705741670397e-289,1.9077463315202794e-110
2023-02-15,0,inflation_rates_shock,1.0,2.8948427307263417e-142,6.088725188258607e-43,4.465216963646599e-289,1.0738240764818804e-112
2023-02-16,0,inflation_rates_shock,1.0,8.459305587697717e-149,5.220601635382514e-52,8.750163663852551e-296,3.4081662049088883e-110
2023-02-17,0,inflation_rates_shock,1.0,7.261140425421802e-148,2.8258028519259454e-55,1.351877680556035e-293,4.21905296175007e-121
2023-02-21,0,inflation_rates_shock,1.0,1.0234397275413312e-149,2.6778012535726446e-60,3.315713532576853e-309,2.325792022005047e-120
2023-02-22,0,inflation_rates_shock,1.0,1.2942249609743645e-154,1.9397521366727287e-59,1.38507548e-315,5.065262388304114e-126
2023-02-23,0,inflation_rates_shock,1.0,5.746809074500565e-155,1.7326385560683075e-59,9.37179e-318,2.0621774646721424e-127
2023-02-24,0,inflation_rates_shock,1.0,1.9823939961017364e-159,1.2641894827312208e-64,0.0,3.807772686603888e-126
2023-02-27,0,inflation_rates_shock,1.0,4.642489982031274e-162,7.62549544137971e-61,0.0,5.128078836860328e-133
2023-02-28,0,inflation_rates_shock,1.0,1.5982559907878125e-162,5.5100891105070916e-65,0.0,8.483323688353628e-130
2023-03-01,0,inflation_rates_shock,1.0,3.912199583040842e-159,2.1100753467246535e-72,0.0,3.6531962998035596e-136
2023-03-02,0,inflation_rates_shock,1.0,6.258429943973352e-158,1.2038130657048955e-67,0.0,2.5410316804231922e-139
2023-03-03,0,inflation_rates_shock,1.0,2.3082222047065808e-163,3.5338740412402816e-54,0.0,3.216286779739557e-137
2023-03-06,0,inflation_rates_shock,1.0,3.355925153780016e-168,2.8507690193717554e-51,0.0,1.0501775916970004e-123
2023-03-07,0,inflation_rates_shock,1.0,1.569364751475472e-173,6.392395511989847e-60,0.0,1.034817855239976e-124
2023-03-08,0,inflation_rates_shock,1.0,1.1043142100618694e-164,7.101058947015271e-60,0.0,1.4484168036051873e-136
2023-03-09,0,inflation_rates_shock,1.0,1.655020372437596e-157,7.756202116837372e-64,0.0,1.9918161952501366e-132
2023-03-10,0,inflation_rates_shock,1.0,2.713897653740904e-137,1.586972078092472e-70,1.7120868722253416e-300,3.946778827872354e-131
2023-03-13,0,inflation_rates_shock,1.0,2.683788737680327e-134,2.859441643754793e-68,5.815473262170141e-264,7.082339617927283e-128
2023-03-14,0,inflation_rates_shock,1.0,9.8556567117598e-121,2.3631735120190197e-64,7.038852671920265e-249,3.367304711040405e-126
2023-03-15,0,inflation_rates_shock,1.0,1.0494790849832497e-122,5.075919588066678e-60,5.956811417289653e-237,6.544190877348658e-117
2023-03-16,0,inflation_rates_shock,1.0,2.7024366447456928e-118,4.501916394741107e-54,2.6231627659512327e-237,2.8426041145185013e-116
2023-03-17,0,inflation_rates_shock,1.0,4.184308514973934e-117,1.1197823294012196e-56,2.512479649540647e-230,1.2781006908164906e-105
2023-03-20,0,inflation_rates_shock,1.0,5.1765135829561964e-117,4.235577635462235e-55,1.7351902920578476e-226,2.1059193377486414e-111
2023-03-21,0,inflation_rates_shock,1.0,1.0669383662553747e-113,3.211166044103768e-53,6.171008965834828e-224,6.965283589031466e-112
2023-03-22,0,inflation_rates_shock,1.0,1.1230157664865907e-106,1.034177164061246e-68,2.1957287465631716e-202,4.116422842990661e-111
2023-03-23,0,inflation_rates_shock,1.0,1.795339572540463e-102,6.034412567998215e-66,8.200511368456329e-188,1.1230157664855693e-106
2023-03-24,0,inflation_rates_shock,1.0,1.4326984639202777e-104,8.549556712748478e-59,6.652955992805796e-199,1.795339572540463e-102
2023-03-27,0,inflation_rates_shock,1.0,1.2973729615353194e-102,1.471247055350279e-63,3.177768068021134e-201,1.4326986042541885e-104
2023-03-28,0,inflation_rates_shock,1.0,8.224908674143808e-107,5.230484147920436e-64,1.5901759375499207e-214,1.2973729615400392e-102
2023-03-29,0,inflation_rates_shock,1.0,6.06146220291207e-113,2.2686313532086097e-59,1.9995564993198455e-219,8.224908674136327e-107
2023-03-30,0,inflation_rates_shock,1.0,3.0555103078909775e-116,7.303795392537362e-52,1.2981057316292461e-223,6.061462582853416e-113
2023-03-31,0,inflation_rates_shock,1.0,2.5838523363342224e-115,3.8364502237804924e-39,4.209665079636901e-224,3.971832018068982e-116
2023-04-03,0,inflation_rates_shock,1.0,7.286199371264078e-115,3.947529988241716e-35,8.771710102532739e-222,1.8417812138821825e-101
2023-04-04,0,inflation_rates_shock,1.0,1.9710489935618347e-110,1.0637673182365372e-36,2.3975300158243443e-201,1.2045148620662757e-96
2023-04-05,0,inflation_rates_shock,1.0,1.709731249540068e-111,2.7642581374244353e-30,8.539068404046592e-199,1.0051815192598845e-98
2023-04-06,0,inflation_rates_shock,1.0,1.9805466162109906e-110,2.2746587575575766e-27,3.303526207649895e-200,1.1608836869331114e-94
2023-04-10,0,inflation_rates_shock,1.0,1.4876597963021922e-105,5.348538932709342e-27,5.747951853371181e-197,8.526548677318962e-91
2023-04-11,0,inflation_rates_shock,1.0,1.0938717688907001e-100,3.568998929170057e-27,6.208072171913126e-191,1.764649123854805e-88
2023-04-12,0,inflation_rates_shock,1.0,3.743367202783362e-99,1.344815370723781e-25,9.075726724401237e-184,8.599350490511742e-83
2023-04-13,0,inflation_rates_shock,1.0,2.552742138973484e-94,6.591660070027544e-18,1.6876181276994108e-172,3.7625810540964545e-80
2023-04-14,0,inflation_rates_shock,1.0,4.0974470770806246e-94,1.3263372204031289e-21,2.4962448128704266e-175,1.199273986010704e-68
2023-04-17,0,inflation_rates_shock,1.0,4.3272740822793797e-97,2.6294961564641056e-16,1.6579959001900517e-180,5.569610657950508e-72
2023-04-18,0,inflation_rates_shock,1.0,1.3273011419703837e-98,3.683892362453757e-19,2.480178141308706e-184,1.993811493764824e-68
2023-04-19,0,inflation_rates_shock,1.0,1.6433802835616713e-101,1.4324688093349044e-18,1.0793412670343245e-193,1.0126489533867828e-72
2023-04-20,0,inflation_rates_shock,1.0,4.459945612255759e-101,3.982730621746385e-17,2.0441060553669302e-193,1.0651983131853958e-70
2023-04-21,0,inflation_rates_shock,0.9999999999954525,4.436283348225243e-111,4.476687838315942e-12,4.2160399271791e-202,1.1769566946017462e-70
2023-04-24,0,inflation_rates_shock,0.9999990736182297,9.026796714082478e-108,9.263819850716953e-07,1.304773536132644e-209,3.129436175498992e-64
2023-04-25,0,inflation_rates_shock,0.999999928434593,8.368775114157988e-100,7.15657039543536e-08,7.021545853137574e-195,1.069543100848567e-53
2023-04-26,0,inflation_rates_shock,0.9999593910957788,6.43082455367594e-103,4.060890392231953e-05,5.755374689834536e-193,1.2819013615639936e-53
2023-04-27,0,inflation_rates_shock,0.7328186439411315,1.34825721735239e-107,0.26718135605850263,2.7000459515002785e-193,2.559810007413795e-56
2023-04-28,2,risk_on,0.06696247870759707,3.5603154382226754e-110,0.9330375212919788,2.7835609949321785e-197,3.1479069549505535e-56
2023-05-01,2,risk_on,0.0011551788723283035,3.792894554795776e-105,0.9988448211275998,2.620031208953375e-195,1.8027147081937941e-54
2023-05-02,2,risk_on,1.2215792527115685e-05,9.511342624401268e-100,0.9999877842074405,1.6996009605344442e-183,2.4693844708209212e-49
2023-05-03,2,risk_on,7.512137678759763e-07,2.690606020845959e-97,0.9999992487858528,3.659192260453775e-171,7.895868786113775e-47
2023-05-04,2,risk_on,9.426881352254995e-06,9.81317149268503e-104,0.999990573118207,8.219594554196762e-172,1.4265627762849874e-44
2023-05-05,2,risk_on,1.2595069947033482e-07,3.590557700841416e-102,0.9999998740495436,2.1710049618134302e-176,1.565800155446691e-47
2023-05-08,2,risk_on,1.091375811489864e-07,7.542751819953934e-104,0.9999998908624608,3.049385413395999e-175,2.325851612269102e-47
2023-05-09,2,risk_on,2.3773584295579673e-07,1.6080768157342505e-106,0.9999997622644797,1.3277688865260634e-179,2.275284990915194e-47
2023-05-10,2,risk_on,2.2106914986399332e-07,1.142875272129231e-105,0.9999997789309663,7.857501701262316e-182,1.1060737133685437e-48
2023-05-11,2,risk_on,2.192228862855221e-07,5.487454399414411e-102,0.99999978077724,2.479755484976528e-179,1.9650380559473363e-48
2023-05-12,2,risk_on,3.0310360270558665e-07,7.947204875157621e-104,0.9999996968963847,2.3639890980850805e-183,2.0056048565385983e-47
2023-05-15,2,risk_on,4.77407152353564e-08,3.5949430758513776e-105,0.9999999522597147,5.4216264818071465e-179,1.3053669336932637e-47
2023-05-16,2,risk_on,3.359102230211969e-08,3.023334988566654e-106,0.9999999664087232,4.20336871586986e-178,2.1866458718594154e-48
2023-05-17,2,risk_on,1.6846689234616703e-08,3.546661463961487e-109,0.9999999831534298,1.390240329432237e-183,1.0114855182579102e-49
2023-05-18,2,risk_on,1.1518838004009121e-08,6.244573194058211e-106,0.9999999884812496,1.6914089147136596e-184,1.3155108794683075e-51
2023-05-19,2,risk_on,9.942159232504047e-09,9.484803152472658e-107,0.9999999900574039,2.8418797318836264e-184,2.5955535061326474e-51
2023-05-22,2,risk_on,7.448828107883988e-09,1.1567248543297903e-97,0.9999999925512384,4.7812571230312283e-175,1.0807479125322247e-50
2023-05-23,2,risk_on,2.6870689824277162e-08,9.946910045175918e-97,0.9999999731289794,1.769456156608348e-168,9.878974450892436e-49
2023-05-24,2,risk_on,6.543790425856593e-08,1.7453798306724813e-102,0.9999999345618583,2.6678891757082904e-172,2.388293518003353e-49
2023-05-25,2,risk_on,3.2896272887801477e-09,8.243392413176856e-103,0.9999999967103577,2.0196212036538433e-174,1.086316997639779e-53
2023-05-26,2,risk_on,1.9024354405605708e-10,1.8527454383276377e-104,0.9999999998099156,1.333087601576151e-176,1.3578079830424534e-55
2023-05-30,2,risk_on,1.0239477266661712e-09,7.936236779923834e-106,0.999999998975909,3.0428819333223476e-182,1.9133352074457706e-52
2023-05-31,2,risk_on,5.372088723845777e-10,3.0905367881945537e-99,0.9999999994624886,5.119590207509503e-176,1.8977898475863424e-53
2023-06-01,2,risk_on,1.9261271747474468e-10,3.10400372258433e-103,0.9999999998071871,8.931576631363066e-174,2.69081724825291e-51
2023-06-02,2,risk_on,1.0707435645487934e-11,5.636032869349035e-103,0.9999999999890861,1.0660621611437718e-176,1.5826296667779518e-51
2023-06-05,2,risk_on,2.6549920649764754e-11,5.861182010963881e-103,0.9999999999736247,1.0755442901698445e-172,1.4560401417229183e-51
2023-06-06,2,risk_on,2.8740612587242937e-11,2.2081997105955505e-101,0.9999999999708962,3.4000736133862503e-175,6.487112593949563e-52
2023-06-07,2,risk_on,1.1800889834616135e-10,3.5914893242128326e-104,0.9999999998817657,2.090330906629137e-179,8.75848869394262e-51
2023-06-08,2,risk_on,7.785796070282356e-11,3.093124934599801e-100,0.9999999999217835,9.875795692770254e-176,1.0378146255279692e-53
2023-06-09,2,risk_on,1.9283928031431744e-10,1.2710140044125184e-102,0.9999999998071871,2.4341845002795794e-179,9.428674489357242e-53
2023-06-12,2,risk_on,6.523000125218907e-11,3.764332691620502e-107,0.9999999999345164,1.572393338187132e-182,6.277946376837604e-54
2023-06-13,2,risk_on,1.0079184317058255e-10,1.939643134108654e-110,0.9999999998990461,3.904770461321387e-189,1.0816296097253254e-58
2023-06-14,2,risk_on,4.829068000213404e-10,1.1177458124321234e-110,0.9999999995170583,4.916533611588297e-199,1.1288827219772543e-58
2023-06-15,2,risk_on,2.4622103399254084e-09,6.507082740623571e-112,0.9999999975379978,2.672363947288955e-200,3.717799936001814e-60
2023-06-16,2,risk_on,8.958426435800984e-09,6.143709391846648e-114,0.9999999910414772,6.31519334361312e-212,5.75419320259233e-60
2023-06-20,2,risk_on,1.0703180629918264e-08,9.799732273557652e-113,0.9999999892970663,7.326358409446524e-214,5.772158059824249e-61
2023-06-21,2,risk_on,7.232774855653218e-08,4.221424614868409e-114,0.9999999276724365,1.1714530633908316e-217,2.2936610335679678e-60
2023-06-22,2,risk_on,2.1095979013754572e-07,2.4905006507613964e-113,0.9999997890399976,7.934766176351151e-224,1.1599030883077769e-60
2023-06-23,2,risk_on,2.1205591324235153e-06,6.240928931511081e-112,0.9999978794407727,2.6739747492107152e-219,1.1013089652842851e-60
2023-06-26,2,risk_on,1.4335347534024383e-05,1.243571376402948e-115,0.9999856646527197,8.068256618707395e-219,2.1069844999923058e-61
2023-06-27,2,risk_on,1.1691765181076206e-07,2.629607952569038e-114,0.999999883082644,1.0448977714817502e-220,1.0936921112394892e-66
2023-06-28,2,risk_on,8.03923579143089e-08,6.80163895877136e-118,0.9999999196079475,6.059632875948935e-226,1.8699066191539154e-64
2023-06-29,2,risk_on,1.5274665171180605e-09,8.906585777119279e-128,0.9999999984729584,1.1464508768417335e-234,3.2953057961360805e-65
2023-06-30,2,risk_on,1.8264080845807637e-09,5.469472534458516e-129,0.9999999981737346,1.3199863279442596e-244,8.613799058593608e-69
2023-07-03,2,risk_on,5.174020793196284e-10,2.1116905572343334e-127,0.9999999994824975,4.7841665304311685e-244,1.2510123485413432e-66
2023-07-05,2,risk_on,4.5161200374244616e-09,5.714458224117959e-127,0.9999999954834493,1.66168393975685e-241,8.342741336853364e-66
2023-07-06,2,risk_on,2.5507088354043913e-08,1.0641737775888113e-124,0.9999999744932214,1.38471895801904e-244,2.1187999055698815e-65
2023-07-07,2,risk_on,4.6716636108351955e-08,1.9425859367871377e-127,0.9999999532838058,6.240387806570308e-251,2.9639561411406953e-62
2023-07-10,2,risk_on,1.4255055875934387e-08,6.532975702323853e-127,0.99999998574458,2.2980648609616082e-241,2.8030436942285196e-64
2023-07-11,2,risk_on,4.848342369967133e-09,4.9916187684872695e-129,0.9999999951514837,2.9024415828505085e-244,1.4172480994293625e-64
2023-07-12,2,risk_on,1.3640570120768156e-08,1.1701731605657019e-125,0.9999999863593985,7.924632397941706e-243,1.0643770513697741e-64
2023-07-13,2,risk_on,9.300067477887648e-08,7.406415279353571e-127,0.9999999069996236,1.4602008620172724e-247,4.521347068342389e-62
2023-07-14,2,risk_on,3.379673220258442e-08,9.565854926482463e-133,0.9999999662031774,4.0401998673881317e-258,2.4618330336699636e-66
2023-07-17,2,risk_on,2.979774746870777e-08,6.079605802852403e-132,0.9999999702022255,2.9280811871904415e-262,2.6799532306458374e-68
2023-07-18,2,risk_on,1.4800258285538583e-08,1.0251179649187074e-138,0.9999999851997927,8.443103768038393e-267,1.3348973105402713e-66
2023-07-19,2,risk_on,1.6059998243486932e-08,1.9046443464035183e-138,0.9999999839401427,5.685626877900263e-272,7.050141483894692e-72
2023-07-20,2,risk_on,4.826508597669429e-08,2.542818793474906e-140,0.9999999517349363,1.5924698382848815e-278,3.482473599755335e-70
2023-07-21,2,risk_on,1.1439915187022742e-07,6.505683675809703e-141,0.9999998856010345,3.1711364763248095e-279,2.7149610217622762e-71
2023-07-24,2,risk_on,1.8927631158996345e-07,2.3865212882044158e-141,0.9999998107232565,1.637237224170735e-284,2.942089844889064e-71
2023-07-25,2,risk_on,2.6199295194394685e-07,3.04741539457946e-143,0.9999997380073525,1.4397483163531176e-283,3.061594563466159e-73
2023-07-26,2,risk_on,4.6745035990405007e-07,5.0845953173462774e-145,0.9999995325498459,1.0178774435314701e-294,1.4375317921629805e-73
2023-07-27,2,risk_on,5.191472970926502e-07,9.58143709286123e-148,0.9999994808523736,2.6713099640793593e-303,3.3546941941378064e-72
2023-07-28,2,risk_on,9.401194670259371e-07,3.3816966785190394e-159,0.999999059880325,5e-324,3.5964578046919593e-73
2023-07-31,2,risk_on,3.294114392542669e-05,2.6623118887988723e-153,0.9999670588563855,0.0,1.0985148209959218e-75
2023-08-01,2,risk_on,0.0024688090619732262,3.926023293625158e-155,0.9975311909382594,1.1e-322,1.2388724972960463e-72
2023-08-02,2,risk_on,0.22924179186792254,3.346797086468278e-167,0.7707582081317867,0.0,5.5371154060398834e-73
2023-08-03,0,inflation_rates_shock,0.7889676584549259,1.500912742256357e-169,0.21103234154473136,0.0,2.421707790554271e-71
2023-08-04,0,inflation_rates_shock,0.9833581048649693,9.096601394998444e-158,0.01664189513488208,0.0,2.298475233105764e-73
2023-08-07,0,inflation_rates_shock,0.9939503963173151,3.3664683330786106e-157,0.006049603682853171,0.0,1.884792335238281e-73
2023-08-08,0,inflation_rates_shock,0.9966463786903463,2.6116767816938585e-152,0.0033536213095801794,0.0,1.5031198986180864e-71
2023-08-09,0,inflation_rates_shock,0.9986577256164072,1.974510839606249e-145,0.0013422743839386297,6.77e-322,7.913673251872356e-71
2023-08-10,0,inflation_rates_shock,0.9992445211612945,2.5833909819813785e-146,0.0007554788387659089,1.49897379546e-313,1.0604549293239771e-67
2023-08-11,0,inflation_rates_shock,0.9998969379046639,4.413538789056385e-151,0.00010306209553590346,4.59e-321,3.658641286138844e-66
2023-08-14,0,inflation_rates_shock,0.9999391837786028,9.43117955230375e-149,6.081622124295643e-05,0.0,2.922128744943598e-70
2023-08-15,0,inflation_rates_shock,0.9999942756103471,3.407474334577149e-150,5.724389961122874e-06,0.0,9.951037548699063e-68
2023-08-16,0,inflation_rates_shock,0.9999999857718649,3.1175720199681623e-150,1.4227765324605246e-08,0.0,3.747981667861947e-68
2023-08-17,0,inflation_rates_shock,0.9999999997280611,2.9784881475152777e-155,2.720432842974218e-10,0.0,2.699101464438832e-70
2023-08-18,0,inflation_rates_shock,0.9999999967694748,1.4610843593338563e-160,3.2306930175631817e-09,0.0,5.082477976805874e-74
2023-08-21,0,inflation_rates_shock,0.9999999583487815,1.0053436542072517e-158,4.165090836262867e-08,0.0,3.26199179646112e-72
2023-08-22,0,inflation_rates_shock,0.9999999964693416,1.0458549903235453e-161,3.530417446629989e-09,0.0,1.1074149030189966e-72
2023-08-23,0,inflation_rates_shock,0.9999991697553732,6.534999820065195e-165,8.302443365154646e-07,0.0,8.153291655138789e-78
2023-08-24,0,inflation_rates_shock,0.999999996218321,2.3158638304378456e-169,3.781932570697752e-09,0.0,1.1054129799079657e-73
2023-08-25,0,inflation_rates_shock,0.9999999726460377,1.1744454496718342e-168,2.7354044808786973e-08,0.0,1.5069716730635338e-80
2023-08-28,0,inflation_rates_shock,0.9999997497489261,1.1380907151990628e-171,2.5025136202852635e-07,0.0,8.34003451464991e-77
2023-08-29,0,inflation_rates_shock,0.9999900954771248,4.53176268156926e-176,9.904523190446054e-06,0.0,1.7708389405169107e-77
2023-08-30,0,inflation_rates_shock,0.9999879944154956,2.0797798110790835e-177,1.2005584099840528e-05,0.0,1.3632816778051133e-78
2023-08-31,0,inflation_rates_shock,0.9999904407479667,1.1370128345089951e-176,9.559251602854925e-06,0.0,4.778920319600632e-78
2023-09-01,0,inflation_rates_shock,0.9999961237292704,1.0558555469143325e-182,3.87627058317191e-06,0.0,2.6608724406462225e-77
2023-09-05,0,inflation_rates_shock,0.9999912975787396,2.738605558553223e-185,8.702420837399929e-06,0.0,1.7247104983815378e-75
2023-09-06,0,inflation_rates_shock,0.999995036263995,1.8795583236959112e-181,4.963736204591479e-06,0.0,8.284331985788334e-75
2023-09-07,0,inflation_rates_shock,0.9999983843121618,3.947949348617064e-179,1.6156878272283898e-06,0.0,1.3385646653755136e-72
2023-09-08,0,inflation_rates_shock,0.9999958038139813,4.460398350901892e-180,4.1961856066611535e-06,0.0,1.138387631122138e-74
2023-09-11,0,inflation_rates_shock,0.9999671000442255,4.916763290546033e-177,3.289995587534877e-05,0.0,2.9328676578647596e-75
2023-09-12,0,inflation_rates_shock,0.9999860385825378,3.682303793767669e-177,1.3961417080695038e-05,0.0,3.612242264787164e-74
2023-09-13,0,inflation_rates_shock,0.9999917018129566,4.632009399685179e-183,8.298186602138561e-06,0.0,1.4502443430813408e-74
2023-09-14,0,inflation_rates_shock,0.9999753376436133,6.716798854866634e-179,2.4662356589148612e-05,0.0,6.6514313716021385e-77
2023-09-15,0,inflation_rates_shock,0.9999991461258113,8.915320129508928e-181,8.538738251473812e-07,0.0,5.904927893714545e-75
2023-09-18,0,inflation_rates_shock,0.99999913823868,1.0790596558013244e-177,8.617609459323128e-07,0.0,1.3541576528892022e-78
2023-09-19,0,inflation_rates_shock,0.9999996543684262,6.1556470681955874e-180,3.4563194447938917e-07,0.0,1.8932774944757503e-77
2023-09-20,0,inflation_rates_shock,0.9999999654592108,1.0285200294198586e-175,3.454095663814942e-08,0.0,1.2189159783059486e-77
2023-09-21,0,inflation_rates_shock,0.9999999999754436,5.297669468368312e-186,2.4701787047283146e-11,0.0,1.228747002000593e-78
2023-09-22,0,inflation_rates_shock,0.999999999990905,5.136675908050514e-191,8.948351365605661e-12,0.0,1.0516313384971813e-80
2023-09-25,0,inflation_rates_shock,0.9999999999890861,5.5014405067647326e-183,1.0763468425939842e-11,0.0,7.96482004249156e-81
2023-09-26,0,inflation_rates_shock,1.0,4.1147703306839385e-183,3.7152919034449805e-14,0.0,3.816404176876847e-78
2023-09-27,0,inflation_rates_shock,1.0,2.5288911606795006e-180,3.5718638339268423e-14,0.0,5.067018490404847e-78
2023-09-28,0,inflation_rates_shock,0.9999999999990905,2.2812089238801817e-184,9.748719271047433e-13,0.0,4.515339807974223e-76
2023-09-29,0,inflation_rates_shock,1.0,5.3338136460166586e-183,2.467929779742623e-13,0.0,5.667406774588279e-74
2023-10-02,0,inflation_rates_shock,1.0,4.505686638095311e-182,3.541564540755269e-14,0.0,2.750074149691638e-74
2023-10-03,0,inflation_rates_shock,1.0,1.9867311733309168e-186,4.3373772567713e-17,0.0,1.930989439333132e-73
2023-10-04,0,inflation_rates_shock,1.0,1.8843711503557788e-185,2.5216582776705394e-14,0.0,6.825395935678607e-76
2023-10-05,0,inflation_rates_shock,1.0,7.188697669512948e-185,4.234336296312856e-15,0.0,1.458583513887737e-74
2023-10-06,0,inflation_rates_shock,0.9999999999990905,1.5785576511325726e-182,1.0183570677935583e-12,0.0,1.737138197845793e-74
2023-10-09,0,inflation_rates_shock,1.0,1.0000760545475403e-174,5.728604448978949e-17,0.0,2.507384383785307e-74
2023-10-10,0,inflation_rates_shock,0.9999999993005986,9.443540698504562e-185,6.990065588795212e-10,0.0,1.1623140184408502e-76
2023-10-11,0,inflation_rates_shock,0.9999999958663466,1.1381155011060348e-183,4.133832870460572e-09,0.0,1.9774705868497792e-72
2023-10-12,0,inflation_rates_shock,0.9999999998635758,9.531027101126918e-187,1.3634992231593703e-10,0.0,3.20556018447299e-69
2023-10-13,0,inflation_rates_shock,0.999999998889507,1.9735083933833155e-181,1.1105984104379938e-09,0.0,2.2354160262311407e-71
2023-10-16,0,inflation_rates_shock,0.9999999942820068,1.350684303076716e-177,5.717779543832536e-09,0.0,2.4241110388237927e-70
2023-10-17,0,inflation_rates_shock,0.9999999978863343,2.4206220180763616e-177,2.1136685120530796e-09,0.0,2.9305973291757354e-70
2023-10-18,0,inflation_rates_shock,0.999999999994543,1.0222875287903732e-173,5.532359099201325e-12,0.0,1.3932706278524718e-69
2023-10-19,0,inflation_rates_shock,1.0,2.24720198674003e-175,2.978844319116285e-15,0.0,8.982316464683889e-72
2023-10-20,0,inflation_rates_shock,1.0,3.555041251184514e-172,1.896881038087806e-18,0.0,7.828966178969745e-77
2023-10-23,0,inflation_rates_shock,1.0,2.1463714282791014e-174,5.796024652327012e-19,0.0,3.4357407009082855e-78
2023-10-24,0,inflation_rates_shock,1.0,3.705093003718923e-174,4.2038463220554287e-16,0.0,5.556833084273396e-79
2023-10-25,0,inflation_rates_shock,1.0,1.754393510783076e-173,3.168863500945877e-22,0.0,5.409452821892438e-75
2023-10-26,0,inflation_rates_shock,1.0,3.567424785189037e-164,3.8393651029619987e-26,0.0,5.540230726071289e-79
2023-10-27,0,inflation_rates_shock,1.0,3.841312547189302e-166,2.0959151124151334e-26,0.0,8.307902300996693e-80
2023-10-30,0,inflation_rates_shock,1.0,2.3558272631711464e-163,1.7628170696532155e-23,2e-323,3.3309431217024624e-81
2023-10-31,0,inflation_rates_shock,1.0,5.443676298668226e-161,2.0998170667169602e-22,1.34e-321,2.1717280653330245e-78
2023-11-01,0,inflation_rates_shock,1.0,7.408981869244524e-170,4.400204589352495e-21,4.89316924e-316,8.478799043358295e-81
2023-11-02,0,inflation_rates_shock,1.0,7.307958805411491e-180,2.1853191956905814e-15,0.0,4.013776724988838e-86
2023-11-03,0,inflation_rates_shock,1.0,2.1284013361861416e-185,5.790744362784051e-14,0.0,3.2059900970502013e-80
2023-11-06,0,inflation_rates_shock,0.999999999992724,3.3568115189603605e-176,7.0205840259115884e-12,0.0,6.637770515278049e-80
2023-11-07,0,inflation_rates_shock,1.0,1.28369699199794e-178,3.0368355303641284e-14,0.0,2.7453105580434175e-69
2023-11-08,0,inflation_rates_shock,0.9999999997398845,1.1175658202974324e-185,2.6028417257944494e-10,0.0,3.673484205119426e-82
2023-11-09,0,inflation_rates_shock,0.9999999999818101,1.1844707703481535e-195,1.7928916021196572e-11,0.0,2.817526900305769e-75
2023-11-10,0,inflation_rates_shock,0.9999999990841388,3.8336442160669206e-198,9.159575685907338e-10,0.0,4.419992124301941e-82
2023-11-13,0,inflation_rates_shock,0.99999999913598,2.5212280187949916e-197,8.643541547229193e-10,0.0,3.111530352965734e-80
2023-11-14,0,inflation_rates_shock,0.9999999717347241,3.0740557725612485e-203,2.8265639295207516e-08,0.0,3.595827051227956e-83
2023-11-15,0,inflation_rates_shock,0.9999999913934516,1.9677060774597395e-205,8.606427936285138e-09,0.0,3.315540384507772e-83
2023-11-16,0,inflation_rates_shock,0.9999999998799467,6.45468819335339e-213,1.1985376337085788e-10,0.0,3.633275041888652e-89
2023-11-17,0,inflation_rates_shock,0.9999999999972715,1.770701671774984e-218,2.423548031355903e-12,0.0,1.209866733524355e-96
2023-11-20,0,inflation_rates_shock,0.9999999999990905,2.8693415641597254e-218,5.880837573788858e-13,0.0,5.573508915671968e-99
2023-11-21,0,inflation_rates_shock,0.999999999998181,1.5315682716448858e-218,1.796058750422092e-12,0.0,6.975086884934062e-98
2023-11-22,0,inflation_rates_shock,0.9999999999954525,2.974669711670752e-218,4.0944415904867684e-12,0.0,1.9859382471205042e-97
2023-11-24,0,inflation_rates_shock,1.0,2.621205960477656e-223,4.1598055019033835e-14,0.0,1.7017826340212761e-99
2023-11-27,0,inflation_rates_shock,1.0,2.436557671966039e-224,1.876411466510326e-15,0.0,5.1143831698235584e-104
2023-11-28,0,inflation_rates_shock,1.0,8.533824643911292e-227,4.5366996685855384e-17,0.0,2.9119494802253324e-103
2023-11-29,0,inflation_rates_shock,1.0,4.0558170290925996e-229,2.6644999795628612e-17,0.0,4.9499093643102925e-106
2023-11-30,0,inflation_rates_shock,1.0,7.429985494521656e-221,8.661886885864886e-15,0.0,2.5037537137340146e-108
2023-12-01,0,inflation_rates_shock,1.0,6.37162862967297e-219,1.06525573603502e-16,0.0,7.54093979507129e-98
2023-12-04,0,inflation_rates_shock,0.9999999999972715,7.158532524845124e-218,2.7026261823266763e-12,0.0,3.026919465196705e-97
2023-12-05,0,inflation_rates_shock,0.9999999999245119,9.360326738151756e-218,7.537690274718003e-11,0.0,8.802074222589193e-93
2023-12-06,0,inflation_rates_shock,1.0,4.692580071563545e-214,1.9374829860214401e-13,0.0,3.950584100760552e-94
2023-12-07,0,inflation_rates_shock,0.9999999999545253,2.3325014174505824e-211,4.583791426588083e-11,0.0,1.429229891771897e-95
2023-12-08,0,inflation_rates_shock,0.9999999975807441,4.746572998629999e-218,2.4192774917747397e-09,0.0,1.418123651840902e-93
2023-12-11,0,inflation_rates_shock,0.9999999996034603,2.9161140980137727e-217,3.969201702143546e-10,0.0,4.3221108408832796e-97
2023-12-12,0,inflation_rates_shock,0.9999999993506208,5.629830695049682e-224,6.496176069690268e-10,0.0,1.8556924834067666e-97
2023-12-13,0,inflation_rates_shock,0.9999999999972715,3.072278693573203e-227,2.69066032589725e-12,0.0,9.16125155514328e-104
2023-12-14,0,inflation_rates_shock,0.9999999993206075,1.6492472195427472e-224,6.793482151970561e-10,0.0,2.3921456264601485e-103
2023-12-15,0,inflation_rates_shock,0.9999999997990017,9.125798448535994e-220,2.0109323317690669e-10,0.0,4.907305816249975e-105
2023-12-18,0,inflation_rates_shock,0.9999999976389518,4.693171687345095e-220,2.361493923816175e-09,0.0,1.997598347787604e-101
2023-12-19,0,inflation_rates_shock,0.999999998623025,9.545113481750098e-214,1.3771713740186866e-09,0.0,2.2173158954315838e-103
2023-12-20,0,inflation_rates_shock,0.9999999975416358,7.905045016809796e-197,2.458403353452008e-09,0.0,4.6153323090814785e-97
2023-12-21,0,inflation_rates_shock,0.9999999814481273,5.236297918547994e-194,1.8551693208446935e-08,0.0,9.017965938543119e-97
2023-12-22,0,inflation_rates_shock,0.9999999662150009,5.2972648792713505e-201,3.378456803559051e-08,0.0,7.43133618539138e-96
2023-12-26,0,inflation_rates_shock,0.9999999912015483,8.047428383149948e-200,8.798811597715401e-09,0.0,5.5115203898854685e-98
2023-12-27,0,inflation_rates_shock,0.9999999977335392,1.7682757567831977e-195,2.2663070149329283e-09,0.0,2.4317987248350163e-99
2023-12-28,0,inflation_rates_shock,0.9999999545389083,3.701430671635628e-192,4.546144664224934e-08,0.0,1.1031197729879154e-96
2023-12-29,0,inflation_rates_shock,0.9999994165283962,6.264302661272347e-195,5.83471464315715e-07,0.0,6.489315315160514e-92
2024-01-02,0,inflation_rates_shock,0.9999991910466267,9.375146483915398e-188,8.089537280707435e-07,0.0,2.824462686384593e-92
2024-01-03,0,inflation_rates_shock,0.9999958492939836,1.6109491810270037e-175,4.1507063093755175e-06,0.0,2.0099719129131283e-86
2024-01-04,0,inflation_rates_shock,0.9999948687431924,6.71210891311188e-175,5.131256994453113e-06,0.0,4.872999750400713e-85
2024-01-05,0,inflation_rates_shock,0.9999976609897273,2.692109528185477e-181,2.3390099127938705e-06,0.0,2.3037324345582558e-83
2024-01-08,0,inflation_rates_shock,0.9999827322243854,8.275778892595416e-188,1.726777544208428e-05,0.0,7.068181230424901e-89
2024-01-09,0,inflation_rates_shock,0.9999717986959117,4.816071549946907e-190,2.8201303901751566e-05,0.0,2.8746299350587637e-86
2024-01-10,0,inflation_rates_shock,0.9999793748064517,5.472915259159809e-190,2.062519396257581e-05,0.0,9.907943097451921e-87
2024-01-11,0,inflation_rates_shock,0.9999722677374058,3.8192980233704264e-185,2.773226240613963e-05,0.0,1.342038270041227e-85
2024-01-12,0,inflation_rates_shock,0.9998651299828583,1.5285649001632159e-173,0.00013487001745160262,0.0,4.3949404477199893e-82
2024-01-16,0,inflation_rates_shock,0.998987182937256,3.825283925117713e-182,0.0010128170624713337,0.0,2.862670510070481e-76
2024-01-17,0,inflation_rates_shock,0.9988225392352462,2.6350490148816157e-192,0.0011774607646605046,0.0,1.2452382350536465e-78
2024-01-18,0,inflation_rates_shock,0.9994520548863164,6.466270643463999e-190,0.0005479451136242947,0.0,2.2461833600705033e-78
2024-01-19,0,inflation_rates_shock,0.9998102405547504,1.6565467239023519e-180,0.00018975944514392501,0.0,8.895670062389766e-80
2024-01-22,0,inflation_rates_shock,0.999948545502379,1.3367907401131452e-172,5.145449738750947e-05,0.0,5.647387495467084e-79
2024-01-23,0,inflation_rates_shock,0.9999897872970355,4.786150017862363e-174,1.0212702560851756e-05,0.0,1.8057257210239246e-77
2024-01-24,0,inflation_rates_shock,0.9999932955640464,1.1030247469831974e-176,6.70443565273215e-06,0.0,8.058065716359615e-77
2024-01-25,0,inflation_rates_shock,0.9999948761864589,3.2762992061166477e-174,5.123813445321025e-06,0.0,2.8054371062959996e-78
2024-01-26,0,inflation_rates_shock,0.9999983312013965,2.952911809294122e-166,1.6687984279647713e-06,0.0,1.126764148105732e-76
2024-01-29,0,inflation_rates_shock,0.9999999339852388,7.153861234448887e-177,6.601449852638724e-08,0.0,5.163409871404545e-80
2024-01-30,0,inflation_rates_shock,0.9999999157444144,1.815849463588954e-170,8.425539202067696e-08,0.0,8.836561721176251e-85
2024-01-31,0,inflation_rates_shock,0.9999928003421672,6.536151247310385e-166,7.19965771797796e-06,2.72817968e-314,1.0108786183549546e-80
2024-02-01,0,inflation_rates_shock,0.9499977345432551,6.237435479763035e-172,0.050002265457124655,8.85015e-319,2.4514366948144448e-85
2024-02-02,2,risk_on,0.5465937193080165,2.996972690854792e-160,0.45340628069188926,1.42236845250927e-309,1.3509031057497134e-80
2024-02-05,2,risk_on,0.1531229324142821,1.7467179957239845e-156,0.8468770675854809,1.0654725781962044e-290,1.2217329074463845e-78
2024-02-06,2,risk_on,0.018281623303790195,2.1270155922712995e-155,0.9817183766965495,1.7109358037645275e-287,3.84126203711564e-78
2024-02-07,2,risk_on,0.001165880351738596,4.2337738296282664e-157,0.9988341196483428,2.0029265041069958e-293,2.4066923378260203e-75
2024-02-08,2,risk_on,3.2822816062746816e-05,4.295861041804611e-162,0.9999671771841216,6.660593615351583e-291,4.981372008345039e-78
2024-02-09,2,risk_on,3.4925894486141104e-06,2.884164618870482e-161,0.9999965074109296,1.6405416387301228e-290,2.584105268650401e-80
2024-02-12,2,risk_on,1.7658989597464673e-06,8.16638181393702e-156,0.9999982341011804,2.2138538859986597e-281,8.078743284102931e-78
2024-02-13,2,risk_on,2.8267050391099116e-06,2.8253311518148586e-163,0.9999971732953715,4.9667014867665763e-290,2.0588362683802612e-78
2024-02-14,2,risk_on,4.5480066265276503e-07,7.159210217721269e-166,0.9999995451990924,2.9462521757736106e-293,1.3139480752062858e-79
2024-02-15,2,risk_on,2.1416508370149323e-07,5.173115025011979e-160,0.9999997858349391,5.018117722813756e-282,5.224034269580371e-82
2024-02-16,2,risk_on,1.4902083091911594e-07,5.441096221438917e-160,0.9999998509793042,8.093615941309668e-279,4.884021489501425e-82
2024-02-20,2,risk_on,2.2132857064685835e-07,2.0986294140671527e-160,0.9999997786717604,4.112814491954018e-287,2.2990937729276642e-79
2024-02-21,2,risk_on,4.573430785285825e-07,4.296443801098398e-164,0.9999995426570558,2.5279931751012636e-296,5.91159786909937e-79
2024-02-22,2,risk_on,1.5074881421592576e-06,2.4968605166394387e-164,0.9999984925118491,5.903956693329412e-293,4.536939177179446e-82
2024-02-23,2,risk_on,2.915681962657836e-07,3.797487178214903e-160,0.9999997084315025,6.21992979911006e-287,5.58072189852758e-84
2024-02-26,2,risk_on,8.191441417467543e-08,2.8865092571313384e-161,0.9999999180854535,2.9803698373089004e-286,9.031716218325736e-82
2024-02-27,2,risk_on,1.802714623222202e-07,9.944918090944595e-160,0.9999998197281619,2.8576092521533524e-282,1.8194360312528257e-82
2024-02-28,2,risk_on,1.9315274852367753e-07,2.6080631861367687e-161,0.9999998068469909,9.6776858549051e-287,3.490244232571863e-80
2024-02-29,2,risk_on,6.289732524786085e-07,7.312417087056098e-162,0.9999993710264039,2.609438717502344e-289,1.9030442802656156e-81
2024-03-01,2,risk_on,4.2651285159199725e-07,2.927458671017774e-162,0.9999995734870936,1.8590866015624342e-290,5.0243901917528743e-82
2024-03-04,2,risk_on,4.419155838233773e-06,5.386941361548002e-163,0.9999955808441302,1.4879831671161254e-296,1.3000145524585362e-80
2024-03-05,2,risk_on,1.8716828962106986e-06,9.870105626704772e-158,0.9999981283171345,8.917489997238355e-284,1.035483939921322e-79
2024-03-06,2,risk_on,9.023938027263442e-07,3.4705417957163677e-159,0.9999990976061305,9.095060987287458e-278,7.807610846904152e-85
2024-03-07,2,risk_on,1.6269527119712289e-06,3.0213494980594143e-158,0.9999983730471788,4.406128121658488e-277,6.842870830110019e-84
2024-03-08,2,risk_on,1.3268633503110212e-05,5.013936125203284e-160,0.9999867313661426,4.1505003787441877e-280,1.0182816205655731e-81
2024-03-11,2,risk_on,1.9933024803407263e-06,8.848610142858662e-163,0.999998006697919,3.775541732822263e-288,1.4035822700503833e-82
2024-03-12,2,risk_on,1.4791894412294768e-06,4.037410504743953e-162,0.9999985208107345,3.2687802703418835e-289,5.451983736600974e-83
2024-03-13,2,risk_on,9.173798122110513e-07,1.3467220777630784e-167,0.9999990826203999,1.9492109807175435e-295,2.9341533452846214e-83
2024-03-14,2,risk_on,4.7186902209134917e-07,6.896851205991241e-168,0.9999995281306132,7.845065330680055e-297,1.3454047677283454e-87
2024-03-15,2,risk_on,2.3336411961120688e-07,3.638502691737879e-161,0.9999997666355102,3.002948992445683e-293,5.332077507762043e-83
2024-03-18,2,risk_on,2.7408590054114584e-07,3.609016737642228e-165,0.9999997259138047,1.8609048600064877e-293,4.7682386697295126e-82
2024-03-19,2,risk_on,2.419883766858209e-07,5.653743377622765e-165,0.9999997580116835,1.2198496396426506e-290,5.121111998499268e-85
2024-03-20,2,risk_on,5.335337557482004e-07,2.6232631371430964e-166,0.9999994664659939,2.0761995679781276e-284,9.138784137557654e-84
2024-03-21,2,risk_on,4.931071742212584e-07,2.6934504485477576e-165,0.9999995068930126,5.662879252630629e-285,6.0690124307214455e-86
2024-03-22,2,risk_on,1.28622076778242e-06,7.561968116461998e-165,0.9999987137788681,2.2172279268986434e-292,2.976752396507912e-85
2024-03-25,2,risk_on,1.56519224594957e-06,1.0508387475611737e-168,0.9999984348081369,6.173814172287877e-295,9.665491249744586e-83
2024-03-26,2,risk_on,1.212238921756262e-06,6.48795887987116e-172,0.9999987877607126,5.56704810941975e-303,2.163867010154873e-82
2024-03-27,2,risk_on,2.5094000548788145e-06,9.368642764739624e-174,0.999997490599946,7.530573959993065e-303,1.0657575166146867e-85
2024-03-28,2,risk_on,3.104776898758695e-07,1.0228907082185582e-173,0.9999996895222039,1.31694585651044e-309,4.3469398320209865e-86
2024-04-01,2,risk_on,2.759386495780147e-07,1.0592305540245292e-171,0.9999997240611646,8.1949755391853e-311,1.397125190190571e-84
2024-04-02,2,risk_on,1.2871360940020075e-06,5.806247576068709e-170,0.9999987128639175,1.5121510224227e-311,3.231601253513532e-80
2024-04-03,2,risk_on,1.8728837796338265e-06,3.7406746978393465e-166,0.9999981271166037,5.493840969558273e-305,6.964986260826244e-80
2024-04-04,2,risk_on,6.988445970785213e-06,4.714314249874807e-161,0.9999930115544423,1.889916405625916e-297,9.613257192078627e-79
2024-04-05,2,risk_on,8.460839189912143e-07,1.1301313191701822e-152,0.9999991539156268,1.6583350100097166e-283,1.1144799751095096e-78
2024-04-08,2,risk_on,3.2890510852828475e-06,2.7329196182281175e-154,0.9999967109487872,1.4315731744991096e-278,1.751464813285538e-77
2024-04-09,2,risk_on,1.8522495094239473e-06,4.5783871352138465e-152,0.9999981477502716,2.9296563500008507e-274,4.58286009602621e-79
2024-04-10,2,risk_on,0.0008502330332329481,4.6802877253379766e-157,0.999149766966914,2.5741127370253283e-282,2.7650389102154616e-79
2024-04-11,2,risk_on,0.0032794211904780607,6.100769786325336e-154,0.9967205788095908,1.672160540735874e-283,5.548647640174502e-79
2024-04-12,2,risk_on,0.04787990232084345,1.904916228280986e-150,0.9521200976793047,5.648718400777721e-282,1.5136856436424313e-75
2024-04-15,0,inflation_rates_shock,0.9835812266736167,6.360655408512031e-154,0.016418773326283286,1.5275420443942654e-278,1.6898221873986206e-75
2024-04-16,0,inflation_rates_shock,0.9998988711256597,8.885667261480065e-151,0.00010112887436270837,3.998544772773487e-278,2.487878279109733e-78
2024-04-17,0,inflation_rates_shock,0.9999990241290321,6.702682301833832e-147,9.758714208017956e-07,1.868496604259377e-273,5.713474396310957e-78
2024-04-18,0,inflation_rates_shock,0.9999999925885277,1.1006835816063594e-145,7.411366985201045e-09,7.71388552569899e-266,1.7587072840768462e-80
2024-04-19,0,inflation_rates_shock,0.999999999407919,1.5324875974872916e-145,5.917490436096781e-10,6.004807456927166e-271,2.4504157617921298e-78
2024-04-22,0,inflation_rates_shock,0.9999999943493094,1.2435642458639947e-145,5.65077140964331e-09,6.1891518717251675e-267,8.849398803074605e-81
2024-04-23,0,inflation_rates_shock,0.999999863068306,2.2198370743862763e-147,1.3693159498119768e-07,1.9559599656168162e-266,4.221556634134518e-79
2024-04-24,0,inflation_rates_shock,0.9999999122374031,6.858930382140588e-147,8.776253468572977e-08,4.140859954281025e-265,7.3414009847829e-78
2024-04-25,0,inflation_rates_shock,0.9999999937135726,1.0027145030052097e-147,6.286379290483767e-09,9.073033124185848e-267,7.202087277904946e-78
2024-04-26,0,inflation_rates_shock,0.9999995167955862,2.129857227214925e-152,4.83204621075751e-07,1.2513794484800893e-278,8.225592941644525e-79
2024-04-29,0,inflation_rates_shock,0.9999998041576156,3.8009663044150975e-151,1.958423725259572e-07,3.078206708106565e-274,1.2029526922231508e-80
2024-04-30,0,inflation_rates_shock,0.999999985321665,1.7101028358907407e-153,1.4678347699716025e-08,2.0311804168549383e-278,2.2055194025958876e-80
2024-05-01,0,inflation_rates_shock,0.999999852345365,1.3595827938742222e-154,1.4765444658577687e-07,5.455699384334651e-288,3.9829201212645983e-81
2024-05-02,0,inflation_rates_shock,0.9984691752601763,4.989112539501191e-154,0.0015308247395577844,7.703975740010604e-283,5.353887261719565e-79
2024-05-03,0,inflation_rates_shock,0.8147499996323181,1.822384472099053e-171,0.18525000036786793,4.2869227568622965e-300,3.368715702213998e-81
2024-05-06,2,risk_on,0.260487998362781,4.1098691995438354e-172,0.7395120016370063,1.7602926715e-314,8.71710186557163e-83
2024-05-07,2,risk_on,0.08128671726339441,6.641635165238689e-174,0.9187132827367108,5.00440235733e-313,7.73480389225179e-84
2024-05-08,2,risk_on,0.014529965667925679,3.091522276163508e-182,0.9854700343322021,0.0,1.3698952080744331e-83
2024-05-09,2,risk_on,0.0009208365056348661,9.699666183366105e-185,0.999079163494791,0.0,7.090817311430818e-88
2024-05-10,2,risk_on,0.00014827636255735678,8.5950981841796e-189,0.9998517236372756,0.0,1.425061588311164e-87
2024-05-13,2,risk_on,6.048122426824768e-06,2.596278505968651e-190,0.9999939518776136,0.0,1.5499610631451498e-89
2024-05-14,2,risk_on,1.1876107843346011e-06,2.0584765791598604e-186,0.9999988123888901,0.0,5.238571741625157e-90
2024-05-15,2,risk_on,1.1733704964036448e-05,1.670814207407865e-190,0.9999882662947956,5e-324,9.93498070604751e-94
2024-05-16,2,risk_on,4.067160931940783e-06,8.797634101843351e-190,0.9999959328389141,0.0,2.7147733046587512e-93
2024-05-17,2,risk_on,5.450556547041552e-06,5.388991437521945e-190,0.9999945494431199,0.0,4.5099842316465865e-93
2024-05-20,2,risk_on,8.508507178203022e-06,9.900044947884237e-191,0.9999914914931648,0.0,2.5427919444186495e-94
2024-05-21,2,risk_on,1.899548351284265e-06,1.4799087699295947e-189,0.9999981004520884,0.0,2.659888782101129e-94
2024-05-22,2,risk_on,1.7039091580636273e-07,3.9499226722008715e-189,0.9999998296089107,0.0,8.07910736955795e-93
2024-05-23,2,risk_on,4.998358012958053e-07,6.179414961920471e-196,0.9999995001645742,0.0,6.168725424198395e-91
2024-05-24,2,risk_on,5.24456032852289e-07,3.260159940066739e-193,0.9999994755436558,0.0,1.2143222828856192e-94
2024-05-28,2,risk_on,1.0736002791582999e-07,9.447765696685673e-191,0.9999998926396132,0.0,2.3603167965740518e-92
2024-05-29,2,risk_on,1.3477639455742234e-07,4.164372516631448e-197,0.9999998652238082,0.0,4.129706030265812e-89
2024-05-30,2,risk_on,1.7059028679345683e-06,4.169675986235194e-196,0.9999982940968037,0.0,2.5319527210987004e-91
2024-05-31,2,risk_on,2.8659648021047993e-06,5.3260265352345664e-195,0.9999971340353255,0.0,6.775728585533163e-94
2024-06-03,2,risk_on,4.890405485314893e-07,2.0286318640093379e-193,0.9999995109593615,0.0,8.2202505261385e-92
2024-06-04,2,risk_on,8.824739445276114e-08,3.965392131670008e-201,0.9999999117526425,0.0,7.350691282958977e-92
2024-06-05,2,risk_on,2.803567279945736e-07,1.8583510683833311e-202,0.9999997196428405,0.0,4.81413225321496e-93
2024-06-06,2,risk_on,4.3498396381871534e-08,5.062495713699346e-205,0.9999999565015979,0.0,2.6946523783319695e-92
2024-06-07,2,risk_on,3.7674141125545763e-07,6.3740814670650406e-204,0.9999996232582616,0.0,9.401488460125036e-93
2024-06-10,2,risk_on,4.329185806117882e-07,8.717262542679356e-203,0.9999995670815252,0.0,3.891382263038349e-91
2024-06-11,2,risk_on,1.4067906722010415e-07,2.183664550765951e-210,0.9999998593211884,0.0,2.5546699359242614e-92
2024-06-12,2,risk_on,4.803638573419208e-07,7.362341871186831e-212,0.9999995196359367,0.0,2.8053212611789843e-93
2024-06-13,2,risk_on,3.290488480790158e-07,1.958680248867334e-207,0.9999996709512375,0.0,1.510210588109282e-93
2024-06-14,2,risk_on,3.730043022860026e-08,5.2497559688663e-208,0.999999962699804,0.0,5.35208809686374e-92
2024-06-17,2,risk_on,8.963975468598359e-08,6.06071901868996e-206,0.9999999103602062,0.0,2.9032861013231597e-94
2024-06-18,2,risk_on,9.025791231488492e-08,5.546189488426067e-205,0.9999999097417499,0.0,2.9244463462932333e-94
2024-06-20,2,risk_on,9.018740251387256e-08,3.118298017332574e-206,0.9999999098126905,0.0,1.4090095232975233e-93
2024-06-21,2,risk_on,8.907206576103518e-08,3.4754186051051027e-208,0.9999999109277309,0.0,2.5068302241322803e-92
2024-06-24,2,risk_on,5.708379170902124e-07,3.3806125122037072e-211,0.9999994291621799,0.0,8.482832887039253e-94
2024-06-25,2,risk_on,1.9953328500297276e-06,7.007624735881559e-206,0.9999980046670214,0.0,8.128783251324084e-95
2024-06-26,2,risk_on,6.325533037005714e-07,6.950778274855091e-206,0.999999367446635,0.0,1.3811846842733837e-91
2024-06-27,2,risk_on,8.472780964436013e-07,1.2329671318317927e-201,0.9999991527214612,0.0,3.7400930464640205e-93
2024-06-28,2,risk_on,1.44086988269382e-06,5.702793777414774e-204,0.9999985591304188,0.0,3.508110428686546e-90
2024-07-01,2,risk_on,1.6837869765073008e-06,1.1134966953819154e-201,0.9999983162129489,0.0,1.529203925646421e-89
2024-07-02,2,risk_on,1.1184693882722225e-06,3.4469389301154365e-203,0.9999988815304166,0.0,4.4628708336070296e-89
2024-07-03,2,risk_on,1.6660550014603463e-06,1.3264176929343657e-204,0.9999983339453374,0.0,1.6459689795990992e-91
2024-07-05,2,risk_on,2.6709512404105968e-06,3.578815359201605e-206,0.9999973290486396,0.0,2.4977724540507387e-91
2024-07-08,2,risk_on,1.928567741179589e-06,2.0496517674721014e-217,0.999998071431987,0.0,4.44739324065512e-90
2024-07-09,2,risk_on,9.137530979031204e-05,1.9847444357938557e-221,0.9999086246902487,0.0,2.759183330860587e-91
2024-07-10,2,risk_on,0.0009566339265837383,2.041560510744422e-214,0.9990433660734945,0.0,5.0024897165345224e-95
2024-07-11,2,risk_on,0.0050629100150592216,7.995421889214502e-197,0.994937089984887,0.0,3.3011298477517295e-89
2024-07-12,2,risk_on,0.017025522022080998,1.8146904994581304e-197,0.9829744779782797,0.0,2.8163850415519825e-89
2024-07-15,2,risk_on,0.08379845978032828,1.2281865875745997e-197,0.9162015402197701,0.0,4.949780878480484e-87
2024-07-16,2,risk_on,0.1837547572805923,4.1905590527573205e-183,0.8162452427195926,0.0,5.756258434356777e-86
2024-07-17,0,inflation_rates_shock,0.5797250998165518,6.454608252529258e-176,0.4202749001837988,0.0,2.0196250615265384e-81
2024-07-18,0,inflation_rates_shock,0.9040072309474306,1.8487295048342968e-180,0.09599276905234772,0.0,9.161882468064575e-81
2024-07-19,0,inflation_rates_shock,0.9984739404554759,9.226586100468158e-182,0.0015260595442596204,0.0,4.3736003597161445e-80
2024-07-22,0,inflation_rates_shock,0.9997854710626114,7.477103432517477e-177,0.0002145289377728388,0.0,6.521769268032475e-83
2024-07-23,0,inflation_rates_shock,0.9999383616666495,2.0788617384905107e-177,6.163833303756426e-05,0.0,1.5272118161252699e-80
2024-07-24,0,inflation_rates_shock,0.9999999726196623,3.5284547429002924e-183,2.7380045596264028e-08,0.0,2.224072901801703e-78
2024-07-25,0,inflation_rates_shock,0.9999999984311216,1.9664381145208397e-180,1.5688211204075056e-09,0.0,5.875438270400953e-82
2024-07-26,0,inflation_rates_shock,0.9999999341189345,4.658918712590745e-181,6.588088361436016e-08,0.0,4.944761634352037e-84
2024-07-29,0,inflation_rates_shock,0.9999996184042903,1.5662201352590525e-183,3.815954481776329e-07,0.0,1.2976916934498413e-82
2024-07-30,0,inflation_rates_shock,0.9999999351248355,3.487784914922219e-186,6.487554763742096e-08,0.0,3.45544743181667e-84
2024-07-31,0,inflation_rates_shock,0.9999992848554767,7.30755515383047e-177,7.151446495238631e-07,0.0,2.3554680098353273e-88
2024-08-01,0,inflation_rates_shock,0.9999998717785357,1.351199517160934e-162,1.2822126148277936e-07,2.37531503428833e-310,1.77512366169371e-80
2024-08-02,0,inflation_rates_shock,0.9999999983974703,2.5215142812994477e-140,1.602789088039452e-09,9.164359004981716e-261,4.387668707552743e-75
2024-08-05,0,inflation_rates_shock,1.0,4.73583864615404e-115,1.6512773194667577e-22,4.5912602364399626e-232,7.72351764935936e-81
2024-08-06,0,inflation_rates_shock,0.9999999999990905,5.535823503987963e-114,5.596480912021362e-13,5.250458962852147e-195,4.990785101070081e-84
2024-08-07,0,inflation_rates_shock,1.0,4.343235543719646e-114,6.214741042541734e-15,1.8758475423426803e-193,4.439748454876186e-73
2024-08-08,0,inflation_rates_shock,0.9999999995916369,2.108815046829006e-110,4.084435206466818e-10,3.327524854604483e-188,1.1451726628039207e-73
2024-08-09,0,inflation_rates_shock,0.9999999934379957,1.9981593953746443e-110,6.5619689367491865e-09,8.966693277481612e-182,6.681592117907265e-69
2024-08-12,0,inflation_rates_shock,0.9999999595220296,4.0688733042686934e-111,4.0477888555196657e-08,1.4270131030681008e-184,3.566234224069748e-66
2024-08-13,0,inflation_rates_shock,0.9999991276221575,3.0480902972763172e-114,8.723775927480671e-07,7.595713704666286e-183,3.0387308895064996e-67
2024-08-14,0,inflation_rates_shock,0.9999996143852348,1.2229379642574085e-119,3.85615198514915e-07,2.289473937098485e-194,2.2845543156706445e-66
2024-08-15,0,inflation_rates_shock,0.9999816311978947,1.3091981612159366e-116,1.836880221194119e-05,6.845693102310613e-193,1.7827977153608404e-70
2024-08-16,0,inflation_rates_shock,0.9999860742069485,1.1206896940448346e-119,1.3925793195850408e-05,4.235604789810964e-189,1.5546796084104424e-70
2024-08-19,0,inflation_rates_shock,0.9999858319246013,1.6853956914901649e-118,1.4168075212403336e-05,1.5954780984786988e-188,3.656130173298408e-73
2024-08-20,0,inflation_rates_shock,0.9999746727086483,2.502027389639828e-118,2.53272917768161e-05,5.6528825742203064e-188,9.729463724422286e-72
2024-08-21,0,inflation_rates_shock,0.9999713500503813,2.5596174094549855e-120,2.864994924252424e-05,1.1397608605131096e-189,5.134842600458692e-71
2024-08-22,0,inflation_rates_shock,0.9995911561686999,4.510277875191747e-123,0.00040884383142566637,2.7724353485189183e-192,2.3483304999197756e-73
2024-08-23,0,inflation_rates_shock,0.9995267958850892,1.6234023825380846e-118,0.00047320411527969157,3.0522317567647454e-189,3.156482304329032e-73
2024-08-26,0,inflation_rates_shock,0.9987555090580077,1.4720710277541826e-116,0.00124449094190634,7.728300467140458e-188,1.4424586084808114e-69
2024-08-27,0,inflation_rates_shock,0.9972322629217866,8.542888235242304e-117,0.002767737078092014,7.687019505941667e-186,5.291813119752155e-67
2024-08-28,0,inflation_rates_shock,0.9925049024297241,1.2378821701906128e-109,0.007495097570400212,4.349402498239499e-180,5.925517749051404e-67
2024-08-29,0,inflation_rates_shock,0.9875909793131284,5.702854656826284e-112,0.012409020686758277,2.452837882915617e-183,2.6917887660408483e-62
2024-08-30,0,inflation_rates_shock,0.9856460835880224,1.7011085032936901e-108,0.014353916411804266,1.5884267822596735e-175,3.074098733768479e-64
2024-09-03,0,inflation_rates_shock,0.9885079702414882,4.1894017645503675e-106,0.011492029758905094,9.169939714403493e-177,1.6251900512149748e-61
2024-09-04,0,inflation_rates_shock,1.0,1.0231173334623292e-98,4.902793029123159e-14,7.411119545135107e-169,3.341811677087367e-67
2024-09-05,0,inflation_rates_shock,0.9999991243734453,1.7998749894330661e-99,8.756263213002529e-07,2.7747261696217984e-149,5.985084736556265e-77
2024-09-06,0,inflation_rates_shock,0.9999955854461531,2.6562987289017493e-97,4.414553867288765e-06,2.466056733582391e-152,2.8797637413681474e-64
2024-09-09,0,inflation_rates_shock,0.8867543204958441,6.484913448099039e-98,0.11324567950395163,1.5042682433679702e-150,4.205127906396614e-65
2024-09-10,2,risk_on,0.3790261908336072,6.785729889066902e-103,0.6209738091660959,2.041954537901019e-154,1.627912987796867e-60
2024-09-11,2,risk_on,0.047511680369080725,1.1825827284476628e-100,0.9524883196310207,7.415883986753876e-155,2.310116780318679e-61
2024-09-12,2,risk_on,0.0016420485922366682,1.8985996877535056e-102,0.9983579514075782,1.724686400691359e-155,6.465405372860559e-59
2024-09-13,2,risk_on,0.0004861276593782808,6.063177505076618e-106,0.9995138723402031,3.204030125255829e-157,2.0938437774272454e-59
2024-09-16,2,risk_on,0.0003353039198959685,1.230392568858698e-106,0.9996646960800368,2.9294878776781824e-161,2.970552654499022e-61
2024-09-17,2,risk_on,0.0002759666745716903,1.3642312113091623e-105,0.9997240333257565,3.526173925612728e-164,4.1928101147578706e-60
2024-09-18,2,risk_on,0.00019033946181857663,1.846908402477857e-106,0.9998096605383506,1.7460742323620277e-166,5.530469597565178e-58
2024-09-19,2,risk_on,0.00011331660361117715,3.0879763419624106e-103,0.9998866833964319,1.1384488952586575e-163,7.627820089674798e-58
2024-09-20,2,risk_on,4.59405422163769e-05,4.549799950036159e-105,0.9999540594574806,1.6158289114133604e-162,9.802148041404688e-57
2024-09-23,2,risk_on,1.1018724024152327e-05,2.0373763725315854e-102,0.9999889812759171,3.245238915640897e-161,6.563831131709279e-58
2024-09-24,2,risk_on,2.4336786204595833e-05,3.102903796990615e-104,0.9999756632138216,2.602202986302864e-160,1.3062754826080706e-54
2024-09-25,2,risk_on,2.5237399520417314e-05,6.459908834318306e-106,0.9999747626008318,2.434163354927412e-161,4.9380513524287626e-55
2024-09-26,2,risk_on,3.611697771089706e-05,3.625914745495073e-107,0.9999638830223726,9.907551089473559e-165,2.9732457420257137e-56
2024-09-27,2,risk_on,1.6244613100576976e-05,4.3224208293694276e-106,0.9999837553869613,3.578456300726673e-163,1.7580232745745844e-57
2024-09-30,2,risk_on,4.746917630624767e-05,1.1044268464199748e-104,0.9999525308238084,3.920681889656201e-158,1.3373337242461642e-59
2024-10-01,2,risk_on,5.646223785911895e-05,3.148883627847889e-101,0.9999435377619001,1.2003514830772743e-156,5.685762159051175e-58
2024-10-02,2,risk_on,1.6476654941982425e-05,3.942284808101255e-102,0.999983523345008,2.1403863549285572e-157,2.4322969736558163e-58
2024-10-03,2,risk_on,0.000765274999447526,6.922777391768892e-106,0.9992347250004525,1.9323719727675434e-163,8.748072093412324e-58
2024-10-04,2,risk_on,0.04956425548258274,7.657071106392743e-109,0.9504357445174656,9.093673521289097e-169,4.028613057340237e-60
2024-10-07,0,inflation_rates_shock,0.5965313711898971,1.2133558094229616e-108,0.4034686288100459,1.1527912652161306e-172,2.894315145371087e-63
2024-10-08,0,inflation_rates_shock,0.9926964726265628,1.0009898590603376e-108,0.007303527372985536,3.7268677323700633e-168,1.7400602078066507e-63
2024-10-09,0,inflation_rates_shock,0.9997251305452967,1.9457775275244408e-106,0.0002748694544756428,4.234604024683164e-169,2.7655078405768972e-64
2024-10-10,0,inflation_rates_shock,0.9999991078761354,2.0182843557847723e-104,8.92123974811093e-07,1.2927619964288497e-163,9.273317940525728e-64
2024-10-11,0,inflation_rates_shock,0.9999991375210893,3.0083643619644393e-105,8.624789601294978e-07,7.226407949073729e-165,2.458416173434689e-64
2024-10-14,0,inflation_rates_shock,0.9999894248089569,3.4296991894504087e-105,1.0575190917239908e-05,4.9338113177646556e-164,6.852116267170736e-65
2024-10-15,0,inflation_rates_shock,0.9994756015514907,2.638408926826107e-103,0.0005243984485858322,3.8446804136932494e-164,7.398022808152134e-65
2024-10-16,0,inflation_rates_shock,0.9989066953473974,2.144336571572403e-101,0.0010933046523528048,7.511358368213346e-157,1.4573192417269233e-64
2024-10-17,0,inflation_rates_shock,0.9990972558540878,1.1039367405998076e-98,0.0009027441460060607,1.0123632779142308e-149,1.39422069391583e-63
2024-10-18,0,inflation_rates_shock,0.9995511542741271,2.542548054783385e-102,0.00044884572619299584,2.4247039479810548e-151,1.9410749401711694e-61
2024-10-21,0,inflation_rates_shock,0.9999892263347753,1.1285792695474933e-102,1.0773665243470324e-05,2.530553118550299e-151,1.001352953284458e-62
2024-10-22,0,inflation_rates_shock,0.9999973099238362,7.939593577273609e-96,2.6900760933869427e-06,1.9127257014972002e-146,2.821562638774731e-63
2024-10-23,0,inflation_rates_shock,0.9999992677442558,1.6589112656578597e-97,7.322559218765397e-07,1.5367288363198493e-142,9.250354556263265e-64
2024-10-24,0,inflation_rates_shock,0.99999447091505,2.5153262231887944e-96,5.529085132044261e-06,5.257127090076081e-143,2.186091678055504e-65
2024-10-25,0,inflation_rates_shock,0.9999986479078916,4.929330402294389e-96,1.3520922799251558e-06,6.740544701944845e-142,1.4301314347657487e-64
2024-10-28,0,inflation_rates_shock,0.9999887441741986,1.8555039508923967e-94,1.125582623981933e-05,6.918187328224453e-141,2.81591716000471e-65
2024-10-29,0,inflation_rates_shock,0.9994097451460806,5.466606750391696e-95,0.0005902548535060239,1.47563810284854e-142,4.677000569912891e-64
2024-10-30,0,inflation_rates_shock,0.9982453569305009,1.0531928548635568e-93,0.0017546430692611352,2.1040640481222234e-143,9.952295506019125e-65
2024-10-31,0,inflation_rates_shock,0.9939473544464694,6.845025087684881e-97,0.006052645553425387,5.082785316816312e-150,6.208094152986703e-65
2024-11-01,0,inflation_rates_shock,0.9642568211290337,1.1801970626440975e-97,0.03574317887086821,1.3309488916172643e-156,4.835682993868183e-64
2024-11-04,0,inflation_rates_shock,0.5132978248934037,5.293508301581769e-106,0.48670217510680785,3.6151830710305664e-164,2.048470037084526e-65
2024-11-05,2,risk_on,0.0076356211365845,1.174096033803883e-102,0.9923643788635852,2.3712520789196423e-167,1.1842726536489236e-69
2024-11-06,2,risk_on,8.418769606879225e-06,9.20510950271724e-99,0.9999915812304284,1.9387896610689795e-162,9.82023477721747e-65
2024-11-07,2,risk_on,2.2698776277599267e-07,1.5120779349856922e-106,0.9999997730119761,9.191499378319158e-157,4.545226184047307e-66
2024-11-08,2,risk_on,4.597097939102745e-08,1.1233202020330306e-107,0.9999999540286819,3.320096195129651e-162,3.884296759200659e-70
2024-11-11,2,risk_on,1.3809743745770122e-08,1.6716355039009823e-103,0.9999999861902324,1.9517109662522724e-162,8.35846934917474e-69
2024-11-12,2,risk_on,2.9030762246580048e-06,4.178124476729824e-102,0.9999970969235012,6.048448357629538e-156,3.8859500449886476e-66
2024-11-13,2,risk_on,7.992352846239916e-06,1.184951434824302e-103,0.9999920076471583,6.824109713417089e-157,1.0261501808302683e-64
2024-11-14,2,risk_on,2.9914221984332405e-06,1.6701808394373294e-101,0.9999970085781748,3.4014242175623537e-161,9.479664408057011e-66
2024-11-15,2,risk_on,5.567249110094635e-06,1.696298351646563e-100,0.999994432751045,4.986282379708005e-156,2.2237568187413085e-63
2024-11-18,2,risk_on,6.487221999743789e-06,3.204627760967364e-103,0.9999935127781429,8.646083218747253e-158,3.728002383220716e-63
2024-11-19,2,risk_on,2.059855396654381e-07,3.2767324468288675e-104,0.9999997940140232,2.0834174769901982e-159,3.087571017057077e-65
2024-11-20,2,risk_on,7.94578012725629e-08,1.3176836559915047e-105,0.9999999205419985,8.975819864407859e-160,3.411086835444826e-65
2024-11-21,2,risk_on,3.510530051091993e-08,4.384258979050666e-106,0.9999999648944147,4.422965827619313e-158,1.4477094587720046e-67
2024-11-22,2,risk_on,2.0481098479397753e-08,5.4956420277720185e-108,0.999999979519089,6.796038756148672e-160,4.0502498434121275e-68
2024-11-25,2,risk_on,2.010373571939254e-08,9.838212251613477e-109,0.9999999798965293,4.008355665055315e-159,7.305337421563143e-70
2024-11-26,2,risk_on,2.2593688525913278e-08,4.279916834744254e-109,0.9999999774063328,8.409823592902045e-161,1.3221989734380502e-68
2024-11-27,2,risk_on,1.300122156788992e-08,2.8813989811572885e-112,0.9999999869987732,2.4584859904619544e-163,2.351274734815073e-69
2024-11-29,2,risk_on,3.464522458057729e-08,2.6841602187946755e-120,0.9999999653546189,8.526362059505326e-170,9.443724882214524e-73
2024-12-02,2,risk_on,6.4283804034565e-07,2.7338225591979655e-123,0.9999993571620754,1.4535751372704521e-180,2.661554285511364e-77
2024-12-03,2,risk_on,1.791606901291547e-07,4.570246037874323e-125,0.9999998208395643,7.357765061659695e-187,4.396782314535871e-76
2024-12-04,2,risk_on,1.6189329577910886e-07,7.2396083432706735e-127,0.9999998381063182,1.7462085319674034e-190,4.253893099585307e-77
2024-12-05,2,risk_on,1.5953410527262996e-07,7.504657683263477e-125,0.9999998404655471,5.513383699392374e-190,1.393939690512708e-76
2024-12-06,2,risk_on,3.66532533281721e-07,2.0773001783523224e-125,0.9999996334673359,2.3679504296498514e-184,2.1161312437043652e-76
2024-12-09,2,risk_on,3.3472336192533525e-07,2.697369695582113e-124,0.999999665276902,3.9219391133418327e-188,9.105664519209635e-73
2024-12-10,2,risk_on,1.3815242100429453e-07,1.0508589075343029e-127,0.9999998618477643,5.865153142368918e-193,3.8379345380463315e-72
2024-12-11,2,risk_on,4.2240391218314597e-07,2.395687104867799e-125,0.999999577596189,3.736542937629713e-188,1.392495613900237e-72
2024-12-12,2,risk_on,1.1978747615085262e-07,6.71372457424614e-128,0.999999880212279,3.8553005656375066e-192,1.7946747617087122e-71
2024-12-13,2,risk_on,1.1842604226870362e-07,6.523781188183154e-131,0.9999998815737924,2.1270062280748096e-196,1.1886536299479081e-70
2024-12-16,2,risk_on,1.4839401490756652e-07,4.215939624914976e-134,0.999999851605946,1.6667306032794052e-200,8.543189030661851e-74
2024-12-17,2,risk_on,2.350823392915911e-06,2.817555844042148e-130,0.9999976491763284,2.3967613584695835e-199,2.1092608919003194e-75
2024-12-18,2,risk_on,0.002436184950222877,1.6632296307069379e-128,0.9975638150499948,6.484449634742855e-214,7.994613813960053e-73
2024-12-19,2,risk_on,0.0012972092820659352,3.035921018311181e-128,0.9987027907177127,1.8062855284197084e-209,1.1815410798213615e-69
2024-12-20,2,risk_on,0.0005143424119257287,5.173349540014221e-130,0.9994856575883695,9.864713163902744e-204,5.660326172883266e-70
2024-12-23,2,risk_on,0.0017050644228243515,5.818227623316153e-131,0.9982949355769684,1.8728256892774517e-205,4.47413685227681e-67
2024-12-24,2,risk_on,0.05344101656406582,1.623263191500942e-131,0.9465589834363541,1.1250226709481793e-202,3.009999221007459e-67
2024-12-26,2,risk_on,0.41962049828825215,1.5419982979920641e-128,0.5803795017114762,8.106671825795298e-209,3.861586470415661e-66
2024-12-27,0,inflation_rates_shock,0.8339307195721614,2.899861524591093e-128,0.1660692804281344,2.206312220002341e-210,1.4639318018228931e-63
2024-12-30,0,inflation_rates_shock,0.9897328936137153,2.5071678768358017e-124,0.01026710638600154,1.394688688649826e-205,1.4363713752010056e-62
2024-12-31,0,inflation_rates_shock,0.9999900841285624,1.0863614782673593e-125,9.915871346923192e-06,2.509081979924301e-202,5.951762770328228e-63
2025-01-02,0,inflation_rates_shock,0.9999999822666724,6.384897171914401e-128,1.773293238674433e-08,9.392030982491999e-206,3.0374535538569525e-67
2025-01-03,0,inflation_rates_shock,0.9999999633409977,2.3907447050638333e-126,3.665874246781157e-08,1.7576579866160858e-201,1.3086791189923317e-71
2025-01-06,0,inflation_rates_shock,0.9999999668671086,3.77901715088789e-128,3.313320868479664e-08,4.879564308811097e-204,1.8816204534199505e-71
2025-01-07,0,inflation_rates_shock,0.9999999997744453,7.426398535657305e-126,2.2525833027695184e-10,1.212349021385133e-206,4.072641127294314e-70
2025-01-08,0,inflation_rates_shock,0.9999999999336069,2.572560734348739e-127,6.643456702646819e-11,1.3548229770658597e-206,3.668667644315277e-71
2025-01-10,0,inflation_rates_shock,0.9999999999972715,7.931210964573298e-131,2.3795233948504043e-12,9.79664844705846e-214,2.142444567504828e-73
2025-01-13,0,inflation_rates_shock,1.0,4.351226312002928e-129,4.0072730045710777e-13,7.682494839870298e-213,1.4383779044924637e-75
2025-01-14,0,inflation_rates_shock,0.9999999999954525,1.0952517011868298e-132,4.737859793637297e-12,1.3431056934358935e-214,7.466169904341309e-75
2025-01-15,0,inflation_rates_shock,0.9999999949113771,9.044306152831477e-142,5.088542288536233e-09,2.7716414850444785e-223,6.340392891959069e-76
2025-01-16,0,inflation_rates_shock,0.9999996546276321,1.3535616642987017e-146,3.453724751542774e-07,4.193526779030227e-240,5.600916260969433e-73
2025-01-17,0,inflation_rates_shock,0.9999995574899982,3.6384072127370994e-150,4.4251007474758896e-07,5.047549786943786e-249,8.98151435177396e-73
2025-01-21,0,inflation_rates_shock,0.9999918002876831,1.8681989430318876e-156,8.199712555710319e-06,1.2601682946274707e-257,8.408018368405657e-77
2025-01-22,0,inflation_rates_shock,0.9992826713313976,2.6214691499857026e-152,0.00071732866904834,6.707303670029057e-262,2.8603724598279486e-80
2025-01-23,0,inflation_rates_shock,0.80589681247358,5.484475686751561e-149,0.19410318752626673,8.684865938699078e-250,1.7333086247410785e-78
2025-01-24,2,risk_on,0.4437269740751637,4.283060938369343e-148,0.5562730259248917,3.7893373048319377e-243,2.7365476309662564e-73
2025-01-27,2,risk_on,0.11572510162224815,1.4180022830723056e-141,0.884274898378,4.749883863345805e-237,2.5656164693083295e-70
2025-01-28,2,risk_on,0.08540164427187064,2.0057596351652294e-142,0.9145983557285012,6.893611801875703e-228,1.0391811697354857e-69
2025-01-29,2,risk_on,0.03162902573103494,2.1808075581230183e-145,0.9683709742688086,6.314812919079828e-234,4.0533729416621646e-69
2025-01-30,2,risk_on,0.008603118232012746,1.1494008681493269e-147,0.9913968817678331,2.996024877881686e-234,5.657643603086561e-72
2025-01-31,2,risk_on,0.004883122453309389,2.2671361311470833e-149,0.9951168775467493,4.502751429593609e-235,1.0969760677848534e-71
2025-02-03,2,risk_on,0.001738858453510025,1.3117254426534456e-146,0.9982611415461538,1.053585061713504e-235,7.37836282427744e-74
2025-02-04,2,risk_on,7.469666045314238e-05,3.1082934059178405e-149,0.9999253033398103,8.795682420202886e-237,1.2660246831738745e-73
2025-02-05,2,risk_on,3.5925630589855594e-06,1.5316491003915722e-155,0.9999964074368977,2.162615258994921e-244,1.1938124423695158e-74
2025-02-06,2,risk_on,1.286993431727375e-06,3.2295376172290926e-159,0.9999987130067081,4.295240490478171e-254,1.1979620600908677e-75
2025-02-07,2,risk_on,1.1239130018103547e-06,3.704960822516562e-164,0.9999988760870969,1.6220317658499491e-260,1.0017832013931273e-76
2025-02-10,2,risk_on,1.6003962463488754e-06,6.931723080682223e-200,0.9999983996034717,1.78698956679431e-309,1.3872308633459914e-80
2025-02-11,2,risk_on,3.846140111006497e-06,1.750581360173274e-196,0.999996153859804,0.0,2.7912705993571035e-83
2025-02-12,2,risk_on,4.796613466984385e-06,4.3245624328593925e-201,0.9999952033864689,0.0,6.319818240590499e-80
2025-02-13,2,risk_on,1.2529113364994392e-05,8.838394946511531e-203,0.9999874708867543,0.0,2.5899553071305204e-84
2025-02-14,2,risk_on,2.7830652785165835e-06,1.6093269778689963e-201,0.9999972169346238,0.0,9.947506655521761e-81
2025-02-18,2,risk_on,3.0434256034467944e-06,8.002609906370649e-200,0.9999969565743341,0.0,1.5417323679814215e-80
2025-02-19,2,risk_on,1.3723127660121347e-06,1.9891578025395745e-198,0.9999986276871234,0.0,1.2917700698810648e-79
2025-02-20,2,risk_on,6.047498424380122e-07,5.276168565787342e-191,0.9999993952498708,0.0,1.4312262103128454e-77
2025-02-21,2,risk_on,2.7375469046359163e-06,3.634395361681764e-176,0.9999972624528891,5.767197e-317,1.7342504433478921e-74
2025-02-24,2,risk_on,4.962682964850176e-05,1.2157560722588183e-174,0.9999503731705732,1.977229632694454e-301,2.136990795591718e-72
2025-02-25,2,risk_on,0.0019340017990658665,4.982534905122501e-171,0.99806599820056,3.387191990628101e-292,3.7699940738732546e-72
2025-02-26,2,risk_on,0.02986396294975239,7.166324097957166e-167,0.970136037050005,8.969259703440607e-285,1.6387010077675544e-73
2025-02-27,0,inflation_rates_shock,0.43881208497344787,2.846235855678333e-173,0.5611879150266862,9.536514458129323e-293,2.4815377394721744e-69
2025-02-28,0,inflation_rates_shock,0.6164794570021848,2.138217968537438e-173,0.3835205429974739,1.4391544761217304e-290,3.625100419609733e-74
2025-03-03,0,inflation_rates_shock,0.9584954395513414,6.921378542869676e-166,0.041504560448969684,1.3933916173636382e-291,3.3142729690784176e-70
2025-03-04,0,inflation_rates_shock,0.9999227121243978,1.0492752424593155e-170,7.728787573615703e-05,3.568127880096125e-292,7.025874484601274e-69
2025-03-05,0,inflation_rates_shock,0.9999949511693682,1.0398850575861097e-163,5.048830980790211e-06,6.23818011797463e-287,1.2445540589402408e-71
2025-03-06,0,inflation_rates_shock,0.9999999924157237,9.636183720953864e-164,7.584261187266647e-09,2.6373995806717516e-286,3.498126118421163e-69
2025-03-07,0,inflation_rates_shock,0.9999999932088031,7.558170500712609e-160,6.790993382354074e-09,3.204540758046252e-278,1.0979747551788757e-72
2025-03-10,0,inflation_rates_shock,1.0,4.1061292195568407e-144,8.936364841457869e-14,8.873002516394185e-263,2.6667832656393707e-67
2025-03-11,0,inflation_rates_shock,1.0,5.77647563920729e-145,1.8487345831470966e-16,4.460341486372529e-242,5.494236423642654e-72
2025-03-12,0,inflation_rates_shock,1.0,4.198589285384088e-141,1.4303378867210068e-15,1.2307118146366549e-237,2.510483299187394e-73
2025-03-13,0,inflation_rates_shock,1.0,1.7963374084662895e-139,1.853849151645653e-19,3.3458874548312804e-230,1.3213371393024423e-69
2025-03-14,0,inflation_rates_shock,1.0,2.077932059046838e-138,2.5757751112344868e-15,3.439597554262122e-224,8.071254331573882e-76
2025-03-17,0,inflation_rates_shock,1.0,2.4254820299115404e-140,5.230483967637023e-14,3.6733767409231314e-223,4.970180193626446e-74
2025-03-18,0,inflation_rates_shock,1.0,3.5352484205124166e-139,2.0321294966763524e-16,1.1682850637011774e-228,2.1897901776643746e-70
2025-03-19,0,inflation_rates_shock,1.0,3.836441512118503e-138,2.0288984482514486e-14,4.268514321925637e-222,2.0978641008919446e-74
2025-03-20,0,inflation_rates_shock,1.0,7.018746350565438e-137,7.029154594947875e-15,3.0470512208513e-220,2.7993960193589104e-70
2025-03-21,0,inflation_rates_shock,1.0,1.3375124136253056e-136,2.489821452447476e-15,4.459050355497289e-220,1.9960530271109184e-69
2025-03-24,0,inflation_rates_shock,1.0,5.649083040029559e-117,4.540734732931385e-13,7.339358494277428e-203,1.1832503132736516e-70
2025-03-25,0,inflation_rates_shock,0.9999999999990905,8.604537378983592e-115,8.994778826783837e-13,3.808740479011534e-180,1.0265153209720317e-67
2025-03-26,0,inflation_rates_shock,1.0,9.961669257543424e-115,1.0744978369150306e-15,1.4364798181708698e-182,4.5506535581512395e-65
2025-03-27,0,inflation_rates_shock,1.0,1.3885190945670486e-114,3.911677055072234e-17,5.092293810733882e-181,3.313378446714126e-67
2025-03-28,0,inflation_rates_shock,1.0,1.8215519637225336e-107,3.2016548126157487e-21,7.529699711680227e-175,1.3861872746396631e-66
2025-03-31,0,inflation_rates_shock,1.0,1.1180260908736442e-109,1.7760851183578768e-16,2.801996979562525e-175,2.0850999005836172e-69
2025-04-01,0,inflation_rates_shock,1.0,1.000367801887507e-109,2.1031040429026253e-17,2.9588980034584892e-173,5.8660010411764144e-67
2025-04-02,0,inflation_rates_shock,1.0,3.071461396555115e-103,1.1612894267921127e-16,6.402253289427106e-163,4.2191603982611205e-71
2025-04-03,0,inflation_rates_shock,1.0,1.4447977591149648e-96,1.0080558424073893e-28,2.8310789853325815e-157,6.677463215159079e-63
2025-04-04,0,inflation_rates_shock,1.0,6.776450119516863e-81,9.883789110748977e-51,8.400201926696984e-151,9.530601673425122e-77
2025-04-07,0,inflation_rates_shock,1.0,4.6386624113372876e-89,6.165623651075103e-54,1.6530584010771504e-152,6.7764501195045375e-81
2025-04-08,0,inflation_rates_shock,1.0,1.4896679778001618e-88,9.447319178664611e-65,3.703792290457407e-162,4.638662411333069e-89
2025-04-09,0,inflation_rates_shock,1.0,2.0606639001984918e-92,1.664017552805754e-50,2.42262525830162e-152,1.4896679777988067e-88
2025-04-10,0,inflation_rates_shock,1.0,1.6456829399960861e-111,7.36640987775483e-72,3.413312406287998e-198,2.0606639006782777e-92
2025-04-11,0,inflation_rates_shock,1.0,4.2886182936726575e-108,2.7801986218207622e-70,6.19317765446319e-205,1.6456829399960861e-111
2025-04-14,0,inflation_rates_shock,1.0,9.441238487337768e-115,8.419343698805199e-70,2.8024857437455596e-201,4.2886182936726575e-108
2025-04-15,0,inflation_rates_shock,1.0,2.942912497118688e-114,2.967398087412437e-72,1.2992068444059183e-208,9.441239935245328e-115
2025-04-16,0,inflation_rates_shock,1.0,4.123390621332262e-111,4.959559897374564e-81,4.7698562906874996e-206,2.9429125163123237e-114
2025-04-17,0,inflation_rates_shock,1.0,4.997490754718219e-109,1.0900537178940536e-84,3.0008034370016323e-203,4.123390621332262e-111
2025-04-21,0,inflation_rates_shock,1.0,3.9097680708910956e-115,9.4488950972862e-95,3.784426823360139e-219,4.997490754713674e-109
2025-04-22,0,inflation_rates_shock,1.0,1.3999757217222386e-118,4.2951663831402674e-88,2.8364168483774924e-221,3.9097680708910956e-115
2025-04-23,0,inflation_rates_shock,1.0,8.315342726118892e-125,1.363302974773782e-81,1.707700455369906e-225,1.3999757217222386e-118
2025-04-24,0,inflation_rates_shock,1.0,4.539456022334533e-129,1.447781257178267e-76,1.1381714189763905e-231,8.315342728425534e-125
2025-04-25,0,inflation_rates_shock,1.0,1.6183980754034538e-130,6.006581842923226e-77,1.3060594723803567e-224,4.5448418207089976e-129
2025-04-28,0,inflation_rates_shock,1.0,2.912672340965958e-133,4.3852672596489315e-76,8.615126676520711e-232,1.9134618061122395e-130
2025-04-29,0,inflation_rates_shock,1.0,3.209460861525273e-130,3.5746661027722673e-75,3.9676696456453524e-221,3.907634213067672e-132
2025-04-30,0,inflation_rates_shock,1.0,2.4331255317273656e-128,1.9687206008863584e-72,3.64034511805804e-226,1.0575278230248154e-127
2025-05-01,0,inflation_rates_shock,1.0,2.190288989167046e-126,2.1407696103722991e-69,2.8481545832994126e-220,9.896039786938636e-127
2025-05-02,0,inflation_rates_shock,1.0,1.9148326348543257e-123,3.894976577930376e-67,1.5595354843407406e-219,3.2127976044545355e-125
2025-05-05,0,inflation_rates_shock,1.0,5.8404967605818055e-130,1.6050514132688141e-66,2.6904432232407056e-208,5.9549217914677176e-123
2025-05-06,0,inflation_rates_shock,1.0,3.2033460157759e-128,4.946261215877858e-76,2.33803086513144e-198,1.1847245156780556e-129
2025-05-07,0,inflation_rates_shock,1.0,7.598115091113747e-134,5.042217939440054e-78,5.406259423311311e-195,3.2033460157788136e-128
2025-05-08,0,inflation_rates_shock,1.0,1.6797794936612427e-111,6.890448151492877e-84,7.135048839065047e-172,7.598115091120657e-134
2025-05-09,0,inflation_rates_shock,1.0,3.6681311784987225e-145,2.7155286055599872e-49,7.324331959790569e-192,1.6797794936581874e-111
2025-05-12,0,inflation_rates_shock,1.0,2.015085369577458e-146,4.6648222928545147e-54,2.07055178731861e-201,1.8954095650838763e-115
2025-05-13,0,inflation_rates_shock,1.0,5.648279695561116e-149,3.806287422932174e-47,1.3649633249871236e-204,6.825361424398257e-119
2025-05-14,0,inflation_rates_shock,1.0,2.2171387559091144e-153,2.5327725825421056e-46,2.6599293534868595e-206,1.5370931811802082e-111
2025-05-15,0,inflation_rates_shock,1.0,9.637540070569281e-159,1.7488924162530847e-46,2.64398319127907e-214,1.4840741813435372e-110
2025-05-16,0,inflation_rates_shock,1.0,2.228798094709318e-161,8.888460632021222e-51,9.586905172717816e-216,1.1733425963470436e-115
2025-05-19,0,inflation_rates_shock,1.0,9.720772003054478e-168,2.7674194850939817e-50,2.606133446247863e-221,5.4949217488594434e-120
2025-05-20,0,inflation_rates_shock,1.0,5.407569487984676e-165,1.5019682350028282e-57,5.206916804361866e-220,1.5281522881837467e-122
2025-05-21,0,inflation_rates_shock,1.0,3.107274542323138e-169,4.3785041687209374e-54,1.9079009507665515e-225,4.8409748708238725e-124
2025-05-22,0,inflation_rates_shock,1.0,7.025987591529832e-172,5.476346850350007e-52,4.744651240241878e-232,4.968465894487246e-121
2025-05-23,0,inflation_rates_shock,1.0,1.427079335924666e-172,2.0340852791671907e-49,6.845048251466577e-240,1.8939432348613543e-117
2025-05-27,0,inflation_rates_shock,1.0,7.765617554348826e-177,1.5810930002720914e-46,3.607483055417242e-249,9.360687033687141e-116
2025-05-28,0,inflation_rates_shock,1.0,1.155513639754949e-174,2.325906535385171e-48,2.672403482711349e-249,1.0527783941895372e-112
2025-05-29,0,inflation_rates_shock,1.0,1.371976921206204e-170,9.753409068356286e-47,3.844242556913575e-246,1.2472146339121059e-113
2025-05-30,0,inflation_rates_shock,1.0,1.6937510117436685e-163,1.9743261867042854e-47,1.8763120983494966e-234,5.640392839461958e-110
2025-06-02,0,inflation_rates_shock,1.0,7.102077029183362e-164,4.627836334569232e-44,2.26520605761952e-233,3.098617264902919e-109
2025-06-03,0,inflation_rates_shock,1.0,2.768645850486157e-165,1.9011235099336795e-43,3.304940164334847e-233,1.0382718225926881e-106
2025-06-04,0,inflation_rates_shock,1.0,8.948204917289402e-166,1.3915592545734745e-43,3.6374177991016767e-233,5.047817003058349e-107
2025-06-05,0,inflation_rates_shock,1.0,7.736060357143718e-165,3.96344827386747e-45,3.1766811783944264e-231,2.615387885659039e-108
2025-06-06,0,inflation_rates_shock,1.0,2.8008143803392093e-165,2.1260495670708132e-45,1.6139983192062448e-226,1.943675395781733e-111
2025-06-09,0,inflation_rates_shock,1.0,4.203084040731362e-172,9.484631544427928e-44,1.250462060935552e-233,8.17762435020068e-113
2025-06-10,0,inflation_rates_shock,1.0,1.6827671728756623e-171,4.603644433508754e-44,9.281363303542998e-237,1.0290949253805286e-112
2025-06-11,0,inflation_rates_shock,1.0,2.3590374974768573e-180,1.5162432974155991e-47,4.862496502233971e-242,5.726270390944134e-113
2025-06-12,0,inflation_rates_shock,1.0,7.665743522699838e-181,5.030031740429554e-47,8.305423764206239e-253,2.3496930799451465e-117
2025-06-13,0,inflation_rates_shock,1.0,3.710510024416865e-179,6.78888526712363e-43,9.422427258085488e-258,4.0309831493345874e-117
2025-06-16,0,inflation_rates_shock,1.0,3.6358859688820185e-178,2.7149298242100594e-42,7.204863341075805e-257,8.985139843973089e-111
2025-06-17,0,inflation_rates_shock,1.0,6.230063577366913e-172,6.706666579913499e-43,8.17482025644045e-251,1.7754092930003682e-110
2025-06-18,0,inflation_rates_shock,1.0,4.286631787241832e-171,4.3288028053059706e-42,2.2545105415791833e-246,5.835861677787208e-109
2025-06-20,0,inflation_rates_shock,1.0,2.710121986705965e-174,2.8687915478743182e-43,6.348460986231428e-245,1.8438769712704434e-109
2025-06-23,0,inflation_rates_shock,1.0,3.683200990881573e-175,2.601714360683489e-42,1.172573447592174e-247,1.3778760036547773e-112
2025-06-24,0,inflation_rates_shock,1.0,1.5925682868857815e-178,1.3540439516211417e-41,9.23636633674493e-252,1.2944998903826727e-111
2025-06-25,0,inflation_rates_shock,1.0,2.0138742024590276e-179,3.024514777225204e-42,7.419040026177826e-254,1.4282555964878506e-111
2025-06-26,0,inflation_rates_shock,1.0,5.604437038308773e-184,4.839934408571972e-47,3.74850243428521e-249,6.887141131290844e-115
2025-06-27,0,inflation_rates_shock,1.0,1.156590887666308e-187,8.73001839314803e-48,3.1174907699768287e-255,3.8889200968747545e-120
2025-06-30,0,inflation_rates_shock,1.0,1.7577967146359906e-193,7.89100004234814e-48,3.544215537167926e-265,6.261729186681774e-123
2025-07-01,0,inflation_rates_shock,1.0,1.708818561157631e-191,1.7011865710020649e-47,8.917834766243841e-273,8.897705428471262e-123
2025-07-02,0,inflation_rates_shock,1.0,4.183602605632233e-195,3.045169768798947e-48,2.6068335999826546e-272,2.501602977610749e-122
2025-07-03,0,inflation_rates_shock,1.0,3.004050816015161e-192,2.400911222842702e-49,4.25712150614376e-269,5.782433277054854e-126
2025-07-07,0,inflation_rates_shock,1.0,1.5143498924069359e-196,1.753187935650325e-46,7.898379106954694e-276,1.272308053669871e-123
2025-07-08,0,inflation_rates_shock,1.0,3.459737098811319e-216,7.787650663767998e-45,1.289705698888095e-301,4.696299711314881e-121
2025-07-09,0,inflation_rates_shock,1.0,1.7454140822140424e-219,6.100950310157885e-47,1.82775e-319,1.8737454613203605e-122
2025-07-10,0,inflation_rates_shock,1.0,8.034052237756374e-208,6.26913140794923e-48,5.5472809167801145e-306,6.372226923531071e-124
2025-07-11,0,inflation_rates_shock,0.9999999998553903,3.262774345298596e-182,1.4480888951209533e-10,0.0,1.0252367899457496e-113
2025-07-14,0,inflation_rates_shock,0.99999999965803,2.377697337183361e-151,3.420597982829326e-10,1.3462342761014076e-281,7.715440318020013e-70
2025-07-15,0,inflation_rates_shock,0.9999999922956704,6.457963639559184e-150,7.704184855665133e-09,1.651868865068756e-255,1.076177757929599e-67
2025-07-16,0,inflation_rates_shock,0.9999999842912076,7.96768819696135e-150,1.570843912310306e-08,1.2616662333878057e-252,4.050463539674443e-67
2025-07-17,0,inflation_rates_shock,0.9999999878536983,1.1133384436976248e-153,1.2146743688622075e-08,4.926994086242472e-255,2.3020352281256157e-67
2025-07-18,0,inflation_rates_shock,0.9999999999290594,6.313959487457513e-160,7.054801266192608e-11,1.0359248365220852e-266,1.633249216343367e-69
2025-07-21,0,inflation_rates_shock,0.999999999060492,1.704605262238427e-157,9.39701816843795e-10,1.0361286712992833e-271,3.4526466036858116e-71
2025-07-22,0,inflation_rates_shock,0.9999999999727152,4.630931817230698e-143,2.69375867936289e-11,4.5190446670475646e-246,2.340926992303973e-68
2025-07-23,0,inflation_rates_shock,0.9999999965921234,8.405367017293763e-133,3.4075727968886516e-09,1.3029478412085189e-223,5.223592244148014e-68
2025-07-24,0,inflation_rates_shock,0.999999921570637,2.0933132031452947e-127,7.842939570411842e-08,1.5521660079526016e-213,6.000668961369815e-63
2025-07-25,0,inflation_rates_shock,0.9999947998984372,2.2516514060525462e-117,5.200101211254581e-06,5.24309361367624e-199,8.837780083831549e-61
2025-07-28,0,inflation_rates_shock,0.9999736848100899,9.36021992160822e-118,2.6315189846808265e-05,1.912540710634075e-192,1.245911795624314e-56
2025-07-29,0,inflation_rates_shock,0.9999508818667704,1.1558010575411483e-114,4.911813313460177e-05,4.281869517524963e-188,5.166485962436526e-57
2025-07-30,0,inflation_rates_shock,0.9995482647805665,4.0306139979170205e-114,0.0004517352198616916,1.647213530332709e-185,1.3253445525054214e-57
2025-07-31,0,inflation_rates_shock,0.9864957119637837,1.133634793925506e-108,0.01350428803647022,1.9593781891344837e-179,6.037576686054954e-58
2025-08-01,0,inflation_rates_shock,0.8303246877411284,8.999384133616417e-104,0.1696753122589288,3.785454507300556e-169,9.443761240014521e-52
2025-08-04,2,risk_on,0.1672584080191642,3.749996129853673e-110,0.8327415919805282,1.3450183517931658e-169,5.930976594275145e-54
2025-08-05,2,risk_on,0.028995669285220696,1.1581163497449748e-106,0.9710043307149675,1.705219388080896e-171,3.5230210101891188e-53
2025-08-06,2,risk_on,0.005301541314589621,1.106426791678458e-106,0.9946984586855945,7.850481705753276e-166,5.095724198442422e-52
2025-08-07,2,risk_on,0.0007250788721587623,2.2544762935316175e-108,0.9992749211278932,4.569041887886213e-170,9.755221018802608e-51
2025-08-08,2,risk_on,0.00012228945139767608,5.930730323884446e-111,0.9998777105484887,3.577773087379647e-172,3.776712314013452e-52
2025-08-11,2,risk_on,1.1595690255071298e-05,9.05051345856082e-114,0.9999884043099162,8.331842231300113e-178,1.4242086315234452e-52
2025-08-12,2,risk_on,2.2529351717836182e-07,3.924472908154716e-129,0.9999997747063644,1.2001661820999224e-197,3.849835907462251e-54
2025-08-13,2,risk_on,1.9443563511535097e-07,1.2050673562627442e-133,0.9999998055646035,2.4943023681515553e-213,2.24841795353674e-56
2025-08-14,2,risk_on,1.0666028703144268e-07,2.5575085561494187e-132,0.999999893339924,8.320653659646245e-218,7.579651334849845e-56
2025-08-15,2,risk_on,1.361699541089039e-07,3.893288325796803e-133,0.9999998638304626,5.030135496484459e-217,5.536366283336932e-55
2025-08-18,2,risk_on,5.96523534902641e-08,2.975018450020821e-132,0.9999999403480633,2.380741639522932e-218,1.9465367131642827e-54
2025-08-19,2,risk_on,8.975265449282185e-08,4.946401256904808e-129,0.9999999102474288,1.3299819987356936e-213,8.278344921042215e-54
2025-08-20,2,risk_on,7.581180756610966e-08,3.0980448398794066e-123,0.9999999241881625,1.2577118602107738e-204,6.45492345390392e-53
2025-08-21,2,risk_on,1.5732266706276884e-07,2.2057288826450634e-111,0.9999998426774378,1.1100398293684689e-188,8.910963366262551e-50
2025-08-22,2,risk_on,3.6999899676786175e-07,2.0377333378703706e-115,0.9999996300012529,1.5147728963343267e-176,1.0671604403450518e-51
2025-08-25,2,risk_on,4.509403935793847e-07,8.537715097819496e-112,0.9999995490598956,2.472490193536653e-180,1.4381792135678665e-50
2025-08-26,2,risk_on,2.3770480061017843e-07,8.433694328100884e-101,0.9999997622954024,2.4619117310221015e-163,1.111857551766669e-47
2025-08-27,2,risk_on,5.68344659837968e-07,3.6023300084352354e-100,0.9999994316551034,1.0530003911045951e-153,3.5904327930336204e-46
2025-08-28,2,risk_on,2.221776599052278e-07,4.365161924741863e-99,0.9999997778222924,1.1998169814727884e-148,1.7898514711934504e-48
2025-08-29,2,risk_on,3.401687723042669e-07,2.077037057401259e-101,0.9999996598308495,1.1002103229231428e-149,4.139254176608582e-48
2025-09-02,2,risk_on,4.022398872196788e-06,1.5863531452886594e-104,0.9999959776013337,1.0971325520849058e-161,2.615228522162684e-48
2025-09-03,2,risk_on,1.2291243054148083e-07,3.7766239052746244e-112,0.9999998770872556,1.0217693651293606e-172,1.9207524404794665e-49
2025-09-04,2,risk_on,2.977757281224529e-07,7.979159185901612e-116,0.999999702224203,1.3493245280210533e-180,5.314036163342853e-52
2025-09-05,2,risk_on,1.0518897292498841e-07,7.23950072129657e-116,0.9999998948105768,9.853734642801835e-185,2.693067043726945e-50
2025-09-08,2,risk_on,7.90800933305381e-08,8.72128748013762e-124,0.9999999209203483,1.0142992717163551e-191,7.529057555258612e-54
2025-09-09,2,risk_on,5.3875508343981265e-08,9.651261204883785e-126,0.9999999461242638,1.5612793014767322e-201,3.830514876171165e-53
2025-09-10,2,risk_on,1.7893748945060984e-07,4.5948348404822194e-126,0.9999998210623904,1.4824704365537938e-204,6.993642322775843e-55
2025-09-11,2,risk_on,5.118855920830429e-08,2.298210760875871e-127,0.9999999488118205,2.5040819417261217e-205,4.499298831093123e-55
2025-09-12,2,risk_on,3.389847756713572e-08,7.460472812447689e-128,0.999999966101314,9.660550501802074e-206,1.569668002444944e-55
2025-09-15,2,risk_on,1.320121365179611e-07,1.4649151385444227e-122,0.9999998679877622,4.411435926813411e-199,1.4746332914599314e-55
2025-09-16,2,risk_on,1.0936565344253309e-07,7.278738655837927e-128,0.9999998906341776,2.9426357160333714e-200,4.395527280039264e-57
2025-09-17,2,risk_on,3.7493503783280683e-08,2.2314277831139355e-134,0.9999999625060816,5.63717728511205e-212,1.2967393335770593e-57
2025-09-18,2,risk_on,5.196410370503643e-08,2.5282676377867772e-132,0.9999999480360215,2.803130093726626e-216,7.218960511536837e-58
2025-09-19,2,risk_on,3.837288811273316e-08,1.333086641059195e-132,0.9999999616275098,2.5902929735469474e-212,1.4180827856829393e-57
2025-09-22,2,risk_on,1.1407824698730203e-07,1.6204892756675677e-127,0.9999998859220861,1.4607389847493701e-205,2.854626300321821e-59
2025-09-23,2,risk_on,2.588801957781082e-08,1.3141895536765081e-124,0.9999999741121431,3.0775515165025924e-198,1.958514043430751e-55
2025-09-24,2,risk_on,2.1839369908575836e-08,8.442734525860057e-125,0.999999978160304,9.242634644908994e-192,2.870492625120915e-57
2025-09-25,2,risk_on,1.5604997969760824e-08,8.413607799186599e-123,0.99999998439489,1.0684188914738262e-193,1.5966347695022643e-55
2025-09-26,2,risk_on,5.9046557483200235e-09,1.0963764360150337e-125,0.9999999940955604,5.852438164199959e-192,1.285483997859603e-55
2025-09-29,2,risk_on,2.0068677145483334e-08,1.590447344982817e-124,0.9999999799310901,3.584767935571526e-195,1.0399505661219307e-56
2025-09-30,2,risk_on,3.432783922146169e-08,9.382153290211929e-124,0.9999999656720325,1.077021332516259e-194,6.403191008894113e-56
2025-10-01,2,risk_on,1.1409724421776773e-07,8.340595718625611e-127,0.9999998859029867,8.62138644856243e-199,2.0463536231521327e-56
2025-10-02,2,risk_on,1.3330979603802696e-07,6.154494685622021e-128,0.9999998666899135,5.02256282667987e-204,1.1674751758198038e-57
2025-10-03,2,risk_on,1.239981378435934e-07,3.489212914198742e-122,0.9999998760022285,3.760087984411798e-201,3.671021260545039e-55
2025-10-06,2,risk_on,6.253419231195864e-08,4.039487399883254e-120,0.9999999374658748,5.149999754534944e-191,1.5512973728024017e-55
2025-10-07,2,risk_on,1.4743229298442851e-07,1.765834444186929e-117,0.9999998525672817,1.3882511088763626e-188,3.262142610072755e-54
2025-10-08,2,risk_on,7.288768907869006e-08,6.553532606965688e-117,0.9999999271121878,7.55995625740466e-185,5.3412068390075684e-55
2025-10-09,2,risk_on,7.91065455958642e-08,6.900087317559017e-106,0.9999999208930634,1.9385854199888993e-171,4.011385685184941e-54
2025-10-10,2,risk_on,2.7464186182073855e-06,8.799070817878737e-89,0.9999972535817021,6.070354498192063e-145,6.183162974860568e-48
2025-10-13,2,risk_on,4.048468837688289e-07,6.125996943932913e-87,0.9999995951530674,4.0745497723375224e-123,3.099242555693694e-50
2025-10-14,2,risk_on,3.115135693778662e-05,2.9443704116867633e-87,0.999968848642764,6.764833604970923e-121,3.5255871674570627e-50
2025-10-15,2,risk_on,0.00086893095597015,1.8794910130151247e-83,0.9991310690436834,4.948767552568384e-118,1.4635473473892307e-50
2025-10-16,2,risk_on,0.013656673314411295,3.3233698684658355e-80,0.9863433266858349,7.703467999897998e-115,8.200071966661124e-48
2025-10-17,2,risk_on,0.0005728777363179639,2.52724728288997e-80,0.9994271222637444,6.521572771398497e-110,2.0506815536678457e-50
2025-10-20,2,risk_on,9.117346237052556e-06,1.3945404371165145e-84,0.9999908826536733,1.4039442437162745e-112,2.8684584933179206e-50
2025-10-21,2,risk_on,7.491793974870695e-07,1.0960091800223855e-86,0.999999250820391,1.2357970370244291e-116,5.620122277458311e-51
2025-10-22,2,risk_on,3.311649092476159e-07,5.491459891100682e-88,0.999999668834844,7.671441193299134e-121,2.898109225124546e-50
2025-10-23,2,risk_on,4.517844150046946e-07,3.7712098753065136e-90,0.9999995482158849,2.787982465738014e-124,4.1243066133793664e-50
2025-10-24,2,risk_on,1.8824511642112154e-07,1.5884084018326596e-91,0.9999998117546234,6.259483150889356e-124,2.419465728815665e-52
2025-10-27,2,risk_on,1.1428102006738542e-07,1.7624924533539362e-94,0.9999998857192688,5.759866346805465e-125,7.040311393382723e-54
2025-10-28,2,risk_on,1.0665628708920081e-07,5.3602156888761445e-93,0.999999893343562,1.5606128448974905e-126,2.3519311695459549e-54
2025-10-29,2,risk_on,1.7387735247736794e-07,3.0024362620177885e-92,0.999999826122818,4.3670930625943855e-127,6.640512533820636e-54
2025-10-30,2,risk_on,1.0222543566820071e-07,1.4344161164450075e-100,0.9999998977746197,1.0046661856928543e-135,2.2185463526496657e-53
2025-10-31,2,risk_on,2.1461592814136831e-07,3.0872016655715673e-98,0.9999997853838297,3.1598461641439636e-141,2.8023539227642045e-53
2025-11-03,2,risk_on,2.859840528676337e-07,1.1804814073941873e-96,0.9999997140157983,1.183816748562818e-135,3.5650599173220876e-53
2025-11-04,2,risk_on,1.4685025350021503e-07,1.6824313118435351e-97,0.9999998531493582,1.405818284573738e-136,1.0076104910609983e-52
2025-11-05,2,risk_on,3.5773241613453746e-07,4.4211286501330626e-95,0.9999996422676034,1.5316332736667771e-136,4.4308642754096126e-52
2025-11-06,2,risk_on,5.398140886844903e-07,9.811679712974681e-91,0.9999994601859363,8.17556509305717e-131,6.597168962323658e-50
2025-11-07,2,risk_on,1.2723277146540234e-06,4.0327271287333787e-95,0.9999987276722914,8.603386682598464e-132,3.925056189459354e-49
2025-11-10,2,risk_on,5.51650271370705e-05,4.409385427400733e-96,0.9999448349727277,2.2762677845800033e-135,1.4707965287243395e-53
2025-11-11,2,risk_on,0.0004941459104437705,1.354305672300695e-94,0.9995058540896143,5.057866091180915e-136,6.686939363009131e-52
2025-11-12,2,risk_on,0.004205802191572076,5.180600833451436e-94,0.9957941978080439,1.2659381882892046e-135,1.413217289265774e-52
2025-11-13,2,risk_on,0.1261507756376546,7.000850977174116e-100,0.873849224362559,2.7542918361523205e-146,1.1412769914893463e-50
2025-11-14,0,inflation_rates_shock,0.9865791333014888,4.6767003833154264e-95,0.013420866698280527,1.7604337067497942e-150,2.407555924433052e-51
2025-11-17,0,inflation_rates_shock,0.9956066030360606,5.271843536367672e-95,0.004393396964274062,1.8377014502118478e-146,9.224753415598971e-52
2025-11-18,0,inflation_rates_shock,0.9999344852419707,3.539756700215442e-95,6.551475769212238e-05,4.8819126016450395e-147,6.036442778757158e-52
2025-11-19,0,inflation_rates_shock,0.999991367867519,2.5185477794156e-91,8.6321328022001e-06,1.1080341398778058e-142,1.6148426236704317e-53
2025-11-20,0,inflation_rates_shock,0.9999464749553848,4.106401939356794e-83,5.352504474769346e-05,2.8307911199305505e-132,1.2826854696725191e-51
2025-11-21,0,inflation_rates_shock,0.9048891645749019,2.219302817140578e-83,0.09511083542550795,1.2584881066183037e-121,1.0879752349311651e-51
2025-11-24,2,risk_on,0.10825551647557025,3.318950963730389e-89,0.8917444835242,3.2563761318836704e-128,1.7204046749553206e-49
2025-11-25,2,risk_on,0.006483720910772503,6.445529908489998e-92,0.9935162790890101,1.105140238600319e-134,1.8304391145517344e-48
2025-11-26,2,risk_on,0.0004469047822483173,1.3575124459274523e-93,0.9995530952174622,1.822802367087825e-138,1.2810932877061632e-48
2025-11-28,2,risk_on,8.508398975971039e-05,1.8146888575836733e-92,0.9999149160103706,5.1483880959407045e-137,4.9709924983636544e-49
2025-12-01,2,risk_on,3.8084053894777242e-06,4.449572951100461e-91,0.9999961915945947,9.03103508785205e-134,2.1072933208661183e-49
2025-12-02,2,risk_on,8.936895712968047e-07,1.622303935247718e-89,0.999999106309987,2.6709703437811726e-131,5.521624514191704e-47
2025-12-03,2,risk_on,3.7855417627262435e-07,6.2890428834818415e-90,0.9999996214456394,1.324517108625708e-130,7.796393937326654e-46
2025-12-04,2,risk_on,5.467441747356926e-07,2.501806241447309e-92,0.9999994532555905,2.990751945889613e-131,1.586732937559218e-47
2025-12-05,2,risk_on,3.104510184645938e-07,4.3784416335957686e-92,0.9999996895485792,3.778083606425454e-132,6.856486270620794e-48
2025-12-08,2,risk_on,3.6042098321722924e-07,8.026252623704526e-93,0.9999996395791381,2.3846214525755296e-132,1.5953335933503727e-48
2025-12-09,2,risk_on,1.8742482261171805e-07,1.1706462665701321e-89,0.9999998125749874,5.606436359382268e-131,2.8281129475629894e-48
2025-12-10,2,risk_on,3.004945973150693e-07,9.363902060514649e-88,0.9999996995057242,1.0199393611144663e-127,6.9028427592970136e-46
2025-12-11,2,risk_on,2.2988531183769617e-07,1.7974657849926957e-86,0.9999997701143266,8.112349528449405e-128,7.764957927904874e-44
2025-12-12,2,risk_on,6.86614658973378e-08,1.7099719185637833e-92,0.9999999313386093,1.7994353065427625e-129,8.83543495453889e-44
2025-12-15,2,risk_on,1.9646298306292978e-07,4.755447893673365e-93,0.9999998035373403,4.029794073449034e-133,2.2710603247122858e-45
2025-12-16,2,risk_on,1.6738090685555138e-07,7.245983640217183e-91,0.9999998326193376,5.912889247692724e-131,3.8449234033991476e-45
2025-12-17,2,risk_on,1.6058944995926564e-05,6.314617671921025e-92,0.9999839410545773,1.2056125720656862e-131,2.977528477293402e-44
2025-12-18,2,risk_on,9.841093920572823e-05,1.7313484860738124e-91,0.9999015890603702,2.023455425299442e-134,1.6648073343995035e-45
2025-12-19,2,risk_on,0.00019528846709321112,9.288773149770824e-92,0.9998047115332968,6.796699733351816e-133,1.493634357569821e-45
2025-12-22,2,risk_on,0.0012404150826075557,2.1037751530073675e-93,0.9987595849176556,6.3970876551693215e-136,1.613641817884912e-45
2025-12-23,2,risk_on,0.000156961182065948,9.405590789731357e-94,0.9998430388183337,7.780515822473492e-138,5.929006430399241e-47
2025-12-24,2,risk_on,1.5866770814693676e-06,4.437698731612853e-96,0.9999984133231774,7.992778062362067e-138,2.064182920897171e-47
2025-12-26,2,risk_on,7.705393255231939e-08,5.242914914331789e-99,0.9999999229457929,1.4092125509957658e-140,7.079350863640063e-47
2025-12-29,2,risk_on,3.4563331349222055e-08,7.910845075356361e-99,0.9999999654364734,1.2684516821900879e-141,2.9076377826481172e-46
2025-12-30,2,risk_on,3.975566258209196e-08,2.1740777575218763e-99,0.9999999602441684,1.3755529376645775e-141,1.3891459282605476e-45
2025-12-31,2,risk_on,2.335274206004487e-08,1.1760573864934183e-102,0.9999999766469048,2.815478612449956e-145,1.74359841713684e-45
2026-01-02,2,risk_on,2.155755323218646e-08,4.297135858992468e-104,0.9999999784422473,1.623877084681429e-148,4.66067419965398e-46
2026-01-05,2,risk_on,1.324331582541733e-07,2.0815266597638106e-105,0.9999998675666663,1.7492161582349038e-151,9.29639464730198e-47
2026-01-06,2,risk_on,4.948853161671681e-08,2.548326945249657e-107,0.999999950511666,2.5061059652960002e-154,1.4865156270611513e-47
2026-01-07,2,risk_on,7.872653400597594e-08,1.9405712995244795e-108,0.9999999212732322,6.152038690250382e-157,1.3480072980375661e-48
2026-01-08,2,risk_on,1.4274758239577058e-07,1.2079574768419025e-110,0.9999998572520883,4.8303777609328043e-160,3.9343846308404e-49
2026-01-09,2,risk_on,1.3459870383114288e-07,5.2576544481621514e-114,0.9999998654011597,1.5230521979793842e-164,3.1792357713400383e-51
2026-01-12,2,risk_on,4.6046335445495005e-08,2.7265830249144e-138,0.9999999539541033,1.9964793524958465e-201,7.762404285976562e-54
2026-01-13,2,risk_on,4.978801601128531e-08,5.55965292972669e-142,0.9999999502115328,8.216050325839591e-229,7.75324927481285e-55
2026-01-14,2,risk_on,1.3841946967858654e-08,2.799239448715028e-141,0.9999999861584001,1.1204097675619535e-229,1.696561860896622e-55
2026-01-15,2,risk_on,1.2771233491708738e-08,3.91629310265189e-143,0.9999999872288754,1.7142448144039836e-230,2.1799505688977535e-56
2026-01-16,2,risk_on,2.22959782491718e-08,2.0989707649852e-147,0.9999999777037376,1.1680005622966259e-238,1.1380025559332842e-56
2026-01-20,2,risk_on,4.256675545798925e-07,5.564037098433132e-162,0.9999995743320138,2.9571919341186935e-264,7.036549789492688e-57
2026-01-21,2,risk_on,1.5796985191313407e-08,7.498473751547357e-167,0.9999999842029866,1.3466544125922667e-280,2.7149457085717292e-58
2026-01-22,2,risk_on,7.920343780672716e-09,5.055306823188686e-172,0.9999999920792106,4.3052241172336903e-287,2.77317750728915e-59
2026-01-23,2,risk_on,1.0398760719275253e-08,2.72932903818236e-172,0.9999999896008376,1.617300869694735e-294,6.666364760747568e-59
2026-01-26,2,risk_on,1.6584448024764946e-08,4.131041839085464e-176,0.9999999834153642,2.1031403525644333e-300,6.10080102738327e-60
2026-01-27,2,risk_on,4.8481593528374245e-08,5.096963208671756e-174,0.9999999515184766,2.545063346245938e-304,6.148079497080872e-58
2026-01-28,2,risk_on,1.3938287550688968e-07,2.3273879049223234e-171,0.9999998606172181,2.8543971045826426e-300,3.0498811031728886e-57
2026-01-29,2,risk_on,4.5309039267211454e-08,1.5951237763964468e-170,0.999999954690794,1.2679657087288759e-297,1.0741988343439611e-56
2026-01-30,2,risk_on,4.314768970185949e-08,3.8280003682984743e-177,0.9999999568526627,9.654304487319497e-304,1.3928743612867028e-56
2026-02-02,2,risk_on,5.3188563130457537e-08,3.162842655837539e-170,0.9999999468118418,4.02066289775495e-296,2.158910422243185e-59
2026-02-03,2,risk_on,1.0166194956006987e-07,3.404218965420447e-165,0.999999898337597,4.469027580335115e-286,1.603510591287987e-57
2026-02-04,2,risk_on,5.1964132142176026e-08,1.372626012565152e-162,0.9999999480360215,1.8917796232407922e-283,6.43014568855353e-56
2026-02-05,2,risk_on,1.5005255309730108e-06,1.2087427315925196e-151,0.9999984994740205,9.132595406161641e-272,1.1607929229873004e-52
2026-02-06,2,risk_on,2.2477962499437663e-05,3.4618867368278126e-154,0.9999775220374186,1.950233210119171e-263,4.7259412128886216e-55
2026-02-09,2,risk_on,1.4235365730055588e-07,9.18434108277015e-164,0.9999998576458994,6.978754579891024e-275,1.9263529566338117e-56
2026-02-10,2,risk_on,1.1576630130813481e-07,1.3736355415085144e-161,0.999999884234064,4.41401244260522e-278,3.7032359105599274e-56
2026-02-11,2,risk_on,1.1279773637324071e-07,1.8450222377452815e-162,0.9999998872026544,8.81148006991334e-280,1.0087934780674638e-56
2026-02-12,2,risk_on,5.552072032283878e-07,1.0336229884613855e-142,0.9999994447927469,7.673813743758907e-257,2.3221068525993848e-54
2026-02-13,2,risk_on,3.5582571000941195e-07,1.1401181099816188e-142,0.9999996441739036,9.574198649755736e-237,9.935356443925438e-55
2026-02-17,2,risk_on,3.7754050487234653e-07,2.662000191343651e-134,0.9999996224597256,4.3194503638194587e-224,7.080056962982444e-55
2026-02-18,2,risk_on,5.894824819242505e-07,8.078322589505199e-138,0.9999994105175493,1.6726717067188568e-218,2.420227366007099e-55
2026-02-19,2,risk_on,7.654044036609184e-07,1.2786296900697268e-137,0.9999992345959272,1.6158369941062023e-220,1.0147122959569298e-58
2026-02-20,2,risk_on,3.442284498516933e-07,9.384694004174699e-135,0.9999996557717761,3.6986887253288725e-216,1.6697492441600425e-58
2026-02-23,2,risk_on,1.0462922276650864e-06,4.4333297283544156e-133,0.999998953707838,4.0150169011707525e-214,2.614341651717405e-56
2026-02-24,2,risk_on,4.7599661847819244e-07,1.08345440868638e-135,0.9999995240033281,3.514802653369424e-216,5.43474314177231e-57
2026-02-25,2,risk_on,2.1074619496042696e-06,1.461500109876405e-133,0.9999978925383781,2.8348433889471727e-217,2.393011726766328e-56
2026-02-26,2,risk_on,0.00010315352536073863,1.9226005040600426e-125,0.9998968464744042,1.742250309273586e-205,8.839096508371664e-55
2026-02-27,2,risk_on,0.010511137078711406,1.0015491916806802e-122,0.989488862921614,4.826854264354856e-196,2.6674638497041888e-52
2026-03-02,0,inflation_rates_shock,0.6281112609887761,3.619543784099797e-121,0.3718887390116348,1.9026135009287117e-195,2.8703526851679666e-52
2026-03-03,0,inflation_rates_shock,0.9552390520321117,7.444158075542126e-121,0.04476094796822899,1.968909571238085e-197,1.7311743607488884e-54
2026-03-04,0,inflation_rates_shock,0.9734810101867409,8.156086215141799e-118,0.02651898981343826,2.407601335354886e-191,3.228391925191239e-54
2026-03-05,0,inflation_rates_shock,0.9989936088470812,1.6072715595306562e-120,0.001006391153254301,3.893595845549291e-193,1.6143831158784127e-55
2026-03-06,0,inflation_rates_shock,0.9999999997662599,2.312748219196239e-123,2.33925030628544e-10,6.473749102956253e-206,2.562787335355649e-59
2026-03-09,0,inflation_rates_shock,0.9999999848978406,3.640017043936245e-124,1.5102262443182563e-08,3.7558704309991894e-205,2.7139893273549316e-67
2026-03-10,0,inflation_rates_shock,0.9999998344874393,3.224454640095551e-125,1.6551287048794817e-07,4.825506575023905e-213,1.2591891258005158e-62
2026-03-11,0,inflation_rates_shock,0.9999996711858871,7.737818437025631e-126,3.288137545533438e-07,4.536808840818688e-214,8.460468575159042e-60
2026-03-12,0,inflation_rates_shock,0.9999999997835403,1.5590829064780875e-122,2.1650929774319023e-10,5.863023708206354e-214,1.0902290953306648e-61
2026-03-13,0,inflation_rates_shock,0.9999999973824742,1.186919322942394e-122,2.6171184941085844e-09,9.583410474736294e-208,1.435632275259493e-62
2026-03-16,0,inflation_rates_shock,0.9999999359442902,2.950280245122119e-125,6.405538329568278e-08,8.658570845107745e-209,7.559850948310566e-62
2026-03-17,0,inflation_rates_shock,0.999999235768265,5.483321657868147e-121,7.642313785905328e-07,6.069348174308755e-209,3.33427968903988e-58
2026-03-18,0,inflation_rates_shock,0.9999999960418791,1.180705693011092e-125,3.958030013887254e-09,5.61908649516844e-214,3.1223719871691236e-59
2026-03-19,0,inflation_rates_shock,0.9999999840674719,1.786740634835105e-126,1.5932948358472954e-08,2.0769636807661985e-215,2.7424277912793366e-62
2026-03-20,0,inflation_rates_shock,0.9999999999990905,1.9845286885238073e-136,1.1867421938011266e-12,1.2099759844245842e-234,8.905846399986651e-64
2026-03-23,0,inflation_rates_shock,0.9999999993633537,1.8342603808880793e-142,6.364350068741246e-10,3.7310055569545583e-252,1.0839448672043505e-67
2026-03-24,0,inflation_rates_shock,0.9999999999936335,9.222621378061434e-144,6.171787915611763e-12,2.760987494947757e-259,1.7568930413244135e-67
2026-03-25,0,inflation_rates_shock,0.999999997420673,3.94150077682833e-150,2.5795731894197625e-09,6.997057322543118e-267,1.2266032188217094e-67
2026-03-26,0,inflation_rates_shock,0.9999999999990905,5.6326277760278545e-154,1.2643159298843853e-12,1.4161988616054656e-279,3.912911663688088e-66
2026-03-27,0,inflation_rates_shock,1.0,6.411100793480992e-152,5.061488471991708e-18,1.356830129880504e-284,3.603725439554875e-69
2026-03-30,0,inflation_rates_shock,1.0,2.114538110625486e-145,7.438894881898192e-18,3.7301834417164665e-277,6.777715148179999e-72
2026-03-31,0,inflation_rates_shock,0.9999999919591573,7.177551966658272e-142,8.040395894347516e-09,8.477439716696539e-262,6.536950162039718e-69
2026-04-01,0,inflation_rates_shock,0.9999999976653271,8.641132279425306e-142,2.334515607756493e-09,2.0867821722157893e-256,5.545482319707807e-62
2026-04-02,0,inflation_rates_shock,0.9999999684159779,5.8102046788300845e-142,3.158415188811509e-08,4.534046162062481e-254,1.188807925840415e-61
2026-04-06,0,inflation_rates_shock,0.9999999755673347,1.3693282987671829e-145,2.4432300053637124e-08,1.2051084858464675e-260,1.8871927383456928e-62
2026-04-07,0,inflation_rates_shock,0.999999999996362,1.6293912630550542e-139,3.214324430933289e-12,7.569073350509639e-257,1.7086016468109524e-66
2026-04-08,0,inflation_rates_shock,0.9999997045043055,6.660022921375978e-147,2.954959197555586e-07,7.44086350244984e-257,1.2025654393174687e-67
2026-04-09,0,inflation_rates_shock,0.9999984878852565,6.593566562820594e-145,1.512114649502111e-06,1.6135923241269062e-258,7.385193400982697e-63
2026-04-10,0,inflation_rates_shock,0.9999982485875866,1.2069776394730442e-148,1.7514126873269613e-06,2.463012689386882e-258,7.619475555966099e-60
2026-04-13,0,inflation_rates_shock,0.9999999757246772,4.679512910509459e-154,2.4275531847176054e-08,2.140777891377479e-267,4.535500498780411e-63
2026-04-14,0,inflation_rates_shock,0.9999999941137503,6.911982725011688e-154,5.885919374591364e-09,5.952856998366226e-267,1.1077611862338493e-68
2026-04-15,0,inflation_rates_shock,0.9999997701752628,1.5697241973336583e-151,2.2982488960415602e-07,5.505559053468361e-265,9.288595960186824e-66
2026-04-16,0,inflation_rates_shock,0.9999995391827876,2.4960499945888392e-157,4.608176525070334e-07,1.2048780068585247e-267,3.2268343771963607e-63
2026-04-17,0,inflation_rates_shock,0.99999997215582,4.642116094710356e-161,2.784391603040249e-08,7.237649425529422e-268,8.996341089729234e-69
2026-04-20,0,inflation_rates_shock,0.9999999953815859,2.1567401999006748e-163,4.6181898432273865e-09,6.501088045507161e-277,1.0831499491441398e-69
2026-04-21,0,inflation_rates_shock,0.9999999964911694,5.422392613509689e-152,3.5092350561714997e-09,9.601465160198847e-266,2.895117720366399e-72
2026-04-22,0,inflation_rates_shock,0.9999999917990863,7.409094549262544e-153,8.200545109087132e-09,1.4009430250427104e-256,6.07513868697407e-72
2026-04-23,0,inflation_rates_shock,0.9999999925676093,3.0153628184802985e-150,7.432158144823665e-09,9.078856446957304e-252,1.719022069510198e-73
2026-04-24,0,inflation_rates_shock,0.9999999739129638,1.733323997951718e-154,2.6087424354498353e-08,4.263252818638346e-255,1.495418276624732e-71
2026-04-27,0,inflation_rates_shock,0.9999999996152837,9.11963661214427e-158,3.8442458328463586e-10,1.4122868604308822e-253,1.832586784717309e-74
2026-04-28,0,inflation_rates_shock,0.9999999999990905,3.640987176096449e-159,4.710152586910022e-13,1.175172415065529e-259,8.8197696089644e-79
2026-04-29,0,inflation_rates_shock,1.0,4.425935792057138e-154,3.0568124153011565e-13,1.6359125429498695e-256,1.0824308679069019e-82
2026-04-30,0,inflation_rates_shock,0.9999999896881491,1.192840716122323e-154,1.0312043950246136e-08,8.061039321832811e-251,5.423761747786934e-78
2026-05-01,0,inflation_rates_shock,0.999999899827349,4.662761377610867e-155,1.0017247945423031e-07,4.904945177963134e-253,3.75605042160863e-74
2026-05-04,0,inflation_rates_shock,0.9999999531601145,2.2054471538825097e-159,4.683954711270962e-08,4.252242001762309e-258,1.5110586824084965e-73
2026-05-05,0,inflation_rates_shock,0.9999998592857181,1.326152247231835e-162,1.407141718491523e-07,1.9368306373920226e-263,4.616063807040264e-76
2026-05-06,0,inflation_rates_shock,0.9999999936981112,4.425940402726668e-161,6.30149673602958e-09,9.551894754812938e-266,3.006011784638292e-76
2026-05-07,0,inflation_rates_shock,0.9999984816834215,1.443998930043208e-170,1.518316461466266e-06,2.9526147519625365e-278,1.6329755727443674e-75
2026-05-08,0,inflation_rates_shock,0.9999980337016727,1.9302846926749987e-176,1.966298425667382e-06,1.9805059408050474e-291,1.185451226446266e-74
2026-05-11,0,inflation_rates_shock,0.9999995894823702,1.3349905758776745e-174,4.105178412809634e-07,5.994961485321677e-295,1.1331592160596428e-76
2026-05-12,0,inflation_rates_shock,0.9999831021805012,4.248232012121574e-177,1.689781966015379e-05,4.123504785353476e-302,1.6732630448400423e-75
2026-05-13,0,inflation_rates_shock,0.9999562644139627,1.756466272028993e-179,4.373558599352692e-05,2.163091222690992e-308,2.870941509213136e-73
2026-05-14,0,inflation_rates_shock,0.9998966945044341,1.1568767774867163e-193,0.0001033054955686846,0.0,5.247288593799087e-76
2026-05-15,0,inflation_rates_shock,0.9999649028215678,2.3152228205657896e-195,3.5097178144217917e-05,0.0,6.758990995257737e-74
2026-05-18,0,inflation_rates_shock,0.999983854261986,2.940810891808012e-196,1.6145738445856762e-05,0.0,5.229453130953563e-72
2026-05-19,0,inflation_rates_shock,0.9999998154608135,1.2482633136618223e-196,1.845395318779134e-07,0.0,6.416413501972151e-73
2026-05-20,0,inflation_rates_shock,1.0,2.737895590666881e-129,8.734161611998257e-266,1.1903833478637161e-285,3.8289504271547114e-75
2026-05-21,1,defensive_risk_off,0.0,1.0,0.0,0.0,0.0
